Workbook

Sheet ПАРАМЕТРЫ
A1: ПАРАМЕТРЫ — Проект 260608 — ABB
A2: Параметр | B2: Описание | C2: Значение (ред.)
A3: EUR/KZT курс | B3: Обновить с XE.com | C3: 590
A4: Коэф.скидки ABB (0.33) | B4: Скидка на покупку | C4: 0.3
A5: Коэф.надбавки (ABB EUR) | B5: Транспорт + накладные (только для EUR) | C5: 1.33
A6: Монтажные материалы % | B6: % от суммы компонентов | C6: 12
A7: Монтажная работа % | B7: % от суммы компонентов | C7: 15
A9: Ключ | B9: Наименование / Артикул | C9: Цена (список) (ред.) | D9: Цена нетто KZT (формула)
A10: S201-C6 | B10: Авт.выкл. 1P C6 S201-C6 [2CDS251001R0064] | C10: 12.92 | D10: =ПАРАМЕТРЫ!C10*ПАРАМЕТРЫ!$C$4*ПАРАМЕТРЫ!$C$5*ПАРАМЕТРЫ!$C$3 -> 3041.4972
A11: S201-C10 | B11: Авт.выкл. 1P C10 S201-C10 [2CDS251001R0104] | C11: 10.77 | D11: =ПАРАМЕТРЫ!C11*ПАРАМЕТРЫ!$C$4*ПАРАМЕТРЫ!$C$5*ПАРАМЕТРЫ!$C$3 -> 2535.3657
A12: S201-C16 | B12: Авт.выкл. 1P C16 S201-C16 [2CDS251001R0164] | C12: 10.77 | D12: =ПАРАМЕТРЫ!C12*ПАРАМЕТРЫ!$C$4*ПАРАМЕТРЫ!$C$5*ПАРАМЕТРЫ!$C$3 -> 2535.3657
A13: S201-C20 | B13: Авт.выкл. 1P C20 S201-C20 [2CDS251001R0204] | C13: 10.77 | D13: =ПАРАМЕТРЫ!C13*ПАРАМЕТРЫ!$C$4*ПАРАМЕТРЫ!$C$5*ПАРАМЕТРЫ!$C$3 -> 2535.3657
A14: S201-C25 | B14: Авт.выкл. 1P C25 S201-C25 [2CDS251001R0254] | C14: 10.77 | D14: =ПАРАМЕТРЫ!C14*ПАРАМЕТРЫ!$C$4*ПАРАМЕТРЫ!$C$5*ПАРАМЕТРЫ!$C$3 -> 2535.3657
A15: S201-C32 | B15: Авт.выкл. 1P C32 S201-C32 [2CDS251001R0324] | C15: 13.46 | D15: =ПАРАМЕТРЫ!C15*ПАРАМЕТРЫ!$C$4*ПАРАМЕТРЫ!$C$5*ПАРАМЕТРЫ!$C$3 -> 3168.6186
A16: S203-C6 | B16: Авт.выкл. 3P C6 S203-C6 [2CDS253001R0064] | C16: 58.16 | D16: =ПАРАМЕТРЫ!C16*ПАРАМЕТРЫ!$C$4*ПАРАМЕТРЫ!$C$5*ПАРАМЕТРЫ!$C$3 -> 13691.446
A17: S203-C10 | B17: Авт.выкл. 3P C10 S203-C10 [2CDS253001R0104] | C17: 48.51 | D17: =ПАРАМЕТРЫ!C17*ПАРАМЕТРЫ!$C$4*ПАРАМЕТРЫ!$C$5*ПАРАМЕТРЫ!$C$3 -> 11419.739
A18: S203-C16 | B18: Авт.выкл. 3P C16 S203-C16 [2CDS253001R0164] | C18: 48.51 | D18: =ПАРАМЕТРЫ!C18*ПАРАМЕТРЫ!$C$4*ПАРАМЕТРЫ!$C$5*ПАРАМЕТРЫ!$C$3 -> 11419.739
A19: S203-C20 | B19: Авт.выкл. 3P C20 S203-C20 [2CDS253001R0204] | C19: 48.51 | D19: =ПАРАМЕТРЫ!C19*ПАРАМЕТРЫ!$C$4*ПАРАМЕТРЫ!$C$5*ПАРАМЕТРЫ!$C$3 -> 11419.739
A20: S203-C25 | B20: Авт.выкл. 3P C25 S203-C25 [2CDS253001R0254] | C20: 48.51 | D20: =ПАРАМЕТРЫ!C20*ПАРАМЕТРЫ!$C$4*ПАРАМЕТРЫ!$C$5*ПАРАМЕТРЫ!$C$3 -> 11419.739
A21: S203-C32 | B21: Авт.выкл. 3P C32 S203-C32 [2CDS253001R0324] | C21: 60.59 | D21: =ПАРАМЕТРЫ!C21*ПАРАМЕТРЫ!$C$4*ПАРАМЕТРЫ!$C$5*ПАРАМЕТРЫ!$C$3 -> 14263.492
... A51: TL1 | B51: Фотореле TL1 * 2CSM229921R1341 | C51: 136.7 | D51: =ПАРАМЕТРЫ!C51*ПАРАМЕТРЫ!$C$4*ПАРАМЕТРЫ!$C$5*ПАРАМЕТРЫ!$C$3 -> 32180.547
A52: JXB24A | B52: Зажим наборный ЗНИ-2,5мм2 (серый) JXB24A | D52: =ПАРАМЕТРЫ!C52*ПАРАМЕТРЫ!$C$4*ПАРАМЕТРЫ!$C$5*ПАРАМЕТРЫ!$C$3 -> 0
A53: S 203-C 40 | B53: Авт.выкл. 3P C40 S 203-C 40 2CDS253001R0404 | C53: 63.02 | D53: =ПАРАМЕТРЫ!C53*ПАРАМЕТРЫ!$C$4*ПАРАМЕТРЫ!$C$5*ПАРАМЕТРЫ!$C$3 -> 14835.538
A54: DS301C C10 | B54: DS301C C10 AC30 2CSR255063R1104 | C54: 180.4 | D54: =ПАРАМЕТРЫ!C54*ПАРАМЕТРЫ!$C$4*ПАРАМЕТРЫ!$C$5*ПАРАМЕТРЫ!$C$3 -> 42467.964
A55: DS301C C10 | B55: DS301C C10 AC30 2CSR255063R1104 | C55: 180.4 | D55: =ПАРАМЕТРЫ!C55*ПАРАМЕТРЫ!$C$4*ПАРАМЕТРЫ!$C$5*ПАРАМЕТРЫ!$C$3 -> 42467.964
A56: 1SDA066460R1 | B56: MOD motor 220...250 V AC/DC | C56: 675.1 | D56: =ПАРАМЕТРЫ!C56*ПАРАМЕТРЫ!$C$4*ПАРАМЕТРЫ!$C$5*ПАРАМЕТРЫ!$C$3 -> 158925.29

Sheet BOM
C1: СПЕЦИФИКАЦИЯ ОБОРУДОВАНИЯ — Проект 260608 — г.Атырау — ABB | Формула: KZT = EUR_list × 0.33 × 1.30 × EUR/KZT | Параметры → лист ПАРАМЕТРЫ (синие ячейки)
A2: pano ismi | B2: № | C2: Тип / Марка / Артикул | D2: Наименование и техническая характеристика | E2: Цена список | F2: KZT нетто | G2: Сумма KZT | H2: Ед. | I2: Кол. | J2: Примечание | K2: Источник (PDF альбом)
A3: =D3 -> КОМПЛЕКТ 1. ГРЩ (ЩМП-18.8.4-0 36 УХЛ3 IP31) | Альбом 7.4 ЭОМ (Гараж) | B3: =D3 -> КОМПЛЕКТ 1. ГРЩ (ЩМП-18.8.4-0 36 УХЛ3 IP31) | Альбом 7.4 ЭОМ (Гараж) | D3: КОМПЛЕКТ 1. ГРЩ (ЩМП-18.8.4-0 36 УХЛ3 IP31) | Альбом 7.4 ЭОМ (Гараж) | H3: компл. | I3: 1
A4: =A3 -> КОМПЛЕКТ 1. ГРЩ (ЩМП-18.8.4-0 36 УХЛ3 IP31) | Альбом 7.4 ЭОМ (Гараж) | B4: 1.1 | C4: Teksan f | D4: Корпус — ЩМП-18.8.4,5+1 bz-0 36 УХЛ3 IP31 | E4: 165000 | F4: =0.6*E4 -> 99000 | G4: =F4*I4 -> 99000 | H4: шт | I4: 1 | J4: Teksan f — цена TBD | K4: Альбом 7.4 ЭОМ (Гараж)
A5: =A4 -> КОМПЛЕКТ 1. ГРЩ (ЩМП-18.8.4-0 36 УХЛ3 IP31) | Альбом 7.4 ЭОМ (Гараж) | B5: 1.2 | C5: 1SDA067417R1 | D5: Авт.выкл. 3P 125А XT1N 160 TMD | E5: =ПАРАМЕТРЫ!C32 -> 308.8 | F5: =E5*0.3*1.33*590 -> 72694.608 | G5: =I5*F5 -> 290778.43 | H5: шт | I5: 4 | J5: DPX3 125А / вводной аналог | K5: Альбом 7.4 ЭОМ (Гараж)
A6: =A5 -> КОМПЛЕКТ 1. ГРЩ (ЩМП-18.8.4-0 36 УХЛ3 IP31) | Альбом 7.4 ЭОМ (Гараж) | B6: 1.3 | C6: 1SDA066460R1 | D6: MOD motor 220...250 V AC/DC | E6: 675.1 | F6: =E6*0.3*1.33*590 -> 158925.29 | G6: =I6*F6 -> 635701.16 | H6: шт | I6: 4 | J6: Motor | K6: Альбом 7.4 ЭОМ (Гараж)
A7: =A6 -> КОМПЛЕКТ 1. ГРЩ (ЩМП-18.8.4-0 36 УХЛ3 IP31) | Альбом 7.4 ЭОМ (Гараж) | B7: 1.3 | C7: 1SDA066325R1 | D7: SOR-C 220-240V AC/220-250V DC | E7: 115.1 | F7: =E7*0.3*1.33*590 -> 27095.691 | G7: =I7*F7 -> 54191.382 | H7: шт | I7: 2 | J7: Açtırma Bobini | K7: Альбом 7.4 ЭОМ (Гараж)
A8: =A7 -> КОМПЛЕКТ 1. ГРЩ (ЩМП-18.8.4-0 36 УХЛ3 IP31) | Альбом 7.4 ЭОМ (Гараж) | B8: 1.3 | C8: 1SDA066399R1 | D8: UVR-C 220-240V AC/220-250V DC | E8: 132.3 | F8: =E8*0.3*1.33*590 -> 31144.743 | G8: =I8*F8 -> 62289.486 | H8: шт | I8: 2 | J8: Düsük Gerilim Bobini | K8: Альбом 7.4 ЭОМ (Гараж)
A9: =A8 -> КОМПЛЕКТ 1. ГРЩ (ЩМП-18.8.4-0 36 УХЛ3 IP31) | Альбом 7.4 ЭОМ (Гараж) | B9: 1.3 | C9: 1SDA066431R1 | D9: AUX-C 1A/K+1SY 250V AC/DC | E9: 72.77 | F9: =E9*0.3*1.33*590 -> 17130.786 | G9: =I9*F9 -> 34261.571 | H9: шт | I9: 2 | J9: Düsük Gerilim Bobini | K9: Альбом 7.4 ЭОМ (Гараж)
A10: =A9 -> КОМПЛЕКТ 1. ГРЩ (ЩМП-18.8.4-0 36 УХЛ3 IP31) | Альбом 7.4 ЭОМ (Гараж) | B10: 1.3 | C10: 1SDA067416R1 | D10: Авт.выкл. 3P 100А XT1N 160 TMD | E10: =ПАРАМЕТРЫ!C31 -> 246.1 | F10: =E10*0.3*1.33*590 -> 57934.401 | G10: =I10*F10 -> 57934.401 | H10: шт | I10: 1 | J10: Резервный ввод | K10: Альбом 7.4 ЭОМ (Гараж)
A11: =A10 -> КОМПЛЕКТ 1. ГРЩ (ЩМП-18.8.4-0 36 УХЛ3 IP31) | Альбом 7.4 ЭОМ (Гараж) | B11: 1.4 | C11: 2CDS213001R0204 | D11: Авт.выкл. 3P C20 SH 203-C 20 | E11: 36.42 | F11: =E11*0.3*1.33*590 -> 8573.6322 | G11: =I11*F11 -> 42868.161 | H11: шт | I11: 5 | J11: TX3 20A 3P | K11: Альбом 7.4 ЭОМ (Гараж)
A12: =A11 -> КОМПЛЕКТ 1. ГРЩ (ЩМП-18.8.4-0 36 УХЛ3 IP31) | Альбом 7.4 ЭОМ (Гараж) | B12: 1.5 | C12: 2CDS213001R0254 | D12: Авт.выкл. 3P C25 SH 203-C 25 | E12: 36.42 | F12: =E12*0.3*1.33*590 -> 8573.6322 | G12: =I12*F12 -> 17147.264 | H12: шт | I12: 2 | J12: TX3 25A 3P | K12: Альбом 7.4 ЭОМ (Гараж)
A13: =A12 -> КОМПЛЕКТ 1. ГРЩ (ЩМП-18.8.4-0 36 УХЛ3 IP31) | Альбом 7.4 ЭОМ (Гараж) | B13: 1.6 | C13: 2CDS211001R0064 | D13: Авт.выкл. 1P C6 SH 201-C 6 | E13: 9.71 | F13: =E13*0.3*1.33*590 -> 2285.8311 | G13: =I13*F13 -> 6857.4933 | H13: шт | I13: 3 | J13: TX3 6A 1P | K13: Альбом 7.4 ЭОМ (Гараж)
A14: =A13 -> КОМПЛЕКТ 1. ГРЩ (ЩМП-18.8.4-0 36 УХЛ3 IP31) | Альбом 7.4 ЭОМ (Гараж) | B14: 1.7 | C14: 1SCA120070R1001 | D14: АВР 3P 125А OTM125F3CMA230V | E14: =ПАРАМЕТРЫ!C35 -> 1285 | F14: =E14*0.3*1.33*590 -> 302501.85 | G14: =I14*F14 -> 302501.85 | H14: шт | I14: 1 | J14: АВР TransferPact аналог | K14: Альбом 7.4 ЭОМ (Гараж)
A15: =A14 -> КОМПЛЕКТ 1. ГРЩ (ЩМП-18.8.4-0 36 УХЛ3 IP31) | Альбом 7.4 ЭОМ (Гараж) | B15: 1.8 | C15: По запросу | D15: УКРМ 10кВАр 400В, 800×700×250мм | E15: — | F15: — | G15: 0 | H15: шт | I15: 2 | J15: КРМ — 2 шт (ввод1+ввод2) — цена TBD | K15: Альбом 7.4 ЭОМ (Гараж)
A16: =A15 -> КОМПЛЕКТ 1. ГРЩ (ЩМП-18.8.4-0 36 УХЛ3 IP31) | Альбом 7.4 ЭОМ (Гараж) | B16: 1.9 | C16: Энергомера СЕ 303 S31 746-JPVZ PLC 1111, 100А, 380В | D16: Счётчик электроэнергии 3ф 100А 380В | E16: 100000 | F16: =E16 -> 100000 | G16: =F16*I16 -> 300000 | H16: шт | I16: 3 | J16: Счётчик/прибор — 3 шт — по одному на каждый ввод ГРЩ — цена По запросу | K16: Альбом 7.4 ЭОМ (Гараж)
A17: =A16 -> КОМПЛЕКТ 1. ГРЩ (ЩМП-18.8.4-0 36 УХЛ3 IP31) | Альбом 7.4 ЭОМ (Гараж) | B17: 1.10 | D17: Монтажный материал | E17: — | F17: =ПАРАМЕТРЫ!C6&"%" -> 12% | G17: =(G5+G10+G11+G12+G13+G14+G15+G16)*ПАРАМЕТРЫ!C6/100 -> 122170.51 | H17: шт | I17: 1 | J17: % от суммы компонентов | K17: Альбом 7.4 ЭОМ (Гараж)
A18: =A17 -> КОМПЛЕКТ 1. ГРЩ (ЩМП-18.8.4-0 36 УХЛ3 IP31) | Альбом 7.4 ЭОМ (Гараж) | B18: 1.11 | D18: Монтажная работа | E18: — | F18: =ПАРАМЕТРЫ!C7&"%" -> 15% | G18: =(G5+G10+G11+G12+G13+G14+G15+G16)*ПАРАМЕТРЫ!C7/100 -> 152713.14 | H18: шт | I18: 1 | J18: % от суммы компонентов | K18: Альбом 7.4 ЭОМ (Гараж)
A19: =D19 -> КОМПЛЕКТ 2. ЩС-В (ЩРн-12з-0 36 УХЛ3 IP54) | Альбом 7.4 ЭОМ (Гараж) | B19: КОМПЛЕКТ 2. ЩС-В (ЩРн-12з-0 36 УХЛ3 IP54) | Альбом 7.4 ЭОМ (Гараж) | D19: КОМПЛЕКТ 2. ЩС-В (ЩРн-12з-0 36 УХЛ3 IP54) | Альбом 7.4 ЭОМ (Гараж) | H19: компл. | I19: 1
A20: =A19 -> КОМПЛЕКТ 2. ЩС-В (ЩРн-12з-0 36 УХЛ3 IP54) | Альбом 7.4 ЭОМ (Гараж) | B20: 2.1 | C20: Teksan f | D20: Корпус — ЩРн-12з-0 36 УХЛ3 IP54 | E20: 10500 | F20: =0.6*E20 -> 6300 | G20: =F20*I20 -> 6300 | H20: шт | I20: 1 | J20: Teksan f — цена TBD | K20: Альбом 7.4 ЭОМ (Гараж)
A21: =A20 -> КОМПЛЕКТ 2. ЩС-В (ЩРн-12з-0 36 УХЛ3 IP54) | Альбом 7.4 ЭОМ (Гараж) | B21: 2.2 | C21: 2CDS253001R0204 | D21: Авт.выкл. 3P C20 S 203-C 20 | E21: 48.51 | F21: =E21*0.3*1.33*590 -> 11419.739 | G21: =I21*F21 -> 11419.739 | H21: шт | I21: 1 | J21: Ввод QF1 20А 3P | K21: Альбом 7.4 ЭОМ (Гараж)
A22: =A21 -> КОМПЛЕКТ 2. ЩС-В (ЩРн-12з-0 36 УХЛ3 IP54) | Альбом 7.4 ЭОМ (Гараж) | B22: 2.3 | C22: 2CDS211001R0164 | D22: Авт.выкл. 1P C16 SH 201-C 16 | E22: 8.09 | F22: =E22*0.3*1.33*590 -> 1904.4669 | G22: =I22*F22 -> 3808.9338 | H22: шт | I22: 2 | J22: SF2, SF3 | K22: Альбом 7.4 ЭОМ (Гараж)
A23: =A22 -> КОМПЛЕКТ 2. ЩС-В (ЩРн-12з-0 36 УХЛ3 IP54) | Альбом 7.4 ЭОМ (Гараж) | B23: 2.4 | C23: 2CDS213001R0164 | D23: Авт.выкл. 3P C16 SH 203-C 16 | E23: 36.42 | F23: =E23*0.3*1.33*590 -> 8573.6322 | G23: =I23*F23 -> 8573.6322 | H23: шт | I23: 1 | J23: TX3 16А 3P | K23: Альбом 7.4 ЭОМ (Гараж)
A24: =A23 -> КОМПЛЕКТ 2. ЩС-В (ЩРн-12з-0 36 УХЛ3 IP54) | Альбом 7.4 ЭОМ (Гараж) | B24: 2.5 | C24: 1SBE111111R0611 | D24: Контактор 16А ESB16-11N 230В | E24: =ПАРАМЕТРЫ!C33 -> 41.58 | F24: =E24*0.3*1.33*590 -> 9788.3478 | G24: =I24*F24 -> 0 | H24: шт | I24: 0 | J24: КМИ 10910 9А — В1+В2+В3 | K24: Альбом 7.4 ЭОМ (Гараж)
A25: =A24 -> КОМПЛЕКТ 2. ЩС-В (ЩРн-12з-0 36 УХЛ3 IP54) | Альбом 7.4 ЭОМ (Гараж) | B25: 2.6 | C25: 2CDS200982R0001 | D25: Независимый расцепитель S3C-A1 AC/DC 12-110V | E25: =ПАРАМЕТРЫ!C36 -> 62.93 | F25: =E25*0.3*1.33*590 -> 14814.351 | G25: =I25*F25 -> 14814.351 | H25: шт | I25: 1 | J25: Независимый расцепитель DRX — пожарный сигнал | K25: Альбом 7.4 ЭОМ (Гараж)
A26: =A25 -> КОМПЛЕКТ 2. ЩС-В (ЩРн-12з-0 36 УХЛ3 IP54) | Альбом 7.4 ЭОМ (Гараж) | B26: 2.7 | D26: Монтажный материал | E26: — | F26: =ПАРАМЕТРЫ!C6&"%" -> 12% | G26: =(G21+G22+G24+G25+G23)*ПАРАМЕТРЫ!C6/100 -> 4633.9988 | H26: шт | I26: 1 | J26: % от суммы компонентов | K26: Альбом 7.4 ЭОМ (Гараж)
A27: =A26 -> КОМПЛЕКТ 2. ЩС-В (ЩРн-12з-0 36 УХЛ3 IP54) | Альбом 7.4 ЭОМ (Гараж) | B27: 2.8 | D27: Монтажная работа | E27: — | F27: =ПАРАМЕТРЫ!C7&"%" -> 15% | G27: =(G21+G22+G24+G25+G23)*ПАРАМЕТРЫ!C7/100 -> 5792.4985 | H27: шт | I27: 1 | J27: % от суммы компонентов | K27: Альбом 7.4 ЭОМ (Гараж)
A28: =D28 -> КОМПЛЕКТ 3. ЩС-П (ЩРн-24з-0 36 УХЛ3 IP54) | Альбом 7.4 ЭОМ (Гараж) | B28: КОМПЛЕКТ 3. ЩС-П (ЩРн-24з-0 36 УХЛ3 IP54) | Альбом 7.4 ЭОМ (Гараж) | D28: КОМПЛЕКТ 3. ЩС-П (ЩРн-24з-0 36 УХЛ3 IP54) | Альбом 7.4 ЭОМ (Гараж) | H28: компл. | I28: 1
A29: =A28 -> КОМПЛЕКТ 3. ЩС-П (ЩРн-24з-0 36 УХЛ3 IP54) | Альбом 7.4 ЭОМ (Гараж) | B29: 3.1 | C29: Teksan f | D29: Корпус — ЩРн-24з-0 36 УХЛ3 IP54 | E29: 15500 | F29: =0.6*E29 -> 9300 | G29: =F29*I29 -> 9300 | H29: шт | I29: 1 | J29: Teksan f — цена TBD | K29: Альбом 7.4 ЭОМ (Гараж)
A30: =A29 -> КОМПЛЕКТ 3. ЩС-П (ЩРн-24з-0 36 УХЛ3 IP54) | Альбом 7.4 ЭОМ (Гараж) | B30: 3.2 | C30: 2CDS213001R0254 | D30: SH 203-C 25 | E30: =ПАРАМЕТРЫ!C20 -> 48.51 | F30: =E30*0.3*1.33*590 -> 11419.739 | G30: =I30*F30 -> 11419.739 | H30: шт | I30: 1 | J30: ВН-32 25А | K30: Альбом 7.4 ЭОМ (Гараж)
A31: =A30 -> КОМПЛЕКТ 3. ЩС-П (ЩРн-24з-0 36 УХЛ3 IP54) | Альбом 7.4 ЭОМ (Гараж) | B31: 3.3 | C31: 2CSR255080R1164 | D31: Диф.авт. 1P+N C16 30мА DS201 C16 AC30 | E31: =ПАРАМЕТРЫ!C23 -> 87.63 | F31: =E31*0.3*1.33*590 -> 20628.978 | G31: =I31*F31 -> 144402.85 | H31: шт | I31: 7 | J31: АВДТ DX3 1P+N 16А 30мА | K31: Альбом 7.4 ЭОМ (Гараж)
A32: =A31 -> КОМПЛЕКТ 3. ЩС-П (ЩРн-24з-0 36 УХЛ3 IP54) | Альбом 7.4 ЭОМ (Гараж) | B32: 3.5 | C32: 2CDS211001R0164 | D32: Авт.выкл. 1P C16 SH 201-C 16 | E32: 8.09 | F32: =E32*0.3*1.33*590 -> 1904.4669 | G32: =I32*F32 -> 1904.4669 | H32: шт | I32: 1 | J32: TX3 16А 1P | K32: Альбом 7.4 ЭОМ (Гараж)
A33: =A32 -> КОМПЛЕКТ 3. ЩС-П (ЩРн-24з-0 36 УХЛ3 IP54) | Альбом 7.4 ЭОМ (Гараж) | B33: 3.6 | D33: Монтажный материал | E33: — | F33: =ПАРАМЕТРЫ!C6&"%" -> 12% | G33: 9000 | H33: шт | I33: 1 | J33: % от суммы компонентов | K33: Альбом 7.4 ЭОМ (Гараж)
A34: =A33 -> КОМПЛЕКТ 3. ЩС-П (ЩРн-24з-0 36 УХЛ3 IP54) | Альбом 7.4 ЭОМ (Гараж) | B34: 3.7 | D34: Монтажная работа | E34: — | F34: =ПАРАМЕТРЫ!C7&"%" -> 15% | G34: 9000 | H34: шт | I34: 1 | J34: % от суммы компонентов | K34: Альбом 7.4 ЭОМ (Гараж)
A35: =D35 -> КОМПЛЕКТ 4. ЩС-ПО (ЩРн-12з-0 36 УХЛ3 IP54) | Альбом 7.4 ЭОМ (Гараж) | B35: КОМПЛЕКТ 4. ЩС-ПО (ЩРн-12з-0 36 УХЛ3 IP54) | Альбом 7.4 ЭОМ (Гараж) | D35: КОМПЛЕКТ 4. ЩС-ПО (ЩРн-12з-0 36 УХЛ3 IP54) | Альбом 7.4 ЭОМ (Гараж) | H35: компл. | I35: 1
A36: =A35 -> КОМПЛЕКТ 4. ЩС-ПО (ЩРн-12з-0 36 УХЛ3 IP54) | Альбом 7.4 ЭОМ (Гараж) | B36: 4.1 | C36: Teksan f | D36: Корпус — ЩРн-18з-0 36 УХЛ3 IP54 | E36: 10500 | F36: =0.6*E36 -> 6300 | G36: =F36*I36 -> 6300 | H36: шт | I36: 1 | J36: Teksan f — цена TBD | K36: Альбом 7.4 ЭОМ (Гараж)
A37: =A36 -> КОМПЛЕКТ 4. ЩС-ПО (ЩРн-12з-0 36 УХЛ3 IP54) | Альбом 7.4 ЭОМ (Гараж) | B37: 4.2 | C37: 2CDS253001R0824 | D37: S 203-C 100 | E37: =ПАРАМЕТРЫ!C29 -> 100.1 | F37: =E37*0.3*1.33*590 -> 23564.541 | G37: =I37*F37 -> 23564.541 | H37: шт | I37: 1 | J37: ВН-32 100А | K37: Альбом 7.4 ЭОМ (Гараж)
A38: =A37 -> КОМПЛЕКТ 4. ЩС-ПО (ЩРн-12з-0 36 УХЛ3 IP54) | Альбом 7.4 ЭОМ (Гараж) | B38: 4.3 | C38: 2CDS253001R0824 | D38: S 203-C 80 | E38: =ПАРАМЕТРЫ!C40 -> 193.8 | F38: =E38*0.3*1.33*590 -> 45622.458 | G38: =I38*F38 -> 45622.458 | H38: шт | I38: 1 | J38: DPX3 80А — Дп1 | K38: Альбом 7.4 ЭОМ (Гараж)
A39: =A38 -> КОМПЛЕКТ 4. ЩС-ПО (ЩРн-12з-0 36 УХЛ3 IP54) | Альбом 7.4 ЭОМ (Гараж) | B39: 4.4 | C39: 2CDS213001R0164 | D39: Авт.выкл. 3P C16 SH 203-C 16 | E39: 36.42 | F39: =E39*0.3*1.33*590 -> 8573.6322 | G39: =I39*F39 -> 8573.6322 | H39: шт | I39: 1 | J39: TX3 16А 3P | K39: Альбом 7.4 ЭОМ (Гараж)
A40: =A39 -> КОМПЛЕКТ 4. ЩС-ПО (ЩРн-12з-0 36 УХЛ3 IP54) | Альбом 7.4 ЭОМ (Гараж) | B40: 4.5 | C40: 2CDS211001R0164 | D40: Авт.выкл. 1P C16 SH 201-C 16 | E40: 8.09 | F40: =E40*0.3*1.33*590 -> 1904.4669 | G40: =I40*F40 -> 1904.4669 | H40: шт | I40: 1 | J40: TX3 16А 1P | K40: Альбом 7.4 ЭОМ (Гараж)
A41: =A40 -> КОМПЛЕКТ 4. ЩС-ПО (ЩРн-12з-0 36 УХЛ3 IP54) | Альбом 7.4 ЭОМ (Гараж) | B41: 4.6 | D41: Монтажный материал | E41: — | F41: =ПАРАМЕТРЫ!C6&"%" -> 12% | G41: 14000 | H41: шт | I41: 1 | J41: % от суммы компонентов | K41: Альбом 7.4 ЭОМ (Гараж)
A42: =A41 -> КОМПЛЕКТ 4. ЩС-ПО (ЩРн-12з-0 36 УХЛ3 IP54) | Альбом 7.4 ЭОМ (Гараж) | B42: 4.7 | D42: Монтажная работа | E42: — | F42: =ПАРАМЕТРЫ!C7&"%" -> 15% | G42: 12000 | H42: шт | I42: 1 | J42: % от суммы компонентов | K42: Альбом 7.4 ЭОМ (Гараж)
A43: =D43 -> КОМПЛЕКТ 5. ЩС-Пн (ЩРн-12з-0 36 УХЛ3 IP54) | Альбом 7.4 ЭОМ (Гараж) | B43: КОМПЛЕКТ 5. ЩС-Пн (ЩРн-12з-0 36 УХЛ3 IP54) | Альбом 7.4 ЭОМ (Гараж) | D43: КОМПЛЕКТ 5. ЩС-Пн (ЩРн-12з-0 36 УХЛ3 IP54) | Альбом 7.4 ЭОМ (Гараж) | H43: компл. | I43: 1
A44: =A43 -> КОМПЛЕКТ 5. ЩС-Пн (ЩРн-12з-0 36 УХЛ3 IP54) | Альбом 7.4 ЭОМ (Гараж) | B44: 5.1 | C44: Teksan f | D44: Корпус — ЩРн-24з-0 36 УХЛ3 IP54 | E44: 15500 | F44: =0.6*E44 -> 9300 | G44: =F44*I44 -> 9300 | H44: шт | I44: 1 | J44: Teksan f — цена TBD | K44: Альбом 7.4 ЭОМ (Гараж)
A45: =A44 -> КОМПЛЕКТ 5. ЩС-Пн (ЩРн-12з-0 36 УХЛ3 IP54) | Альбом 7.4 ЭОМ (Гараж) | B45: 5.2 | C45: 2CDS213001R0204 | D45: Авт.выкл. 3P C20 SH 203-C 20 | E45: 36.42 | F45: =E45*0.3*1.33*590 -> 8573.6322 | G45: =I45*F45 -> 8573.6322 | H45: шт | I45: 1 | J45: Ввод | K45: Альбом 7.4 ЭОМ (Гараж)
A46: =A45 -> КОМПЛЕКТ 5. ЩС-Пн (ЩРн-12з-0 36 УХЛ3 IP54) | Альбом 7.4 ЭОМ (Гараж) | B46: 5.3 | C46: 2CDS213001R0164 | D46: Авт.выкл. 3P C16 SH 203-C 16 | E46: 36.42 | F46: =E46*0.3*1.33*590 -> 8573.6322 | G46: =I46*F46 -> 34294.529 | H46: шт | I46: 4 | J46: Пн1, Пн2 + Зд1 | K46: Альбом 7.4 ЭОМ (Гараж)
A47: =A46 -> КОМПЛЕКТ 5. ЩС-Пн (ЩРн-12з-0 36 УХЛ3 IP54) | Альбом 7.4 ЭОМ (Гараж) | B47: 5.4 | D47: Монтажный материал | E47: — | F47: =ПАРАМЕТРЫ!C6&"%" -> 12% | G47: =(G45+G46)*ПАРАМЕТРЫ!C6/100 -> 5144.1793 | H47: шт | I47: 1 | J47: % от суммы компонентов | K47: Альбом 7.4 ЭОМ (Гараж)
A48: =A47 -> КОМПЛЕКТ 5. ЩС-Пн (ЩРн-12з-0 36 УХЛ3 IP54) | Альбом 7.4 ЭОМ (Гараж) | B48: 5.5 | D48: Монтажная работа | E48: — | F48: =ПАРАМЕТРЫ!C7&"%" -> 15% | G48: =(G45+G46)*ПАРАМЕТРЫ!C7/100 -> 6430.2242 | H48: шт | I48: 1 | J48: % от суммы компонентов | K48: Альбом 7.4 ЭОМ (Гараж)
A49: =D49 -> КОМПЛЕКТ 6. ЩС-Вр (ЩРн-18з-0 36 УХЛ3 IP54) | Альбом 7.4 ЭОМ (Гараж) | B49: КОМПЛЕКТ 6. ЩС-Вр (ЩРн-18з-0 36 УХЛ3 IP54) | Альбом 7.4 ЭОМ (Гараж) | D49: КОМПЛЕКТ 6. ЩС-Вр (ЩРн-18з-0 36 УХЛ3 IP54) | Альбом 7.4 ЭОМ (Гараж) | H49: компл. | I49: 1
A50: =A49 -> КОМПЛЕКТ 6. ЩС-Вр (ЩРн-18з-0 36 УХЛ3 IP54) | Альбом 7.4 ЭОМ (Гараж) | B50: 6.1 | C50: Teksan f | D50: Корпус — ЩРн-24з-0 36 УХЛ3 IP54 | E50: 15500 | F50: =0.6*E50 -> 9300 | G50: =F50*I50 -> 9300 | H50: шт | I50: 1 | J50: Teksan f — цена TBD | K50: Альбом 7.4 ЭОМ (Гараж)
A51: =A50 -> КОМПЛЕКТ 6. ЩС-Вр (ЩРн-18з-0 36 УХЛ3 IP54) | Альбом 7.4 ЭОМ (Гараж) | B51: 6.2 | C51: 2CDS213001R0204 | D51: Авт.выкл. 3P C20 SH 203-C 20 | E51: 36.42 | F51: =E51*0.3*1.33*590 -> 8573.6322 | G51: =I51*F51 -> 8573.6322 | H51: шт | I51: 1 | J51: ВН-32 20А | K51: Альбом 7.4 ЭОМ (Гараж)
A52: =A51 -> КОМПЛЕКТ 6. ЩС-Вр (ЩРн-18з-0 36 УХЛ3 IP54) | Альбом 7.4 ЭОМ (Гараж) | B52: 6.3 | C52: 2CDS213001R0164 | D52: Авт.выкл. 3P C16 SH 203-C 16 | E52: 36.42 | F52: =E52*0.3*1.33*590 -> 8573.6322 | G52: =I52*F52 -> 42868.161 | H52: шт | I52: 5 | J52: SF1..SF5 — Вр1..Вр5 | K52: Альбом 7.4 ЭОМ (Гараж)
A53: =A52 -> КОМПЛЕКТ 6. ЩС-Вр (ЩРн-18з-0 36 УХЛ3 IP54) | Альбом 7.4 ЭОМ (Гараж) | B53: 6.4 | D53: Монтажный материал | E53: — | F53: =ПАРАМЕТРЫ!C6&"%" -> 12% | G53: =(G51+G52)*ПАРАМЕТРЫ!C6/100 -> 6173.0152 | H53: шт | I53: 1 | J53: % от суммы компонентов | K53: Альбом 7.4 ЭОМ (Гараж)
A54: =A53 -> КОМПЛЕКТ 6. ЩС-Вр (ЩРн-18з-0 36 УХЛ3 IP54) | Альбом 7.4 ЭОМ (Гараж) | B54: 6.5 | D54: Монтажная работа | E54: — | F54: =ПАРАМЕТРЫ!C7&"%" -> 15% | G54: =(G51+G52)*ПАРАМЕТРЫ!C7/100 -> 7716.269 | H54: шт | I54: 1 | J54: % от суммы компонентов | K54: Альбом 7.4 ЭОМ (Гараж)
A55: =D55 -> КОМПЛЕКТ 7. ЩО (ЩРн-12з-0 36 УХЛ3 IP54) | Альбом 7.4 ЭОМ (Гараж) | B55: КОМПЛЕКТ 7. ЩО (ЩРн-12з-0 36 УХЛ3 IP54) | Альбом 7.4 ЭОМ (Гараж) | D55: КОМПЛЕКТ 7. ЩО (ЩРн-12з-0 36 УХЛ3 IP54) | Альбом 7.4 ЭОМ (Гараж) | H55: компл. | I55: 1
A56: =A55 -> КОМПЛЕКТ 7. ЩО (ЩРн-12з-0 36 УХЛ3 IP54) | Альбом 7.4 ЭОМ (Гараж) | B56: 7.1 | C56: Teksan f | D56: Корпус — ЩРн-12з-0 36 УХЛ3 IP54 | E56: 10500 | F56: =0.6*E56 -> 6300 | G56: =F56*I56 -> 6300 | H56: шт | I56: 1 | J56: Teksan f — цена TBD | K56: Альбом 7.4 ЭОМ (Гараж)
A57: =A56 -> КОМПЛЕКТ 7. ЩО (ЩРн-12з-0 36 УХЛ3 IP54) | Альбом 7.4 ЭОМ (Гараж) | B57: 6.2 | C57: 2CDS213001R0204 | D57: Авт.выкл. 3P C20 SH 203-C 20 | E57: 36.42 | F57: =E57*0.3*1.33*590 -> 8573.6322 | G57: =I57*F57 -> 8573.6322 | H57: шт | I57: 1 | J57: ВН-32 20А | K57: Альбом 7.4 ЭОМ (Гараж)
A58: =A57 -> КОМПЛЕКТ 7. ЩО (ЩРн-12з-0 36 УХЛ3 IP54) | Альбом 7.4 ЭОМ (Гараж) | B58: 7.3 | C58: 2CDS211001R0164 | D58: Авт.выкл. 1P C16 SH 201-C 16 | E58: 8.09 | F58: =E58*0.3*1.33*590 -> 1904.4669 | G58: =I58*F58 -> 9522.3345 | H58: шт | I58: 5 | J58: SF1..SF5 | K58: Альбом 7.4 ЭОМ (Гараж)
A59: =A58 -> КОМПЛЕКТ 7. ЩО (ЩРн-12з-0 36 УХЛ3 IP54) | Альбом 7.4 ЭОМ (Гараж) | B59: 7.5 | D59: Монтажный материал | E59: — | F59: =ПАРАМЕТРЫ!C6&"%" -> 12% | G59: 5144.1793 | H59: шт | I59: 1 | J59: % от суммы компонентов | K59: Альбом 7.4 ЭОМ (Гараж)
A60: =A59 -> КОМПЛЕКТ 7. ЩО (ЩРн-12з-0 36 УХЛ3 IP54) | Альбом 7.4 ЭОМ (Гараж) | B60: 7.6 | D60: Монтажная работа | E60: — | F60: =ПАРАМЕТРЫ!C7&"%" -> 15% | G60: 6430.2242 | H60: шт | I60: 1 | J60: % от суммы компонентов | K60: Альбом 7.4 ЭОМ (Гараж)
A61: =D61 -> ЯТП-0,25 230/36В IEK (MTT12-036-0250) | B61: 7.4 | C61: MTT12-036-0250 | D61: ЯТП-0,25 230/36В IEK (MTT12-036-0250) | E61: =ПАРАМЕТРЫ!C41 -> 242.2 | F61: =ПАРАМЕТРЫ!D41 -> 57016.302 | G61: =I61*F61 -> 114032.6 | H61: компл. | I61: 2
A62: =D62 -> КОМПЛЕКТ 8. ЩО-1.1 (ЩРн-36з-0 36 УХЛ3 IP54) | Альбом 7.1 ЭО (Концертный зал) | B62: КОМПЛЕКТ 8. ЩО-1.1 (ЩРн-36з-0 36 УХЛ3 IP54) | Альбом 7.1 ЭО (Концертный зал) | D62: КОМПЛЕКТ 8. ЩО-1.1 (ЩРн-36з-0 36 УХЛ3 IP54) | Альбом 7.1 ЭО (Концертный зал) | H62: компл. | I62: 1
A63: =A62 -> КОМПЛЕКТ 8. ЩО-1.1 (ЩРн-36з-0 36 УХЛ3 IP54) | Альбом 7.1 ЭО (Концертный зал) | B63: 8.1 | C63: Teksan f | D63: Корпус — ЩРн-54з-0 36 УХЛ3 IP54 | E63: 28500 | F63: =0.6*E63 -> 17100 | G63: =F63*I63 -> 17100 | H63: шт | I63: 1 | J63: Teksan f — цена TBD | K63: Альбом 7.1 ЭО (Концертный зал)
A64: =A63 -> КОМПЛЕКТ 8. ЩО-1.1 (ЩРн-36з-0 36 УХЛ3 IP54) | Альбом 7.1 ЭО (Концертный зал) | B64: 6.2 | C64: 2CDS213001R0204 | D64: Авт.выкл. 3P C20 SH 203-C 20 | E64: 36.42 | F64: =E64*0.3*1.33*590 -> 8573.6322 | G64: =I64*F64 -> 8573.6322 | H64: шт | I64: 1 | J64: ВН-32 20А | K64: Альбом 7.1 ЭО (Концертный зал)
A65: =A64 -> КОМПЛЕКТ 8. ЩО-1.1 (ЩРн-36з-0 36 УХЛ3 IP54) | Альбом 7.1 ЭО (Концертный зал) | B65: 8.3 | C65: 2CDS211001R0164 | D65: Авт.выкл. 1P C16 SH 201-C 16 | E65: 8.09 | F65: =E65*0.3*1.33*590 -> 1904.4669 | G65: =I65*F65 -> 47611.673 | H65: шт | I65: 25 | K65: Альбом 7.1 ЭО (Концертный зал)
A66: =A65 -> КОМПЛЕКТ 8. ЩО-1.1 (ЩРн-36з-0 36 УХЛ3 IP54) | Альбом 7.1 ЭО (Концертный зал) | B66: 8.4 | C66: 2CSR255080R1164 | D66: Диф.авт. 1P+N C16 30мА DS201 C16 AC30 | E66: =ПАРАМЕТРЫ!C23 -> 87.63 | F66: =E66*0.3*1.33*590 -> 20628.978 | G66: =I66*F66 -> 0 | H66: шт | I66: 0 | K66: Альбом 7.1 ЭО (Концертный зал)
A67: =A66 -> КОМПЛЕКТ 8. ЩО-1.1 (ЩРн-36з-0 36 УХЛ3 IP54) | Альбом 7.1 ЭО (Концертный зал) | B67: 8.5 | C67: 1SBE111111R0611 | D67: Контактор 16А ESB16-11N 230В | E67: =ПАРАМЕТРЫ!C33 -> 41.58 | F67: =E67*0.3*1.33*590 -> 9788.3478 | G67: =I67*F67 -> 68518.435 | H67: шт | I67: 7 | K67: Альбом 7.1 ЭО (Концертный зал)
A68: =A67 -> КОМПЛЕКТ 8. ЩО-1.1 (ЩРн-36з-0 36 УХЛ3 IP54) | Альбом 7.1 ЭО (Концертный зал) | B68: 8.6 | C68: — | D68: Клеммник монтажный (аналог NSYTRV162) | E68: =ПАРАМЕТРЫ!C37 -> 1.5 | F68: =ПАРАМЕТРЫ!D37 -> 353.115 | G68: =I68*F68 -> 2471.805 | H68: шт | I68: 7 | J68: NSYTRV162 | K68: Альбом 7.1 ЭО (Концертный зал)
A69: =A68 -> КОМПЛЕКТ 8. ЩО-1.1 (ЩРн-36з-0 36 УХЛ3 IP54) | Альбом 7.1 ЭО (Концертный зал) | B69: 8.7 | D69: Монтажный материал | E69: — | F69: =ПАРАМЕТРЫ!C6&"%" -> 12% | G69: =(G64+G65+G66+G67+G68)*ПАРАМЕТРЫ!C6/100+3000 -> 18261.065 | H69: шт | I69: 1 | J69: % от суммы компонентов | K69: Альбом 7.1 ЭО (Концертный зал)
A70: =A69 -> КОМПЛЕКТ 8. ЩО-1.1 (ЩРн-36з-0 36 УХЛ3 IP54) | Альбом 7.1 ЭО (Концертный зал) | B70: 8.8 | D70: Монтажная работа | E70: — | F70: =ПАРАМЕТРЫ!C7&"%" -> 15% | G70: =(G64+G65+G66+G67+G68)*ПАРАМЕТРЫ!C7/100+3000 -> 22076.332 | H70: шт | I70: 1 | J70: % от суммы компонентов | K70: Альбом 7.1 ЭО (Концертный зал)
A71: =D71 -> КОМПЛЕКТ 9. ЩО-1.2 (ЩРн-12з-0 36 УХЛ3 IP54) | Альбом 7.1 ЭО (Концертный зал) | B71: КОМПЛЕКТ 9. ЩО-1.2 (ЩРн-12з-0 36 УХЛ3 IP54) | Альбом 7.1 ЭО (Концертный зал) | D71: КОМПЛЕКТ 9. ЩО-1.2 (ЩРн-12з-0 36 УХЛ3 IP54) | Альбом 7.1 ЭО (Концертный зал) | H71: компл. | I71: 1
A72: =A71 -> КОМПЛЕКТ 9. ЩО-1.2 (ЩРн-12з-0 36 УХЛ3 IP54) | Альбом 7.1 ЭО (Концертный зал) | B72: 9.1 | C72: Teksan f | D72: Корпус — ЩРн-12з-0 36 УХЛ3 IP54 | E72: 10500 | F72: =0.6*E72 -> 6300 | G72: =F72*I72 -> 6300 | H72: шт | I72: 1 | J72: Teksan f — цена TBD | K72: Альбом 7.1 ЭО (Концертный зал)
A73: =A72 -> КОМПЛЕКТ 9. ЩО-1.2 (ЩРн-12з-0 36 УХЛ3 IP54) | Альбом 7.1 ЭО (Концертный зал) | B73: 6.2 | C73: 2CDS213001R0204 | D73: Авт.выкл. 3P C20 SH 203-C 20 | E73: 36.42 | F73: =E73*0.3*1.33*590 -> 8573.6322 | G73: =I73*F73 -> 8573.6322 | H73: шт | I73: 1 | J73: ВН-32 20А | K73: Альбом 7.1 ЭО (Концертный зал)
A74: =A73 -> КОМПЛЕКТ 9. ЩО-1.2 (ЩРн-12з-0 36 УХЛ3 IP54) | Альбом 7.1 ЭО (Концертный зал) | B74: 9.3 | C74: 2CDS211001R0164 | D74: Авт.выкл. 1P C16 SH 201-C 16 | E74: 8.09 | F74: =E74*0.3*1.33*590 -> 1904.4669 | G74: =I74*F74 -> 15235.735 | H74: шт | I74: 8 | K74: Альбом 7.1 ЭО (Концертный зал)
A75: =A74 -> КОМПЛЕКТ 9. ЩО-1.2 (ЩРн-12з-0 36 УХЛ3 IP54) | Альбом 7.1 ЭО (Концертный зал) | B75: 9.4 | C75: 2CSR255080R1164 | D75: Диф.авт. 1P+N C16 30мА DS201 C16 AC30 | E75: =ПАРАМЕТРЫ!C23 -> 87.63 | F75: =E75*0.3*1.33*590 -> 20628.978 | G75: =I75*F75 -> 0 | H75: шт | I75: 0 | K75: Альбом 7.1 ЭО (Концертный зал)
A76: =A75 -> КОМПЛЕКТ 9. ЩО-1.2 (ЩРн-12з-0 36 УХЛ3 IP54) | Альбом 7.1 ЭО (Концертный зал) | B76: 9.5 | C76: 1SBE111111R0611 | D76: Контактор 16А ESB16-11N 230В | E76: =ПАРАМЕТРЫ!C33 -> 41.58 | F76: =E76*0.3*1.33*590 -> 9788.3478 | G76: =I76*F76 -> 39153.391 | H76: шт | I76: 4 | K76: Альбом 7.1 ЭО (Концертный зал)
A77: =A76 -> КОМПЛЕКТ 9. ЩО-1.2 (ЩРн-12з-0 36 УХЛ3 IP54) | Альбом 7.1 ЭО (Концертный зал) | B77: 9.6 | C77: — | D77: Клеммник монтажный (аналог NSYTRV162) | E77: =ПАРАМЕТРЫ!C37 -> 1.5 | F77: =ПАРАМЕТРЫ!D37 -> 353.115 | G77: =I77*F77 -> 1412.46 | H77: шт | I77: 4 | K77: Альбом 7.1 ЭО (Концертный зал)
A78: =A77 -> КОМПЛЕКТ 9. ЩО-1.2 (ЩРн-12з-0 36 УХЛ3 IP54) | Альбом 7.1 ЭО (Концертный зал) | B78: 9.7 | D78: Монтажный материал | E78: — | F78: =ПАРАМЕТРЫ!C6&"%" -> 12% | G78: =(G73+G74+G75+G76+G77)*ПАРАМЕТРЫ!C6/100+2500 -> 10225.026 | H78: шт | I78: 1 | J78: % от суммы компонентов | K78: Альбом 7.1 ЭО (Концертный зал)
A79: =A78 -> КОМПЛЕКТ 9. ЩО-1.2 (ЩРн-12з-0 36 УХЛ3 IP54) | Альбом 7.1 ЭО (Концертный зал) | B79: 9.8 | D79: Монтажная работа | E79: — | F79: =ПАРАМЕТРЫ!C7&"%" -> 15% | G79: =(G73+G74+G75+G76+G77)*ПАРАМЕТРЫ!C7/100+1500 -> 11156.283 | H79: шт | I79: 1 | J79: % от суммы компонентов | K79: Альбом 7.1 ЭО (Концертный зал)
A80: =D80 -> КОМПЛЕКТ 10. ЩО-1.3 (ЩРн-36з-0 36 УХЛ3 IP54) | Альбом 7.1 ЭО (Концертный зал) | D80: КОМПЛЕКТ 10. ЩО-1.3 (ЩРн-36з-0 36 УХЛ3 IP54) | Альбом 7.1 ЭО (Концертный зал) | H80: компл. | I80: 1
A81: =A80 -> КОМПЛЕКТ 10. ЩО-1.3 (ЩРн-36з-0 36 УХЛ3 IP54) | Альбом 7.1 ЭО (Концертный зал) | B81: 10.1 | C81: Teksan f | D81: Корпус — ЩРн-54з-0 36 УХЛ3 IP54 | E81: 28500 | F81: =0.6*E81 -> 17100 | G81: =F81*I81 -> 17100 | H81: шт | I81: 1 | J81: Teksan f — цена TBD | K81: Альбом 7.1 ЭО (Концертный зал)
A82: =A81 -> КОМПЛЕКТ 10. ЩО-1.3 (ЩРн-36з-0 36 УХЛ3 IP54) | Альбом 7.1 ЭО (Концертный зал) | B82: 3.2 | C82: 2CDS213001R0254 | D82: SH 203-C 25 | E82: =ПАРАМЕТРЫ!C20 -> 48.51 | F82: =E82*0.3*1.33*590 -> 11419.739 | G82: =I82*F82 -> 11419.739 | H82: шт | I82: 1 | J82: ВН-32 25А | K82: Альбом 7.4 ЭОМ (Гараж)
A83: =A82 -> КОМПЛЕКТ 10. ЩО-1.3 (ЩРн-36з-0 36 УХЛ3 IP54) | Альбом 7.1 ЭО (Концертный зал) | B83: 10.3 | C83: 2CDS211001R0164 | D83: Авт.выкл. 1P C16 SH 201-C 16 | E83: 8.09 | F83: =E83*0.3*1.33*590 -> 1904.4669 | G83: =I83*F83 -> 51420.606 | H83: шт | I83: 27 | K83: Альбом 7.1 ЭО (Концертный зал)
A84: =A83 -> КОМПЛЕКТ 10. ЩО-1.3 (ЩРн-36з-0 36 УХЛ3 IP54) | Альбом 7.1 ЭО (Концертный зал) | B84: 10.4 | C84: 2CSR255080R1164 | D84: Диф.авт. 1P+N C16 30мА DS201 C16 AC30 | E84: =ПАРАМЕТРЫ!C23 -> 87.63 | F84: =E84*0.3*1.33*590 -> 20628.978 | G84: =I84*F84 -> 0 | H84: шт | I84: 0 | K84: Альбом 7.1 ЭО (Концертный зал)
A85: =A84 -> КОМПЛЕКТ 10. ЩО-1.3 (ЩРн-36з-0 36 УХЛ3 IP54) | Альбом 7.1 ЭО (Концертный зал) | B85: 10.5 | C85: 1SBE111111R0611 | D85: Контактор 16А ESB16-11N 230В | E85: =ПАРАМЕТРЫ!C33 -> 41.58 | F85: =E85*0.3*1.33*590 -> 9788.3478 | G85: =I85*F85 -> 48941.739 | H85: шт | I85: 5 | K85: Альбом 7.1 ЭО (Концертный зал)
A86: =A85 -> КОМПЛЕКТ 10. ЩО-1.3 (ЩРн-36з-0 36 УХЛ3 IP54) | Альбом 7.1 ЭО (Концертный зал) | B86: 10.6 | C86: — | D86: Клеммник монтажный (аналог NSYTRV162) | E86: =ПАРАМЕТРЫ!C37 -> 1.5 | F86: =ПАРАМЕТРЫ!D37 -> 353.115 | G86: =I86*F86 -> 1765.575 | H86: шт | I86: 5 | K86: Альбом 7.1 ЭО (Концертный зал)
A87: =A86 -> КОМПЛЕКТ 10. ЩО-1.3 (ЩРн-36з-0 36 УХЛ3 IP54) | Альбом 7.1 ЭО (Концертный зал) | B87: 10.7 | D87: Монтажный материал | E87: — | F87: =ПАРАМЕТРЫ!C6&"%" -> 12% | G87: =(G82+G83+G84+G85+G86)*ПАРАМЕТРЫ!C6/100 -> 13625.719 | H87: шт | I87: 1 | J87: % от суммы компонентов | K87: Альбом 7.1 ЭО (Концертный зал)
A88: =A87 -> КОМПЛЕКТ 10. ЩО-1.3 (ЩРн-36з-0 36 УХЛ3 IP54) | Альбом 7.1 ЭО (Концертный зал) | B88: 10.8 | D88: Монтажная работа | E88: — | F88: =ПАРАМЕТРЫ!C7&"%" -> 15% | G88: =(G82+G83+G84+G85+G86)*ПАРАМЕТРЫ!C7/100 -> 17032.149 | H88: шт | I88: 1 | J88: % от суммы компонентов | K88: Альбом 7.1 ЭО (Концертный зал)
A89: =D89 -> КОМПЛЕКТ 11. ЩО-2.1 (ЩРн-12з-0 36 УХЛ3 IP54) | Альбом 7.1 ЭО (Концертный зал) | B89: КОМПЛЕКТ 11. ЩО-2.1 (ЩРн-12з-0 36 УХЛ3 IP54) | Альбом 7.1 ЭО (Концертный зал) | D89: КОМПЛЕКТ 11. ЩО-2.1 (ЩРн-12з-0 36 УХЛ3 IP54) | Альбом 7.1 ЭО (Концертный зал) | H89: компл. | I89: 1
A90: =A89 -> КОМПЛЕКТ 11. ЩО-2.1 (ЩРн-12з-0 36 УХЛ3 IP54) | Альбом 7.1 ЭО (Концертный зал) | B90: 11.1 | C90: Teksan f | D90: Корпус — ЩРн-48з-0 36 УХЛ3 IP54 | E90: — | F90: =0.6*E90 -> #VALUE! | G90: =F90*I90 -> #VALUE! | H90: шт | I90: 1 | J90: Teksan f — цена TBD | K90: Альбом 7.1 ЭО (Концертный зал)
A91: =A90 -> КОМПЛЕКТ 11. ЩО-2.1 (ЩРн-12з-0 36 УХЛ3 IP54) | Альбом 7.1 ЭО (Концертный зал) | B91: 6.2 | C91: 2CDS213001R0204 | D91: Авт.выкл. 3P C20 SH 203-C 20 | E91: 36.42 | F91: =E91*0.3*1.33*590 -> 8573.6322 | G91: =I91*F91 -> 8573.6322 | H91: шт | I91: 1 | J91: ВН-32 20А | K91: Альбом 7.1 ЭО (Концертный зал)
A92: =A91 -> КОМПЛЕКТ 11. ЩО-2.1 (ЩРн-12з-0 36 УХЛ3 IP54) | Альбом 7.1 ЭО (Концертный зал) | B92: 11.3 | C92: 2CDS211001R0164 | D92: Авт.выкл. 1P C16 SH 201-C 16 | E92: 8.09 | F92: =E92*0.3*1.33*590 -> 1904.4669 | G92: =I92*F92 -> 26662.537 | H92: шт | I92: 14 | K92: Альбом 7.1 ЭО (Концертный зал)
A93: =A92 -> КОМПЛЕКТ 11. ЩО-2.1 (ЩРн-12з-0 36 УХЛ3 IP54) | Альбом 7.1 ЭО (Концертный зал) | B93: 11.4 | C93: 2CSR255080R1164 | D93: Диф.авт. 1P+N C16 30мА DS201 C16 AC30 | E93: =ПАРАМЕТРЫ!C23 -> 87.63 | F93: =E93*0.3*1.33*590 -> 20628.978 | G93: =I93*F93 -> 0 | H93: шт | I93: 0 | K93: Альбом 7.1 ЭО (Концертный зал)
A94: =A93 -> КОМПЛЕКТ 11. ЩО-2.1 (ЩРн-12з-0 36 УХЛ3 IP54) | Альбом 7.1 ЭО (Концертный зал) | B94: 11.5 | C94: 1SBE111111R0611 | D94: Контактор 16А ESB16-11N 230В | E94: =ПАРАМЕТРЫ!C33 -> 41.58 | F94: =E94*0.3*1.33*590 -> 9788.3478 | G94: =I94*F94 -> 58730.087 | H94: шт | I94: 6 | K94: Альбом 7.1 ЭО (Концертный зал)
A95: =A94 -> КОМПЛЕКТ 11. ЩО-2.1 (ЩРн-12з-0 36 УХЛ3 IP54) | Альбом 7.1 ЭО (Концертный зал) | B95: 11.6 | C95: — | D95: Клеммник монтажный (аналог NSYTRV162) | E95: =ПАРАМЕТРЫ!C37 -> 1.5 | F95: =ПАРАМЕТРЫ!D37 -> 353.115 | G95: =I95*F95 -> 2118.69 | H95: шт | I95: 6 | K95: Альбом 7.1 ЭО (Концертный зал)
A96: =A95 -> КОМПЛЕКТ 11. ЩО-2.1 (ЩРн-12з-0 36 УХЛ3 IP54) | Альбом 7.1 ЭО (Концертный зал) | B96: 11.7 | D96: Монтажный материал | E96: — | F96: =ПАРАМЕТРЫ!C6&"%" -> 12% | G96: =(G91+G92+G93+G94+G95)*ПАРАМЕТРЫ!C6/100 -> 11530.193 | H96: шт | I96: 1 | J96: % от суммы компонентов | K96: Альбом 7.1 ЭО (Концертный зал)
A97: =A96 -> КОМПЛЕКТ 11. ЩО-2.1 (ЩРн-12з-0 36 УХЛ3 IP54) | Альбом 7.1 ЭО (Концертный зал) | B97: 11.8 | D97: Монтажная работа | E97: — | F97: =ПАРАМЕТРЫ!C7&"%" -> 15% | G97: =(G91+G92+G93+G94+G95)*ПАРАМЕТРЫ!C7/100 -> 14412.742 | H97: шт | I97: 1 | J97: % от суммы компонентов | K97: Альбом 7.1 ЭО (Концертный зал)
A98: =D98 -> КОМПЛЕКТ 12. ЩО-2.2 (ЩРн-18з-0 36 УХЛ3 IP54) | Альбом 7.1 ЭО (Концертный зал) | B98: КОМПЛЕКТ 12. ЩО-2.2 (ЩРн-18з-0 36 УХЛ3 IP54) | Альбом 7.1 ЭО (Концертный зал) | D98: КОМПЛЕКТ 12. ЩО-2.2 (ЩРн-18з-0 36 УХЛ3 IP54) | Альбом 7.1 ЭО (Концертный зал) | H98: компл. | I98: 1
A99: =A98 -> КОМПЛЕКТ 12. ЩО-2.2 (ЩРн-18з-0 36 УХЛ3 IP54) | Альбом 7.1 ЭО (Концертный зал) | B99: 12.1 | C99: Teksan f | D99: Корпус — ЩРн-18з-0 36 УХЛ3 IP54 | E99: — | F99: =0.6*E99 -> #VALUE! | G99: =F99*I99 -> #VALUE! | H99: шт | I99: 1 | J99: Teksan f — цена TBD | K99: Альбом 7.1 ЭО (Концертный зал)
A100: =A99 -> КОМПЛЕКТ 12. ЩО-2.2 (ЩРн-18з-0 36 УХЛ3 IP54) | Альбом 7.1 ЭО (Концертный зал) | B100: 6.2 | C100: 2CDS213001R0204 | D100: Авт.выкл. 3P C20 SH 203-C 20 | E100: 36.42 | F100: =E100*0.3*1.33*590 -> 8573.6322 | G100: =I100*F100 -> 8573.6322 | H100: шт | I100: 1 | J100: ВН-32 20А | K100: Альбом 7.1 ЭО (Концертный зал)
...

Sheet Sayfa1
C1: СПЕЦИФИКАЦИЯ ОБОРУДОВАНИЯ — Проект 260608 — г.Атырау — ABB | Формула: KZT = EUR_list × 0.33 × 1.30 × EUR/KZT | Параметры → лист ПАРАМЕТРЫ (синие ячейки)
A2: pano ismi | B2: № | C2: Тип / Марка / Артикул | D2: Наименование и техническая характеристика | E2: Цена список | F2: KZT нетто | G2: Сумма KZT | H2: Ед. | I2: Кол. | J2: Примечание | K2: Источник (PDF альбом)
C3: ─── ЭОМ — ГАРАЖ ───
A4: =D4 -> КОМПЛЕКТ 1. ГРЩ (ЩМП-18.8.4-0 36 УХЛ3 IP31) | Альбом 7.4 ЭОМ (Гараж) | B4: =D4 -> КОМПЛЕКТ 1. ГРЩ (ЩМП-18.8.4-0 36 УХЛ3 IP31) | Альбом 7.4 ЭОМ (Гараж) | D4: КОМПЛЕКТ 1. ГРЩ (ЩМП-18.8.4-0 36 УХЛ3 IP31) | Альбом 7.4 ЭОМ (Гараж) | H4: компл. | I4: 1
A5: =A4 -> КОМПЛЕКТ 1. ГРЩ (ЩМП-18.8.4-0 36 УХЛ3 IP31) | Альбом 7.4 ЭОМ (Гараж) | B5: 1.1 | C5: Teksan f | D5: Корпус — ЩМП-18.8.4,5+1 bz-0 36 УХЛ3 IP31 | E5: — | F5: — | G5: 0 | H5: шт | I5: 2 | J5: Teksan f — цена TBD | K5: Альбом 7.4 ЭОМ (Гараж)
A6: =A5 -> КОМПЛЕКТ 1. ГРЩ (ЩМП-18.8.4-0 36 УХЛ3 IP31) | Альбом 7.4 ЭОМ (Гараж) | B6: 1.2 | C6: 1SDA067417R1 | D6: Авт.выкл. 3P 125А XT1N 160 TMD | E6: =ПАРАМЕТРЫ!C32 -> 308.8 | F6: =E6*0.3*1.33*590 -> 72694.608 | G6: =I6*F6 -> 290778.43 | H6: шт | I6: 4 | J6: DPX3 125А / вводной аналог | K6: Альбом 7.4 ЭОМ (Гараж)
A7: =A6 -> КОМПЛЕКТ 1. ГРЩ (ЩМП-18.8.4-0 36 УХЛ3 IP31) | Альбом 7.4 ЭОМ (Гараж) | B7: 1.3 | C7: 1SDA066460R1 | D7: MOD motor 220...250 V AC/DC | E7: 675.1 | F7: =E7*0.3*1.33*590 -> 158925.29 | G7: =I7*F7 -> 635701.16 | H7: шт | I7: 4 | J7: Motor | K7: Альбом 7.4 ЭОМ (Гараж)
A8: =A7 -> КОМПЛЕКТ 1. ГРЩ (ЩМП-18.8.4-0 36 УХЛ3 IP31) | Альбом 7.4 ЭОМ (Гараж) | B8: 1.3 | C8: 1SDA066325R1 | D8: SOR-C 220-240V AC/220-250V DC | E8: 115.1 | F8: =E8*0.3*1.33*590 -> 27095.691 | G8: =I8*F8 -> 54191.382 | H8: шт | I8: 2 | J8: Açtırma Bobini | K8: Альбом 7.4 ЭОМ (Гараж)
A9: =A8 -> КОМПЛЕКТ 1. ГРЩ (ЩМП-18.8.4-0 36 УХЛ3 IP31) | Альбом 7.4 ЭОМ (Гараж) | B9: 1.3 | C9: 1SDA066399R1 | D9: UVR-C 220-240V AC/220-250V DC | E9: 132.3 | F9: =E9*0.3*1.33*590 -> 31144.743 | G9: =I9*F9 -> 62289.486 | H9: шт | I9: 2 | J9: Düsük Gerilim Bobini | K9: Альбом 7.4 ЭОМ (Гараж)
A10: =A9 -> КОМПЛЕКТ 1. ГРЩ (ЩМП-18.8.4-0 36 УХЛ3 IP31) | Альбом 7.4 ЭОМ (Гараж) | B10: 1.3 | C10: 1SDA066431R1 | D10: AUX-C 1A/K+1SY 250V AC/DC | E10: 72.77 | F10: =E10*0.3*1.33*590 -> 17130.786 | G10: =I10*F10 -> 34261.571 | H10: шт | I10: 2 | J10: Düsük Gerilim Bobini | K10: Альбом 7.4 ЭОМ (Гараж)
A11: =A10 -> КОМПЛЕКТ 1. ГРЩ (ЩМП-18.8.4-0 36 УХЛ3 IP31) | Альбом 7.4 ЭОМ (Гараж) | B11: 1.3 | C11: 1SDA067416R1 | D11: Авт.выкл. 3P 100А XT1N 160 TMD | E11: =ПАРАМЕТРЫ!C31 -> 246.1 | F11: =E11*0.3*1.33*590 -> 57934.401 | G11: =I11*F11 -> 57934.401 | H11: шт | I11: 1 | J11: Резервный ввод | K11: Альбом 7.4 ЭОМ (Гараж)
A12: =A11 -> КОМПЛЕКТ 1. ГРЩ (ЩМП-18.8.4-0 36 УХЛ3 IP31) | Альбом 7.4 ЭОМ (Гараж) | B12: 1.4 | C12: 2CDS213001R0204 | D12: Авт.выкл. 3P C20 SH 203-C 20 | E12: 36.42 | F12: =E12*0.3*1.33*590 -> 8573.6322 | G12: =I12*F12 -> 42868.161 | H12: шт | I12: 5 | J12: TX3 20A 3P | K12: Альбом 7.4 ЭОМ (Гараж)
A13: =A12 -> КОМПЛЕКТ 1. ГРЩ (ЩМП-18.8.4-0 36 УХЛ3 IP31) | Альбом 7.4 ЭОМ (Гараж) | B13: 1.5 | C13: 2CDS213001R0254 | D13: Авт.выкл. 3P C25 SH 203-C 25 | E13: 36.42 | F13: =E13*0.3*1.33*590 -> 8573.6322 | G13: =I13*F13 -> 17147.264 | H13: шт | I13: 2 | J13: TX3 25A 3P | K13: Альбом 7.4 ЭОМ (Гараж)
A14: =A13 -> КОМПЛЕКТ 1. ГРЩ (ЩМП-18.8.4-0 36 УХЛ3 IP31) | Альбом 7.4 ЭОМ (Гараж) | B14: 1.6 | C14: 2CDS211001R0064 | D14: Авт.выкл. 1P C6 SH 201-C 6 | E14: 9.71 | F14: =E14*0.3*1.33*590 -> 2285.8311 | G14: =I14*F14 -> 6857.4933 | H14: шт | I14: 3 | J14: TX3 6A 1P | K14: Альбом 7.4 ЭОМ (Гараж)
A15: =A14 -> КОМПЛЕКТ 1. ГРЩ (ЩМП-18.8.4-0 36 УХЛ3 IP31) | Альбом 7.4 ЭОМ (Гараж) | B15: 1.7 | C15: 1SCA120070R1001 | D15: АВР 3P 125А OTM125F3CMA230V | E15: =ПАРАМЕТРЫ!C35 -> 1285 | F15: =E15*0.3*1.33*590 -> 302501.85 | G15: =I15*F15 -> 302501.85 | H15: шт | I15: 1 | J15: АВР TransferPact аналог | K15: Альбом 7.4 ЭОМ (Гараж)
A16: =A15 -> КОМПЛЕКТ 1. ГРЩ (ЩМП-18.8.4-0 36 УХЛ3 IP31) | Альбом 7.4 ЭОМ (Гараж) | B16: 1.8 | C16: По запросу | D16: УКРМ 10кВАр 400В, 800×700×250мм | E16: — | F16: — | G16: 0 | H16: шт | I16: 2 | J16: КРМ — 2 шт (ввод1+ввод2) — цена TBD | K16: Альбом 7.4 ЭОМ (Гараж)
A17: =A16 -> КОМПЛЕКТ 1. ГРЩ (ЩМП-18.8.4-0 36 УХЛ3 IP31) | Альбом 7.4 ЭОМ (Гараж) | B17: 1.9 | C17: Энергомера СЕ 303 S31 746-JPVZ PLC 1111, 100А, 380В | D17: Счётчик электроэнергии 3ф 100А 380В | E17: — | F17: — | G17: 0 | H17: шт | I17: 3 | J17: Счётчик/прибор — 3 шт — по одному на каждый ввод ГРЩ — цена По запросу | K17: Альбом 7.4 ЭОМ (Гараж)
A18: =A17 -> КОМПЛЕКТ 1. ГРЩ (ЩМП-18.8.4-0 36 УХЛ3 IP31) | Альбом 7.4 ЭОМ (Гараж) | B18: 1.10 | D18: Монтажный материал | E18: — | F18: =ПАРАМЕТРЫ!C6&"%" -> 12% | G18: =(G6+G11+G12+G13+G14+G15+G16+G17)*ПАРАМЕТРЫ!C6/100 -> 86170.512 | H18: шт | I18: 1 | J18: % от суммы компонентов | K18: Альбом 7.4 ЭОМ (Гараж)
A19: =A18 -> КОМПЛЕКТ 1. ГРЩ (ЩМП-18.8.4-0 36 УХЛ3 IP31) | Альбом 7.4 ЭОМ (Гараж) | B19: 1.11 | D19: Монтажная работа | E19: — | F19: =ПАРАМЕТРЫ!C7&"%" -> 15% | G19: =(G6+G11+G12+G13+G14+G15+G16+G17)*ПАРАМЕТРЫ!C7/100 -> 107713.14 | H19: шт | I19: 1 | J19: % от суммы компонентов | K19: Альбом 7.4 ЭОМ (Гараж)
A20: =D20 -> КОМПЛЕКТ 2. ЩС-В (ЩРн-12з-0 36 УХЛ3 IP54) | Альбом 7.4 ЭОМ (Гараж) | B20: КОМПЛЕКТ 2. ЩС-В (ЩРн-12з-0 36 УХЛ3 IP54) | Альбом 7.4 ЭОМ (Гараж) | D20: КОМПЛЕКТ 2. ЩС-В (ЩРн-12з-0 36 УХЛ3 IP54) | Альбом 7.4 ЭОМ (Гараж) | H20: компл. | I20: 1
A21: =A20 -> КОМПЛЕКТ 2. ЩС-В (ЩРн-12з-0 36 УХЛ3 IP54) | Альбом 7.4 ЭОМ (Гараж) | B21: 2.1 | C21: Teksan f | D21: Корпус — ЩРн-24з-0 36 УХЛ3 IP54 | E21: — | F21: — | G21: 0 | H21: шт | I21: 1 | J21: Teksan f — цена TBD | K21: Альбом 7.4 ЭОМ (Гараж)
A22: =A21 -> КОМПЛЕКТ 2. ЩС-В (ЩРн-12з-0 36 УХЛ3 IP54) | Альбом 7.4 ЭОМ (Гараж) | B22: 2.2 | C22: 2CDS253001R0204 | D22: Авт.выкл. 3P C20 S 203-C 20 | E22: 48.51 | F22: =E22*0.3*1.33*590 -> 11419.739 | G22: =I22*F22 -> 11419.739 | H22: шт | I22: 1 | J22: Ввод QF1 20А 3P | K22: Альбом 7.4 ЭОМ (Гараж)
A23: =A22 -> КОМПЛЕКТ 2. ЩС-В (ЩРн-12з-0 36 УХЛ3 IP54) | Альбом 7.4 ЭОМ (Гараж) | B23: 2.3 | C23: 2CDS211001R0164 | D23: Авт.выкл. 1P C16 SH 201-C 16 | E23: 8.09 | F23: =E23*0.3*1.33*590 -> 1904.4669 | G23: =I23*F23 -> 3808.9338 | H23: шт | I23: 2 | J23: SF2, SF3 | K23: Альбом 7.4 ЭОМ (Гараж)
A24: =A23 -> КОМПЛЕКТ 2. ЩС-В (ЩРн-12з-0 36 УХЛ3 IP54) | Альбом 7.4 ЭОМ (Гараж) | B24: 2.4 | C24: 2CDS213001R0164 | D24: Авт.выкл. 3P C16 SH 203-C 16 | E24: 36.42 | F24: =E24*0.3*1.33*590 -> 8573.6322 | G24: =I24*F24 -> 8573.6322 | H24: шт | I24: 1 | J24: TX3 16А 3P | K24: Альбом 7.4 ЭОМ (Гараж)
A25: =A24 -> КОМПЛЕКТ 2. ЩС-В (ЩРн-12з-0 36 УХЛ3 IP54) | Альбом 7.4 ЭОМ (Гараж) | B25: 2.5 | C25: 1SBE111111R0611 | D25: Контактор 16А ESB16-11N 230В | E25: =ПАРАМЕТРЫ!C33 -> 41.58 | F25: =E25*0.3*1.33*590 -> 9788.3478 | G25: =I25*F25 -> 29365.043 | H25: шт | I25: 3 | J25: КМИ 10910 9А — В1+В2+В3 | K25: Альбом 7.4 ЭОМ (Гараж)
A26: =A25 -> КОМПЛЕКТ 2. ЩС-В (ЩРн-12з-0 36 УХЛ3 IP54) | Альбом 7.4 ЭОМ (Гараж) | B26: 2.6 | C26: 2CDS200982R0001 | D26: Независимый расцепитель S3C-A1 AC/DC 12-110V | E26: =ПАРАМЕТРЫ!C36 -> 62.93 | F26: =E26*0.3*1.33*590 -> 14814.351 | G26: =I26*F26 -> 14814.351 | H26: шт | I26: 1 | J26: Независимый расцепитель DRX — пожарный сигнал | K26: Альбом 7.4 ЭОМ (Гараж)
A27: =A26 -> КОМПЛЕКТ 2. ЩС-В (ЩРн-12з-0 36 УХЛ3 IP54) | Альбом 7.4 ЭОМ (Гараж) | B27: 2.7 | D27: Монтажный материал | E27: — | F27: =ПАРАМЕТРЫ!C6&"%" -> 12% | G27: =(G22+G23+G25+G26+G24)*ПАРАМЕТРЫ!C6/100 -> 8157.804 | H27: шт | I27: 1 | J27: % от суммы компонентов | K27: Альбом 7.4 ЭОМ (Гараж)
A28: =A27 -> КОМПЛЕКТ 2. ЩС-В (ЩРн-12з-0 36 УХЛ3 IP54) | Альбом 7.4 ЭОМ (Гараж) | B28: 2.8 | D28: Монтажная работа | E28: — | F28: =ПАРАМЕТРЫ!C7&"%" -> 15% | G28: =(G22+G23+G25+G26+G24)*ПАРАМЕТРЫ!C7/100 -> 10197.255 | H28: шт | I28: 1 | J28: % от суммы компонентов | K28: Альбом 7.4 ЭОМ (Гараж)
A29: =D29 -> КОМПЛЕКТ 3. ЩС-П (ЩРн-24з-0 36 УХЛ3 IP54) | Альбом 7.4 ЭОМ (Гараж) | B29: КОМПЛЕКТ 3. ЩС-П (ЩРн-24з-0 36 УХЛ3 IP54) | Альбом 7.4 ЭОМ (Гараж) | D29: КОМПЛЕКТ 3. ЩС-П (ЩРн-24з-0 36 УХЛ3 IP54) | Альбом 7.4 ЭОМ (Гараж) | H29: компл. | I29: 1
A30: =A29 -> КОМПЛЕКТ 3. ЩС-П (ЩРн-24з-0 36 УХЛ3 IP54) | Альбом 7.4 ЭОМ (Гараж) | B30: 3.1 | C30: Teksan f | D30: Корпус — ЩРн-24з-0 36 УХЛ3 IP54 | E30: — | F30: — | G30: 0 | H30: шт | I30: 1 | J30: Teksan f — цена TBD | K30: Альбом 7.4 ЭОМ (Гараж)
A31: =A30 -> КОМПЛЕКТ 3. ЩС-П (ЩРн-24з-0 36 УХЛ3 IP54) | Альбом 7.4 ЭОМ (Гараж) | B31: 3.2 | C31: 2CDS213001R0254 | D31: SH 203-C 25 | E31: =ПАРАМЕТРЫ!C20 -> 48.51 | F31: =E31*0.3*1.33*590 -> 11419.739 | G31: =I31*F31 -> 11419.739 | H31: шт | I31: 1 | J31: ВН-32 25А | K31: Альбом 7.4 ЭОМ (Гараж)
A32: =A31 -> КОМПЛЕКТ 3. ЩС-П (ЩРн-24з-0 36 УХЛ3 IP54) | Альбом 7.4 ЭОМ (Гараж) | B32: 3.3 | C32: 2CSR255080R1164 | D32: Диф.авт. 1P+N C16 30мА DS201 C16 AC30 | E32: =ПАРАМЕТРЫ!C23 -> 87.63 | F32: =E32*0.3*1.33*590 -> 20628.978 | G32: =I32*F32 -> 144402.85 | H32: шт | I32: 7 | J32: АВДТ DX3 1P+N 16А 30мА | K32: Альбом 7.4 ЭОМ (Гараж)
A33: =A32 -> КОМПЛЕКТ 3. ЩС-П (ЩРн-24з-0 36 УХЛ3 IP54) | Альбом 7.4 ЭОМ (Гараж) | B33: 3.5 | C33: 2CDS211001R0164 | D33: Авт.выкл. 1P C16 SH 201-C 16 | E33: 8.09 | F33: =E33*0.3*1.33*590 -> 1904.4669 | G33: =I33*F33 -> 1904.4669 | H33: шт | I33: 1 | J33: TX3 16А 1P | K33: Альбом 7.4 ЭОМ (Гараж)
A34: =A33 -> КОМПЛЕКТ 3. ЩС-П (ЩРн-24з-0 36 УХЛ3 IP54) | Альбом 7.4 ЭОМ (Гараж) | B34: 3.6 | D34: Монтажный материал | E34: — | F34: =ПАРАМЕТРЫ!C6&"%" -> 12% | G34: =(G31+G32+#REF!+G33)*ПАРАМЕТРЫ!C6/100 -> #REF! | H34: шт | I34: 1 | J34: % от суммы компонентов | K34: Альбом 7.4 ЭОМ (Гараж)
A35: =A34 -> КОМПЛЕКТ 3. ЩС-П (ЩРн-24з-0 36 УХЛ3 IP54) | Альбом 7.4 ЭОМ (Гараж) | B35: 3.7 | D35: Монтажная работа | E35: — | F35: =ПАРАМЕТРЫ!C7&"%" -> 15% | G35: =(G31+G32+#REF!+G33)*ПАРАМЕТРЫ!C7/100 -> #REF! | H35: шт | I35: 1 | J35: % от суммы компонентов | K35: Альбом 7.4 ЭОМ (Гараж)
A36: =D36 -> КОМПЛЕКТ 4. ЩС-ПО (ЩРн-12з-0 36 УХЛ3 IP54) | Альбом 7.4 ЭОМ (Гараж) | B36: КОМПЛЕКТ 4. ЩС-ПО (ЩРн-12з-0 36 УХЛ3 IP54) | Альбом 7.4 ЭОМ (Гараж) | D36: КОМПЛЕКТ 4. ЩС-ПО (ЩРн-12з-0 36 УХЛ3 IP54) | Альбом 7.4 ЭОМ (Гараж) | H36: компл. | I36: 1
A37: =A36 -> КОМПЛЕКТ 4. ЩС-ПО (ЩРн-12з-0 36 УХЛ3 IP54) | Альбом 7.4 ЭОМ (Гараж) | B37: 4.1 | C37: Teksan f | D37: Корпус — ЩРн-12з-0 36 УХЛ3 IP54 | E37: — | F37: — | G37: 0 | H37: шт | I37: 1 | J37: Teksan f — цена TBD | K37: Альбом 7.4 ЭОМ (Гараж)
A38: =A37 -> КОМПЛЕКТ 4. ЩС-ПО (ЩРн-12з-0 36 УХЛ3 IP54) | Альбом 7.4 ЭОМ (Гараж) | B38: 4.2 | C38: 2CDS253001R0824 | D38: S 203-C 100 | E38: =ПАРАМЕТРЫ!C29 -> 100.1 | F38: =E38*0.3*1.33*590 -> 23564.541 | G38: =I38*F38 -> 23564.541 | H38: шт | I38: 1 | J38: ВН-32 100А | K38: Альбом 7.4 ЭОМ (Гараж)
A39: =A38 -> КОМПЛЕКТ 4. ЩС-ПО (ЩРн-12з-0 36 УХЛ3 IP54) | Альбом 7.4 ЭОМ (Гараж) | B39: 4.3 | C39: 2CDS253001R0824 | D39: S 203-C 80 | E39: =ПАРАМЕТРЫ!C40 -> 193.8 | F39: =E39*0.3*1.33*590 -> 45622.458 | G39: =I39*F39 -> 45622.458 | H39: шт | I39: 1 | J39: DPX3 80А — Дп1 | K39: Альбом 7.4 ЭОМ (Гараж)
A40: =A39 -> КОМПЛЕКТ 4. ЩС-ПО (ЩРн-12з-0 36 УХЛ3 IP54) | Альбом 7.4 ЭОМ (Гараж) | B40: 4.4 | C40: 2CDS213001R0164 | D40: Авт.выкл. 3P C16 SH 203-C 16 | E40: 36.42 | F40: =E40*0.3*1.33*590 -> 8573.6322 | G40: =I40*F40 -> 8573.6322 | H40: шт | I40: 1 | J40: TX3 16А 3P | K40: Альбом 7.4 ЭОМ (Гараж)
A41: =A40 -> КОМПЛЕКТ 4. ЩС-ПО (ЩРн-12з-0 36 УХЛ3 IP54) | Альбом 7.4 ЭОМ (Гараж) | B41: 4.5 | C41: 2CDS211001R0164 | D41: Авт.выкл. 1P C16 SH 201-C 16 | E41: 8.09 | F41: =E41*0.3*1.33*590 -> 1904.4669 | G41: =I41*F41 -> 1904.4669 | H41: шт | I41: 1 | J41: TX3 16А 1P | K41: Альбом 7.4 ЭОМ (Гараж)
A42: =A41 -> КОМПЛЕКТ 4. ЩС-ПО (ЩРн-12з-0 36 УХЛ3 IP54) | Альбом 7.4 ЭОМ (Гараж) | B42: 4.6 | D42: Монтажный материал | E42: — | F42: =ПАРАМЕТРЫ!C6&"%" -> 12% | G42: =(G38+G39+G40+G41)*ПАРАМЕТРЫ!C6/100 -> 9559.8118 | H42: шт | I42: 1 | J42: % от суммы компонентов | K42: Альбом 7.4 ЭОМ (Гараж)
A43: =A42 -> КОМПЛЕКТ 4. ЩС-ПО (ЩРн-12з-0 36 УХЛ3 IP54) | Альбом 7.4 ЭОМ (Гараж) | B43: 4.7 | D43: Монтажная работа | E43: — | F43: =ПАРАМЕТРЫ!C7&"%" -> 15% | G43: =(G38+G39+G40+G41)*ПАРАМЕТРЫ!C7/100 -> 11949.765 | H43: шт | I43: 1 | J43: % от суммы компонентов | K43: Альбом 7.4 ЭОМ (Гараж)
A44: =D44 -> КОМПЛЕКТ 5. ЩС-Пн (ЩРн-12з-0 36 УХЛ3 IP54) | Альбом 7.4 ЭОМ (Гараж) | B44: КОМПЛЕКТ 5. ЩС-Пн (ЩРн-12з-0 36 УХЛ3 IP54) | Альбом 7.4 ЭОМ (Гараж) | D44: КОМПЛЕКТ 5. ЩС-Пн (ЩРн-12з-0 36 УХЛ3 IP54) | Альбом 7.4 ЭОМ (Гараж) | H44: компл. | I44: 1
A45: =A44 -> КОМПЛЕКТ 5. ЩС-Пн (ЩРн-12з-0 36 УХЛ3 IP54) | Альбом 7.4 ЭОМ (Гараж) | B45: 5.1 | C45: Teksan f | D45: Корпус — ЩРн-24з-0 36 УХЛ3 IP54 | E45: — | F45: — | G45: 0 | H45: шт | I45: 1 | J45: Teksan f — цена TBD | K45: Альбом 7.4 ЭОМ (Гараж)
A46: =A45 -> КОМПЛЕКТ 5. ЩС-Пн (ЩРн-12з-0 36 УХЛ3 IP54) | Альбом 7.4 ЭОМ (Гараж) | B46: 5.2 | C46: 2CDS213001R0204 | D46: Авт.выкл. 3P C20 SH 203-C 20 | E46: 36.42 | F46: =E46*0.3*1.33*590 -> 8573.6322 | G46: =I46*F46 -> 8573.6322 | H46: шт | I46: 1 | J46: Ввод | K46: Альбом 7.4 ЭОМ (Гараж)
A47: =A46 -> КОМПЛЕКТ 5. ЩС-Пн (ЩРн-12з-0 36 УХЛ3 IP54) | Альбом 7.4 ЭОМ (Гараж) | B47: 5.3 | C47: 2CDS213001R0164 | D47: Авт.выкл. 3P C16 SH 203-C 16 | E47: 36.42 | F47: =E47*0.3*1.33*590 -> 8573.6322 | G47: =I47*F47 -> 34294.529 | H47: шт | I47: 4 | J47: Пн1, Пн2 + Зд1 | K47: Альбом 7.4 ЭОМ (Гараж)
A48: =A47 -> КОМПЛЕКТ 5. ЩС-Пн (ЩРн-12з-0 36 УХЛ3 IP54) | Альбом 7.4 ЭОМ (Гараж) | B48: 5.4 | D48: Монтажный материал | E48: — | F48: =ПАРАМЕТРЫ!C6&"%" -> 12% | G48: =(G46+G47)*ПАРАМЕТРЫ!C6/100 -> 5144.1793 | H48: шт | I48: 1 | J48: % от суммы компонентов | K48: Альбом 7.4 ЭОМ (Гараж)
A49: =A48 -> КОМПЛЕКТ 5. ЩС-Пн (ЩРн-12з-0 36 УХЛ3 IP54) | Альбом 7.4 ЭОМ (Гараж) | B49: 5.5 | D49: Монтажная работа | E49: — | F49: =ПАРАМЕТРЫ!C7&"%" -> 15% | G49: =(G46+G47)*ПАРАМЕТРЫ!C7/100 -> 6430.2242 | H49: шт | I49: 1 | J49: % от суммы компонентов | K49: Альбом 7.4 ЭОМ (Гараж)
A50: =D50 -> КОМПЛЕКТ 6. ЩС-Вр (ЩРн-18з-0 36 УХЛ3 IP54) | Альбом 7.4 ЭОМ (Гараж) | B50: КОМПЛЕКТ 6. ЩС-Вр (ЩРн-18з-0 36 УХЛ3 IP54) | Альбом 7.4 ЭОМ (Гараж) | D50: КОМПЛЕКТ 6. ЩС-Вр (ЩРн-18з-0 36 УХЛ3 IP54) | Альбом 7.4 ЭОМ (Гараж) | H50: компл. | I50: 1
A51: =A50 -> КОМПЛЕКТ 6. ЩС-Вр (ЩРн-18з-0 36 УХЛ3 IP54) | Альбом 7.4 ЭОМ (Гараж) | B51: 6.1 | C51: Teksan f | D51: Корпус — ЩРн-18з-0 36 УХЛ3 IP54 | E51: — | F51: — | G51: 0 | H51: шт | I51: 1 | J51: Teksan f — цена TBD | K51: Альбом 7.4 ЭОМ (Гараж)
A52: =A51 -> КОМПЛЕКТ 6. ЩС-Вр (ЩРн-18з-0 36 УХЛ3 IP54) | Альбом 7.4 ЭОМ (Гараж) | B52: 6.2 | C52: 2CDS213001R0204 | D52: Авт.выкл. 3P C20 SH 203-C 20 | E52: 36.42 | F52: =E52*0.3*1.33*590 -> 8573.6322 | G52: =I52*F52 -> 8573.6322 | H52: шт | I52: 1 | J52: ВН-32 20А | K52: Альбом 7.4 ЭОМ (Гараж)
A53: =A52 -> КОМПЛЕКТ 6. ЩС-Вр (ЩРн-18з-0 36 УХЛ3 IP54) | Альбом 7.4 ЭОМ (Гараж) | B53: 6.3 | C53: 2CDS213001R0164 | D53: Авт.выкл. 3P C16 SH 203-C 16 | E53: 36.42 | F53: =E53*0.3*1.33*590 -> 8573.6322 | G53: =I53*F53 -> 42868.161 | H53: шт | I53: 5 | J53: SF1..SF5 — Вр1..Вр5 | K53: Альбом 7.4 ЭОМ (Гараж)
A54: =A53 -> КОМПЛЕКТ 6. ЩС-Вр (ЩРн-18з-0 36 УХЛ3 IP54) | Альбом 7.4 ЭОМ (Гараж) | B54: 6.4 | D54: Монтажный материал | E54: — | F54: =ПАРАМЕТРЫ!C6&"%" -> 12% | G54: =(G52+G53)*ПАРАМЕТРЫ!C6/100 -> 6173.0152 | H54: шт | I54: 1 | J54: % от суммы компонентов | K54: Альбом 7.4 ЭОМ (Гараж)
A55: =A54 -> КОМПЛЕКТ 6. ЩС-Вр (ЩРн-18з-0 36 УХЛ3 IP54) | Альбом 7.4 ЭОМ (Гараж) | B55: 6.5 | D55: Монтажная работа | E55: — | F55: =ПАРАМЕТРЫ!C7&"%" -> 15% | G55: =(G52+G53)*ПАРАМЕТРЫ!C7/100 -> 7716.269 | H55: шт | I55: 1 | J55: % от суммы компонентов | K55: Альбом 7.4 ЭОМ (Гараж)
A56: =D56 -> КОМПЛЕКТ 7. ЩО (ЩРн-12з-0 36 УХЛ3 IP54) | Альбом 7.4 ЭОМ (Гараж) | B56: КОМПЛЕКТ 7. ЩО (ЩРн-12з-0 36 УХЛ3 IP54) | Альбом 7.4 ЭОМ (Гараж) | D56: КОМПЛЕКТ 7. ЩО (ЩРн-12з-0 36 УХЛ3 IP54) | Альбом 7.4 ЭОМ (Гараж) | H56: компл. | I56: 1
A57: =A56 -> КОМПЛЕКТ 7. ЩО (ЩРн-12з-0 36 УХЛ3 IP54) | Альбом 7.4 ЭОМ (Гараж) | B57: 7.1 | C57: Teksan f | D57: Корпус — ЩРн-12з-0 36 УХЛ3 IP54 | E57: — | F57: — | G57: 0 | H57: шт | I57: 1 | J57: Teksan f — цена TBD | K57: Альбом 7.4 ЭОМ (Гараж)
A58: =A57 -> КОМПЛЕКТ 7. ЩО (ЩРн-12з-0 36 УХЛ3 IP54) | Альбом 7.4 ЭОМ (Гараж) | B58: 6.2 | C58: 2CDS213001R0204 | D58: Авт.выкл. 3P C20 SH 203-C 20 | E58: 36.42 | F58: =E58*0.3*1.33*590 -> 8573.6322 | G58: =I58*F58 -> 8573.6322 | H58: шт | I58: 1 | J58: ВН-32 20А | K58: Альбом 7.4 ЭОМ (Гараж)
A59: =A58 -> КОМПЛЕКТ 7. ЩО (ЩРн-12з-0 36 УХЛ3 IP54) | Альбом 7.4 ЭОМ (Гараж) | B59: 7.3 | C59: 2CDS211001R0164 | D59: Авт.выкл. 1P C16 SH 201-C 16 | E59: 8.09 | F59: =E59*0.3*1.33*590 -> 1904.4669 | G59: =I59*F59 -> 9522.3345 | H59: шт | I59: 5 | J59: SF1..SF5 | K59: Альбом 7.4 ЭОМ (Гараж)
A60: =A59 -> КОМПЛЕКТ 7. ЩО (ЩРн-12з-0 36 УХЛ3 IP54) | Альбом 7.4 ЭОМ (Гараж) | B60: 7.4 | C60: MTT12-036-0250 | D60: ЯТП-0,25 230/36В IEK (MTT12-036-0250) | E60: =ПАРАМЕТРЫ!C38 -> 29812 | F60: =ПАРАМЕТРЫ!D38 -> 7018042.9 | G60: =I60*F60 -> 14036086 | H60: шт | I60: 2 | J60: ЯТП 220→36В — гр.1 и гр.3 | K60: Альбом 7.4 ЭОМ (Гараж)
A61: =A60 -> КОМПЛЕКТ 7. ЩО (ЩРн-12з-0 36 УХЛ3 IP54) | Альбом 7.4 ЭОМ (Гараж) | B61: 7.5 | D61: Монтажный материал | E61: — | F61: =ПАРАМЕТРЫ!C6&"%" -> 12% | G61: =(G58+G59+G60)*ПАРАМЕТРЫ!C6/100 -> 1686501.8 | H61: шт | I61: 1 | J61: % от суммы компонентов | K61: Альбом 7.4 ЭОМ (Гараж)
A62: =A61 -> КОМПЛЕКТ 7. ЩО (ЩРн-12з-0 36 УХЛ3 IP54) | Альбом 7.4 ЭОМ (Гараж) | B62: 7.6 | D62: Монтажная работа | E62: — | F62: =ПАРАМЕТРЫ!C7&"%" -> 15% | G62: =(G58+G59+G60)*ПАРАМЕТРЫ!C7/100 -> 2108127.3 | H62: шт | I62: 1 | J62: % от суммы компонентов | K62: Альбом 7.4 ЭОМ (Гараж)
A63: =A62 -> КОМПЛЕКТ 7. ЩО (ЩРн-12з-0 36 УХЛ3 IP54) | Альбом 7.4 ЭОМ (Гараж) | C63: ─── ЭО — КОНЦЕРТНЫЙ ЗАЛ ───
A64: =D64 -> КОМПЛЕКТ 8. ЩО-1.1 (ЩРн-36з-0 36 УХЛ3 IP54) | Альбом 7.1 ЭО (Концертный зал) | B64: КОМПЛЕКТ 8. ЩО-1.1 (ЩРн-36з-0 36 УХЛ3 IP54) | Альбом 7.1 ЭО (Концертный зал) | D64: КОМПЛЕКТ 8. ЩО-1.1 (ЩРн-36з-0 36 УХЛ3 IP54) | Альбом 7.1 ЭО (Концертный зал) | H64: компл. | I64: 1
A65: =A64 -> КОМПЛЕКТ 8. ЩО-1.1 (ЩРн-36з-0 36 УХЛ3 IP54) | Альбом 7.1 ЭО (Концертный зал) | B65: 8.1 | C65: Teksan f | D65: Корпус — ЩРн-36з-0 36 УХЛ3 IP54 | E65: — | F65: — | G65: 0 | H65: шт | I65: 1 | J65: Teksan f — цена TBD | K65: Альбом 7.1 ЭО (Концертный зал)
A66: =A65 -> КОМПЛЕКТ 8. ЩО-1.1 (ЩРн-36з-0 36 УХЛ3 IP54) | Альбом 7.1 ЭО (Концертный зал) | B66: 6.2 | C66: 2CDS213001R0204 | D66: Авт.выкл. 3P C20 SH 203-C 20 | E66: 36.42 | F66: =E66*0.3*1.33*590 -> 8573.6322 | G66: =I66*F66 -> 8573.6322 | H66: шт | I66: 1 | J66: ВН-32 20А | K66: Альбом 7.1 ЭО (Концертный зал)
A67: =A66 -> КОМПЛЕКТ 8. ЩО-1.1 (ЩРн-36з-0 36 УХЛ3 IP54) | Альбом 7.1 ЭО (Концертный зал) | B67: 8.3 | C67: 2CDS211001R0164 | D67: Авт.выкл. 1P C16 SH 201-C 16 | E67: 8.09 | F67: =E67*0.3*1.33*590 -> 1904.4669 | G67: =I67*F67 -> 47611.673 | H67: шт | I67: 25 | K67: Альбом 7.1 ЭО (Концертный зал)
A68: =A67 -> КОМПЛЕКТ 8. ЩО-1.1 (ЩРн-36з-0 36 УХЛ3 IP54) | Альбом 7.1 ЭО (Концертный зал) | B68: 8.4 | C68: 2CSR255080R1164 | D68: Диф.авт. 1P+N C16 30мА DS201 C16 AC30 | E68: =ПАРАМЕТРЫ!C23 -> 87.63 | F68: =E68*0.3*1.33*590 -> 20628.978 | G68: =I68*F68 -> 0 | H68: шт | I68: 0 | K68: Альбом 7.1 ЭО (Концертный зал)
A69: =A68 -> КОМПЛЕКТ 8. ЩО-1.1 (ЩРн-36з-0 36 УХЛ3 IP54) | Альбом 7.1 ЭО (Концертный зал) | B69: 8.5 | C69: 1SBE111111R0611 | D69: Контактор 16А ESB16-11N 230В | E69: =ПАРАМЕТРЫ!C33 -> 41.58 | F69: =E69*0.3*1.33*590 -> 9788.3478 | G69: =I69*F69 -> 68518.435 | H69: шт | I69: 7 | K69: Альбом 7.1 ЭО (Концертный зал)
A70: =A69 -> КОМПЛЕКТ 8. ЩО-1.1 (ЩРн-36з-0 36 УХЛ3 IP54) | Альбом 7.1 ЭО (Концертный зал) | B70: 8.6 | C70: — | D70: Клеммник монтажный (аналог NSYTRV162) | E70: =ПАРАМЕТРЫ!C37 -> 1.5 | F70: =ПАРАМЕТРЫ!D37 -> 353.115 | G70: =I70*F70 -> 2471.805 | H70: шт | I70: 7 | J70: NSYTRV162 | K70: Альбом 7.1 ЭО (Концертный зал)
A71: =A70 -> КОМПЛЕКТ 8. ЩО-1.1 (ЩРн-36з-0 36 УХЛ3 IP54) | Альбом 7.1 ЭО (Концертный зал) | B71: 8.7 | D71: Монтажный материал | E71: — | F71: =ПАРАМЕТРЫ!C6&"%" -> 12% | G71: =(G66+G67+G68+G69+G70)*ПАРАМЕТРЫ!C6/100 -> 15261.065 | H71: шт | I71: 1 | J71: % от суммы компонентов | K71: Альбом 7.1 ЭО (Концертный зал)
A72: =A71 -> КОМПЛЕКТ 8. ЩО-1.1 (ЩРн-36з-0 36 УХЛ3 IP54) | Альбом 7.1 ЭО (Концертный зал) | B72: 8.8 | D72: Монтажная работа | E72: — | F72: =ПАРАМЕТРЫ!C7&"%" -> 15% | G72: =(G66+G67+G68+G69+G70)*ПАРАМЕТРЫ!C7/100 -> 19076.332 | H72: шт | I72: 1 | J72: % от суммы компонентов | K72: Альбом 7.1 ЭО (Концертный зал)
A73: =D73 -> КОМПЛЕКТ 9. ЩО-1.2 (ЩРн-12з-0 36 УХЛ3 IP54) | Альбом 7.1 ЭО (Концертный зал) | B73: КОМПЛЕКТ 9. ЩО-1.2 (ЩРн-12з-0 36 УХЛ3 IP54) | Альбом 7.1 ЭО (Концертный зал) | D73: КОМПЛЕКТ 9. ЩО-1.2 (ЩРн-12з-0 36 УХЛ3 IP54) | Альбом 7.1 ЭО (Концертный зал) | H73: компл. | I73: 1
A74: =A73 -> КОМПЛЕКТ 9. ЩО-1.2 (ЩРн-12з-0 36 УХЛ3 IP54) | Альбом 7.1 ЭО (Концертный зал) | B74: 9.1 | C74: Teksan f | D74: Корпус — ЩРн-12з-0 36 УХЛ3 IP54 | E74: — | F74: — | G74: 0 | H74: шт | I74: 1 | J74: Teksan f — цена TBD | K74: Альбом 7.1 ЭО (Концертный зал)
A75: =A74 -> КОМПЛЕКТ 9. ЩО-1.2 (ЩРн-12з-0 36 УХЛ3 IP54) | Альбом 7.1 ЭО (Концертный зал) | B75: 6.2 | C75: 2CDS213001R0204 | D75: Авт.выкл. 3P C20 SH 203-C 20 | E75: 36.42 | F75: =E75*0.3*1.33*590 -> 8573.6322 | G75: =I75*F75 -> 8573.6322 | H75: шт | I75: 1 | J75: ВН-32 20А | K75: Альбом 7.1 ЭО (Концертный зал)
A76: =A75 -> КОМПЛЕКТ 9. ЩО-1.2 (ЩРн-12з-0 36 УХЛ3 IP54) | Альбом 7.1 ЭО (Концертный зал) | B76: 9.3 | C76: 2CDS211001R0164 | D76: Авт.выкл. 1P C16 SH 201-C 16 | E76: 8.09 | F76: =E76*0.3*1.33*590 -> 1904.4669 | G76: =I76*F76 -> 15235.735 | H76: шт | I76: 8 | K76: Альбом 7.1 ЭО (Концертный зал)
A77: =A76 -> КОМПЛЕКТ 9. ЩО-1.2 (ЩРн-12з-0 36 УХЛ3 IP54) | Альбом 7.1 ЭО (Концертный зал) | B77: 9.4 | C77: 2CSR255080R1164 | D77: Диф.авт. 1P+N C16 30мА DS201 C16 AC30 | E77: =ПАРАМЕТРЫ!C23 -> 87.63 | F77: =E77*0.3*1.33*590 -> 20628.978 | G77: =I77*F77 -> 0 | H77: шт | I77: 0 | K77: Альбом 7.1 ЭО (Концертный зал)
A78: =A77 -> КОМПЛЕКТ 9. ЩО-1.2 (ЩРн-12з-0 36 УХЛ3 IP54) | Альбом 7.1 ЭО (Концертный зал) | B78: 9.5 | C78: 1SBE111111R0611 | D78: Контактор 16А ESB16-11N 230В | E78: =ПАРАМЕТРЫ!C33 -> 41.58 | F78: =E78*0.3*1.33*590 -> 9788.3478 | G78: =I78*F78 -> 39153.391 | H78: шт | I78: 4 | K78: Альбом 7.1 ЭО (Концертный зал)
A79: =A78 -> КОМПЛЕКТ 9. ЩО-1.2 (ЩРн-12з-0 36 УХЛ3 IP54) | Альбом 7.1 ЭО (Концертный зал) | B79: 9.6 | C79: — | D79: Клеммник монтажный (аналог NSYTRV162) | E79: =ПАРАМЕТРЫ!C37 -> 1.5 | F79: =ПАРАМЕТРЫ!D37 -> 353.115 | G79: =I79*F79 -> 1412.46 | H79: шт | I79: 4 | K79: Альбом 7.1 ЭО (Концертный зал)
A80: =A79 -> КОМПЛЕКТ 9. ЩО-1.2 (ЩРн-12з-0 36 УХЛ3 IP54) | Альбом 7.1 ЭО (Концертный зал) | B80: 9.7 | D80: Монтажный материал | E80: — | F80: =ПАРАМЕТРЫ!C6&"%" -> 12% | G80: =(G75+G76+G77+G78+G79)*ПАРАМЕТРЫ!C6/100 -> 7725.0262 | H80: шт | I80: 1 | J80: % от суммы компонентов | K80: Альбом 7.1 ЭО (Концертный зал)
A81: =A80 -> КОМПЛЕКТ 9. ЩО-1.2 (ЩРн-12з-0 36 УХЛ3 IP54) | Альбом 7.1 ЭО (Концертный зал) | B81: 9.8 | D81: Монтажная работа | E81: — | F81: =ПАРАМЕТРЫ!C7&"%" -> 15% | G81: =(G75+G76+G77+G78+G79)*ПАРАМЕТРЫ!C7/100 -> 9656.2828 | H81: шт | I81: 1 | J81: % от суммы компонентов | K81: Альбом 7.1 ЭО (Концертный зал)
A82: =D82 -> КОМПЛЕКТ 10. ЩО-1.3 (ЩРн-36з-0 36 УХЛ3 IP54) | Альбом 7.1 ЭО (Концертный зал) | D82: КОМПЛЕКТ 10. ЩО-1.3 (ЩРн-36з-0 36 УХЛ3 IP54) | Альбом 7.1 ЭО (Концертный зал) | H82: компл. | I82: 1
A83: =A82 -> КОМПЛЕКТ 10. ЩО-1.3 (ЩРн-36з-0 36 УХЛ3 IP54) | Альбом 7.1 ЭО (Концертный зал) | B83: 10.1 | C83: Teksan f | D83: Корпус — ЩРн-36з-0 36 УХЛ3 IP54 | E83: — | F83: — | G83: 0 | H83: шт | I83: 1 | J83: Teksan f — цена TBD | K83: Альбом 7.1 ЭО (Концертный зал)
A84: =A83 -> КОМПЛЕКТ 10. ЩО-1.3 (ЩРн-36з-0 36 УХЛ3 IP54) | Альбом 7.1 ЭО (Концертный зал) | B84: 3.2 | C84: 2CDS213001R0254 | D84: SH 203-C 25 | E84: =ПАРАМЕТРЫ!C20 -> 48.51 | F84: =E84*0.3*1.33*590 -> 11419.739 | G84: =I84*F84 -> 11419.739 | H84: шт | I84: 1 | J84: ВН-32 25А | K84: Альбом 7.4 ЭОМ (Гараж)
A85: =A84 -> КОМПЛЕКТ 10. ЩО-1.3 (ЩРн-36з-0 36 УХЛ3 IP54) | Альбом 7.1 ЭО (Концертный зал) | B85: 10.3 | C85: 2CDS211001R0164 | D85: Авт.выкл. 1P C16 SH 201-C 16 | E85: 8.09 | F85: =E85*0.3*1.33*590 -> 1904.4669 | G85: =I85*F85 -> 51420.606 | H85: шт | I85: 27 | K85: Альбом 7.1 ЭО (Концертный зал)
A86: =A85 -> КОМПЛЕКТ 10. ЩО-1.3 (ЩРн-36з-0 36 УХЛ3 IP54) | Альбом 7.1 ЭО (Концертный зал) | B86: 10.4 | C86: 2CSR255080R1164 | D86: Диф.авт. 1P+N C16 30мА DS201 C16 AC30 | E86: =ПАРАМЕТРЫ!C23 -> 87.63 | F86: =E86*0.3*1.33*590 -> 20628.978 | G86: =I86*F86 -> 0 | H86: шт | I86: 0 | K86: Альбом 7.1 ЭО (Концертный зал)
A87: =A86 -> КОМПЛЕКТ 10. ЩО-1.3 (ЩРн-36з-0 36 УХЛ3 IP54) | Альбом 7.1 ЭО (Концертный зал) | B87: 10.5 | C87: 1SBE111111R0611 | D87: Контактор 16А ESB16-11N 230В | E87: =ПАРАМЕТРЫ!C33 -> 41.58 | F87: =E87*0.3*1.33*590 -> 9788.3478 | G87: =I87*F87 -> 48941.739 | H87: шт | I87: 5 | K87: Альбом 7.1 ЭО (Концертный зал)
A88: =A87 -> КОМПЛЕКТ 10. ЩО-1.3 (ЩРн-36з-0 36 УХЛ3 IP54) | Альбом 7.1 ЭО (Концертный зал) | B88: 10.6 | C88: — | D88: Клеммник монтажный (аналог NSYTRV162) | E88: =ПАРАМЕТРЫ!C37 -> 1.5 | F88: =ПАРАМЕТРЫ!D37 -> 353.115 | G88: =I88*F88 -> 1765.575 | H88: шт | I88: 5 | K88: Альбом 7.1 ЭО (Концертный зал)
A89: =A88 -> КОМПЛЕКТ 10. ЩО-1.3 (ЩРн-36з-0 36 УХЛ3 IP54) | Альбом 7.1 ЭО (Концертный зал) | B89: 10.7 | D89: Монтажный материал | E89: — | F89: =ПАРАМЕТРЫ!C6&"%" -> 12% | G89: =(G84+G85+G86+G87+G88)*ПАРАМЕТРЫ!C6/100 -> 13625.719 | H89: шт | I89: 1 | J89: % от суммы компонентов | K89: Альбом 7.1 ЭО (Концертный зал)
A90: =A89 -> КОМПЛЕКТ 10. ЩО-1.3 (ЩРн-36з-0 36 УХЛ3 IP54) | Альбом 7.1 ЭО (Концертный зал) | B90: 10.8 | D90: Монтажная работа | E90: — | F90: =ПАРАМЕТРЫ!C7&"%" -> 15% | G90: =(G84+G85+G86+G87+G88)*ПАРАМЕТРЫ!C7/100 -> 17032.149 | H90: шт | I90: 1 | J90: % от суммы компонентов | K90: Альбом 7.1 ЭО (Концертный зал)
A91: =D91 -> КОМПЛЕКТ 11. ЩО-2.1 (ЩРн-12з-0 36 УХЛ3 IP54) | Альбом 7.1 ЭО (Концертный зал) | B91: КОМПЛЕКТ 11. ЩО-2.1 (ЩРн-12з-0 36 УХЛ3 IP54) | Альбом 7.1 ЭО (Концертный зал) | D91: КОМПЛЕКТ 11. ЩО-2.1 (ЩРн-12з-0 36 УХЛ3 IP54) | Альбом 7.1 ЭО (Концертный зал) | H91: компл. | I91: 1
A92: =A91 -> КОМПЛЕКТ 11. ЩО-2.1 (ЩРн-12з-0 36 УХЛ3 IP54) | Альбом 7.1 ЭО (Концертный зал) | B92: 11.1 | C92: Teksan f | D92: Корпус — ЩРн-24з-0 36 УХЛ3 IP54 | E92: — | F92: — | G92: 0 | H92: шт | I92: 1 | J92: Teksan f — цена TBD | K92: Альбом 7.1 ЭО (Концертный зал)
A93: =A92 -> КОМПЛЕКТ 11. ЩО-2.1 (ЩРн-12з-0 36 УХЛ3 IP54) | Альбом 7.1 ЭО (Концертный зал) | B93: 6.2 | C93: 2CDS213001R0204 | D93: Авт.выкл. 3P C20 SH 203-C 20 | E93: 36.42 | F93: =E93*0.3*1.33*590 -> 8573.6322 | G93: =I93*F93 -> 8573.6322 | H93: шт | I93: 1 | J93: ВН-32 20А | K93: Альбом 7.1 ЭО (Концертный зал)
A94: =A93 -> КОМПЛЕКТ 11. ЩО-2.1 (ЩРн-12з-0 36 УХЛ3 IP54) | Альбом 7.1 ЭО (Концертный зал) | B94: 11.3 | C94: 2CDS211001R0164 | D94: Авт.выкл. 1P C16 SH 201-C 16 | E94: 8.09 | F94: =E94*0.3*1.33*590 -> 1904.4669 | G94: =I94*F94 -> 26662.537 | H94: шт | I94: 14 | K94: Альбом 7.1 ЭО (Концертный зал)
A95: =A94 -> КОМПЛЕКТ 11. ЩО-2.1 (ЩРн-12з-0 36 УХЛ3 IP54) | Альбом 7.1 ЭО (Концертный зал) | B95: 11.4 | C95: 2CSR255080R1164 | D95: Диф.авт. 1P+N C16 30мА DS201 C16 AC30 | E95: =ПАРАМЕТРЫ!C23 -> 87.63 | F95: =E95*0.3*1.33*590 -> 20628.978 | G95: =I95*F95 -> 0 | H95: шт | I95: 0 | K95: Альбом 7.1 ЭО (Концертный зал)
A96: =A95 -> КОМПЛЕКТ 11. ЩО-2.1 (ЩРн-12з-0 36 УХЛ3 IP54) | Альбом 7.1 ЭО (Концертный зал) | B96: 11.5 | C96: 1SBE111111R0611 | D96: Контактор 16А ESB16-11N 230В | E96: =ПАРАМЕТРЫ!C33 -> 41.58 | F96: =E96*0.3*1.33*590 -> 9788.3478 | G96: =I96*F96 -> 58730.087 | H96: шт | I96: 6 | K96: Альбом 7.1 ЭО (Концертный зал)
A97: =A96 -> КОМПЛЕКТ 11. ЩО-2.1 (ЩРн-12з-0 36 УХЛ3 IP54) | Альбом 7.1 ЭО (Концертный зал) | B97: 11.6 | C97: — | D97: Клеммник монтажный (аналог NSYTRV162) | E97: =ПАРАМЕТРЫ!C37 -> 1.5 | F97: =ПАРАМЕТРЫ!D37 -> 353.115 | G97: =I97*F97 -> 2118.69 | H97: шт | I97: 6 | K97: Альбом 7.1 ЭО (Концертный зал)
A98: =A97 -> КОМПЛЕКТ 11. ЩО-2.1 (ЩРн-12з-0 36 УХЛ3 IP54) | Альбом 7.1 ЭО (Концертный зал) | B98: 11.7 | D98: Монтажный материал | E98: — | F98: =ПАРАМЕТРЫ!C6&"%" -> 12% | G98: =(G93+G94+G95+G96+G97)*ПАРАМЕТРЫ!C6/100 -> 11530.193 | H98: шт | I98: 1 | J98: % от суммы компонентов | K98: Альбом 7.1 ЭО (Концертный зал)
A99: =A98 -> КОМПЛЕКТ 11. ЩО-2.1 (ЩРн-12з-0 36 УХЛ3 IP54) | Альбом 7.1 ЭО (Концертный зал) | B99: 11.8 | D99: Монтажная работа | E99: — | F99: =ПАРАМЕТРЫ!C7&"%" -> 15% | G99: =(G93+G94+G95+G96+G97)*ПАРАМЕТРЫ!C7/100 -> 14412.742 | H99: шт | I99: 1 | J99: % от суммы компонентов | K99: Альбом 7.1 ЭО (Концертный зал)
A100: =D100 -> КОМПЛЕКТ 12. ЩО-2.2 (ЩРн-18з-0 36 УХЛ3 IP54) | Альбом 7.1 ЭО (Концертный зал) | B100: КОМПЛЕКТ 12. ЩО-2.2 (ЩРн-18з-0 36 УХЛ3 IP54) | Альбом 7.1 ЭО (Концертный зал) | D100: КОМПЛЕКТ 12. ЩО-2.2 (ЩРн-18з-0 36 УХЛ3 IP54) | Альбом 7.1 ЭО (Концертный зал) | H100: компл. | I100: 1
...

Sheet СВОДНАЯ
A1: СВОДНАЯ ВЕДОМОСТЬ — Проект 260608 — ABB
A2: Раздел / Источник PDF | B2: Итого KZT | C2: Корпус Teksan f | D2: Щитов
A3: ЭОМ — ГАРАЖ | B3: =BOM!#REF!+BOM!#REF!+BOM!#REF!+BOM!#REF!+BOM!#REF!+BOM!#REF!+BOM!#REF! -> #REF! | C3: По запросу | D3: 7
A4: ЭО — КОНЦЕРТНЫЙ ЗАЛ | B4: =BOM!#REF!+BOM!#REF!+BOM!#REF!+BOM!#REF!+BOM!#REF!+BOM!#REF!+BOM!#REF!+BOM!#REF!+BOM!#REF!+BOM!#REF!+BOM!#REF!+BOM!#REF!+BOM!#REF!+BOM!#REF!+BOM!#REF!+BOM!#REF! -> #REF! | C4: По запросу | D4: 16
A5: ЭО — МУЗЕЙ | B5: =BOM!#REF!+BOM!#REF!+BOM!#REF!+BOM!#REF!+BOM!#REF!+BOM!#REF!+BOM!#REF!+BOM!#REF!+BOM!#REF!+BOM!#REF!+BOM!#REF!+BOM!#REF!+BOM!#REF!+BOM!#REF!+BOM!#REF!+BOM!#REF!+BOM!#REF!+BOM!#REF!+BOM!#REF!+BOM!#REF! -> #REF! | C5: По запросу | D5: 20
A6: ЭО — ГАЛЕРЕЯ | B6: =BOM!#REF!+BOM!#REF! -> #REF! | C6: По запросу | D6: 2
A7: ЭН — НАРУЖНОЕ ОСВЕЩЕНИЕ | B7: =BOM!#REF!+BOM!#REF! -> #REF! | C7: По запросу | D7: 2
A8: ФО — ФАСАД | B8: =BOM!#REF!+BOM!#REF!+BOM!#REF!+BOM!#REF!+BOM!#REF!+BOM!#REF! -> #REF! | C8: По запросу | D8: 6
A9: ИТОГО: | B9: =B3+B4+B5+B6+B7+B8 -> #REF! | C9: TBD | D9: 53
A11: EUR/KZT, %, цены → лист ПАРАМЕТРЫ (синие ячейки)
