Workbook

Sheet ПАРАМЕТРЫ
A1: ПАРАМЕТРЫ — Проект 260608 — ABB
A2: Параметр | B2: Значение (ред.) | C2: Описание
A3: EUR/KZT курс | B3: 590 | C3: Обновить с XE.com
A4: Коэф.скидки ABB (0.33) | B4: 0.3 | C4: Скидка на покупку
A5: Коэф.надбавки (ABB EUR) | B5: 1.33 | C5: Транспорт + накладные (только для EUR)
A6: Монтажные материалы % | B6: 12 | C6: % от суммы компонентов
A7: Монтажная работа % | B7: 15 | C7: % от суммы компонентов
A9: Ключ | B9: Цена (список) (ред.) | C9: Наименование / Артикул | D9: Цена нетто KZT (формула)
A10: S201-C6 | B10: 12.92 | C10: Авт.выкл. 1P C6 S201-C6 [2CDS251001R0064] | D10: =ПАРАМЕТРЫ!B10*ПАРАМЕТРЫ!B4*ПАРАМЕТРЫ!B5*ПАРАМЕТРЫ!B3 -> 3041.4972
A11: S201-C10 | B11: 10.77 | C11: Авт.выкл. 1P C10 S201-C10 [2CDS251001R0104] | D11: =ПАРАМЕТРЫ!B11*ПАРАМЕТРЫ!B4*ПАРАМЕТРЫ!B5*ПАРАМЕТРЫ!B3 -> 2535.3657
A12: S201-C16 | B12: 10.77 | C12: Авт.выкл. 1P C16 S201-C16 [2CDS251001R0164] | D12: =ПАРАМЕТРЫ!B12*ПАРАМЕТРЫ!B4*ПАРАМЕТРЫ!B5*ПАРАМЕТРЫ!B3 -> 2535.3657
A13: S201-C20 | B13: 10.77 | C13: Авт.выкл. 1P C20 S201-C20 [2CDS251001R0204] | D13: =ПАРАМЕТРЫ!B13*ПАРАМЕТРЫ!B4*ПАРАМЕТРЫ!B5*ПАРАМЕТРЫ!B3 -> 2535.3657
A14: S201-C25 | B14: 10.77 | C14: Авт.выкл. 1P C25 S201-C25 [2CDS251001R0254] | D14: =ПАРАМЕТРЫ!B14*ПАРАМЕТРЫ!B4*ПАРАМЕТРЫ!B5*ПАРАМЕТРЫ!B3 -> 2535.3657
A15: S201-C32 | B15: 13.46 | C15: Авт.выкл. 1P C32 S201-C32 [2CDS251001R0324] | D15: =ПАРАМЕТРЫ!B15*ПАРАМЕТРЫ!B4*ПАРАМЕТРЫ!B5*ПАРАМЕТРЫ!B3 -> 3168.6186
A16: S203-C6 | B16: 58.16 | C16: Авт.выкл. 3P C6 S203-C6 [2CDS253001R0064] | D16: =ПАРАМЕТРЫ!B16*ПАРАМЕТРЫ!B4*ПАРАМЕТРЫ!B5*ПАРАМЕТРЫ!B3 -> 13691.446
A17: S203-C10 | B17: 48.51 | C17: Авт.выкл. 3P C10 S203-C10 [2CDS253001R0104] | D17: =ПАРАМЕТРЫ!B17*ПАРАМЕТРЫ!B4*ПАРАМЕТРЫ!B5*ПАРАМЕТРЫ!B3 -> 11419.739
A18: S203-C16 | B18: 48.51 | C18: Авт.выкл. 3P C16 S203-C16 [2CDS253001R0164] | D18: =ПАРАМЕТРЫ!B18*ПАРАМЕТРЫ!B4*ПАРАМЕТРЫ!B5*ПАРАМЕТРЫ!B3 -> 11419.739
A19: S203-C20 | B19: 48.51 | C19: Авт.выкл. 3P C20 S203-C20 [2CDS253001R0204] | D19: =ПАРАМЕТРЫ!B19*ПАРАМЕТРЫ!B4*ПАРАМЕТРЫ!B5*ПАРАМЕТРЫ!B3 -> 11419.739
A20: S203-C25 | B20: 48.51 | C20: Авт.выкл. 3P C25 S203-C25 [2CDS253001R0254] | D20: =ПАРАМЕТРЫ!B20*ПАРАМЕТРЫ!B4*ПАРАМЕТРЫ!B5*ПАРАМЕТРЫ!B3 -> 11419.739
A21: S203-C32 | B21: 60.59 | C21: Авт.выкл. 3P C32 S203-C32 [2CDS253001R0324] | D21: =ПАРАМЕТРЫ!B21*ПАРАМЕТРЫ!B4*ПАРАМЕТРЫ!B5*ПАРАМЕТРЫ!B3 -> 14263.492
A22: DS201-C10-30 | B22: 93.71 | C22: Диф.авт. 1P+N C10 30мА DS201 C10 AC30 [2CSR255080R1104] | D22: =ПАРАМЕТРЫ!B22*ПАРАМЕТРЫ!B4*ПАРАМЕТРЫ!B5*ПАРАМЕТРЫ!B3 -> 22060.271
A23: DS201-C16-30 | B23: 87.63 | C23: Диф.авт. 1P+N C16 30мА DS201 C16 AC30 [2CSR255080R1164] | D23: =ПАРАМЕТРЫ!B23*ПАРАМЕТРЫ!B4*ПАРАМЕТРЫ!B5*ПАРАМЕТРЫ!B3 -> 20628.978
A24: DS201-C20-30 | B24: 87.63 | C24: Диф.авт. 1P+N C20 30мА DS201 C20 AC30 [2CSR255080R1204] | D24: =ПАРАМЕТРЫ!B24*ПАРАМЕТРЫ!B4*ПАРАМЕТРЫ!B5*ПАРАМЕТРЫ!B3 -> 20628.978
A25: DS203NC-C10-30 | B25: 292 | C25: Диф.авт. 3P+N C10 30мА DS203NC C10 AC30 [2CSR256040R1104] | D25: =ПАРАМЕТРЫ!B25*ПАРАМЕТРЫ!B4*ПАРАМЕТРЫ!B5*ПАРАМЕТРЫ!B3 -> 68739.72
A26: DS203NC-C16-30 | B26: 292 | C26: Диф.авт. 3P+N C16 30мА DS203NC C16 AC30 [2CSR256040R1164] | D26: =ПАРАМЕТРЫ!B26*ПАРАМЕТРЫ!B4*ПАРАМЕТРЫ!B5*ПАРАМЕТРЫ!B3 -> 68739.72
A27: OT25F3 | B27: 36.68 | C27: Выкл.-разъед. 3P 25А OT25F3 [1SCA104857R1001] | D27: =ПАРАМЕТРЫ!B27*ПАРАМЕТРЫ!B4*ПАРАМЕТРЫ!B5*ПАРАМЕТРЫ!B3 -> 8634.8388
A28: OT63F3 | B28: 67.89 | C28: Выкл.-разъед. 3P 63А OT63F3 [1SCA105332R1001] | D28: =ПАРАМЕТРЫ!B28*ПАРАМЕТРЫ!B4*ПАРАМЕТРЫ!B5*ПАРАМЕТРЫ!B3 -> 15981.985
A29: OT100F3 | B29: 100.1 | C29: Выкл.-разъед. 3P 100А OT100F3 [1SCA105004R1001] | D29: =ПАРАМЕТРЫ!B29*ПАРАМЕТРЫ!B4*ПАРАМЕТРЫ!B5*ПАРАМЕТРЫ!B3 -> 23564.541
A30: XT1N-80A | B30: 210 | C30: Авт.выкл. 3P 80А XT1N 160 TMD [1SDA067---] | D30: =ПАРАМЕТРЫ!B30*ПАРАМЕТРЫ!B4*ПАРАМЕТРЫ!B5*ПАРАМЕТРЫ!B3 -> 49436.1
A31: XT1N-100A | B31: 246.1 | C31: Авт.выкл. 3P 100А XT1N 160 TMD [1SDA067416R1] | D31: =ПАРАМЕТРЫ!B31*ПАРАМЕТРЫ!B4*ПАРАМЕТРЫ!B5*ПАРАМЕТРЫ!B3 -> 57934.401
A32: XT1N-125A | B32: 308.8 | C32: Авт.выкл. 3P 125А XT1N 160 TMD [1SDA067417R1] | D32: =ПАРАМЕТРЫ!B32*ПАРАМЕТРЫ!B4*ПАРАМЕТРЫ!B5*ПАРАМЕТРЫ!B3 -> 72694.608
A33: ESB16-11N | B33: 41.58 | C33: Контактор 16А ESB16-11N 230В [1SBE111111R0611] | D33: =ПАРАМЕТРЫ!B33*ПАРАМЕТРЫ!B4*ПАРАМЕТРЫ!B5*ПАРАМЕТРЫ!B3 -> 9788.3478
A34: ESB20-11N | B34: 47.51 | C34: Контактор 20А ESB20-11N 230В [1SBE121111R0611] | D34: =ПАРАМЕТРЫ!B34*ПАРАМЕТРЫ!B4*ПАРАМЕТРЫ!B5*ПАРАМЕТРЫ!B3 -> 11184.329
A35: OTM125 | B35: 1285 | C35: АВР 3P 125А OTM125F3CMA230V [1SCA120070R1001] | D35: =ПАРАМЕТРЫ!B35*ПАРАМЕТРЫ!B4*ПАРАМЕТРЫ!B5*ПАРАМЕТРЫ!B3 -> 302501.85
A36: S3C-A1 | B36: 62.93 | C36: Независимый расцепитель S3C-A1 AC/DC 12-110V [2CDS200982R0001] | D36: =ПАРАМЕТРЫ!B36*ПАРАМЕТРЫ!B4*ПАРАМЕТРЫ!B5*ПАРАМЕТРЫ!B3 -> 14814.351
A37: КЛЕММНИК | B37: 1.5 | C37: Клеммник монтажный (аналог NSYTRV162) [—] | D37: =ПАРАМЕТРЫ!B37*ПАРАМЕТРЫ!B4*ПАРАМЕТРЫ!B5*ПАРАМЕТРЫ!B3 -> 353.115
A38: ЯТП-IEK | B38: 29812 | C38: ЯТП-0,25 230/36В IEK (MTT12-036-0250) [MTT12-036-0250] | D38: =ПАРАМЕТРЫ!B38*ПАРАМЕТРЫ!B4 -> 8943.6
A39: УКРМ-10 | B39: 0 | C39: УКРМ 10кВАр 400В, 800×700×250мм [По запросу] | D39: =ПАРАМЕТРЫ!B39*ПАРАМЕТРЫ!B5 -> 0
A40: S 203-C 80 | B40: 193.8 | C40: Авт.выкл. 3P C80 S 203-C 80 2CDS253001R0804 | D40: =ПАРАМЕТРЫ!B40*ПАРАМЕТРЫ!B4*ПАРАМЕТРЫ!B5*ПАРАМЕТРЫ!B3 -> 45622.458
A41: S 203-C 100 | B41: 242.2 | C41: Авт.выкл. 3P C80 S 203-C 100 2CDS253001R0824 | D41: =ПАРАМЕТРЫ!B41*ПАРАМЕТРЫ!B4*ПАРАМЕТРЫ!B5*ПАРАМЕТРЫ!B3 -> 57016.302

Sheet BOM
C1: СПЕЦИФИКАЦИЯ ОБОРУДОВАНИЯ — Проект 260608 — г.Атырау — ABB | Формула: KZT = EUR_list × 0.33 × 1.30 × EUR/KZT | Параметры → лист ПАРАМЕТРЫ (синие ячейки)
A2: № | B2: Наименование и техническая характеристика | C2: Тип / Марка / Артикул | D2: Источник (PDF альбом) | E2: Ед. | F2: Кол. | G2: Цена список | H2: KZT нетто | I2: Сумма KZT | J2: Примечание
C3: ─── ЭОМ — ГАРАЖ ───
A4: =B4 -> КОМПЛЕКТ 1. ГРЩ (ЩМП-18.8.4-0 36 УХЛ3 IP31) | Альбом 7.4 ЭОМ (Гараж) | B4: КОМПЛЕКТ 1. ГРЩ (ЩМП-18.8.4-0 36 УХЛ3 IP31) | Альбом 7.4 ЭОМ (Гараж)
A5: 1.1 | B5: Корпус — ЩМП-18.8.4,5+1 bz-0 36 УХЛ3 IP31 | C5: Teksan f | D5: Альбом 7.4 ЭОМ (Гараж) | E5: шт | F5: 2 | G5: — | H5: — | I5: 0 | J5: Teksan f — цена TBD
A6: 1.2 | B6: Авт.выкл. 3P 125А XT1N 160 TMD | C6: 1SDA067417R1 | D6: Альбом 7.4 ЭОМ (Гараж) | E6: шт | F6: 4 | G6: =ПАРАМЕТРЫ!B32 -> 308.8 | H6: =ПАРАМЕТРЫ!D32 -> 72694.608 | I6: =F6*H6 -> 290778.43 | J6: DPX3 125А / вводной аналог
A7: 1.3 | B7: Авт.выкл. 3P 100А XT1N 160 TMD | C7: 1SDA067416R1 | D7: Альбом 7.4 ЭОМ (Гараж) | E7: шт | F7: 1 | G7: =ПАРАМЕТРЫ!B31 -> 246.1 | H7: =ПАРАМЕТРЫ!D31 -> 57934.401 | I7: =F7*H7 -> 57934.401 | J7: Резервный ввод
A8: 1.4 | B8: Авт.выкл. 3P C20 S203-C20 | C8: 2CDS253001R0204 | D8: Альбом 7.4 ЭОМ (Гараж) | E8: шт | F8: 5 | G8: =ПАРАМЕТРЫ!B19 -> 48.51 | H8: =ПАРАМЕТРЫ!D19 -> 11419.739 | I8: =F8*H8 -> 57098.696 | J8: TX3 20A 3P
A9: 1.5 | B9: Авт.выкл. 3P C25 S203-C25 | C9: 2CDS253001R0254 | D9: Альбом 7.4 ЭОМ (Гараж) | E9: шт | F9: 1 | G9: =ПАРАМЕТРЫ!B20 -> 48.51 | H9: =ПАРАМЕТРЫ!D20 -> 11419.739 | I9: =F9*H9 -> 11419.739 | J9: TX3 25A 3P
A10: 1.6 | B10: Авт.выкл. 1P C6 S201-C6 | C10: 2CDS251001R0064 | D10: Альбом 7.4 ЭОМ (Гараж) | E10: шт | F10: 4 | G10: =ПАРАМЕТРЫ!B10 -> 12.92 | H10: =ПАРАМЕТРЫ!D10 -> 3041.4972 | I10: =F10*H10 -> 12165.989 | J10: TX3 6A 1P
A11: 1.7 | B11: АВР 3P 125А OTM125F3CMA230V | C11: 1SCA120070R1001 | D11: Альбом 7.4 ЭОМ (Гараж) | E11: шт | F11: 2 | G11: =ПАРАМЕТРЫ!B35 -> 1285 | H11: =ПАРАМЕТРЫ!D35 -> 302501.85 | I11: =F11*H11 -> 605003.7 | J11: АВР TransferPact аналог
A12: 1.8 | B12: УКРМ 10кВАр 400В, 800×700×250мм | C12: По запросу | D12: Альбом 7.4 ЭОМ (Гараж) | E12: шт | F12: 2 | G12: — | H12: — | I12: 0 | J12: КРМ — 2 шт (ввод1+ввод2) — цена TBD
A13: 1.9 | B13: Счётчик электроэнергии 3ф 100А 380В | C13: Энергомера СЕ 303 S31 746-JPVZ PLC 1111, 100А, 380В | D13: Альбом 7.4 ЭОМ (Гараж) | E13: шт | F13: 3 | G13: — | H13: — | I13: 0 | J13: Счётчик/прибор — 3 шт — по одному на каждый ввод ГРЩ — цена По запросу
A14: 1.10 | B14: Монтажный материал | D14: Альбом 7.4 ЭОМ (Гараж) | E14: компл | F14: 1 | G14: — | H14: =ПАРАМЕТРЫ!B6&"%" -> 12% | I14: =(I6+I7+I8+I9+I10+I11)*ПАРАМЕТРЫ!B6/100 -> 124128.11 | J14: % от суммы компонентов
A15: 1.11 | B15: Монтажная работа | D15: Альбом 7.4 ЭОМ (Гараж) | E15: компл | F15: 1 | G15: — | H15: =ПАРАМЕТРЫ!B7&"%" -> 15% | I15: =(I6+I7+I8+I9+I10+I11)*ПАРАМЕТРЫ!B7/100 -> 155160.14 | J15: % от суммы компонентов
A16: Итого по ГРЩ (ЩМП-18.8.4-0 36 УХЛ3 IP31) (без корпуса Teksan f): | I16: =I6+I7+I8+I9+I10+I11+I14+I15 -> 1313689.2
A17: КОМПЛЕКТ 2. ЩС-В (ЩРн-12з-0 36 УХЛ3 IP54) | Альбом 7.4 ЭОМ (Гараж) | B17: =A17 -> КОМПЛЕКТ 2. ЩС-В (ЩРн-12з-0 36 УХЛ3 IP54) | Альбом 7.4 ЭОМ (Гараж)
A18: 2.1 | B18: Корпус — ЩРн-24з-0 36 УХЛ3 IP54 | C18: Teksan f | D18: Альбом 7.4 ЭОМ (Гараж) | E18: шт | F18: 1 | G18: — | H18: — | I18: 0 | J18: Teksan f — цена TBD
A19: 2.2 | B19: Авт.выкл. 3P C20 S203-C20 | C19: 2CDS253001R0204 | D19: Альбом 7.4 ЭОМ (Гараж) | E19: шт | F19: 1 | G19: =ПАРАМЕТРЫ!B19 -> 48.51 | H19: =ПАРАМЕТРЫ!D19 -> 11419.739 | I19: =F19*H19 -> 11419.739 | J19: Ввод QF1 20А 3P
A20: 2.3 | B20: Авт.выкл. 1P C16 S201-C16 | C20: 2CDS251001R0164 | D20: Альбом 7.4 ЭОМ (Гараж) | E20: шт | F20: 2 | G20: =ПАРАМЕТРЫ!B12 -> 10.77 | H20: =ПАРАМЕТРЫ!D12 -> 2535.3657 | I20: =F20*H20 -> 5070.7314 | J20: SF2, SF3
A21: 2.4 | B21: Авт.выкл. 3P C16 S203-C16 | C21: 2CDS253001R0164 | D21: Альбом 7.4 ЭОМ (Гараж) | E21: шт | F21: 1 | G21: =ПАРАМЕТРЫ!B18 -> 48.51 | H21: =ПАРАМЕТРЫ!D18 -> 11419.739 | I21: =F21*H21 -> 11419.739 | J21: TX3 16А 3P
A22: 2.5 | B22: Контактор 16А ESB16-11N 230В | C22: 1SBE111111R0611 | D22: Альбом 7.4 ЭОМ (Гараж) | E22: шт | F22: 3 | G22: =ПАРАМЕТРЫ!B33 -> 41.58 | H22: =ПАРАМЕТРЫ!D33 -> 9788.3478 | I22: =F22*H22 -> 29365.043 | J22: КМИ 10910 9А — В1+В2+В3
A23: 2.6 | B23: Независимый расцепитель S3C-A1 AC/DC 12-110V | C23: 2CDS200982R0001 | D23: Альбом 7.4 ЭОМ (Гараж) | E23: шт | F23: 1 | G23: =ПАРАМЕТРЫ!B36 -> 62.93 | H23: =ПАРАМЕТРЫ!D36 -> 14814.351 | I23: =F23*H23 -> 14814.351 | J23: Независимый расцепитель DRX — пожарный сигнал
A24: 2.7 | B24: Монтажный материал | D24: Альбом 7.4 ЭОМ (Гараж) | E24: компл | F24: 1 | G24: — | H24: =ПАРАМЕТРЫ!B6&"%" -> 12% | I24: =(I19+I20+I22+I23)*ПАРАМЕТРЫ!B6/100 -> 7280.3838 | J24: % от суммы компонентов
A25: 2.8 | B25: Монтажная работа | D25: Альбом 7.4 ЭОМ (Гараж) | E25: компл | F25: 1 | G25: — | H25: =ПАРАМЕТРЫ!B7&"%" -> 15% | I25: =(I19+I20+I22+I23)*ПАРАМЕТРЫ!B7/100 -> 9100.4798 | J25: % от суммы компонентов
A26: Итого по ЩС-В (ЩРн-12з-0 36 УХЛ3 IP54) (без корпуса Teksan f): | I26: =I19+I20+I22+I23+I24+I25 -> 77050.729
A27: КОМПЛЕКТ 3. ЩС-П (ЩРн-24з-0 36 УХЛ3 IP54) | Альбом 7.4 ЭОМ (Гараж) | B27: =A27 -> КОМПЛЕКТ 3. ЩС-П (ЩРн-24з-0 36 УХЛ3 IP54) | Альбом 7.4 ЭОМ (Гараж)
A28: 3.1 | B28: Корпус — ЩРн-24з-0 36 УХЛ3 IP54 | C28: Teksan f | D28: Альбом 7.4 ЭОМ (Гараж) | E28: шт | F28: 1 | G28: — | H28: — | I28: 0 | J28: Teksan f — цена TBD
A29: 3.2 | B29: S203-C25 | C29: 2CDS253001R0254 | D29: Альбом 7.4 ЭОМ (Гараж) | E29: шт | F29: 1 | G29: =ПАРАМЕТРЫ!B20 -> 48.51 | H29: =ПАРАМЕТРЫ!D20 -> 11419.739 | I29: =F29*H29 -> 11419.739 | J29: ВН-32 25А
A30: 3.3 | B30: Диф.авт. 1P+N C16 30мА DS201 C16 AC30 | C30: 2CSR255080R1164 | D30: Альбом 7.4 ЭОМ (Гараж) | E30: шт | F30: 7 | G30: =ПАРАМЕТРЫ!B23 -> 87.63 | H30: =ПАРАМЕТРЫ!D23 -> 20628.978 | I30: =F30*H30 -> 144402.85 | J30: АВДТ DX3 1P+N 16А 30мА
A31: 3.4 | B31: Авт.выкл. 3P C16 S203-C16 | C31: 2CDS253001R0164 | D31: Альбом 7.4 ЭОМ (Гараж) | E31: шт | F31: 0 | G31: =ПАРАМЕТРЫ!B18 -> 48.51 | H31: =ПАРАМЕТРЫ!D18 -> 11419.739 | I31: =F31*H31 -> 0 | J31: TX3 16А 3P
A32: 3.5 | B32: Авт.выкл. 1P C16 S201-C16 | C32: 2CDS251001R0164 | D32: Альбом 7.4 ЭОМ (Гараж) | E32: шт | F32: 1 | G32: =ПАРАМЕТРЫ!B12 -> 10.77 | H32: =ПАРАМЕТРЫ!D12 -> 2535.3657 | I32: =F32*H32 -> 2535.3657 | J32: TX3 16А 1P
A33: 3.6 | B33: Монтажный материал | D33: Альбом 7.4 ЭОМ (Гараж) | E33: компл | F33: 1 | G33: — | H33: =ПАРАМЕТРЫ!B6&"%" -> 12% | I33: =(I29+I30+I31+I32)*ПАРАМЕТРЫ!B6/100 -> 19002.954 | J33: % от суммы компонентов
A34: 3.7 | B34: Монтажная работа | D34: Альбом 7.4 ЭОМ (Гараж) | E34: компл | F34: 1 | G34: — | H34: =ПАРАМЕТРЫ!B7&"%" -> 15% | I34: =(I29+I30+I31+I32)*ПАРАМЕТРЫ!B7/100 -> 23753.693 | J34: % от суммы компонентов
A35: Итого по ЩС-П (ЩРн-24з-0 36 УХЛ3 IP54) (без корпуса Teksan f): | I35: =I29+I30+I31+I32+I33+I34 -> 201114.6
A36: КОМПЛЕКТ 4. ЩС-ПО (ЩРн-12з-0 36 УХЛ3 IP54) | Альбом 7.4 ЭОМ (Гараж) | B36: =A36 -> КОМПЛЕКТ 4. ЩС-ПО (ЩРн-12з-0 36 УХЛ3 IP54) | Альбом 7.4 ЭОМ (Гараж)
A37: 4.1 | B37: Корпус — ЩРн-12з-0 36 УХЛ3 IP54 | C37: Teksan f | D37: Альбом 7.4 ЭОМ (Гараж) | E37: шт | F37: 1 | G37: — | H37: — | I37: 0 | J37: Teksan f — цена TBD
A38: 4.2 | B38: S 203-C 100 | C38: 2CDS253001R0824 | D38: Альбом 7.4 ЭОМ (Гараж) | E38: шт | F38: 1 | G38: =ПАРАМЕТРЫ!B29 -> 100.1 | H38: =ПАРАМЕТРЫ!D29 -> 23564.541 | I38: =F38*H38 -> 23564.541 | J38: ВН-32 100А
A39: 4.3 | B39: S 203-C 80 | C39: 2CDS253001R0824 | D39: Альбом 7.4 ЭОМ (Гараж) | E39: шт | F39: 1 | G39: =ПАРАМЕТРЫ!B40 -> 193.8 | H39: =ПАРАМЕТРЫ!D40 -> 45622.458 | I39: =F39*H39 -> 45622.458 | J39: DPX3 80А — Дп1
A40: 4.4 | B40: Авт.выкл. 3P C16 S203-C16 | C40: 2CDS253001R0164 | D40: Альбом 7.4 ЭОМ (Гараж) | E40: шт | F40: 1 | G40: =ПАРАМЕТРЫ!B18 -> 48.51 | H40: =ПАРАМЕТРЫ!D18 -> 11419.739 | I40: =F40*H40 -> 11419.739 | J40: TX3 16А 3P
A41: 4.5 | B41: Авт.выкл. 1P C16 S201-C16 | C41: 2CDS251001R0164 | D41: Альбом 7.4 ЭОМ (Гараж) | E41: шт | F41: 1 | G41: =ПАРАМЕТРЫ!B12 -> 10.77 | H41: =ПАРАМЕТРЫ!D12 -> 2535.3657 | I41: =F41*H41 -> 2535.3657 | J41: TX3 16А 1P
A42: 4.6 | B42: Монтажный материал | D42: Альбом 7.4 ЭОМ (Гараж) | E42: компл | F42: 1 | G42: — | H42: =ПАРАМЕТРЫ!B6&"%" -> 12% | I42: =(I38+I39+I40+I41)*ПАРАМЕТРЫ!B6/100 -> 9977.0525 | J42: % от суммы компонентов
A43: 4.7 | B43: Монтажная работа | D43: Альбом 7.4 ЭОМ (Гараж) | E43: компл | F43: 1 | G43: — | H43: =ПАРАМЕТРЫ!B7&"%" -> 15% | I43: =(I38+I39+I40+I41)*ПАРАМЕТРЫ!B7/100 -> 12471.316 | J43: % от суммы компонентов
A44: Итого по ЩС-ПО (ЩРн-12з-0 36 УХЛ3 IP54) (без корпуса Teksan f): | I44: =I38+I39+I40+I41+I42+I43 -> 105590.47
A45: КОМПЛЕКТ 5. ЩС-Пн (ЩРн-12з-0 36 УХЛ3 IP54) | Альбом 7.4 ЭОМ (Гараж) | B45: =A45 -> КОМПЛЕКТ 5. ЩС-Пн (ЩРн-12з-0 36 УХЛ3 IP54) | Альбом 7.4 ЭОМ (Гараж)
A46: 5.1 | B46: Корпус — ЩРн-24з-0 36 УХЛ3 IP54 | C46: Teksan f | D46: Альбом 7.4 ЭОМ (Гараж) | E46: шт | F46: 1 | G46: — | H46: — | I46: 0 | J46: Teksan f — цена TBD
A47: 5.2 | B47: Авт.выкл. 3P C20 S203-C20 | C47: 2CDS253001R0204 | D47: Альбом 7.4 ЭОМ (Гараж) | E47: шт | F47: 1 | G47: =ПАРАМЕТРЫ!B19 -> 48.51 | H47: =ПАРАМЕТРЫ!D19 -> 11419.739 | I47: =F47*H47 -> 11419.739 | J47: Ввод
A48: 5.3 | B48: Авт.выкл. 3P C16 S203-C16 | C48: 2CDS253001R0164 | D48: Альбом 7.4 ЭОМ (Гараж) | E48: шт | F48: 4 | G48: =ПАРАМЕТРЫ!B18 -> 48.51 | H48: =ПАРАМЕТРЫ!D18 -> 11419.739 | I48: =F48*H48 -> 45678.956 | J48: Пн1, Пн2 + Зд1
A49: 5.4 | B49: Монтажный материал | D49: Альбом 7.4 ЭОМ (Гараж) | E49: компл | F49: 1 | G49: — | H49: =ПАРАМЕТРЫ!B6&"%" -> 12% | I49: =(I47+I48)*ПАРАМЕТРЫ!B6/100 -> 6851.8435 | J49: % от суммы компонентов
A50: 5.5 | B50: Монтажная работа | D50: Альбом 7.4 ЭОМ (Гараж) | E50: компл | F50: 1 | G50: — | H50: =ПАРАМЕТРЫ!B7&"%" -> 15% | I50: =(I47+I48)*ПАРАМЕТРЫ!B7/100 -> 8564.8043 | J50: % от суммы компонентов
A51: Итого по ЩС-Пн (ЩРн-12з-0 36 УХЛ3 IP54) (без корпуса Teksan f): | I51: =I47+I48+I49+I50 -> 72515.343
A52: КОМПЛЕКТ 6. ЩС-Вр (ЩРн-18з-0 36 УХЛ3 IP54) | Альбом 7.4 ЭОМ (Гараж) | B52: =A52 -> КОМПЛЕКТ 6. ЩС-Вр (ЩРн-18з-0 36 УХЛ3 IP54) | Альбом 7.4 ЭОМ (Гараж)
A53: 6.1 | B53: Корпус — ЩРн-18з-0 36 УХЛ3 IP54 | C53: Teksan f | D53: Альбом 7.4 ЭОМ (Гараж) | E53: шт | F53: 1 | G53: — | H53: — | I53: 0 | J53: Teksan f — цена TBD
A54: 6.2 | B54: Авт.выкл. 3P C20 S203-C20 | C54: 2CDS253001R0204 | D54: Альбом 7.4 ЭОМ (Гараж) | E54: шт | F54: 1 | G54: =ПАРАМЕТРЫ!B27 -> 36.68 | H54: =ПАРАМЕТРЫ!D27 -> 8634.8388 | I54: =F54*H54 -> 8634.8388 | J54: ВН-32 20А
A55: 6.3 | B55: Авт.выкл. 3P C16 S203-C16 | C55: 2CDS253001R0164 | D55: Альбом 7.4 ЭОМ (Гараж) | E55: шт | F55: 5 | G55: =ПАРАМЕТРЫ!B18 -> 48.51 | H55: =ПАРАМЕТРЫ!D18 -> 11419.739 | I55: =F55*H55 -> 57098.696 | J55: SF1..SF5 — Вр1..Вр5
A56: 6.4 | B56: Монтажный материал | D56: Альбом 7.4 ЭОМ (Гараж) | E56: компл | F56: 1 | G56: — | H56: =ПАРАМЕТРЫ!B6&"%" -> 12% | I56: =(I54+I55)*ПАРАМЕТРЫ!B6/100 -> 7888.0241 | J56: % от суммы компонентов
A57: 6.5 | B57: Монтажная работа | D57: Альбом 7.4 ЭОМ (Гараж) | E57: компл | F57: 1 | G57: — | H57: =ПАРАМЕТРЫ!B7&"%" -> 15% | I57: =(I54+I55)*ПАРАМЕТРЫ!B7/100 -> 9860.0301 | J57: % от суммы компонентов
A58: Итого по ЩС-Вр (ЩРн-18з-0 36 УХЛ3 IP54) (без корпуса Teksan f): | I58: =I54+I55+I56+I57 -> 83481.589
A59: КОМПЛЕКТ 7. ЩО (ЩРн-12з-0 36 УХЛ3 IP54) | Альбом 7.4 ЭОМ (Гараж) | B59: =A59 -> КОМПЛЕКТ 7. ЩО (ЩРн-12з-0 36 УХЛ3 IP54) | Альбом 7.4 ЭОМ (Гараж)
A60: 7.1 | B60: Корпус — ЩРн-12з-0 36 УХЛ3 IP54 | C60: Teksan f | D60: Альбом 7.4 ЭОМ (Гараж) | E60: шт | F60: 1 | G60: — | H60: — | I60: 0 | J60: Teksan f — цена TBD
A61: 7.2 | B61: Выкл.-разъед. 3P 25А OT25F3 | C61: 1SCA104857R1001 | D61: Альбом 7.4 ЭОМ (Гараж) | E61: шт | F61: 1 | G61: =ПАРАМЕТРЫ!B27 -> 36.68 | H61: =ПАРАМЕТРЫ!D27 -> 8634.8388 | I61: =F61*H61 -> 8634.8388 | J61: ВН-32 20А
A62: 7.3 | B62: Авт.выкл. 1P C16 S201-C16 | C62: 2CDS251001R0164 | D62: Альбом 7.4 ЭОМ (Гараж) | E62: шт | F62: 5 | G62: =ПАРАМЕТРЫ!B12 -> 10.77 | H62: =ПАРАМЕТРЫ!D12 -> 2535.3657 | I62: =F62*H62 -> 12676.828 | J62: SF1..SF5
A63: 7.4 | B63: ЯТП-0,25 230/36В IEK (MTT12-036-0250) | C63: MTT12-036-0250 | D63: Альбом 7.4 ЭОМ (Гараж) | E63: шт | F63: 2 | G63: =ПАРАМЕТРЫ!B38 -> 29812 | H63: =ПАРАМЕТРЫ!D38 -> 8943.6 | I63: =F63*H63 -> 17887.2 | J63: ЯТП 220→36В — гр.1 и гр.3
A64: 7.5 | B64: Монтажный материал | D64: Альбом 7.4 ЭОМ (Гараж) | E64: компл | F64: 1 | G64: — | H64: =ПАРАМЕТРЫ!B6&"%" -> 12% | I64: =(I61+I62+I63)*ПАРАМЕТРЫ!B6/100 -> 4703.8641 | J64: % от суммы компонентов
A65: 7.6 | B65: Монтажная работа | D65: Альбом 7.4 ЭОМ (Гараж) | E65: компл | F65: 1 | G65: — | H65: =ПАРАМЕТРЫ!B7&"%" -> 15% | I65: =(I61+I62+I63)*ПАРАМЕТРЫ!B7/100 -> 5879.8301 | J65: % от суммы компонентов
A66: Итого по ЩО (ЩРн-12з-0 36 УХЛ3 IP54) (без корпуса Teksan f): | I66: =I61+I62+I63+I64+I65 -> 49782.561
C67: ─── ЭО — КОНЦЕРТНЫЙ ЗАЛ ───
A68: КОМПЛЕКТ 8. ЩО-1.1 (ЩРн-36з-0 36 УХЛ3 IP54) | Альбом 7.1 ЭО (Концертный зал) | B68: =A68 -> КОМПЛЕКТ 8. ЩО-1.1 (ЩРн-36з-0 36 УХЛ3 IP54) | Альбом 7.1 ЭО (Концертный зал)
A69: 8.1 | B69: Корпус — ЩРн-36з-0 36 УХЛ3 IP54 | C69: Teksan f | D69: Альбом 7.1 ЭО (Концертный зал) | E69: шт | F69: 1 | G69: — | H69: — | I69: 0 | J69: Teksan f — цена TBD
A70: 8.2 | B70: Выкл.-разъед. 3P 25А OT25F3 | C70: 1SCA104857R1001 | D70: Альбом 7.1 ЭО (Концертный зал) | E70: шт | F70: 1 | G70: =ПАРАМЕТРЫ!B27 -> 36.68 | H70: =ПАРАМЕТРЫ!D27 -> 8634.8388 | I70: =F70*H70 -> 8634.8388 | J70: ВН-32 20А
A71: 8.3 | B71: Авт.выкл. 1P C16 S201-C16 | C71: 2CDS251001R0164 | D71: Альбом 7.1 ЭО (Концертный зал) | E71: шт | F71: 18 | G71: =ПАРАМЕТРЫ!B12 -> 10.77 | H71: =ПАРАМЕТРЫ!D12 -> 2535.3657 | I71: =F71*H71 -> 45636.583
A72: 8.4 | B72: Диф.авт. 1P+N C16 30мА DS201 C16 AC30 | C72: 2CSR255080R1164 | D72: Альбом 7.1 ЭО (Концертный зал) | E72: шт | F72: 7 | G72: =ПАРАМЕТРЫ!B23 -> 87.63 | H72: =ПАРАМЕТРЫ!D23 -> 20628.978 | I72: =F72*H72 -> 144402.85
A73: 8.5 | B73: Контактор 16А ESB16-11N 230В | C73: 1SBE111111R0611 | D73: Альбом 7.1 ЭО (Концертный зал) | E73: шт | F73: 7 | G73: =ПАРАМЕТРЫ!B33 -> 41.58 | H73: =ПАРАМЕТРЫ!D33 -> 9788.3478 | I73: =F73*H73 -> 68518.435
A74: 8.6 | B74: Клеммник монтажный (аналог NSYTRV162) | C74: — | D74: Альбом 7.1 ЭО (Концертный зал) | E74: шт | F74: 7 | G74: =ПАРАМЕТРЫ!B37 -> 1.5 | H74: =ПАРАМЕТРЫ!D37 -> 353.115 | I74: =F74*H74 -> 2471.805 | J74: NSYTRV162
A75: 8.7 | B75: Монтажный материал | D75: Альбом 7.1 ЭО (Концертный зал) | E75: компл | F75: 1 | G75: — | H75: =ПАРАМЕТРЫ!B6&"%" -> 12% | I75: =(I70+I71+I72+I73+I74)*ПАРАМЕТРЫ!B6/100 -> 32359.741 | J75: % от суммы компонентов
A76: 8.8 | B76: Монтажная работа | D76: Альбом 7.1 ЭО (Концертный зал) | E76: компл | F76: 1 | G76: — | H76: =ПАРАМЕТРЫ!B7&"%" -> 15% | I76: =(I70+I71+I72+I73+I74)*ПАРАМЕТРЫ!B7/100 -> 40449.676 | J76: % от суммы компонентов
A77: Итого по ЩО-1.1 (ЩРн-36з-0 36 УХЛ3 IP54) (без корпуса Teksan f): | I77: =I70+I71+I72+I73+I74+I75+I76 -> 342473.93
A78: КОМПЛЕКТ 9. ЩО-1.2 (ЩРн-12з-0 36 УХЛ3 IP54) | Альбом 7.1 ЭО (Концертный зал) | B78: =A78 -> КОМПЛЕКТ 9. ЩО-1.2 (ЩРн-12з-0 36 УХЛ3 IP54) | Альбом 7.1 ЭО (Концертный зал)
A79: 9.1 | B79: Корпус — ЩРн-12з-0 36 УХЛ3 IP54 | C79: Teksan f | D79: Альбом 7.1 ЭО (Концертный зал) | E79: шт | F79: 1 | G79: — | H79: — | I79: 0 | J79: Teksan f — цена TBD
A80: 9.2 | B80: Выкл.-разъед. 3P 25А OT25F3 | C80: 1SCA104857R1001 | D80: Альбом 7.1 ЭО (Концертный зал) | E80: шт | F80: 1 | G80: =ПАРАМЕТРЫ!B27 -> 36.68 | H80: =ПАРАМЕТРЫ!D27 -> 8634.8388 | I80: =F80*H80 -> 8634.8388
A81: 9.3 | B81: Авт.выкл. 1P C16 S201-C16 | C81: 2CDS251001R0164 | D81: Альбом 7.1 ЭО (Концертный зал) | E81: шт | F81: 4 | G81: =ПАРАМЕТРЫ!B12 -> 10.77 | H81: =ПАРАМЕТРЫ!D12 -> 2535.3657 | I81: =F81*H81 -> 10141.463
A82: 9.4 | B82: Диф.авт. 1P+N C16 30мА DS201 C16 AC30 | C82: 2CSR255080R1164 | D82: Альбом 7.1 ЭО (Концертный зал) | E82: шт | F82: 4 | G82: =ПАРАМЕТРЫ!B23 -> 87.63 | H82: =ПАРАМЕТРЫ!D23 -> 20628.978 | I82: =F82*H82 -> 82515.913
A83: 9.5 | B83: Контактор 16А ESB16-11N 230В | C83: 1SBE111111R0611 | D83: Альбом 7.1 ЭО (Концертный зал) | E83: шт | F83: 4 | G83: =ПАРАМЕТРЫ!B33 -> 41.58 | H83: =ПАРАМЕТРЫ!D33 -> 9788.3478 | I83: =F83*H83 -> 39153.391
A84: 9.6 | B84: Клеммник монтажный (аналог NSYTRV162) | C84: — | D84: Альбом 7.1 ЭО (Концертный зал) | E84: шт | F84: 4 | G84: =ПАРАМЕТРЫ!B37 -> 1.5 | H84: =ПАРАМЕТРЫ!D37 -> 353.115 | I84: =F84*H84 -> 1412.46
A85: 9.7 | B85: Монтажный материал | D85: Альбом 7.1 ЭО (Концертный зал) | E85: компл | F85: 1 | G85: — | H85: =ПАРАМЕТРЫ!B6&"%" -> 12% | I85: =(I80+I81+I82+I83+I84)*ПАРАМЕТРЫ!B6/100 -> 17022.968 | J85: % от суммы компонентов
A86: 9.8 | B86: Монтажная работа | D86: Альбом 7.1 ЭО (Концертный зал) | E86: компл | F86: 1 | G86: — | H86: =ПАРАМЕТРЫ!B7&"%" -> 15% | I86: =(I80+I81+I82+I83+I84)*ПАРАМЕТРЫ!B7/100 -> 21278.71 | J86: % от суммы компонентов
A87: Итого по ЩО-1.2 (ЩРн-12з-0 36 УХЛ3 IP54) (без корпуса Teksan f): | I87: =I80+I81+I82+I83+I84+I85+I86 -> 180159.74
B88: КОМПЛЕКТ 10. ЩО-1.3 (ЩРн-36з-0 36 УХЛ3 IP54) | Альбом 7.1 ЭО (Концертный зал)
A89: 10.1 | B89: Корпус — ЩРн-36з-0 36 УХЛ3 IP54 | C89: Teksan f | D89: Альбом 7.1 ЭО (Концертный зал) | E89: шт | F89: 1 | G89: — | H89: — | I89: 0 | J89: Teksan f — цена TBD
A90: 10.2 | B90: Выкл.-разъед. 3P 25А OT25F3 | C90: 1SCA104857R1001 | D90: Альбом 7.1 ЭО (Концертный зал) | E90: шт | F90: 1 | G90: =ПАРАМЕТРЫ!B27 -> 36.68 | H90: =ПАРАМЕТРЫ!D27 -> 8634.8388 | I90: =F90*H90 -> 8634.8388
A91: 10.3 | B91: Авт.выкл. 1P C16 S201-C16 | C91: 2CDS251001R0164 | D91: Альбом 7.1 ЭО (Концертный зал) | E91: шт | F91: 22 | G91: =ПАРАМЕТРЫ!B12 -> 10.77 | H91: =ПАРАМЕТРЫ!D12 -> 2535.3657 | I91: =F91*H91 -> 55778.045
A92: 10.4 | B92: Диф.авт. 1P+N C16 30мА DS201 C16 AC30 | C92: 2CSR255080R1164 | D92: Альбом 7.1 ЭО (Концертный зал) | E92: шт | F92: 5 | G92: =ПАРАМЕТРЫ!B23 -> 87.63 | H92: =ПАРАМЕТРЫ!D23 -> 20628.978 | I92: =F92*H92 -> 103144.89
A93: 10.5 | B93: Контактор 16А ESB16-11N 230В | C93: 1SBE111111R0611 | D93: Альбом 7.1 ЭО (Концертный зал) | E93: шт | F93: 5 | G93: =ПАРАМЕТРЫ!B33 -> 41.58 | H93: =ПАРАМЕТРЫ!D33 -> 9788.3478 | I93: =F93*H93 -> 48941.739
A94: 10.6 | B94: Клеммник монтажный (аналог NSYTRV162) | C94: — | D94: Альбом 7.1 ЭО (Концертный зал) | E94: шт | F94: 5 | G94: =ПАРАМЕТРЫ!B37 -> 1.5 | H94: =ПАРАМЕТРЫ!D37 -> 353.115 | I94: =F94*H94 -> 1765.575
A95: 10.7 | B95: Монтажный материал | D95: Альбом 7.1 ЭО (Концертный зал) | E95: компл | F95: 1 | G95: — | H95: =ПАРАМЕТРЫ!B6&"%" -> 12% | I95: =(I90+I91+I92+I93+I94)*ПАРАМЕТРЫ!B6/100 -> 26191.811 | J95: % от суммы компонентов
A96: 10.8 | B96: Монтажная работа | D96: Альбом 7.1 ЭО (Концертный зал) | E96: компл | F96: 1 | G96: — | H96: =ПАРАМЕТРЫ!B7&"%" -> 15% | I96: =(I90+I91+I92+I93+I94)*ПАРАМЕТРЫ!B7/100 -> 32739.763 | J96: % от суммы компонентов
A97: Итого по ЩО-1.3 (ЩРн-36з-0 36 УХЛ3 IP54) (без корпуса Teksan f): | I97: =I90+I91+I92+I93+I94+I95+I96 -> 277196.66
A98: КОМПЛЕКТ 11. ЩО-2.1 (ЩРн-12з-0 36 УХЛ3 IP54) | Альбом 7.1 ЭО (Концертный зал) | B98: =A98 -> КОМПЛЕКТ 11. ЩО-2.1 (ЩРн-12з-0 36 УХЛ3 IP54) | Альбом 7.1 ЭО (Концертный зал)
A99: 11.1 | B99: Корпус — ЩРн-12з-0 36 УХЛ3 IP54 | C99: Teksan f | D99: Альбом 7.1 ЭО (Концертный зал) | E99: шт | F99: 1 | G99: — | H99: — | I99: 0 | J99: Teksan f — цена TBD
A100: 11.2 | B100: Выкл.-разъед. 3P 25А OT25F3 | C100: 1SCA104857R1001 | D100: Альбом 7.1 ЭО (Концертный зал) | E100: шт | F100: 1 | G100: =ПАРАМЕТРЫ!B27 -> 36.68 | H100: =ПАРАМЕТРЫ!D27 -> 8634.8388 | I100: =F100*H100 -> 8634.8388
...

Sheet СВОДНАЯ
A1: СВОДНАЯ ВЕДОМОСТЬ — Проект 260608 — ABB
A2: Раздел / Источник PDF | B2: Итого KZT | C2: Корпус Teksan f | D2: Щитов
A3: ЭОМ — ГАРАЖ | B3: =BOM!I16+BOM!I26+BOM!I35+BOM!I44+BOM!I51+BOM!I58+BOM!I66 -> 1903224.5 | C3: По запросу | D3: 7
A4: ЭО — КОНЦЕРТНЫЙ ЗАЛ | B4: =BOM!I77+BOM!I87+BOM!I97+BOM!I107+BOM!I117+BOM!I127+BOM!I137+BOM!I147+BOM!I157+BOM!I164+BOM!I171+BOM!I178+BOM!I185+BOM!I192+BOM!I199+BOM!I206 -> 1936035.6 | C4: По запросу | D4: 16
A5: ЭО — МУЗЕЙ | B5: =BOM!I217+BOM!I227+BOM!I237+BOM!I247+BOM!I257+BOM!I266+BOM!I275+BOM!I284+BOM!I293+BOM!I302+BOM!I309+BOM!I316+BOM!I323+BOM!I330+BOM!I337+BOM!I344+BOM!I351+BOM!I358+BOM!I365+BOM!I372 -> 1325307.2 | C5: По запросу | D5: 20
A6: ЭО — ГАЛЕРЕЯ | B6: =BOM!I383+BOM!I390 -> 132288.56 | C6: По запросу | D6: 2
A7: ЭН — НАРУЖНОЕ ОСВЕЩЕНИЕ | B7: =BOM!I401+BOM!I408 -> 250489.61 | C7: По запросу | D7: 2
A8: ФО — ФАСАД | B8: =BOM!I419+BOM!I428+BOM!I435+BOM!I442+BOM!I449+BOM!I456 -> 4804817.9 | C8: По запросу | D8: 6
A9: ИТОГО: | B9: =B3+B4+B5+B6+B7+B8 -> 10352163 | C9: TBD | D9: 53
A11: EUR/KZT, %, цены → лист ПАРАМЕТРЫ (синие ячейки)
