Workbook

Sheet BOM_Duzeltilmis
A1: MGS - ALMAATA AEROPORT PROJESİ | ADP PANOSU ABB BOM LİSTESİ | KONTROL EDİLMİŞ
A2: Kaynak: ALMAATA - Pano Açılımları.xlsx / ADP sayfası. Fiyat mantığı Claude dosyasındaki 557 EUR/KZT, 0.33 indirim, 1.30 yol+gümrük olarak korunmuştur.
A3: Pano | B3: Malzeme Tipi | C3: Ürün Kodu (ABB) | D3: Ürün Açıklaması | E3: ABB Liste Fiyatı (EUR) | F3: İndirimli Fiyat (EUR) | G3: Yol+Gümrük (EUR) | H3: KZT Fiyat (Birim) | I3: Adet | J3: Birim | K3: Toplam KZT | L3: Tedarikçi | M3: Not
A4: ▶ ADP PANOSU | D4: ▶ ADP PANOSU
A5: ADP PANOSU | B5: korpus | D5: Teksan metal pano kasası / ölçü pano dizaynına göre netleştirilecek | F5: =IF(ISNUMBER(E5),E5*Parametreler!$B$3,"") | G5: =IF(ISNUMBER(F5),F5*Parametreler!$B$4,"") | H5: =IF(ISNUMBER(G5),G5*Parametreler!$B$2,"") | I5: 1 | J5: ШТ. | K5: =IF(ISNUMBER(H5),H5*I5,"") | L5: TEKSAN | M5: Ayrı teklif; Claude dosyasındaki ölçü belirsiz bırakıldı
A6: ADP PANOSU | B6: mccb | C6: 1SDA067414R1 | D6: XT1N 160, TMD, In=63A, 3P; giriş şalteri | E6: 246.1 | F6: =IF(ISNUMBER(E6),E6*Parametreler!$B$3,"") -> 81.213 | G6: =IF(ISNUMBER(F6),F6*Parametreler!$B$4,"") -> 105.5769 | H6: =IF(ISNUMBER(G6),G6*Parametreler!$B$2,"") -> 58806.333 | I6: 1 | J6: ШТ. | K6: =IF(ISNUMBER(H6),H6*I6,"") -> 58806.333 | L6: ABB | M6: ADP toplam satırı: 3x63 MCCB
A7: ADP PANOSU | B7: multimetre | C7: 2CSG251151R4051 | D7: M4M 20 enerji analizörü; SCADA izleme için | E7: 709.9 | F7: =IF(ISNUMBER(E7),E7*Parametreler!$B$3,"") -> 234.267 | G7: =IF(ISNUMBER(F7),F7*Parametreler!$B$4,"") -> 304.5471 | H7: =IF(ISNUMBER(G7),G7*Parametreler!$B$2,"") -> 169632.73 | I7: 1 | J7: ШТ. | K7: =IF(ISNUMBER(H7),H7*I7,"") -> 169632.73 | L7: ABB | M7: ADP notu: enerji analizörü/otomasyon uçları
A8: ADP PANOSU | B8: akım trafosu | D8: Akım trafosu 30/5A, 3 faz seti | F8: =IF(ISNUMBER(E8),E8*Parametreler!$B$3,"") | G8: =IF(ISNUMBER(F8),F8*Parametreler!$B$4,"") | H8: 7500 | I8: 3 | J8: ШТ. | K8: =IF(ISNUMBER(H8),H8*I8,"") -> 22500 | L8: ABB / Muadil | M8: ADP notu: kompanzasyon için 3 adet 30/5A CT; fiyat/kod tedarikte netleşecek
A9: ADP PANOSU | B9: toroid | C9: 2CSG035100R1211 | D9: TR1 35mm toroid kaçak akım sensörü | E9: 131.2 | F9: =IF(ISNUMBER(E9),E9*Parametreler!$B$3,"") -> 43.296 | G9: =IF(ISNUMBER(F9),F9*Parametreler!$B$4,"") -> 56.2848 | H9: =IF(ISNUMBER(G9),G9*Parametreler!$B$2,"") -> 31350.634 | I9: 1 | J9: ШТ. | K9: =IF(ISNUMBER(H9),H9*I9,"") -> 31350.634 | L9: ABB | M9: Pano girişinde toroid kaçak akım rölesi; toroid çapı kabloya göre üretimde kontrol
A10: ADP PANOSU | B10: rele | C10: 2CSJ201001R0002 | D10: RD3 kaçak akım rölesi, 230-400V AC | E10: 498.1 | F10: =IF(ISNUMBER(E10),E10*Parametreler!$B$3,"") -> 164.373 | G10: =IF(ISNUMBER(F10),F10*Parametreler!$B$4,"") -> 213.6849 | H10: =IF(ISNUMBER(G10),G10*Parametreler!$B$2,"") -> 119022.49 | I10: 1 | J10: ШТ. | K10: =IF(ISNUMBER(H10),H10*I10,"") -> 119022.49 | L10: ABB | M10: Pano girişinde toroid kaçak akım rölesi
A11: ADP PANOSU | B11: uzıp / SPD | C11: 2CTB803973R1100 | D11: OVR T2 3N 40-275 P QS; Tip 2, 3+N, 40kA | E11: 361.2 | F11: =IF(ISNUMBER(E11),E11*Parametreler!$B$3,"") -> 119.196 | G11: =IF(ISNUMBER(F11),F11*Parametreler!$B$4,"") -> 154.9548 | H11: =IF(ISNUMBER(G11),G11*Parametreler!$B$2,"") -> 86309.824 | I11: 1 | J11: ШТ. | K11: =IF(ISNUMBER(H11),H11*I11,"") -> 86309.824 | L11: ABB | M11: ADP notu: Tip 2 C, 40kA parafudr
A12: ADP PANOSU | B12: uzo / RCCB | C12: 2CSF204101R1250 | D12: F204 AC-25/0.03; 4P RCCB, 25A, 30mA | E12: 127 | F12: =IF(ISNUMBER(E12),E12*Parametreler!$B$3,"") -> 41.91 | G12: =IF(ISNUMBER(F12),F12*Parametreler!$B$4,"") -> 54.483 | H12: =IF(ISNUMBER(G12),G12*Parametreler!$B$2,"") -> 30347.031 | I12: 5 | J12: ШТ. | K12: =IF(ISNUMBER(H12),H12*I12,"") -> 151735.16 | L12: ABB | M12: L01, L05, L11, L17, L22 grup kaçak akım koruma; ABB fiyat girilecek
A13: ADP PANOSU | B13: oto | C13: 2CDS253001R0105 | D13: S203-B10; 3P B10, 6kA minyatür otomatik | E13: 44.06 | F13: =IF(ISNUMBER(E13),E13*Parametreler!$B$3,"") -> 14.5398 | G13: =IF(ISNUMBER(F13),F13*Parametreler!$B$4,"") -> 18.90174 | H13: =IF(ISNUMBER(G13),G13*Parametreler!$B$2,"") -> 10528.269 | I13: 2 | J13: ШТ. | K13: =IF(ISNUMBER(H13),H13*I13,"") -> 21056.538 | L13: ABB | M13: L01-L02: 3x10 B
A14: ADP PANOSU | B14: oto | C14: 2CDS251001R0105 | D14: S201-B10; 1P B10, 6kA minyatür otomatik | E14: 9.78 | F14: =IF(ISNUMBER(E14),E14*Parametreler!$B$3,"") -> 3.2274 | G14: =IF(ISNUMBER(F14),F14*Parametreler!$B$4,"") -> 4.19562 | H14: =IF(ISNUMBER(G14),G14*Parametreler!$B$2,"") -> 2336.9603 | I14: 24 | J14: ШТ. | K14: =IF(ISNUMBER(H14),H14*I14,"") -> 56087.048 | L14: ABB | M14: L03-L23 + L25-L27: 1x10 B; L24 cihaz olarak alınmadı
A15: ADP PANOSU | B15: dif / RCBO | C15: 2CSR255080R1164 | D15: DS201 C16 AC30; 1P+N C16, 30mA RCBO | E15: 87.63 | F15: =IF(ISNUMBER(E15),E15*Parametreler!$B$3,"") -> 28.9179 | G15: =IF(ISNUMBER(F15),F15*Parametreler!$B$4,"") -> 37.59327 | H15: =IF(ISNUMBER(G15),G15*Parametreler!$B$2,"") -> 20939.451 | I15: 13 | J15: ШТ. | K15: =IF(ISNUMBER(H15),H15*I15,"") -> 272212.87 | L15: ABB | M15: P01-P08 + M01-M04 + 1 yedek: kaynakta In/Kesici Tipi 16A
A16: ADP PANOSU | B16: oto | C16: 2CDS253001R0204 | D16: S203-C20; 3P C20, 6kA minyatür otomatik | E16: 48.51 | F16: =IF(ISNUMBER(E16),E16*Parametreler!$B$3,"") -> 16.0083 | G16: =IF(ISNUMBER(F16),F16*Parametreler!$B$4,"") -> 20.81079 | H16: =IF(ISNUMBER(G16),G16*Parametreler!$B$2,"") -> 11591.61 | I16: 1 | J16: ШТ. | K16: =IF(ISNUMBER(H16),H16*I16,"") -> 11591.61 | L16: ABB | M16: 6 kVA UPS cihazı beslemesi: 3x20 MCB-C
A17: ADP PANOSU | B17: mont. matryal | D17: DIN ray, kablo kanalı, N/PE bara, klemens, pabuç, etiket, bağlantı sarf malzemeleri | F17: =IF(ISNUMBER(E17),E17*Parametreler!$B$3,"") | G17: =IF(ISNUMBER(F17),F17*Parametreler!$B$4,"") | H17: =IF(ISNUMBER(G17),G17*Parametreler!$B$2,"") | I17: 1 | J17: компл. | K17: =IF(ISNUMBER(H17),H17*I17,"") | L17: Üretim / yerel | M17: Fiyat üretim hesabında ayrıca girilecek
A18: ADP PANOSU | B18: mont. rab. | D18: Pano montaj işçiliği | F18: =IF(ISNUMBER(E18),E18*Parametreler!$B$3,"") | G18: =IF(ISNUMBER(F18),F18*Parametreler!$B$4,"") | H18: =IF(ISNUMBER(G18),G18*Parametreler!$B$2,"") | I18: 1 | J18: компл. | K18: =IF(ISNUMBER(H18),H18*I18,"") | L18: Üretim | M18: Fiyat üretim hesabında ayrıca girilecek
A19: ADP PANOSU TOPLAMI | K19: =SUM(K5:K18) -> 1000305.2
A20: ▶ UPS BÖLÜMÜ | D20: ▶ UPS BÖLÜMÜ
A21: UPS BÖLÜMÜ | B21: korpus | D21: 600*600*250 | F21: =IF(ISNUMBER(E21),E21*Parametreler!$B$3,"") | G21: =IF(ISNUMBER(F21),F21*Parametreler!$B$4,"") | H21: =IF(ISNUMBER(G21),G21*Parametreler!$B$2,"") | I21: 1 | J21: ШТ. | K21: =IF(ISNUMBER(H21),H21*I21,"") | L21: TEKSAN | M21: Ayrı teklif; Claude dosyasındaki ölçü belirsiz bırakıldı
A22: UPS BÖLÜMÜ | B22: multimetre | C22: 2CSG251151R4051 | D22: M4M 20 enerji analizörü; SCADA izleme için | E22: 709.9 | F22: =IF(ISNUMBER(E22),E22*Parametreler!$B$3,"") -> 234.267 | G22: =IF(ISNUMBER(F22),F22*Parametreler!$B$4,"") -> 304.5471 | H22: =IF(ISNUMBER(G22),G22*Parametreler!$B$2,"") -> 169632.73 | I22: 1 | J22: ШТ. | K22: =IF(ISNUMBER(H22),H22*I22,"") -> 169632.73 | L22: ABB | M22: UPS bölümü notu: enerji analizörü/otomasyon uçları
A23: UPS BÖLÜMÜ | B23: uzıp / SPD | C23: 2CTB803973R1100 | D23: OVR T2 3N 40-275 P QS; Tip 2, 3+N, 40kA | E23: 361.2 | F23: =IF(ISNUMBER(E23),E23*Parametreler!$B$3,"") -> 119.196 | G23: =IF(ISNUMBER(F23),F23*Parametreler!$B$4,"") -> 154.9548 | H23: =IF(ISNUMBER(G23),G23*Parametreler!$B$2,"") -> 86309.824 | I23: 1 | J23: ШТ. | K23: =IF(ISNUMBER(H23),H23*I23,"") -> 86309.824 | L23: ABB | M23: UPS bölümü notu: Tip 2 C, 40kA parafudr
A24: UPS BÖLÜMÜ | B24: oto | C24: 2CDS253001R0204 | D24: S203-C20; 3P C20, 6kA minyatür otomatik | E24: 48.51 | F24: =IF(ISNUMBER(E24),E24*Parametreler!$B$3,"") -> 16.0083 | G24: =IF(ISNUMBER(F24),F24*Parametreler!$B$4,"") -> 20.81079 | H24: =IF(ISNUMBER(G24),G24*Parametreler!$B$2,"") -> 11591.61 | I24: 1 | J24: ШТ. | K24: =IF(ISNUMBER(H24),H24*I24,"") -> 11591.61 | L24: ABB | M24: UPS bölümü toplam satırı: 3x20 MCB-C
A25: UPS BÖLÜMÜ | B25: dif / RCBO | C25: 2CSR255080R1164 | D25: DS201 C16 AC30; 1P+N C16, 30mA RCBO | E25: 87.63 | F25: =IF(ISNUMBER(E25),E25*Parametreler!$B$3,"") -> 28.9179 | G25: =IF(ISNUMBER(F25),F25*Parametreler!$B$4,"") -> 37.59327 | H25: =IF(ISNUMBER(G25),G25*Parametreler!$B$2,"") -> 20939.451 | I25: 10 | J25: ШТ. | K25: =IF(ISNUMBER(H25),H25*I25,"") -> 209394.51 | L25: ABB | M25: U01-U12; U13-U14 koruma cihazı olarak alınmadı
A26: UPS BÖLÜMÜ | B26: mont. matryal | D26: DIN ray, kablo kanalı, N/PE bara, klemens, pabuç, etiket, bağlantı sarf malzemeleri | F26: =IF(ISNUMBER(E26),E26*Parametreler!$B$3,"") | G26: =IF(ISNUMBER(F26),F26*Parametreler!$B$4,"") | H26: =IF(ISNUMBER(G26),G26*Parametreler!$B$2,"") | I26: 1 | J26: компл. | K26: =IF(ISNUMBER(H26),H26*I26,"") | L26: Üretim / yerel | M26: Fiyat üretim hesabında ayrıca girilecek
A27: UPS BÖLÜMÜ | B27: mont. rab. | D27: Pano montaj işçiliği | F27: =IF(ISNUMBER(E27),E27*Parametreler!$B$3,"") | G27: =IF(ISNUMBER(F27),F27*Parametreler!$B$4,"") | H27: =IF(ISNUMBER(G27),G27*Parametreler!$B$2,"") | I27: 1 | J27: компл. | K27: =IF(ISNUMBER(H27),H27*I27,"") | L27: Üretim | M27: Fiyat üretim hesabında ayrıca girilecek
A28: UPS BÖLÜMÜ TOPLAMI | K28: =SUM(K22:K27) -> 476928.68
A29: GENEL TOPLAM (KZT) | K29: =K19+K28 -> 1477233.9

Sheet Parametreler
A1: Parametre | B1: Değer | C1: Not
A2: EUR_KZT | B2: 557 | C2: Claude dosyasındaki kur korunmuştur
A3: ABB_İndirim_Katsayısı | B3: 0.33 | C3: Claude dosyası: %67 indirim = 0.33
A4: Yol_Gümrük_Katsayısı | B4: 1.3 | C4: Claude dosyası: +%30
A5: Net_Katsayı_KZT | B5: =B2*B3*B4 -> 238.953 | C5: 1 EUR liste fiyatının KZT net etkisi

Sheet Kontrol_Raporu
A1: No | B1: Kontrol / Düzeltme | C1: Durum
A2: 1 | B2: Claude BOM’daki DS203NC C25 3P+N 4 adet satırı kaynak ADP açılımında bulunmadığı için çıkarıldı. | C2: Düzeltildi
A3: 2 | B3: Aydınlatma bölümünde RCBO yerine kaynakta yazan yapı kullanıldı: 2 adet S203-B10 3P, 24 adet S201-B10 1P ve 5 adet 4P 25A/30mA RCCB. | C3: Düzeltildi
A4: 3 | B4: Priz bölümünde P01-P08 toplam 8 adet C16 RCBO sayıldı; Claude’un 4 adet C25 yazımı düzeltildi. | C4: Düzeltildi
A5: 4 | B5: Mekanik bölümünde M01-M04 + yedek satırı dahil edildi. Kaynakta In/Kesici Tipi 16A olduğu için C16 RCBO olarak sayıldı; AA kolonunda görünen 2x25A metni risk olarak işaretlendi. | C5: Kontrol notu
A6: 5 | B6: UPS bölümünde U01-U12 toplam 12 adet C16 RCBO korundu; U13-U14 koruma cihazı net yazmadığı için BOM’a alınmadı. | C6: Düzeltildi
A7: 6 | B7: ADP notundaki 3 adet 30/5A akım trafosu eklendi. ABB kodu/fiyatı tedarikte netleşecek. | C7: Eklendi
A8: 7 | B8: DCBP-N PANEL adına yazılmış montaj malzemesi / işçilik satırları kaldırıldı; ADP ve UPS bölümüne doğru isimle ayrı kontrol satırları eklendi. | C8: Düzeltildi
A9: 8 | B9: Fiyatı olmayan ürünler 0 yazılmadı; fiyat hücresi boş bırakıldı ve formüller hata vermeyecek şekilde kuruldu. | C9: Düzeltildi
A10: 9 | B10: 6 kVA UPS cihazı kaynakta yük olarak göründüğü için ABB pano malzemesi BOM’una cihaz olarak dahil edilmedi; tedarik kapsamı teyit edilmeli. | C10: Risk

Sheet Sayim_Kontrol
A1: Bölüm | B1: Kaynak satırları / not | C1: Doğru sayım | D1: BOM satırı
A2: ADP Aydınlatma | B2: L01-L02 | C2: 2 adet 3P B10 MCB | D2: S203-B10 qty 2
A3: ADP Aydınlatma | B3: L03-L23 + L25-L27 | C3: 24 adet 1P B10 MCB | D3: S201-B10 qty 24
A4: ADP Aydınlatma RCD grupları | B4: L01, L05, L11, L17, L22 | C4: 5 adet 4P 25A 30mA RCCB | D4: F204 AC-25/0.03 qty 5
A5: ADP Priz | B5: P01-P08 | C5: 8 adet 1P+N C16 30mA RCBO | D5: DS201 C16 qty’ye dahil
A6: ADP Mekanik | B6: M01-M04 + 1 yedek | C6: 5 adet 1P+N C16 30mA RCBO | D6: DS201 C16 qty’ye dahil
A7: ADP UPS besleme | B7: 6 kVA UPS cihazı satırı | C7: 1 adet 3P C20 MCB | D7: S203-C20 qty 1
A8: UPS Çıkışları | B8: U01-U12 | C8: 12 adet 1P+N C16 30mA RCBO | D8: DS201 C16 qty 12
A9: UPS Giriş | B9: UPS toplam satırı | C9: 1 adet 3P C20 MCB | D9: S203-C20 qty 1
A10: Parafudr | B10: ADP ve UPS notları | C10: 2 adet Tip 2 3+N 40kA SPD | D10: OVR T2 qty 1 + qty 1
A11: Enerji analizörü | B11: ADP ve UPS notları | C11: 2 adet M4M 20 | D11: ADP qty 1 + UPS qty 1
A12: Kaçak akım rölesi | B12: ADP notu | C12: 1 set RD3 + toroid | D12: RD3 qty 1, TR1 qty 1

Sheet Satin_Alma_Ozet
A1: Ürün Kodu | B1: Ürün Açıklaması | C1: Malzeme Tipi | D1: Toplam Adet | E1: Birim | F1: Liste EUR | G1: Birim KZT | H1: Toplam KZT | I1: Tedarikçi | J1: Pano/Bölüm | K1: Not
B2: Teksan metal pano kasası / ölçü pano dizaynına göre netleştirilecek | C2: korpus | D2: 1 | E2: ШТ. | G2: =IF(ISNUMBER(F2),F2*Parametreler!$B$5,"") | H2: =IF(ISNUMBER(G2),G2*D2,"") | I2: TEKSAN | J2: ADP PANOSU | K2: Ayrı teklif; Claude dosyasındaki ölçü belirsiz bırakıldı
A3: 1SDA067414R1 | B3: XT1N 160, TMD, In=63A, 3P; giriş şalteri | C3: mccb | D3: 1 | E3: ШТ. | F3: 246.1 | G3: =IF(ISNUMBER(F3),F3*Parametreler!$B$5,"") -> 58806.333 | H3: =IF(ISNUMBER(G3),G3*D3,"") -> 58806.333 | I3: ABB | J3: ADP PANOSU | K3: ADP toplam satırı: 3x63 MCCB
A4: 2CSG251151R4051 | B4: M4M 20 enerji analizörü; SCADA izleme için | C4: multimetre | D4: 2 | E4: ШТ. | F4: 709.9 | G4: =IF(ISNUMBER(F4),F4*Parametreler!$B$5,"") -> 169632.73 | H4: =IF(ISNUMBER(G4),G4*D4,"") -> 339265.47 | I4: ABB | J4: ADP PANOSU, UPS BÖLÜMÜ | K4: ADP notu: enerji analizörü/otomasyon uçları | UPS bölümü notu: enerji analizörü/otomasyon uçları
B5: Akım trafosu 30/5A, 3 faz seti | C5: akım trafosu | D5: 3 | E5: ШТ. | G5: =IF(ISNUMBER(F5),F5*Parametreler!$B$5,"") | H5: =IF(ISNUMBER(G5),G5*D5,"") | I5: ABB / Muadil | J5: ADP PANOSU | K5: ADP notu: kompanzasyon için 3 adet 30/5A CT; fiyat/kod tedarikte netleşecek
A6: 2CSG035100R1211 | B6: TR1 35mm toroid kaçak akım sensörü | C6: toroid | D6: 1 | E6: ШТ. | F6: 131.2 | G6: =IF(ISNUMBER(F6),F6*Parametreler!$B$5,"") -> 31350.634 | H6: =IF(ISNUMBER(G6),G6*D6,"") -> 31350.634 | I6: ABB | J6: ADP PANOSU | K6: Pano girişinde toroid kaçak akım rölesi; toroid çapı kabloya göre üretimde kontrol
A7: 2CSJ201001R0002 | B7: RD3 kaçak akım rölesi, 230-400V AC | C7: rele | D7: 1 | E7: ШТ. | F7: 498.1 | G7: =IF(ISNUMBER(F7),F7*Parametreler!$B$5,"") -> 119022.49 | H7: =IF(ISNUMBER(G7),G7*D7,"") -> 119022.49 | I7: ABB | J7: ADP PANOSU | K7: Pano girişinde toroid kaçak akım rölesi
A8: 2CTB803973R1100 | B8: OVR T2 3N 40-275 P QS; Tip 2, 3+N, 40kA | C8: uzıp / SPD | D8: 2 | E8: ШТ. | F8: 361.2 | G8: =IF(ISNUMBER(F8),F8*Parametreler!$B$5,"") -> 86309.824 | H8: =IF(ISNUMBER(G8),G8*D8,"") -> 172619.65 | I8: ABB | J8: ADP PANOSU, UPS BÖLÜMÜ | K8: ADP notu: Tip 2 C, 40kA parafudr | UPS bölümü notu: Tip 2 C, 40kA parafudr
A9: 2CSF204101R1250 | B9: F204 AC-25/0.03; 4P RCCB, 25A, 30mA | C9: uzo / RCCB | D9: 5 | E9: ШТ. | G9: =IF(ISNUMBER(F9),F9*Parametreler!$B$5,"") | H9: =IF(ISNUMBER(G9),G9*D9,"") | I9: ABB | J9: ADP PANOSU | K9: L01, L05, L11, L17, L22 grup kaçak akım koruma; ABB fiyat girilecek
A10: 2CDS253001R0105 | B10: S203-B10; 3P B10, 6kA minyatür otomatik | C10: oto | D10: 2 | E10: ШТ. | F10: 44.06 | G10: =IF(ISNUMBER(F10),F10*Parametreler!$B$5,"") -> 10528.269 | H10: =IF(ISNUMBER(G10),G10*D10,"") -> 21056.538 | I10: ABB | J10: ADP PANOSU | K10: L01-L02: 3x10 B
A11: 2CDS251001R0105 | B11: S201-B10; 1P B10, 6kA minyatür otomatik | C11: oto | D11: 24 | E11: ШТ. | F11: 9.78 | G11: =IF(ISNUMBER(F11),F11*Parametreler!$B$5,"") -> 2336.9603 | H11: =IF(ISNUMBER(G11),G11*D11,"") -> 56087.048 | I11: ABB | J11: ADP PANOSU | K11: L03-L23 + L25-L27: 1x10 B; L24 cihaz olarak alınmadı
A12: 2CSR255080R1164 | B12: DS201 C16 AC30; 1P+N C16, 30mA RCBO | C12: dif / RCBO | D12: 25 | E12: ШТ. | F12: 87.63 | G12: =IF(ISNUMBER(F12),F12*Parametreler!$B$5,"") -> 20939.451 | H12: =IF(ISNUMBER(G12),G12*D12,"") -> 523486.28 | I12: ABB | J12: ADP PANOSU, UPS BÖLÜMÜ | K12: P01-P08 + M01-M04 + 1 yedek: kaynakta In/Kesici Tipi 16A | U01-U12; U13-U14 koruma cihazı olarak alınmadı
A13: 2CDS253001R0204 | B13: S203-C20; 3P C20, 6kA minyatür otomatik | C13: oto | D13: 2 | E13: ШТ. | F13: 48.51 | G13: =IF(ISNUMBER(F13),F13*Parametreler!$B$5,"") -> 11591.61 | H13: =IF(ISNUMBER(G13),G13*D13,"") -> 23183.22 | I13: ABB | J13: ADP PANOSU, UPS BÖLÜMÜ | K13: 6 kVA UPS cihazı beslemesi: 3x20 MCB-C | UPS bölümü toplam satırı: 3x20 MCB-C
B14: DIN ray, kablo kanalı, N/PE bara, klemens, pabuç, etiket, bağlantı sarf malzemeleri | C14: mont. matryal | D14: 2 | E14: компл. | G14: =IF(ISNUMBER(F14),F14*Parametreler!$B$5,"") | H14: =IF(ISNUMBER(G14),G14*D14,"") | I14: Üretim / yerel | J14: ADP PANOSU, UPS BÖLÜMÜ | K14: Fiyat üretim hesabında ayrıca girilecek
B15: Pano montaj işçiliği | C15: mont. rab. | D15: 2 | E15: компл. | G15: =IF(ISNUMBER(F15),F15*Parametreler!$B$5,"") | H15: =IF(ISNUMBER(G15),G15*D15,"") | I15: Üretim | J15: ADP PANOSU, UPS BÖLÜMÜ | K15: Fiyat üretim hesabında ayrıca girilecek
