Workbook

Sheet BOM
A1: ROW | B1: Наименование1 | C1: Tip | D1: Артикул | E1: Номенклатура | F1: Цена liste (KZT) | G1: Цена net (KZT) | H1: Сумма (KZT) | I1: Кол-во | J1: Ед.изм. | K1: Завод | M1: Kaynak (dosya/satır) | N1: Сумма (KZT)
A2: 1 | B2: =E2 -> ЩО-1 (ЩРВ-24) | E2: ЩО-1 (ЩРВ-24) | I2: 1 | J2: комплект
A3: 2 | B3: =B2 -> ЩО-1 (ЩРВ-24) | C3: korpus | D3: 713-15010 | E3: Pano met.ShRv-24b/o(320х405х120)S/A36IP31(TS) | F3: 15500 | G3: =0.6*F3 -> 9300 | H3: =G3*I3 -> 9300 | I3: 1 | J3: шт. | K3: teksan f | M3: EKT (19.06.2025) / panolar s.9 | N3: 9300
A4: 3 | B4: =B3 -> ЩО-1 (ЩРВ-24) | C4: OTO | D4: 814172 | E4: Авт. выкл. NXB-63 3P 25A 6кА х-ка C | F4: 5334 | G4: =F4*Kurallar!$B$2 -> 3200.4 | H4: =G4*I4 -> 3200.4 | I4: 1 | J4: шт. | K4: CHINT | M4: CHINT (13.06.2026) / satır 326 | N4: 3200.4
A5: 4 | B5: =B4 -> ЩО-1 (ЩРВ-24) | C5: OTO | D5: 814014 | E5: Авт. выкл. NXB-63 1P 16A 6кА х-ка C | F5: 1389 | G5: =F5*Kurallar!$B$2 -> 833.4 | H5: =G5*I5 -> 10000.8 | I5: 12 | J5: шт. | K5: CHINT | M5: CHINT (13.06.2026) / satır 277 | N5: 10000.8
A6: 5 | B6: =B5 -> ЩО-1 (ЩРВ-24) | C6: DİF | D6: 515381 | E6: Диф. авт. выкл. NXBLE-63YH 1P+N C16 30mA тип A, 6kA (R) | F6: 5104 | G6: =F6*Kurallar!$B$2 -> 3062.4 | H6: =G6*I6 -> 6124.8 | I6: 2 | J6: шт. | K6: CHINT | M6: CHINT (13.06.2026) / satır 754 | N6: 6124.8
A7: 6 | B7: =B6 -> ЩО-1 (ЩРВ-24) | C7: LOOBAR | D7: 130200355_ | E7: Шина N (PEN) 6х9мм 14/1 на изоляторах | F7: 415 | G7: =F7*Kurallar!$B$3 -> 415 | H7: =G7*I7 -> 415 | I7: 1 | J7: шт. | K7: pys | M7: EKT (19.06.2025) / bara s.5 | N7: 415
A8: 7 | B8: =B7 -> ЩО-1 (ЩРВ-24) | C8: LOOBAR | D8: 130200401_ | E8: Шина PE ШНИ 6х9 12-К-З на DIN-рейку | F8: 547 | G8: =F8*Kurallar!$B$3 -> 547 | H8: =G8*I8 -> 547 | I8: 1 | J8: шт. | K8: pys | M8: EKT (19.06.2025) / bara s.21 | N8: 547
A9: 8 | B9: =B8 -> ЩО-1 (ЩРВ-24) | C9: DIN ray | D9: 570003 | E9: DIN-рейка оцинкованная TH35-7.5 100cm | F9: 869 | G9: =F9*Kurallar!$B$2 -> 521.4 | H9: =G9*I9 -> 521.4 | I9: 1 | J9: шт. | K9: CHINT | M9: CHINT (13.06.2026) / satır 26 | N9: 521.4
A10: 9 | B10: =B9 -> ЩО-1 (ЩРВ-24) | C10: kanal | D10: 270300079_ | E10: Кабель-канал перф. 25х40 ИМПАКТ IEK (2м) | F10: 1094 | G10: =F10*Kurallar!$B$3 -> 1094 | H10: =G10*I10 -> 1094 | I10: 1 | J10: шт. | K10: EKT | M10: EKT (19.06.2025) / kablo kanali s.6 | N10: 1094
A11: 10 | B11: =B10 -> ЩО-1 (ЩРВ-24) | C11: montajный материал | E11: Montaj malzemesi (materyal toplamı × Kurallar!B5) | G11: =SUM(H3:H10)*Kurallar!$B$5 -> 936.102 | H11: =G11*I11 -> 936.102 | I11: 1 | J11: шт. | K11: montajный материал | N11: 936.102
A12: 11 | B12: =B11 -> ЩО-1 (ЩРВ-24) | C12: montajная работа | E12: Montaj işçiliği (materyal toplamı × Kurallar!B6) | G12: =SUM(H3:H10)*Kurallar!$B$6+200 -> 6440.68 | H12: =G12*I12 -> 6440.68 | I12: 1 | J12: шт. | K12: montajная работа | N12: 6440.68
A13: 12 | B13: Toplam ЩО-1 (ЩРВ-24) (1 компл.) | H13: =SUBTOTAL(9,H3:H12) -> 38580.182 | N13: 38580.182
A14: 13 | B14: =E14 -> ЩО-2 (ЩРВ-24) | E14: ЩО-2 (ЩРВ-24) | I14: 1 | J14: комплект
A15: 14 | B15: =B14 -> ЩО-2 (ЩРВ-24) | C15: korpus | D15: 713-15010 | E15: Pano met.ShRv-24b/o(320х405х120)S/A36IP31(TS) | F15: 15500 | G15: =0.6*F15 -> 9300 | H15: =G15*I15 -> 9300 | I15: 1 | J15: шт. | K15: teksan f | M15: EKT (19.06.2025) / panolar s.9 | N15: 9300
A16: 15 | B16: =B15 -> ЩО-2 (ЩРВ-24) | C16: OTO | D16: 814172 | E16: Авт. выкл. NXB-63 3P 25A 6кА х-ка C | F16: 5334 | G16: =F16*Kurallar!$B$2 -> 3200.4 | H16: =G16*I16 -> 3200.4 | I16: 1 | J16: шт. | K16: CHINT | M16: CHINT (13.06.2026) / satır 326 | N16: 3200.4
A17: 16 | B17: =B16 -> ЩО-2 (ЩРВ-24) | C17: OTO | D17: 814014 | E17: Авт. выкл. NXB-63 1P 16A 6кА х-ка C | F17: 1389 | G17: =F17*Kurallar!$B$2 -> 833.4 | H17: =G17*I17 -> 7500.6 | I17: 9 | J17: шт. | K17: CHINT | M17: CHINT (13.06.2026) / satır 277 | N17: 7500.6
A18: 17 | B18: =B17 -> ЩО-2 (ЩРВ-24) | C18: DİF | D18: 515381 | E18: Диф. авт. выкл. NXBLE-63YH 1P+N C16 30mA тип A, 6kA (R) | F18: 5104 | G18: =F18*Kurallar!$B$2 -> 3062.4 | H18: =G18*I18 -> 6124.8 | I18: 2 | J18: шт. | K18: CHINT | M18: CHINT (13.06.2026) / satır 754 | N18: 6124.8
A19: 18 | B19: =B18 -> ЩО-2 (ЩРВ-24) | C19: LOOBAR | D19: 130200355_ | E19: Шина N (PEN) 6х9мм 14/1 на изоляторах | F19: 415 | G19: =F19*Kurallar!$B$3 -> 415 | H19: =G19*I19 -> 415 | I19: 1 | J19: шт. | K19: pys | M19: EKT (19.06.2025) / bara s.5 | N19: 415
A20: 19 | B20: =B19 -> ЩО-2 (ЩРВ-24) | C20: LOOBAR | D20: 130200401_ | E20: Шина PE ШНИ 6х9 12-К-З на DIN-рейку | F20: 547 | G20: =F20*Kurallar!$B$3 -> 547 | H20: =G20*I20 -> 547 | I20: 1 | J20: шт. | K20: pys | M20: EKT (19.06.2025) / bara s.21 | N20: 547
A21: 20 | B21: =B20 -> ЩО-2 (ЩРВ-24) | C21: DIN ray | D21: 570003 | E21: DIN-рейка оцинкованная TH35-7.5 100cm | F21: 869 | G21: =F21*Kurallar!$B$2 -> 521.4 | H21: =G21*I21 -> 521.4 | I21: 1 | J21: шт. | K21: CHINT | M21: CHINT (13.06.2026) / satır 26 | N21: 521.4
A22: 21 | B22: =B21 -> ЩО-2 (ЩРВ-24) | C22: kanal | D22: 270300079_ | E22: Кабель-канал перф. 25х40 ИМПАКТ IEK (2м) | F22: 1094 | G22: =F22*Kurallar!$B$3 -> 1094 | H22: =G22*I22 -> 1094 | I22: 1 | J22: шт. | K22: EKT | M22: EKT (19.06.2025) / kablo kanali s.6 | N22: 1094
A23: 22 | B23: =B22 -> ЩО-2 (ЩРВ-24) | C23: montajный материал | E23: Montaj malzemesi (materyal toplamı × Kurallar!B5) | G23: =SUM(H15:H22)*Kurallar!$B$5 -> 861.096 | H23: =G23*I23 -> 861.096 | I23: 1 | J23: шт. | K23: montajный материал | N23: 861.096
A24: 23 | B24: =B23 -> ЩО-2 (ЩРВ-24) | C24: montajная работа | E24: Montaj işçiliği (materyal toplamı × Kurallar!B6) | G24: =SUM(H15:H22)*Kurallar!$B$6+600 -> 6340.64 | H24: =G24*I24 -> 6340.64 | I24: 1 | J24: шт. | K24: montajная работа | N24: 6340.64
A25: 24 | B25: Toplam ЩО-2 (ЩРВ-24) (1 компл.) | H25: =SUBTOTAL(9,H15:H24) -> 35904.936 | N25: 35904.936
A26: 25 | B26: =E26 -> ЩО-3 (ЩРВ-24) | E26: ЩО-3 (ЩРВ-24) | I26: 1 | J26: комплект
A27: 26 | B27: =B26 -> ЩО-3 (ЩРВ-24) | C27: korpus | D27: 713-15010 | E27: Pano met.ShRv-24b/o(320х405х120)S/A36IP31(TS) | F27: 15500 | G27: =0.6*F27 -> 9300 | H27: =G27*I27 -> 9300 | I27: 1 | J27: шт. | K27: teksan f | M27: EKT (19.06.2025) / panolar s.9 | N27: 9300
A28: 27 | B28: =B27 -> ЩО-3 (ЩРВ-24) | C28: OTO | D28: 814172 | E28: Авт. выкл. NXB-63 3P 25A 6кА х-ка C | F28: 5334 | G28: =F28*Kurallar!$B$2 -> 3200.4 | H28: =G28*I28 -> 3200.4 | I28: 1 | J28: шт. | K28: CHINT | M28: CHINT (13.06.2026) / satır 326 | N28: 3200.4
A29: 28 | B29: =B28 -> ЩО-3 (ЩРВ-24) | C29: OTO | D29: 814014 | E29: Авт. выкл. NXB-63 1P 16A 6кА х-ка C | F29: 1389 | G29: =F29*Kurallar!$B$2 -> 833.4 | H29: =G29*I29 -> 10000.8 | I29: 12 | J29: шт. | K29: CHINT | M29: CHINT (13.06.2026) / satır 277 | N29: 10000.8
A30: 29 | B30: =B29 -> ЩО-3 (ЩРВ-24) | C30: DİF | D30: 515381 | E30: Диф. авт. выкл. NXBLE-63YH 1P+N C16 30mA тип A, 6kA (R) | F30: 5104 | G30: =F30*Kurallar!$B$2 -> 3062.4 | H30: =G30*I30 -> 6124.8 | I30: 2 | J30: шт. | K30: CHINT | M30: CHINT (13.06.2026) / satır 754 | N30: 6124.8
A31: 30 | B31: =B30 -> ЩО-3 (ЩРВ-24) | C31: LOOBAR | D31: 130200355_ | E31: Шина N (PEN) 6х9мм 14/1 на изоляторах | F31: 415 | G31: =F31*Kurallar!$B$3 -> 415 | H31: =G31*I31 -> 415 | I31: 1 | J31: шт. | K31: pys | M31: EKT (19.06.2025) / bara s.5 | N31: 415
A32: 31 | B32: =B31 -> ЩО-3 (ЩРВ-24) | C32: LOOBAR | D32: 130200401_ | E32: Шина PE ШНИ 6х9 12-К-З на DIN-рейку | F32: 547 | G32: =F32*Kurallar!$B$3 -> 547 | H32: =G32*I32 -> 547 | I32: 1 | J32: шт. | K32: pys | M32: EKT (19.06.2025) / bara s.21 | N32: 547
A33: 32 | B33: =B32 -> ЩО-3 (ЩРВ-24) | C33: DIN ray | D33: 570003 | E33: DIN-рейка оцинкованная TH35-7.5 100cm | F33: 869 | G33: =F33*Kurallar!$B$2 -> 521.4 | H33: =G33*I33 -> 521.4 | I33: 1 | J33: шт. | K33: CHINT | M33: CHINT (13.06.2026) / satır 26 | N33: 521.4
A34: 33 | B34: =B33 -> ЩО-3 (ЩРВ-24) | C34: kanal | D34: 270300079_ | E34: Кабель-канал перф. 25х40 ИМПАКТ IEK (2м) | F34: 1094 | G34: =F34*Kurallar!$B$3 -> 1094 | H34: =G34*I34 -> 1094 | I34: 1 | J34: шт. | K34: EKT | M34: EKT (19.06.2025) / kablo kanali s.6 | N34: 1094
A35: 34 | B35: =B34 -> ЩО-3 (ЩРВ-24) | C35: montajный материал | E35: Montaj malzemesi (materyal toplamı × Kurallar!B5) | G35: =SUM(H27:H34)*Kurallar!$B$5 -> 936.102 | H35: =G35*I35 -> 936.102 | I35: 1 | J35: шт. | K35: montajный материал | N35: 936.102
A36: 35 | B36: =B35 -> ЩО-3 (ЩРВ-24) | C36: montajная работа | E36: Montaj işçiliği (materyal toplamı × Kurallar!B6) | G36: =SUM(H27:H34)*Kurallar!$B$6+100 -> 6340.68 | H36: =G36*I36 -> 6340.68 | I36: 1 | J36: шт. | K36: montajная работа | N36: 6340.68
A37: 36 | B37: Toplam ЩО-3 (ЩРВ-24) (1 компл.) | H37: =SUBTOTAL(9,H27:H36) -> 38480.182 | N37: 38480.182
A38: 37 | B38: =E38 -> ЩО-4 (ЩРВ-24) | E38: ЩО-4 (ЩРВ-24) | I38: 1 | J38: комплект
A39: 38 | B39: =B38 -> ЩО-4 (ЩРВ-24) | C39: korpus | D39: 713-15010 | E39: Pano met.ShRv-24b/o(320х405х120)S/A36IP31(TS) | F39: 15500 | G39: =0.6*F39 -> 9300 | H39: =G39*I39 -> 9300 | I39: 1 | J39: шт. | K39: teksan f | M39: EKT (19.06.2025) / panolar s.9 | N39: 9300
A40: 39 | B40: =B39 -> ЩО-4 (ЩРВ-24) | C40: OTO | D40: 814172 | E40: Авт. выкл. NXB-63 3P 25A 6кА х-ка C | F40: 5334 | G40: =F40*Kurallar!$B$2 -> 3200.4 | H40: =G40*I40 -> 3200.4 | I40: 1 | J40: шт. | K40: CHINT | M40: CHINT (13.06.2026) / satır 326 | N40: 3200.4
A41: 40 | B41: =B40 -> ЩО-4 (ЩРВ-24) | C41: OTO | D41: 814014 | E41: Авт. выкл. NXB-63 1P 16A 6кА х-ка C | F41: 1389 | G41: =F41*Kurallar!$B$2 -> 833.4 | H41: =G41*I41 -> 10834.2 | I41: 13 | J41: шт. | K41: CHINT | M41: CHINT (13.06.2026) / satır 277 | N41: 10834.2
A42: 41 | B42: =B41 -> ЩО-4 (ЩРВ-24) | C42: DİF | D42: 515381 | E42: Диф. авт. выкл. NXBLE-63YH 1P+N C16 30mA тип A, 6kA (R) | F42: 5104 | G42: =F42*Kurallar!$B$2 -> 3062.4 | H42: =G42*I42 -> 6124.8 | I42: 2 | J42: шт. | K42: CHINT | M42: CHINT (13.06.2026) / satır 754 | N42: 6124.8
A43: 42 | B43: =B42 -> ЩО-4 (ЩРВ-24) | C43: LOOBAR | D43: 130200355_ | E43: Шина N (PEN) 6х9мм 14/1 на изоляторах | F43: 415 | G43: =F43*Kurallar!$B$3 -> 415 | H43: =G43*I43 -> 415 | I43: 1 | J43: шт. | K43: pys | M43: EKT (19.06.2025) / bara s.5 | N43: 415
A44: 43 | B44: =B43 -> ЩО-4 (ЩРВ-24) | C44: LOOBAR | D44: 130200401_ | E44: Шина PE ШНИ 6х9 12-К-З на DIN-рейку | F44: 547 | G44: =F44*Kurallar!$B$3 -> 547 | H44: =G44*I44 -> 547 | I44: 1 | J44: шт. | K44: pys | M44: EKT (19.06.2025) / bara s.21 | N44: 547
A45: 44 | B45: =B44 -> ЩО-4 (ЩРВ-24) | C45: DIN ray | D45: 570003 | E45: DIN-рейка оцинкованная TH35-7.5 100cm | F45: 869 | G45: =F45*Kurallar!$B$2 -> 521.4 | H45: =G45*I45 -> 521.4 | I45: 1 | J45: шт. | K45: CHINT | M45: CHINT (13.06.2026) / satır 26 | N45: 521.4
A46: 45 | B46: =B45 -> ЩО-4 (ЩРВ-24) | C46: kanal | D46: 270300079_ | E46: Кабель-канал перф. 25х40 ИМПАКТ IEK (2м) | F46: 1094 | G46: =F46*Kurallar!$B$3 -> 1094 | H46: =G46*I46 -> 1094 | I46: 1 | J46: шт. | K46: EKT | M46: EKT (19.06.2025) / kablo kanali s.6 | N46: 1094
A47: 46 | B47: =B46 -> ЩО-4 (ЩРВ-24) | C47: montajный материал | E47: Montaj malzemesi (materyal toplamı × Kurallar!B5) | G47: =SUM(H39:H46)*Kurallar!$B$5 -> 961.104 | H47: =G47*I47 -> 961.104 | I47: 1 | J47: шт. | K47: montajный материал | N47: 961.104
A48: 47 | B48: =B47 -> ЩО-4 (ЩРВ-24) | C48: montajная работа | E48: Montaj işçiliği (materyal toplamı × Kurallar!B6) | G48: =SUM(H39:H46)*Kurallar!$B$6 -> 6407.36 | H48: =G48*I48 -> 6407.36 | I48: 1 | J48: шт. | K48: montajная работа | N48: 6407.36
A49: 48 | B49: Toplam ЩО-4 (ЩРВ-24) (1 компл.) | H49: =SUBTOTAL(9,H39:H48) -> 39405.264 | N49: 39405.264
A50: 49 | B50: =E50 -> ЩАО-1 (ЩРВ-9) | E50: ЩАО-1 (ЩРВ-9) | I50: 1 | J50: комплект
A51: 50 | B51: =B50 -> ЩАО-1 (ЩРВ-9) | C51: korpus | D51: 713-15037 | E51: Мет.Щит ЩРВ-9 (275x320x120) (TS) | F51: 10500 | G51: =0.6*F51 -> 6300 | H51: =G51*I51 -> 6300 | I51: 1 | J51: шт. | K51: teksan f | M51: EKT (19.06.2025) / panolar s.5 | N51: 6300
A52: 51 | B52: =B51 -> ЩАО-1 (ЩРВ-9) | C52: OTO | D52: 814172 | E52: Авт. выкл. NXB-63 3P 25A 6кА х-ка C | F52: 5334 | G52: =F52*Kurallar!$B$2 -> 3200.4 | H52: =G52*I52 -> 3200.4 | I52: 1 | J52: шт. | K52: CHINT | M52: CHINT (13.06.2026) / satır 326 | N52: 3200.4
A53: 52 | B53: =B52 -> ЩАО-1 (ЩРВ-9) | C53: OTO | D53: 814014 | E53: Авт. выкл. NXB-63 1P 16A 6кА х-ка C | F53: 1389 | G53: =F53*Kurallar!$B$2 -> 833.4 | H53: =G53*I53 -> 3333.6 | I53: 4 | J53: шт. | K53: CHINT | M53: CHINT (13.06.2026) / satır 277 | N53: 3333.6
A54: 53 | B54: =B53 -> ЩАО-1 (ЩРВ-9) | C54: LOOBAR | D54: 130200355_ | E54: Шина N (PEN) 6х9мм 14/1 на изоляторах | F54: 415 | G54: =F54*Kurallar!$B$3 -> 415 | H54: =G54*I54 -> 415 | I54: 1 | J54: шт. | K54: pys | M54: EKT (19.06.2025) / bara s.5 | N54: 415
A55: 54 | B55: =B54 -> ЩАО-1 (ЩРВ-9) | C55: LOOBAR | D55: 130200401_ | E55: Шина PE ШНИ 6х9 12-К-З на DIN-рейку | F55: 547 | G55: =F55*Kurallar!$B$3 -> 547 | H55: =G55*I55 -> 547 | I55: 1 | J55: шт. | K55: pys | M55: EKT (19.06.2025) / bara s.21 | N55: 547
A56: 55 | B56: =B55 -> ЩАО-1 (ЩРВ-9) | C56: DIN ray | D56: 570003 | E56: DIN-рейка оцинкованная TH35-7.5 100cm | F56: 869 | G56: =F56*Kurallar!$B$2 -> 521.4 | H56: =G56*I56 -> 521.4 | I56: 1 | J56: шт. | K56: CHINT | M56: CHINT (13.06.2026) / satır 26 | N56: 521.4
A57: 56 | B57: =B56 -> ЩАО-1 (ЩРВ-9) | C57: kanal | D57: 270300079_ | E57: Кабель-канал перф. 25х40 ИМПАКТ IEK (2м) | F57: 1094 | G57: =F57*Kurallar!$B$3 -> 1094 | H57: =G57*I57 -> 1094 | I57: 1 | J57: шт. | K57: EKT | M57: EKT (19.06.2025) / kablo kanali s.6 | N57: 1094
A58: 57 | B58: =B57 -> ЩАО-1 (ЩРВ-9) | C58: montajный материал | E58: Montaj malzemesi (materyal toplamı × Kurallar!B5) | G58: =SUM(H51:H57)*Kurallar!$B$5 -> 462.342 | H58: =G58*I58 -> 462.342 | I58: 1 | J58: шт. | K58: montajный материал | N58: 462.342
A59: 58 | B59: =B58 -> ЩАО-1 (ЩРВ-9) | C59: montajная работа | E59: Montaj işçiliği (materyal toplamı × Kurallar!B6) | G59: =SUM(H51:H57)*Kurallar!$B$6+2500 -> 5582.28 | H59: =G59*I59 -> 5582.28 | I59: 1 | J59: шт. | K59: montajная работа | N59: 5582.28
A60: 59 | B60: Toplam ЩАО-1 (ЩРВ-9) (1 компл.) | H60: =SUBTOTAL(9,H51:H59) -> 21456.022 | N60: 21456.022
A61: 60 | B61: =E61 -> ЩАО-2 (ЩРВ-9) | E61: ЩАО-2 (ЩРВ-9) | I61: 1 | J61: комплект
A62: 61 | B62: =B61 -> ЩАО-2 (ЩРВ-9) | C62: korpus | D62: 713-15037 | E62: Мет.Щит ЩРВ-9 (275x320x120) (TS) | F62: 10500 | G62: =0.6*F62 -> 6300 | H62: =G62*I62 -> 6300 | I62: 1 | J62: шт. | K62: teksan f | M62: EKT (19.06.2025) / panolar s.5 | N62: 6300
A63: 62 | B63: =B62 -> ЩАО-2 (ЩРВ-9) | C63: OTO | D63: 814172 | E63: Авт. выкл. NXB-63 3P 25A 6кА х-ка C | F63: 5334 | G63: =F63*Kurallar!$B$2 -> 3200.4 | H63: =G63*I63 -> 3200.4 | I63: 1 | J63: шт. | K63: CHINT | M63: CHINT (13.06.2026) / satır 326 | N63: 3200.4
A64: 63 | B64: =B63 -> ЩАО-2 (ЩРВ-9) | C64: OTO | D64: 814014 | E64: Авт. выкл. NXB-63 1P 16A 6кА х-ка C | F64: 1389 | G64: =F64*Kurallar!$B$2 -> 833.4 | H64: =G64*I64 -> 2500.2 | I64: 3 | J64: шт. | K64: CHINT | M64: CHINT (13.06.2026) / satır 277 | N64: 2500.2
A65: 64 | B65: =B64 -> ЩАО-2 (ЩРВ-9) | C65: LOOBAR | D65: 130200355_ | E65: Шина N (PEN) 6х9мм 14/1 на изоляторах | F65: 415 | G65: =F65*Kurallar!$B$3 -> 415 | H65: =G65*I65 -> 415 | I65: 1 | J65: шт. | K65: pys | M65: EKT (19.06.2025) / bara s.5 | N65: 415
A66: 65 | B66: =B65 -> ЩАО-2 (ЩРВ-9) | C66: LOOBAR | D66: 130200401_ | E66: Шина PE ШНИ 6х9 12-К-З на DIN-рейку | F66: 547 | G66: =F66*Kurallar!$B$3 -> 547 | H66: =G66*I66 -> 547 | I66: 1 | J66: шт. | K66: pys | M66: EKT (19.06.2025) / bara s.21 | N66: 547
A67: 66 | B67: =B66 -> ЩАО-2 (ЩРВ-9) | C67: DIN ray | D67: 570003 | E67: DIN-рейка оцинкованная TH35-7.5 100cm | F67: 869 | G67: =F67*Kurallar!$B$2 -> 521.4 | H67: =G67*I67 -> 521.4 | I67: 1 | J67: шт. | K67: CHINT | M67: CHINT (13.06.2026) / satır 26 | N67: 521.4
A68: 67 | B68: =B67 -> ЩАО-2 (ЩРВ-9) | C68: kanal | D68: 270300079_ | E68: Кабель-канал перф. 25х40 ИМПАКТ IEK (2м) | F68: 1094 | G68: =F68*Kurallar!$B$3 -> 1094 | H68: =G68*I68 -> 1094 | I68: 1 | J68: шт. | K68: EKT | M68: EKT (19.06.2025) / kablo kanali s.6 | N68: 1094
A69: 68 | B69: =B68 -> ЩАО-2 (ЩРВ-9) | C69: montajный материал | E69: Montaj malzemesi (materyal toplamı × Kurallar!B5) | G69: =SUM(H62:H68)*Kurallar!$B$5 -> 437.34 | H69: =G69*I69 -> 437.34 | I69: 1 | J69: шт. | K69: montajный материал | N69: 437.34
A70: 69 | B70: =B69 -> ЩАО-2 (ЩРВ-9) | C70: montajная работа | E70: Montaj işçiliği (materyal toplamı × Kurallar!B6) | G70: =SUM(H62:H68)*Kurallar!$B$6+2500 -> 5415.6 | H70: =G70*I70 -> 5415.6 | I70: 1 | J70: шт. | K70: montajная работа | N70: 5415.6
A71: 70 | B71: Toplam ЩАО-2 (ЩРВ-9) (1 компл.) | H71: =SUBTOTAL(9,H62:H70) -> 20430.94 | N71: 20430.94
A72: 71 | B72: =E72 -> ЩС-1 (ЩРВ-36) | E72: ЩС-1 (ЩРВ-36) | I72: 1 | J72: комплект
A73: 72 | B73: =B72 -> ЩС-1 (ЩРВ-36) | C73: korpus | D73: 713-15030 | E73: Мет. ЩРВ-36 (550x320x120) | F73: 18500 | G73: =0.6*F73 -> 11100 | H73: =G73*I73 -> 11100 | I73: 1 | J73: шт. | K73: teksan f | M73: EKT (19.06.2025) / panolar s.10 | N73: 11100
A74: 73 | B74: =B73 -> ЩС-1 (ЩРВ-36) | C74: OTO | D74: 814172 | E74: Авт. выкл. NXB-63 3P 25A 6кА х-ка C | F74: 5334 | G74: =F74*Kurallar!$B$2 -> 3200.4 | H74: =G74*I74 -> 3200.4 | I74: 1 | J74: шт. | K74: CHINT | M74: CHINT (13.06.2026) / satır 326 | N74: 3200.4
A75: 74 | B75: =B74 -> ЩС-1 (ЩРВ-36) | C75: DİF | D75: 515381 | E75: Диф. авт. выкл. NXBLE-63YH 1P+N C16 30mA тип A, 6kA (R) | F75: 5104 | G75: =F75*Kurallar!$B$2 -> 3062.4 | H75: =G75*I75 -> 27561.6 | I75: 9 | J75: шт. | K75: CHINT | M75: CHINT (13.06.2026) / satır 754 | N75: 27561.6
A76: 75 | B76: =B75 -> ЩС-1 (ЩРВ-36) | C76: LOOBAR | D76: 130200355_ | E76: Шина N (PEN) 6х9мм 14/1 на изоляторах | F76: 415 | G76: =F76*Kurallar!$B$3 -> 415 | H76: =G76*I76 -> 415 | I76: 1 | J76: шт. | K76: pys | M76: EKT (19.06.2025) / bara s.5 | N76: 415
A77: 76 | B77: =B76 -> ЩС-1 (ЩРВ-36) | C77: LOOBAR | D77: 130200401_ | E77: Шина PE ШНИ 6х9 12-К-З на DIN-рейку | F77: 547 | G77: =F77*Kurallar!$B$3 -> 547 | H77: =G77*I77 -> 547 | I77: 1 | J77: шт. | K77: pys | M77: EKT (19.06.2025) / bara s.21 | N77: 547
A78: 77 | B78: =B77 -> ЩС-1 (ЩРВ-36) | C78: DIN ray | D78: 570003 | E78: DIN-рейка оцинкованная TH35-7.5 100cm | F78: 869 | G78: =F78*Kurallar!$B$2 -> 521.4 | H78: =G78*I78 -> 1042.8 | I78: 2 | J78: шт. | K78: CHINT | M78: CHINT (13.06.2026) / satır 26 | N78: 1042.8
A79: 78 | B79: =B78 -> ЩС-1 (ЩРВ-36) | C79: kanal | D79: 270300079_ | E79: Кабель-канал перф. 25х40 ИМПАКТ IEK (2м) | F79: 1094 | G79: =F79*Kurallar!$B$3 -> 1094 | H79: =G79*I79 -> 1094 | I79: 1 | J79: шт. | K79: EKT | M79: EKT (19.06.2025) / kablo kanali s.6 | N79: 1094
A80: 79 | B80: =B79 -> ЩС-1 (ЩРВ-36) | C80: montajный материал | E80: Montaj malzemesi (materyal toplamı × Kurallar!B5) | G80: =SUM(H73:H79)*Kurallar!$B$5 -> 1348.824 | H80: =G80*I80 -> 1348.824 | I80: 1 | J80: шт. | K80: montajный материал | N80: 1348.824
A81: 80 | B81: =B80 -> ЩС-1 (ЩРВ-36) | C81: montajная работа | E81: Montaj işçiliği (materyal toplamı × Kurallar!B6) | G81: =SUM(H73:H79)*Kurallar!$B$6+400 -> 9392.16 | H81: =G81*I81 -> 9392.16 | I81: 1 | J81: шт. | K81: montajная работа | N81: 9392.16
A82: 81 | B82: Toplam ЩС-1 (ЩРВ-36) (1 компл.) | H82: =SUBTOTAL(9,H73:H81) -> 55701.784 | N82: 55701.784
A83: 82 | B83: =E83 -> ЩС-2 (ЩРВ-48) | E83: ЩС-2 (ЩРВ-48) | I83: 1 | J83: комплект
A84: 83 | B84: =B83 -> ЩС-2 (ЩРВ-48) | C84: korpus | D84: 713-15059 | E84: Щит ЩРв-48-3 620x310x120мм | F84: 19000 | G84: =0.6*F84 -> 11400 | H84: =G84*I84 -> 11400 | I84: 1 | J84: шт. | K84: teksan f | M84: EKT (19.06.2025) / panolar s.12 | N84: 11400
A85: 84 | B85: =B84 -> ЩС-2 (ЩРВ-48) | C85: OTO | D85: 814172 | E85: Авт. выкл. NXB-63 3P 25A 6кА х-ка C | F85: 5334 | G85: =F85*Kurallar!$B$2 -> 3200.4 | H85: =G85*I85 -> 3200.4 | I85: 1 | J85: шт. | K85: CHINT | M85: CHINT (13.06.2026) / satır 326 | N85: 3200.4
A86: 85 | B86: =B85 -> ЩС-2 (ЩРВ-48) | C86: DİF | D86: 515381 | E86: Диф. авт. выкл. NXBLE-63YH 1P+N C16 30mA тип A, 6kA (R) | F86: 5104 | G86: =F86*Kurallar!$B$2 -> 3062.4 | H86: =G86*I86 -> 33686.4 | I86: 11 | J86: шт. | K86: CHINT | M86: CHINT (13.06.2026) / satır 754 | N86: 33686.4
A87: 86 | B87: =B86 -> ЩС-2 (ЩРВ-48) | C87: DİF | D87: 515388 | E87: Диф. авт. выкл. NXBLE-63YH 1P+N C20 30mA тип A, 6kA (R) | F87: 5632 | G87: =F87*Kurallar!$B$2 -> 3379.2 | H87: =G87*I87 -> 3379.2 | I87: 1 | J87: шт. | K87: CHINT | M87: CHINT (13.06.2026) / satır 755 | N87: 3379.2
A88: 87 | B88: =B87 -> ЩС-2 (ЩРВ-48) | C88: LOOBAR | D88: 130200355_ | E88: Шина N (PEN) 6х9мм 14/1 на изоляторах | F88: 415 | G88: =F88*Kurallar!$B$3 -> 415 | H88: =G88*I88 -> 415 | I88: 1 | J88: шт. | K88: pys | M88: EKT (19.06.2025) / bara s.5 | N88: 415
A89: 88 | B89: =B88 -> ЩС-2 (ЩРВ-48) | C89: LOOBAR | D89: 130200401_ | E89: Шина PE ШНИ 6х9 12-К-З на DIN-рейку | F89: 547 | G89: =F89*Kurallar!$B$3 -> 547 | H89: =G89*I89 -> 547 | I89: 1 | J89: шт. | K89: pys | M89: EKT (19.06.2025) / bara s.21 | N89: 547
A90: 89 | B90: =B89 -> ЩС-2 (ЩРВ-48) | C90: DIN ray | D90: 570003 | E90: DIN-рейка оцинкованная TH35-7.5 100cm | F90: 869 | G90: =F90*Kurallar!$B$2 -> 521.4 | H90: =G90*I90 -> 1042.8 | I90: 2 | J90: шт. | K90: CHINT | M90: CHINT (13.06.2026) / satır 26 | N90: 1042.8
A91: 90 | B91: =B90 -> ЩС-2 (ЩРВ-48) | C91: kanal | D91: 270300079_ | E91: Кабель-канал перф. 25х40 ИМПАКТ IEK (2м) | F91: 1094 | G91: =F91*Kurallar!$B$3 -> 1094 | H91: =G91*I91 -> 2188 | I91: 2 | J91: шт. | K91: EKT | M91: EKT (19.06.2025) / kablo kanali s.6 | N91: 2188
A92: 91 | B92: =B91 -> ЩС-2 (ЩРВ-48) | C92: montajный материал | E92: Montaj malzemesi (materyal toplamı × Kurallar!B5) | G92: =SUM(H84:H91)*Kurallar!$B$5 -> 1675.764 | H92: =G92*I92 -> 1675.764 | I92: 1 | J92: шт. | K92: montajный материал | N92: 1675.764
A93: 92 | B93: =B92 -> ЩС-2 (ЩРВ-48) | C93: montajная работа | E93: Montaj işçiliği (materyal toplamı × Kurallar!B6) | G93: =SUM(H84:H91)*Kurallar!$B$6+3000 -> 14171.76 | H93: =G93*I93 -> 14171.76 | I93: 1 | J93: шт. | K93: montajная работа | N93: 14171.76
A94: 93 | B94: Toplam ЩС-2 (ЩРВ-48) (1 компл.) | H94: =SUBTOTAL(9,H84:H93) -> 71706.324 | N94: 71706.324
A95: 94 | B95: =E95 -> ЩС-3 (ЩРВ-54) | E95: ЩС-3 (ЩРВ-54) | I95: 1 | J95: комплект
A96: 95 | B96: =B95 -> ЩС-3 (ЩРВ-54) | C96: korpus | D96: 713-15060 | E96: Щит ЩРв-54-3 540x440x120мм | F96: 20040 | G96: =0.6*F96 -> 12024 | H96: =G96*I96 -> 12024 | I96: 1 | J96: шт. | K96: teksan f | M96: EKT (19.06.2025) / panolar s.13 | N96: 12024
A97: 96 | B97: =B96 -> ЩС-3 (ЩРВ-54) | C97: OTO | D97: 814172 | E97: Авт. выкл. NXB-63 3P 25A 6кА х-ка C | F97: 5334 | G97: =F97*Kurallar!$B$2 -> 3200.4 | H97: =G97*I97 -> 3200.4 | I97: 1 | J97: шт. | K97: CHINT | M97: CHINT (13.06.2026) / satır 326 | N97: 3200.4
A98: 97 | B98: =B97 -> ЩС-3 (ЩРВ-54) | C98: DİF | D98: 515381 | E98: Диф. авт. выкл. NXBLE-63YH 1P+N C16 30mA тип A, 6kA (R) | F98: 5104 | G98: =F98*Kurallar!$B$2 -> 3062.4 | H98: =G98*I98 -> 33686.4 | I98: 11 | J98: шт. | K98: CHINT | M98: CHINT (13.06.2026) / satır 754 | N98: 33686.4
A99: 98 | B99: =B98 -> ЩС-3 (ЩРВ-54) | C99: OTO | D99: 814170 | E99: Авт. выкл. NXB-63 3P 16A 6кА х-ка C | F99: 5462 | G99: =F99*Kurallar!$B$2 -> 3277.2 | H99: =G99*I99 -> 6554.4 | I99: 2 | J99: шт. | K99: CHINT | M99: CHINT (13.06.2026) / satır 321 | N99: 6554.4
A100: 99 | B100: =B99 -> ЩС-3 (ЩРВ-54) | C100: DİF | D100: 515388 | E100: Диф. авт. выкл. NXBLE-63YH 1P+N C20 30mA тип A, 6kA (R) | F100: 5632 | G100: =F100*Kurallar!$B$2 -> 3379.2 | H100: =G100*I100 -> 3379.2 | I100: 1 | J100: шт. | K100: CHINT | M100: CHINT (13.06.2026) / satır 755 | N100: 3379.2
...

Sheet Sayfa1
A1: Артикул | B1: Номенклатура | C1: Цена liste (KZT) | D1: Цена net (KZT) | E1: Сумма (KZT) | F1: Кол-во | G1: Ед.изм. | H1: Завод | J1: Kaynak (dosya/satır) | K1: Сумма (KZT) | L1: 2.3
B2: ЩО-1 (ЩРВ-24) | C2: =ROUNDUP(L2,-3) -> 89000 | D2: =C2*0.7 -> 62300 | E2: =D2*F2 -> 62300 | F2: 1 | G2: комплект | K2: 38580.182 | L2: =2.3*K2 -> 88734.419
B3: ЩО-2 (ЩРВ-24) | C3: =ROUNDUP(L3,-3) -> 83000 | D3: =C3*0.7 -> 58100 | E3: =D3*F3 -> 58100 | F3: 1 | G3: комплект | K3: 35904.936 | L3: =2.3*K3 -> 82581.353
B4: ЩО-3 (ЩРВ-24) | C4: =ROUNDUP(L4,-3) -> 89000 | D4: =C4*0.7 -> 62300 | E4: =D4*F4 -> 62300 | F4: 1 | G4: комплект | K4: 38480.182 | L4: =2.3*K4 -> 88504.419
B5: ЩО-4 (ЩРВ-24) | C5: =ROUNDUP(L5,-3) -> 91000 | D5: =C5*0.7 -> 63700 | E5: =D5*F5 -> 63700 | F5: 1 | G5: комплект | K5: 39405.264 | L5: =2.3*K5 -> 90632.107
B6: ЩАО-1 (ЩРВ-9) | C6: =ROUNDUP(L6,-3) -> 50000 | D6: =C6*0.7 -> 35000 | E6: =D6*F6 -> 35000 | F6: 1 | G6: комплект | K6: 21456.022 | L6: =2.3*K6 -> 49348.851
B7: ЩАО-2 (ЩРВ-9) | C7: =ROUNDUP(L7,-3) -> 47000 | D7: =C7*0.7 -> 32900 | E7: =D7*F7 -> 32900 | F7: 1 | G7: комплект | K7: 20430.94 | L7: =2.3*K7 -> 46991.162
B8: ЩС-1 (ЩРВ-36) | C8: =ROUNDUP(L8,-3) -> 129000 | D8: =C8*0.7 -> 90300 | E8: =D8*F8 -> 90300 | F8: 1 | G8: комплект | K8: 55701.784 | L8: =2.3*K8 -> 128114.1
B9: ЩС-2 (ЩРВ-48) | C9: =ROUNDUP(L9,-3) -> 165000 | D9: =C9*0.7 -> 115500 | E9: =D9*F9 -> 115500 | F9: 1 | G9: комплект | K9: 71706.324 | L9: =2.3*K9 -> 164924.55
B10: ЩС-3 (ЩРВ-54) | C10: =ROUNDUP(L10,-3) -> 186000 | D10: =C10*0.7 -> 130200 | E10: =D10*F10 -> 130200 | F10: 1 | G10: комплект | K10: 80535.756 | L10: =2.3*K10 -> 185232.24
B11: ЩС-4 (ЩРВ-48, büyütüldü) | C11: =ROUNDUP(L11,-3) -> 198000 | D11: =C11*0.7 -> 138600 | E11: =D11*F11 -> 138600 | F11: 1 | G11: комплект | K11: 85971.096 | L11: =2.3*K11 -> 197733.52
B12: ЩС-5 (ЩСВ) (ЩРВ-36) | C12: =ROUNDUP(L12,-3) -> 132000 | D12: =C12*0.7 -> 92400 | E12: =D12*F12 -> 92400 | F12: 1 | G12: комплект | K12: 57008.78 | L12: =2.3*K12 -> 131120.19
B13: ЩС-6 (ЩСВ) (ЩРВ-24, büyütüldü) | C13: =ROUNDUP(L13,-3) -> 103000 | D13: =C13*0.7 -> 72100 | E13: =D13*F13 -> 72100 | F13: 1 | G13: комплект | K13: 44687.868 | L13: =2.3*K13 -> 102782.1
... B20: Ящик управления (Я5111-2674, Iн=5А) | C20: =ROUNDUP(L20,-3) -> 51000 | D20: =C20*0.7 -> 35700 | E20: =D20*F20 -> 107100 | F20: 3 | G20: комплект | K20: 22108.266 | L20: =2.3*K20 -> 50849.012
C21: =ROUNDUP(L21,-3) -> 4020000 | D21: =C21*0.7 -> 2814000 | E21: =SUM(E2:E20) -> 2890300 | K21: =SUM(K2:K20) -> 1747504.8 | L21: =SUM(L2:L20) -> 4019261.1
D26: =15*K21 -> 26212573

Sheet СВОД
A1: № | B1: Наименование щита | C1: Кол-во, компл. | D1: Цена за компл. (KZT) | E1: Сумма (KZT)
A2: 1 | B2: ЩО-1 (ЩРВ-24) | C2: 1 | D2: =BOM!H13 -> 38580.182 | E2: =C2*D2 -> 38580.182
A3: 2 | B3: ЩО-2 (ЩРВ-24) | C3: 1 | D3: =BOM!H25 -> 35904.936 | E3: =C3*D3 -> 35904.936
A4: 3 | B4: ЩО-3 (ЩРВ-24) | C4: 1 | D4: =BOM!H37 -> 38480.182 | E4: =C4*D4 -> 38480.182
A5: 4 | B5: ЩО-4 (ЩРВ-24) | C5: 1 | D5: =BOM!H49 -> 39405.264 | E5: =C5*D5 -> 39405.264
A6: 5 | B6: ЩАО-1 (ЩРВ-9) | C6: 1 | D6: =BOM!H60 -> 21456.022 | E6: =C6*D6 -> 21456.022
A7: 6 | B7: ЩАО-2 (ЩРВ-9) | C7: 1 | D7: =BOM!H71 -> 20430.94 | E7: =C7*D7 -> 20430.94
A8: 7 | B8: ЩС-1 (ЩРВ-36) | C8: 1 | D8: =BOM!H82 -> 55701.784 | E8: =C8*D8 -> 55701.784
A9: 8 | B9: ЩС-2 (ЩРВ-48) | C9: 1 | D9: =BOM!H94 -> 71706.324 | E9: =C9*D9 -> 71706.324
A10: 9 | B10: ЩС-3 (ЩРВ-54) | C10: 1 | D10: =BOM!H107 -> 80535.756 | E10: =C10*D10 -> 80535.756
A11: 10 | B11: ЩС-4 (ЩРВ-48, büyütüldü) | C11: 1 | D11: =BOM!H126 -> 85971.096 | E11: =C11*D11 -> 85971.096
A12: 11 | B12: ЩС-5 (ЩСВ) (ЩРВ-36) | C12: 1 | D12: =BOM!H140 -> 57008.78 | E12: =C12*D12 -> 57008.78
A13: 12 | B13: ЩС-6 (ЩСВ) (ЩРВ-24, büyütüldü) | C13: 1 | D13: =BOM!H152 -> 44687.868 | E13: =C13*D13 -> 44687.868
A14: 13 | B14: ВРУ1-11-10 | C14: 1 | D14: =BOM!H165 -> 513188.43 | E14: =C14*D14 -> 513188.43
A15: 14 | B15: ВРУ1-47-00 №1 (2x25А+1x40А+2x50А) | C15: 1 | D15: =BOM!H177 -> 206346.38 | E15: =C15*D15 -> 206346.38
A16: 15 | B16: ВРУ1-47-00 №2 (1x32А+2x40А+2x50А) | C16: 1 | D16: =BOM!H189 -> 206346.38 | E16: =C16*D16 -> 206346.38
A17: 16 | B17: ЯАВР (АВР, proje: ЯАВР-160А — KONTROL) | C17: 1 | D17: =BOM!H195 -> 165429.72 | E17: =C17*D17 -> 165429.72
A18: 17 | B18: Ящик управления (Я5411-1874, Iн=1А) | C18: 1 | D18: =BOM!H205 -> 22108.266 | E18: =C18*D18 -> 22108.266
A19: 18 | B19: Ящик управления (Я5111-2274, Iн=2А) | C19: 1 | D19: =BOM!H215 -> 22108.266 | E19: =C19*D19 -> 22108.266
A20: 19 | B20: Ящик управления (Я5111-2674, Iн=5А) | C20: 3 | D20: =BOM!H225 -> 22108.266 | E20: =C20*D20 -> 66324.798
B21: GENEL TOPLAM | E21: =SUM(E2:E20) -> 1791721.4

Sheet Kurallar
A1: KURALLAR — sarı hücreler düzenlenebilir
A2: CHINT katsayı (net = liste × katsayı) | B2: 0.6
A3: EKT katsayı | B3: 1
A4: Saiman katsayı | B4: 1
A5: Montaj malzemesi % | B5: 0.03
A6: Montaj işçilik % | B6: 0.2
A9: FİYAT KAYNAKLARI ve TAZELİK (BOM tarihi: 13.07.2026):
A10: CHINT — 260613 chint Остатки...xlsx, 13.06.2026 (güncel). Net = liste × B2.
A11: EKT — 19062025 EKT PRICE.xlsx, 17.06.2025 (~13 ay, UYARI bandı 12-18 ay). Net = liste × B3.
A12: Saiman — САЙМАН 2026 прайс, 2026 (güncel, onaylı tarife). Net = liste × B4.
A13: Kaynak sütununda dosya/sayfa/satır no verilmiştir; fiyat güncellemesinde aynı satıra bakınız.
A15: NOTLAR:
A16: ЩС-4: modül hesabı 34 mod + %20 > 36 → korpus ЩРВ-48'e büyütüldü (projede ЩРВ-36).
A17: ЩС-6: 18 mod + %20 > 18 → korpus ЩРВ-24'e büyütüldü (projede ЩРВ-18).
A18: ВРУ1-11-10: rubilnik 200А yerine ВР-32-35 250А (200А 2-yönlü EKT/CHINT'te yok).
A19: АВР: proje ЯАВР-160А; giriş akımı 58,44А → АВР 100А DEK önerildi (KONTROL).
A20: Sayaç СА4У-Э412 5А → Saiman Дала СА4У-Э720 5-7,5А (trafo bağlantılı) muadili.
A21: Ящик upravleniya Я5411/Я5111 → ЩМП-1-1 + NXC-09 + NXR-25 + buton/lamba olarak komple edildi (TECHNICAL).
