Workbook

Sheet BOM
A1: ROW | B1: Наименование1 | C1: Тип | D1: Артикул | E1: Номенклатура | F1: Цена (прайс) | G1: Цена нетто | H1: Сумма | I1: Кол-во | J1: Ед.изм. | K1: Завод | L1: MALZ
A2: 1 | B2: ADP-CELALABAD/K | C2: korpus | D2: 719-15626 | E2: Мет. Щит 1700x700x400 + 10 см база, IP54, dikili, dış ortam | F2: =Kurallar!$C$58 -> 117250 | G2: =F2*Kurallar!$C$11 -> 117250 | H2: =G2*I2 -> 117250 | I2: 1 | J2: шт. | K2: KAZTEK | L2: 117250
A3: 2 | B3: ADP-CELALABAD/K | C3: TMŞ | D3: 131367 | E3: Авт. выкл. NXM-250S/3Р 200A 36кА (R) | F3: 34800 | G3: =F3*Kurallar!$C$10 -> 20880 | H3: =G3*I3 -> 41760 | I3: 2 | J3: шт. | K3: chint | L3: 41760
A4: 3 | B4: ADP-CELALABAD/K | C4: blok | D4: 946972 | E4: Независимый расцепитель SHT-M3 A1 L для NXM(LE)-320(250) AC230V (левый) (R) | F4: 6054 | G4: =F4*Kurallar!$C$10 -> 3632.4 | H4: =G4*I4 -> 3632.4 | I4: 1 | J4: шт. | K4: chint | L4: 3632.4
A5: 4 | B5: ADP-CELALABAD/K | C5: buton | D5: 574862 | E5: Кнопка управления «Грибок» Φ40 с фиксацией NP2-BS542, красная 1НЗ IP40 | F5: 1799 | G5: =F5*Kurallar!$C$10 -> 1079.4 | H5: =G5*I5 -> 1079.4 | I5: 1 | J5: шт. | K5: chint | L5: 1079.4
A6: 5 | B6: ADP-CELALABAD/K | C6: OTO | D6: 813875 | E6: Авт. выкл. NXB-63H 3P 40A 10кА х-ка C (R) | F6: 11002 | G6: =F6*Kurallar!$C$10 -> 6601.2 | H6: =G6*I6 -> 26404.8 | I6: 4 | J6: шт. | K6: chint | L6: 26404.8
A7: 6 | B7: ADP-CELALABAD/K | C7: OTO | D7: 813874 | E7: Авт. выкл. NXB-63H 3P 32A 10кА х-ка C (R) | F7: 11771 | G7: =F7*Kurallar!$C$10 -> 7062.6 | H7: =G7*I7 -> 21187.8 | I7: 3 | J7: шт. | K7: chint | L7: 21187.8
A8: 7 | B8: ADP-CELALABAD/K | C8: OTO | D8: 813873 | E8: Авт. выкл. NXB-63H 3P 25A 10кА х-ка C (R) | F8: 10552 | G8: =F8*Kurallar!$C$10 -> 6331.2 | H8: =G8*I8 -> 6331.2 | I8: 1 | J8: шт. | K8: chint | L8: 6331.2
A9: 8 | B9: ADP-CELALABAD/K | C9: OTO | D9: 814171 | E9: Авт. выкл. NXB-63 3P 20A 6кА х-ка C (R) [шема: 10 кА] | F9: 5884 | G9: =F9*Kurallar!$C$10 -> 3530.4 | H9: =G9*I9 -> 3530.4 | I9: 1 | J9: шт. | K9: chint | L9: 3530.4
A10: 9 | B10: ADP-CELALABAD/K | C10: OTO | D10: 296695 | E10: Авт. выкл. NXB-63S 1P 6А 4.5kA х-ка B (R) | F10: 1094 | G10: =F10*Kurallar!$C$10 -> 656.4 | H10: =G10*I10 -> 1969.2 | I10: 3 | J10: шт. | K10: chint | L10: 1969.2
A11: 10 | B11: ADP-CELALABAD/K | C11: DİF | D11: 280934 | E11: УЗО NXL-63 10kA 3P+N 63A 300mA AC (R) | F11: 15688 | G11: =F11*Kurallar!$C$10 -> 9412.8 | H11: =G11*I11 -> 9412.8 | I11: 1 | J11: шт. | K11: chint | L11: 9412.8
A12: 11 | B12: ADP-CELALABAD/K | C12: DİF | D12: 280931 | E12: УЗО NXL-63 10kA 3P+N 25A 300mA AC (R) | F12: 14942 | G12: =F12*Kurallar!$C$10 -> 8965.2 | H12: =G12*I12 -> 8965.2 | I12: 1 | J12: шт. | K12: chint | L12: 8965.2
A13: 12 | B13: ADP-CELALABAD/K | C13: opn | D13: 308602 | E13: Ограничитель имп. перенапр. NXU-I+II 4P In=25kA Uc=385В Iimp=12.5kA (R) | F13: 56704 | G13: =F13*Kurallar!$C$10 -> 34022.4 | H13: =G13*I13 -> 34022.4 | I13: 1 | J13: шт. | K13: chint | L13: 34022.4
A14: 13 | B14: ADP-CELALABAD/K | C14: fu | D14: 521366 | E14: Держатель плавкой вставки RT36-0-160, габарит 0, 160А | F14: 3100 | G14: =F14*Kurallar!$C$10 -> 1860 | H14: =G14*I14 -> 7440 | I14: 4 | J14: шт. | K14: chint | L14: 7440
... A20: 19 | B20: ADP-CELALABAD/K | C20: lamb | D20: 593075 | E20: Индикатор ND16-22D/2 красный AC/DC230В (R) [L3] | F20: 571 | G20: =F20*Kurallar!$C$10 -> 342.6 | H20: =G20*I20 -> 342.6 | I20: 1 | J20: шт. | K20: chint | L20: 342.6
A21: 20 | B21: ADP-CELALABAD/K | C21: LOOBAR | D21: 718-42016 | E21: Шина медная нулевая 8х12 мм, 1 м | F21: 7415 | G21: =F21*Kurallar!$C$11 -> 7415 | H21: =G21*I21 -> 29660 | I21: 4 | J21: м | K21: PYS | L21: 29660
A22: 21 | B22: ADP-CELALABAD/K | C22: Klemens | D22: 718-42040 | E22: Клеммник на DIN-рейку 35 мм² | F22: 825 | G22: =F22*Kurallar!$C$11 -> 825 | H22: =G22*I22 -> 4125 | I22: 5 | J22: шт. | K22: PYS | L22: 4125
A23: 22 | B23: ADP-CELALABAD/K | C23: Klemens | D23: 718-42033 | E23: Клеммник на DIN-рейку 16 мм² | F23: 260 | G23: =F23*Kurallar!$C$11 -> 260 | H23: =G23*I23 -> 7800 | I23: 30 | J23: шт. | K23: PYS | L23: 7800
A24: 23 | B24: ADP-CELALABAD/K | C24: Klemens | D24: 718-42030 | E24: Клеммник на DIN-рейку 6 мм² | F24: 445 | G24: =F24*Kurallar!$C$11 -> 445 | H24: =G24*I24 -> 11125 | I24: 25 | J24: шт. | K24: PYS | L24: 11125
A25: 24 | B25: ADP-CELALABAD/K | C25: LOOBAR | D25: 718-84009 | E25: Шина «N» нулевая 4х11 групп на DIN-рейку в корпусе IEK | F25: 4610 | G25: =F25*Kurallar!$C$11 -> 4610 | H25: =G25*I25 -> 4610 | I25: 1 | J25: шт. | K25: IEK | L25: 4610
A26: 26 | B26: ADP-CELALABAD/K | C26: montaj | D26: 408-15050 | E26: Кабель-канал перфорированный 60x40 | F26: 385 | G26: =F26*Kurallar!$C$11 -> 385 | H26: =G26*I26 -> 770 | I26: 2 | J26: м | K26: PYS | L26: 770
A27: 27 | B27: ADP-CELALABAD/K | C27: montajный материал | D27: — | E27: Монтажный материал (клеммы NSHVI, маркировка, крепёж, провод) | F27: =ROUND(SUM(H2:H26)*Kurallar!$C$12,0) -> 10488 | G27: =F27 -> 10488 | H27: =G27*I27 -> 10.488 | I27: 0.001 | J27: шт. | K27: TEKLED | L27: 10.488
A28: 28 | B28: ADP-CELALABAD/K | C28: montajная работа | D28: — | E28: Монтажные работы (сборка, маркировка, испытание) | F28: =ROUND(I28/60,1) -> 6.9 | G28: =Kurallar!$C$13 -> 100 | H28: =G28*I28 -> 41300 | I28: =ROUND((Kurallar!$C$53+Kurallar!$C$32*2+Kurallar!$C$42*1+Kurallar!$C$31*9+Kurallar!$C$30*3+Kurallar!$C$34*2+Kurallar!$C$35*1+Kurallar!$C$36*8+Kurallar!$C$41*3+Kurallar!$C$50*4+Kurallar!$C$45*60+Kurallar!$C$47*2+Kurallar!$C$48*4+Kurallar!$C$49*8)*Kurallar!$C$54,0)/3 -> 413 | J28: мин. | K28: TEKLED | L28: 61950
A29: 29 | B29: ПОДВАЛ-ELP | C29: korpus | D29: özel imalat | E29: Özel imalat sıva altı 500x800x180, üstten girişli, klemens bölmesi 30 cm | F29: =Kurallar!$C$59 -> 55000 | G29: =F29*Kurallar!$C$11 -> 55000 | H29: =G29*I29 -> 55000 | I29: 1 | J29: шт. | K29: KAZTEK | L29: 55000
A30: 30 | B30: ПОДВАЛ-ELP | C30: OTO | D30: 814172 | E30: Авт. выкл. NXB-63 3P 25A 6кА х-ка C (R) [giriş] | F30: 5334 | G30: =F30*Kurallar!$C$10 -> 3200.4 | H30: =G30*I30 -> 3200.4 | I30: 1 | J30: шт. | K30: chint | L30: 3200.4
A31: 31 | B31: ПОДВАЛ-ELP | C31: OTO | D31: 296695 | E31: Авт. выкл. NXB-63S 1P 6А 4.5kA х-ка B (R) | F31: 1094 | G31: =F31*Kurallar!$C$10 -> 656.4 | H31: =G31*I31 -> 1969.2 | I31: 3 | J31: шт. | K31: chint | L31: 1969.2
A32: 32 | B32: ПОДВАЛ-ELP | C32: DİF | D32: 280721 | E32: УЗО NXL-63 6kA 1P+N 25A 30mA AC (R) | F32: 7422 | G32: =F32*Kurallar!$C$10 -> 4453.2 | H32: =G32*I32 -> 8906.4 | I32: 2 | J32: шт. | K32: chint | L32: 8906.4
A33: 33 | B33: ПОДВАЛ-ELP | C33: DİF | D33: 280789 | E33: УЗО NXL-63 6kA 3P+N 25A 30mA AC (R) | F33: 13357 | G33: =F33*Kurallar!$C$10 -> 8014.2 | H33: =G33*I33 -> 16028.4 | I33: 2 | J33: шт. | K33: chint | L33: 16028.4
A34: 34 | B34: ПОДВАЛ-ELP | C34: DİF | D34: 280791 | E34: УЗО NXL-63 6kA 3P+N 40A 30mA AC (R) | F34: 13357 | G34: =F34*Kurallar!$C$10 -> 8014.2 | H34: =G34*I34 -> 8014.2 | I34: 1 | J34: шт. | K34: chint | L34: 8014.2
A35: 35 | B35: ПОДВАЛ-ELP | C35: OTO | D35: 296696 | E35: Авт. выкл. NXB-63S 1P 10А 4.5kA х-ка B (R) | F35: 897 | G35: =F35*Kurallar!$C$10 -> 538.2 | H35: =G35*I35 -> 2152.8 | I35: 4 | J35: шт. | K35: chint | L35: 2152.8
A36: 36 | B36: ПОДВАЛ-ELP | C36: OTO | D36: 296710 | E36: Авт. выкл. NXB-63S 1P 16А 4.5kA х-ка C (R) | F36: 783 | G36: =F36*Kurallar!$C$10 -> 469.8 | H36: =G36*I36 -> 3288.6 | I36: 7 | J36: шт. | K36: chint | L36: 3288.6
A37: 37 | B37: ПОДВАЛ-ELP | C37: OTO | D37: 296827 | E37: Авт. выкл. NXB-63S 3P 16А 4.5kA х-ка C (R) | F37: 2337 | G37: =F37*Kurallar!$C$10 -> 1402.2 | H37: =G37*I37 -> 2804.4 | I37: 2 | J37: шт. | K37: chint | L37: 2804.4
A38: 38 | B38: ПОДВАЛ-ELP | C38: lamb | D38: 593076 | E38: Индикатор ND16-22D/2 желтый AC/DC230В (R) [L1] | F38: 571 | G38: =F38*Kurallar!$C$10 -> 342.6 | H38: =G38*I38 -> 342.6 | I38: 1 | J38: шт. | K38: chint | L38: 342.6
A39: 39 | B39: ПОДВАЛ-ELP | C39: lamb | D39: 593077 | E39: Индикатор ND16-22D/2 зеленый AC/DC230В (R) [L2] | F39: 589 | G39: =F39*Kurallar!$C$10 -> 353.4 | H39: =G39*I39 -> 353.4 | I39: 1 | J39: шт. | K39: chint | L39: 353.4
A40: 40 | B40: ПОДВАЛ-ELP | C40: lamb | D40: 593075 | E40: Индикатор ND16-22D/2 красный AC/DC230В (R) [L3] | F40: 571 | G40: =F40*Kurallar!$C$10 -> 342.6 | H40: =G40*I40 -> 342.6 | I40: 1 | J40: шт. | K40: chint | L40: 342.6
A41: 41 | B41: ПОДВАЛ-ELP | C41: LOOBAR | D41: 811000 | E41: Шина соединительная типа PIN 1P, 63А, L=1000 мм (R) | F41: 4465 | G41: =F41*Kurallar!$C$10 -> 2679 | H41: =G41*I41 -> 2679 | I41: 1 | J41: шт. | K41: chint | L41: 2679
A42: 42 | B42: ПОДВАЛ-ELP | C42: Klemens | D42: 718-42025 | E42: Клеммник на DIN-рейку 2,5 мм² | F42: 130 | G42: =F42*Kurallar!$C$11 -> 130 | H42: =G42*I42 -> 3900 | I42: 30 | J42: шт. | K42: PYS | L42: 5850
A43: 43 | B43: ПОДВАЛ-ELP | C43: Klemens | D43: 718-42030 | E43: Клеммник на DIN-рейку 6 мм² [giriş 5x4 мм²] | F43: 445 | G43: =F43*Kurallar!$C$11 -> 445 | H43: =G43*I43 -> 2225 | I43: 5 | J43: шт. | K43: PYS | L43: 2225
A44: 44 | B44: ПОДВАЛ-ELP | C44: LOOBAR | D44: 718-84018 | E44: Шина «N» нулевая 4х7 групп на DIN-рейку в корпусе IEK | F44: 3610 | G44: =F44*Kurallar!$C$11 -> 3610 | H44: =G44*I44 -> 3610 | I44: 1 | J44: шт. | K44: IEK | L44: 7220
A45: 46 | B45: ПОДВАЛ-ELP | C45: montaj | D45: 408-15040 | E45: Кабель-канал перфорированный 40x25 | F45: 210 | G45: =F45*Kurallar!$C$11 -> 210 | H45: =G45*I45 -> 1260 | I45: 6 | J45: м | K45: PYS | L45: 1260
A46: 47 | B46: ПОДВАЛ-ELP | C46: montajный материал | D46: — | E46: Монтажный материал (клеммы NSHVI, маркировка, крепёж, провод) | F46: =ROUND(SUM(H29:H45)*Kurallar!$C$12,0) -> 3482 | G46: =F46 -> 3482 | H46: =G46*I46 -> 3482 | I46: 1 | J46: шт. | K46: TEKLED | L46: 3696
A47: 48 | B47: ПОДВАЛ-ELP | C47: montajная работа | D47: — | E47: Монтажные работы (сборка, маркировка, испытание) | F47: =ROUND(I47/60,1) -> 4 | G47: =Kurallar!$C$13 -> 100 | H47: =G47*I47 -> 24166.667 | I47: =ROUND((Kurallar!$C$52+Kurallar!$C$31*3+Kurallar!$C$30*14+Kurallar!$C$33*2+Kurallar!$C$34*3+Kurallar!$C$41*3+Kurallar!$C$46*1+Kurallar!$C$45*50+Kurallar!$C$47*2+Kurallar!$C$48*3+Kurallar!$C$49*6)*Kurallar!$C$54,0)/3 -> 241.66667 | J47: мин. | K47: TEKLED | L47: 72500
A48: 49 | B48: АДМИНИСТРАЦИЯ-ELP | C48: korpus | D48: özel imalat | E48: Özel imalat sıva altı 500x900x180, üstten girişli, klemens bölmesi 30 cm | F48: =Kurallar!$C$60 -> 60000 | G48: =F48*Kurallar!$C$11 -> 60000 | H48: =G48*I48 -> 60000 | I48: 1 | J48: шт. | K48: KAZTEK | L48: 60000
A49: 50 | B49: АДМИНИСТРАЦИЯ-ELP | C49: OTO | D49: 814172 | E49: Авт. выкл. NXB-63 3P 25A 6кА х-ка C (R) [giriş] | F49: 5334 | G49: =F49*Kurallar!$C$10 -> 3200.4 | H49: =G49*I49 -> 3200.4 | I49: 1 | J49: шт. | K49: chint | L49: 3200.4
A50: 51 | B50: АДМИНИСТРАЦИЯ-ELP | C50: OTO | D50: 296695 | E50: Авт. выкл. NXB-63S 1P 6А 4.5kA х-ка B (R) | F50: 1094 | G50: =F50*Kurallar!$C$10 -> 656.4 | H50: =G50*I50 -> 1969.2 | I50: 3 | J50: шт. | K50: chint | L50: 1969.2
A51: 52 | B51: АДМИНИСТРАЦИЯ-ELP | C51: DİF | D51: 280789 | E51: УЗО NXL-63 6kA 3P+N 25A 30mA AC (R) | F51: 13357 | G51: =F51*Kurallar!$C$10 -> 8014.2 | H51: =G51*I51 -> 8014.2 | I51: 1 | J51: шт. | K51: chint | L51: 8014.2
A52: 53 | B52: АДМИНИСТРАЦИЯ-ELP | C52: DİF | D52: 280791 | E52: УЗО NXL-63 6kA 3P+N 40A 30mA AC (R) | F52: 13357 | G52: =F52*Kurallar!$C$10 -> 8014.2 | H52: =G52*I52 -> 24042.6 | I52: 3 | J52: шт. | K52: chint | L52: 24042.6
A53: 54 | B53: АДМИНИСТРАЦИЯ-ELP | C53: OTO | D53: 296696 | E53: Авт. выкл. NXB-63S 1P 10А 4.5kA х-ка B (R) | F53: 897 | G53: =F53*Kurallar!$C$10 -> 538.2 | H53: =G53*I53 -> 5920.2 | I53: 11 | J53: шт. | K53: chint | L53: 5920.2
A54: 55 | B54: АДМИНИСТРАЦИЯ-ELP | C54: OTO | D54: 296710 | E54: Авт. выкл. NXB-63S 1P 16А 4.5kA х-ка C (R) | F54: 783 | G54: =F54*Kurallar!$C$10 -> 469.8 | H54: =G54*I54 -> 6107.4 | I54: 13 | J54: шт. | K54: chint | L54: 6107.4
A55: 56 | B55: АДМИНИСТРАЦИЯ-ELP | C55: lamb | D55: 593076 | E55: Индикатор ND16-22D/2 желтый AC/DC230В (R) [L1] | F55: 571 | G55: =F55*Kurallar!$C$10 -> 342.6 | H55: =G55*I55 -> 342.6 | I55: 1 | J55: шт. | K55: chint | L55: 342.6
A56: 57 | B56: АДМИНИСТРАЦИЯ-ELP | C56: lamb | D56: 593077 | E56: Индикатор ND16-22D/2 зеленый AC/DC230В (R) [L2] | F56: 589 | G56: =F56*Kurallar!$C$10 -> 353.4 | H56: =G56*I56 -> 353.4 | I56: 1 | J56: шт. | K56: chint | L56: 353.4
A57: 58 | B57: АДМИНИСТРАЦИЯ-ELP | C57: lamb | D57: 593075 | E57: Индикатор ND16-22D/2 красный AC/DC230В (R) [L3] | F57: 571 | G57: =F57*Kurallar!$C$10 -> 342.6 | H57: =G57*I57 -> 342.6 | I57: 1 | J57: шт. | K57: chint | L57: 342.6
A58: 59 | B58: АДМИНИСТРАЦИЯ-ELP | C58: LOOBAR | D58: 811000 | E58: Шина соединительная типа PIN 1P, 63А, L=1000 мм (R) | F58: 4465 | G58: =F58*Kurallar!$C$10 -> 2679 | H58: =G58*I58 -> 2679 | I58: 1 | J58: шт. | K58: chint | L58: 5358
A59: 60 | B59: АДМИНИСТРАЦИЯ-ELP | C59: Klemens | D59: 718-42025 | E59: Клеммник на DIN-рейку 2,5 мм² | F59: 130 | G59: =F59*Kurallar!$C$11 -> 130 | H59: =G59*I59 -> 3900 | I59: 30 | J59: шт. | K59: PYS | L59: 9750
A60: 61 | B60: АДМИНИСТРАЦИЯ-ELP | C60: Klemens | D60: 718-42030 | E60: Клеммник на DIN-рейку 6 мм² [giriş 5x4 мм²] | F60: 445 | G60: =F60*Kurallar!$C$11 -> 445 | H60: =G60*I60 -> 2225 | I60: 5 | J60: шт. | K60: PYS | L60: 2225
A61: 62 | B61: АДМИНИСТРАЦИЯ-ELP | C61: LOOBAR | D61: 718-84009 | E61: Шина «N» нулевая 4х11 групп на DIN-рейку в корпусе IEK | F61: 4610 | G61: =F61*Kurallar!$C$11 -> 4610 | H61: =G61*I61 -> 4610 | I61: 1 | J61: шт. | K61: IEK | L61: 9220
A62: 64 | B62: АДМИНИСТРАЦИЯ-ELP | C62: montaj | D62: 408-15040 | E62: Кабель-канал перфорированный 40x25 | F62: 210 | G62: =F62*Kurallar!$C$11 -> 210 | H62: =G62*I62 -> 1680 | I62: 8 | J62: м | K62: PYS | L62: 1680
A63: 65 | B63: АДМИНИСТРАЦИЯ-ELP | C63: montajный материал | D63: — | E63: Монтажный материал (клеммы NSHVI, маркировка, крепёж, провод) | F63: =ROUND(SUM(H48:H62)*Kurallar!$C$12,0) -> 3762 | G63: =F63 -> 3762 | H63: =G63*I63 -> 3762 | I63: 1 | J63: шт. | K63: TEKLED | L63: 4218
A64: 66 | B64: АДМИНИСТРАЦИЯ-ELP | C64: montajная работа | D64: — | E64: Монтажные работы (сборка, маркировка, испытание) | F64: =ROUND(I64/60,1) -> 5.5 | G64: =Kurallar!$C$13 -> 100 | H64: =G64*I64 -> 32933.333 | I64: =ROUND((Kurallar!$C$52+Kurallar!$C$31*1+Kurallar!$C$30*27+Kurallar!$C$34*4+Kurallar!$C$41*3+Kurallar!$C$46*2+Kurallar!$C$45*80+Kurallar!$C$47*2+Kurallar!$C$48*4+Kurallar!$C$49*8)*Kurallar!$C$54,0)/3 -> 329.33333 | J64: мин. | K64: TEKLED | L64: 98800
A65: 67 | B65: ZK-ELP | C65: korpus | D65: özel imalat | E65: Özel imalat sıva altı 500x1300x180 + 500 mm şaft müdahale, alttan girişli | F65: =Kurallar!$C$61 -> 95000 | G65: =F65*Kurallar!$C$11 -> 95000 | H65: =G65*I65 -> 95000 | I65: 1 | J65: шт. | K65: KAZTEK | L65: 95000
A66: 68 | B66: ZK-ELP | C66: TMŞ | D66: 131361 | E66: Авт. выкл. NXM-125S/3Р 80A 25кА (R) [giriş — şemada MCB 3x80A 6кА] | F66: 19418 | G66: =F66*Kurallar!$C$10 -> 11650.8 | H66: =G66*I66 -> 11650.8 | I66: 1 | J66: шт. | K66: chint | L66: 11650.8
A67: 69 | B67: ZK-ELP | C67: OTO | D67: 296695 | E67: Авт. выкл. NXB-63S 1P 6А 4.5kA х-ка B (R) | F67: 1094 | G67: =F67*Kurallar!$C$10 -> 656.4 | H67: =G67*I67 -> 1969.2 | I67: 3 | J67: шт. | K67: chint | L67: 1969.2
A68: 70 | B68: ZK-ELP | C68: DİF | D68: 280721 | E68: УЗО NXL-63 6kA 1P+N 25A 30mA AC (R) | F68: 7422 | G68: =F68*Kurallar!$C$10 -> 4453.2 | H68: =G68*I68 -> 4453.2 | I68: 1 | J68: шт. | K68: chint | L68: 4453.2
A69: 71 | B69: ZK-ELP | C69: DİF | D69: 280789 | E69: УЗО NXL-63 6kA 3P+N 25A 30mA AC (R) | F69: 13357 | G69: =F69*Kurallar!$C$10 -> 8014.2 | H69: =G69*I69 -> 40071 | I69: 5 | J69: шт. | K69: chint | L69: 40071
A70: 72 | B70: ZK-ELP | C70: DİF | D70: 280791 | E70: УЗО NXL-63 6kA 3P+N 40A 30mA AC (R) | F70: 13357 | G70: =F70*Kurallar!$C$10 -> 8014.2 | H70: =G70*I70 -> 32056.8 | I70: 4 | J70: шт. | K70: chint | L70: 32056.8
A71: 73 | B71: ZK-ELP | C71: OTO | D71: 296696 | E71: Авт. выкл. NXB-63S 1P 10А 4.5kA х-ка B (R) | F71: 897 | G71: =F71*Kurallar!$C$10 -> 538.2 | H71: =G71*I71 -> 5920.2 | I71: 11 | J71: шт. | K71: chint | L71: 5920.2
A72: 74 | B72: ZK-ELP | C72: OTO | D72: 296710 | E72: Авт. выкл. NXB-63S 1P 16А 4.5kA х-ка C (R) | F72: 783 | G72: =F72*Kurallar!$C$10 -> 469.8 | H72: =G72*I72 -> 3288.6 | I72: 7 | J72: шт. | K72: chint | L72: 3288.6
A73: 75 | B73: ZK-ELP | C73: OTO | D73: 296712 | E73: Авт. выкл. NXB-63S 1P 25А 4.5kA х-ка C (R) | F73: 800 | G73: =F73*Kurallar!$C$10 -> 480 | H73: =G73*I73 -> 960 | I73: 2 | J73: шт. | K73: chint | L73: 960
A74: 76 | B74: ZK-ELP | C74: OTO | D74: 296827 | E74: Авт. выкл. NXB-63S 3P 16А 4.5kA х-ка C (R) | F74: 2337 | G74: =F74*Kurallar!$C$10 -> 1402.2 | H74: =G74*I74 -> 7011 | I74: 5 | J74: шт. | K74: chint | L74: 7011
A75: 77 | B75: ZK-ELP | C75: OTO | D75: 296830 | E75: Авт. выкл. NXB-63S 3P 32А 4.5kA х-ка C (R) | F75: 2606 | G75: =F75*Kurallar!$C$10 -> 1563.6 | H75: =G75*I75 -> 1563.6 | I75: 1 | J75: шт. | K75: chint | L75: 1563.6
A76: 78 | B76: ZK-ELP | C76: OTO | D76: 296831 | E76: Авт. выкл. NXB-63S 3P 40А 4.5kA х-ка C (R) | F76: 2807 | G76: =F76*Kurallar!$C$10 -> 1684.2 | H76: =G76*I76 -> 1684.2 | I76: 1 | J76: шт. | K76: chint | L76: 1684.2
A77: 79 | B77: ZK-ELP | C77: VFD | D77: 431225 | E77: Преобразователь частоты NVF2G-S-1.5/PS4, 1.5 кВт, 380В 3Ф [MEF-01 davlumbaz] | F77: 138858 | G77: =F77*Kurallar!$C$10 -> 83314.8 | H77: =G77*I77 -> 83314.8 | I77: 1 | J77: шт. | K77: chint | L77: 83314.8
... A81: 83 | B81: ZK-ELP | C81: LOOBAR | D81: 811000 | E81: Шина соединительная типа PIN 1P, 63А, L=1000 мм (R) | F81: 4465 | G81: =F81*Kurallar!$C$10 -> 2679 | H81: =G81*I81 -> 5358 | I81: 2 | J81: шт. | K81: chint | L81: 5358
A82: 84 | B82: ZK-ELP | C82: Klemens | D82: 718-42025 | E82: Клеммник на DIN-рейку 2,5 мм² | F82: 130 | G82: =F82*Kurallar!$C$11 -> 130 | H82: =G82*I82 -> 3900 | I82: 30 | J82: шт. | K82: PYS | L82: 7800
A83: 85 | B83: ZK-ELP | C83: Klemens | D83: 718-42030 | E83: Клеммник на DIN-рейку 6 мм² | F83: 445 | G83: =F83*Kurallar!$C$11 -> 445 | H83: =G83*I83 -> 8900 | I83: 20 | J83: шт. | K83: PYS | L83: 8900
A84: 86 | B84: ZK-ELP | C84: Klemens | D84: 718-42040 | E84: Клеммник на DIN-рейку 35 мм² [giriş 5x35 мм²] | F84: 825 | G84: =F84*Kurallar!$C$11 -> 825 | H84: =G84*I84 -> 4125 | I84: 5 | J84: шт. | K84: PYS | L84: 4125
A85: 87 | B85: ZK-ELP | C85: LOOBAR | D85: 718-84009 | E85: Шина «N» нулевая 4х11 групп на DIN-рейку в корпусе IEK | F85: 4610 | G85: =F85*Kurallar!$C$11 -> 4610 | H85: =G85*I85 -> 4610 | I85: 1 | J85: шт. | K85: IEK | L85: 13830
A86: 89 | B86: ZK-ELP | C86: montaj | D86: 408-15040 | E86: Кабель-канал перфорированный 40x25 | F86: 210 | G86: =F86*Kurallar!$C$11 -> 210 | H86: =G86*I86 -> 2100 | I86: 10 | J86: м | K86: PYS | L86: 2100
A87: 90 | B87: ZK-ELP | C87: montajный материал | D87: — | E87: Монтажный материал (клеммы NSHVI, маркировка, крепёж, провод) | F87: =ROUND(SUM(H65:H86)*Kurallar!$C$12,0) -> 9569 | G87: =F87 -> 9569 | H87: =G87*I87 -> 9569 | I87: 1 | J87: шт. | K87: TEKLED | L87: 10057
A88: 91 | B88: ZK-ELP | C88: montajная работа | D88: — | E88: Монтажные работы (сборка, маркировка, испытание) | F88: =ROUND(I88/60,1) -> 7.7 | G88: =Kurallar!$C$13 -> 100 | H88: =G88*I88 -> 46233.333 | I88: =ROUND((Kurallar!$C$52+Kurallar!$C$32*1+Kurallar!$C$30*23+Kurallar!$C$33*1+Kurallar!$C$34*9+Kurallar!$C$31*7+Kurallar!$C$44*1+Kurallar!$C$41*3+Kurallar!$C$46*2+Kurallar!$C$45*85+Kurallar!$C$47*3+Kurallar!$C$48*6+Kurallar!$C$49*10)*Kurallar!$C$54,0)/3 -> 462.33333 | J88: мин. | K88: TEKLED | L88: 138700
A89: 92 | B89: 2K-ELP | C89: korpus | D89: özel imalat | E89: Özel imalat sıva altı 500x1400x180 + 500 mm şaft müdahale, alttan girişli | F89: =Kurallar!$C$62 -> 100000 | G89: =F89*Kurallar!$C$11 -> 100000 | H89: =G89*I89 -> 100000 | I89: 1 | J89: шт. | K89: KAZTEK | L89: 100000
A90: 93 | B90: 2K-ELP | C90: OTO | D90: 814173 | E90: Авт. выкл. NXB-63 3P 32A 6кА х-ка C (R) [giriş] | F90: 6060 | G90: =F90*Kurallar!$C$10 -> 3636 | H90: =G90*I90 -> 3636 | I90: 1 | J90: шт. | K90: chint | L90: 3636
A91: 94 | B91: 2K-ELP | C91: OTO | D91: 296695 | E91: Авт. выкл. NXB-63S 1P 6А 4.5kA х-ка B (R) | F91: 1094 | G91: =F91*Kurallar!$C$10 -> 656.4 | H91: =G91*I91 -> 1969.2 | I91: 3 | J91: шт. | K91: chint | L91: 1969.2
A92: 95 | B92: 2K-ELP | C92: DİF | D92: 280721 | E92: УЗО NXL-63 6kA 1P+N 25A 30mA AC (R) | F92: 7422 | G92: =F92*Kurallar!$C$10 -> 4453.2 | H92: =G92*I92 -> 4453.2 | I92: 1 | J92: шт. | K92: chint | L92: 4453.2
A93: 96 | B93: 2K-ELP | C93: DİF | D93: 280789 | E93: УЗО NXL-63 6kA 3P+N 25A 30mA AC (R) | F93: 13357 | G93: =F93*Kurallar!$C$10 -> 8014.2 | H93: =G93*I93 -> 16028.4 | I93: 2 | J93: шт. | K93: chint | L93: 16028.4
A94: 97 | B94: 2K-ELP | C94: DİF | D94: 280791 | E94: УЗО NXL-63 6kA 3P+N 40A 30mA AC (R) | F94: 13357 | G94: =F94*Kurallar!$C$10 -> 8014.2 | H94: =G94*I94 -> 24042.6 | I94: 3 | J94: шт. | K94: chint | L94: 24042.6
A95: 98 | B95: 2K-ELP | C95: OTO | D95: 296696 | E95: Авт. выкл. NXB-63S 1P 10А 4.5kA х-ка B (R) | F95: 897 | G95: =F95*Kurallar!$C$10 -> 538.2 | H95: =G95*I95 -> 10225.8 | I95: 19 | J95: шт. | K95: chint | L95: 10225.8
A96: 99 | B96: 2K-ELP | C96: OTO | D96: 296710 | E96: Авт. выкл. NXB-63S 1P 16А 4.5kA х-ка C (R) | F96: 783 | G96: =F96*Kurallar!$C$10 -> 469.8 | H96: =G96*I96 -> 7986.6 | I96: 17 | J96: шт. | K96: chint | L96: 7986.6
A97: 100 | B97: 2K-ELP | C97: OTO | D97: 296709 | E97: Авт. выкл. NXB-63S 1P 10А 4.5kA х-ка C (R) [zaman saati devresi] | F97: 783 | G97: =F97*Kurallar!$C$10 -> 469.8 | H97: =G97*I97 -> 469.8 | I97: 1 | J97: шт. | K97: chint | L97: 469.8
A98: 101 | B98: 2K-ELP | C98: OTO | D98: 296708 | E98: Авт. выкл. NXB-63S 1P 6А 4.5kA х-ка C (R) [fan devresi] | F98: 975 | G98: =F98*Kurallar!$C$10 -> 585 | H98: =G98*I98 -> 585 | I98: 1 | J98: шт. | K98: chint | L98: 585
A99: 102 | B99: 2K-ELP | C99: kontaktör | D99: 836704 | E99: Контактор NXC-09 9A 220В/АС3 1НО+1НЗ 50Гц (R) | F99: 5214 | G99: =F99*Kurallar!$C$10 -> 3128.4 | H99: =G99*I99 -> 3128.4 | I99: 1 | J99: шт. | K99: chint | L99: 3128.4
A100: 103 | B100: 2K-ELP | C100: Röle | D100: 837097 | E100: Тепловое реле NXR-12 1-1.6A (R) | F100: 4445 | G100: =F100*Kurallar!$C$10 -> 2667 | H100: =G100*I100 -> 2667 | I100: 1 | J100: шт. | K100: chint | L100: 2667
A101: 104 | B101: 2K-ELP | C101: Zaman | D101: 130300302_ | E101: Таймер ТЭМ 181 аналоговый 16А 230В на DIN-рейку IEK (100) | F101: 8502 | G101: =F101 -> 8502 | H101: =G101*I101 -> 8502 | I101: 1 | J101: шт. | K101: IEK | L101: 11308.2
A102: 105 | B102: 2K-ELP | C102: pako | D102: 425192 | E102: Кулачковый переключатель LW32-10/1, 10А, 1Р, «1-0-2» | F102: 3000 | G102: =F102*Kurallar!$C$10 -> 1800 | H102: =G102*I102 -> 1800 | I102: 1 | J102: шт. | K102: chint | L102: 1800
A103: 106 | B103: 2K-ELP | C103: lamb | D103: 593076 | E103: Индикатор ND16-22D/2 желтый AC/DC230В (R) [L1] | F103: 571 | G103: =F103*Kurallar!$C$10 -> 342.6 | H103: =G103*I103 -> 342.6 | I103: 1 | J103: шт. | K103: chint | L103: 342.6
A104: 107 | B104: 2K-ELP | C104: lamb | D104: 593077 | E104: Индикатор ND16-22D/2 зеленый AC/DC230В (R) [L2 + ÇALIŞIR] | F104: 589 | G104: =F104*Kurallar!$C$10 -> 353.4 | H104: =G104*I104 -> 706.8 | I104: 2 | J104: шт. | K104: chint | L104: 706.8
A105: 108 | B105: 2K-ELP | C105: lamb | D105: 593075 | E105: Индикатор ND16-22D/2 красный AC/DC230В (R) [L3 + ARIZA] | F105: 571 | G105: =F105*Kurallar!$C$10 -> 342.6 | H105: =G105*I105 -> 685.2 | I105: 2 | J105: шт. | K105: chint | L105: 685.2
A106: 109 | B106: 2K-ELP | C106: LOOBAR | D106: 811000 | E106: Шина соединительная типа PIN 1P, 63А, L=1000 мм (R) | F106: 4465 | G106: =F106*Kurallar!$C$10 -> 2679 | H106: =G106*I106 -> 8037 | I106: 3 | J106: шт. | K106: chint | L106: 8037
A107: 110 | B107: 2K-ELP | C107: Klemens | D107: 718-42025 | E107: Клеммник на DIN-рейку 2,5 мм² | F107: 130 | G107: =F107*Kurallar!$C$11 -> 130 | H107: =G107*I107 -> 14950 | I107: 115 | J107: шт. | K107: PYS | L107: 14950
A108: 111 | B108: 2K-ELP | C108: Klemens | D108: 718-42030 | E108: Клеммник на DIN-рейку 6 мм² [giriş 5x6 мм²] | F108: 445 | G108: =F108*Kurallar!$C$11 -> 445 | H108: =G108*I108 -> 2225 | I108: 5 | J108: шт. | K108: PYS | L108: 2225
...

Sheet FIYAT

Sheet Kurallar
A1: KURALLAR / PARAMETRELER — Celalabad Kız Yurdu (CHINT)
A3: 1. PROJE
A4: BOM tarihi | C4: 04.08.2026
A5: Proje | C5: Celalabad Kız Yurdu — C.Doğan
A6: Marka | C6: CHINT (korpus: TEKLED / özel imalat)
A7: Kaynak şema | C7: Celalabad_Kiz_Tek_Hat_Semalari-01_08_2026
A9: 2. FİYAT KATSAYILARI
A10: CHINT net katsayı | C10: 0.6 | D10: liste × 0,60 (%40 indirim)
A11: TEKLED/IEK/MUTLUSAN katsayı | C11: 1 | D11: liste × 1,00
A12: Montaj malzemesi oranı | C12: 0.03 | D12: pano malzeme ara toplamının %3'ü
A13: İşçilik birim (KZT/dakika) | C13: 100
A15: 3. FİYAT LİSTESİ YAŞ DURUMU
A16: Liste | B16: Tarih | C16: Yaş (ay) | D16: Durum
A17: CHINT stok+fiyat | B17: 13.06.2026 | C17: 2 | D17: KULLANILDI — güncel
A18: Kaztek/TEKLED pano | B18: 15.07.2026 | C18: 1 | D18: KULLANILDI — güncel
A19: Sayman | B19: 2026 | C19: 0 | D19: kullanılmadı
A20: ABB | B20: 11.2025 | C20: 9 | D20: kullanılmadı
A21: Legrand | B21: 10.2025 | C21: 10 | D21: kullanılmadı
A22: Schneider | B22: 07.2025 | C22: 13 | D22: UYARI — kullanılmadı
A23: EKT | B23: 06.2025 | C23: 14 | D23: UYARI — kullanılmadı
A24: CNC | B24: 02.2025 | C24: 18 | D24: UYARI — kullanılmadı
A25: Klemsan | B25: 11.2022 | C25: 45 | D25: YASAK — fiyatlamada kullanılamaz
A26: ONKA | B26: 07.2022 | C26: 49 | D26: YASAK — fiyatlamada kullanılamaz
A27: EKF | B27: 02.2022 | C27: 54 | D27: YASAK — fiyatlamada kullanılamaz
A29: 4. İŞÇİLİK ZAMAN NORMLARI (dakika)
A30: MCB 1 kutup | C30: 10
A31: MCB 3 kutup | C31: 18
A32: MCCB / kompakt şalter ≤250A | C32: 60
A33: RCCB / UZO 2 kutup | C33: 14
A34: RCCB / UZO 4 kutup | C34: 18
A35: Parafudr (SPD) | C35: 15
A36: Sigorta yuvası + buşon | C36: 10 | D36: yuva başına
A37: Kontaktör | C37: 20
A38: Termik röle | C38: 12
A39: Zaman saati / röle | C39: 15
A40: Pako şalter | C40: 20
A41: Sinyal lambası | C41: 8
A42: Buton (mantar/acil) | C42: 10
A43: Faz kontrol rölesi | C43: 15
A44: Frekans konvertörü (VFD) | C44: 60
A45: Klemens | C45: 4 | D45: adet başına
A46: Tarak bara | C46: 10 | D46: adet başına
A47: Nötr/topraklama barası | C47: 15 | D47: adet başına
A48: DIN ray | C48: 5 | D48: metre başına
A49: Kablo kanalı | C49: 5 | D49: metre başına
A50: Bakır bara | C50: 45 | D50: metre başına
A51: Korpus hazırlık — küçük | C51: 30
A52: Korpus hazırlık — orta | C52: 45
A53: Korpus hazırlık — dikili | C53: 90
A54: Test / etiket / kontrol çarpanı | C54: 1.15
A56: 5. KORPUS FİYATLARI (KZT)
A57: Pano | B57: Tanım | C57: Fiyat | D57: Kaynak / not
A58: MAIN PANEL | B58: Мет. Щит 2000x700x500 + 10 см база, IP54, dikili, dış ortam | C58: 117250 | D58: Kaztek 719-15626 (15.07.2026) — KATALOG FİYATI. Dış ortam için şapka ilavesi teyit edilmeli.
A59: ПОДВАЛ-ELP | B59: Özel imalat sıva altı 500x800x180, üstten girişli, klemens bölmesi 30 cm | C59: 55000 | D59: TAHMİN — Kaztek 719-15644 (810x560x180 / 52.920) baz alındı. ATÖLYE TEYİDİ ŞART.
A60: АДМИНИСТРАЦИЯ-ELP | B60: Özel imalat sıva altı 500x900x180, üstten girişli, klemens bölmesi 30 cm | C60: 60000 | D60: TAHMİN — atölye teyidi şart.
A61: ZK-ELP | B61: Özel imalat sıva altı 500x1300x180 + 500 mm şaft müdahale, alttan girişli | C61: 95000 | D61: TAHMİN — şaft müdahale bölmesi dahil. ATÖLYE TEYİDİ ŞART.
A62: 2K-ELP | B62: Özel imalat sıva altı 500x1400x180 + 500 mm şaft müdahale, alttan girişli | C62: 100000 | D62: TAHMİN — atölye teyidi şart.
A63: КРЫША-ELP | B63: Özel imalat sıva altı 500x1300x180 + 500 mm şaft müdahale, alttan girişli | C63: 95000 | D63: TAHMİN — atölye teyidi şart.
A64: КОТЕЛЬНАЯ-ELP | B64: Özel imalat sıva üstü şapkalı dış ortam 500x1000x250 IP54 | C64: 65000 | D64: TAHMİN — Kaztek 719-15926 (800x600x220 şapkalı / 46.200) baz alındı. ATÖLYE TEYİDİ ŞART.
A67: 6. ŞEMA / TASARIM UYARILARI — KONTROL EDİLECEK
A68: Kod | B68: Konu | D68: Açıklama
A69: K-01 | B69: ZK-ELP giriş şalteri | D69: Şemada MCB 3x80 A 6 kA. Talep gücü 50.940 W = 96,8 A → 80 A YETERSİZ. Ayrıca CHINT NXB-63 serisinde 80 A yok. BOM'a MCCB NXM-125S/3P 80 A 25 kA konuldu. ÖNERİ: 3x100 A 25 kA. Onay gerekir.
A70: K-02 | B70: ZK-ELP kesme kapasitesi | D70: Ana panoda ZK beslemesi MCCB 3x100 A 25 kA; ZK giriş şemada 6 kA isteniyor. Selektivite/kısa devre uyumsuzluğu — 25 kA seçildi.
A71: K-03 | B71: MAIN PANEL К-ГИДРОФОР | D71: Şemada MCB 3x20 A C 10 kA. CHINT NXB-63H (10 kA) serisinde 3P 20 A ARTİKÜL YOK. NXB-63 3P 20 A 6 kA verildi. Onay gerekir.
A72: K-04 | B72: MAIN PANEL parafudr sigortası | D72: Şemada NH Fuse 4x125 A. RT36-0-160 yuva (4 ad.) + 125 A buşon (4 ad.) verildi. CHINT'te 4 kutuplu NH ayırıcı 125 A yok; 4 adet tek kutuplu yuva kullanılacak.
A73: K-05 | B73: MAIN PANEL П-ГИДРОФОР sigortası | D73: Şemada NH Fuse 4x20 A. 20 A için NH gabarit 00 buşon stokta yok; RT28N-32X 10x38 yuva + RT28-32 20 A buşon (4+4) verildi.
A74: K-06 | B74: Zaman saatleri | D74: Şemada 2K-ELP ve КРЫША-ELP'de CHINT NKG4, КРЫША-ELP (НОЧНИКИ) ve КОТЕЛЬНАЯ-ELP'de LEGRAND 412790 yazıyor. CHINT stok listesinde NKG4 YOK; tümü için NKG3 AC230V verildi. Onay gerekir.
A75: K-07 | B75: Pako şalter LW32-10/1 | D75: Kulachkovy LW32-10/1 (1P «1-0-2») CHINT listesinde STOKTA YOK (доступно = 0). Alternatif: LW32-10/2 (2P). Tedarik teyidi gerekir.
A76: K-08 | B76: Özel imalat korpuslar | D76: MAIN PANEL dışındaki 6 panonun korpusu şemada özel imalat olarak tarif edilmiş (sıva altı, menteşeli iç göğüs saci, contalı kapak, şaft müdahale bölmesi, sac kalınlığı dış 1,5 mm / iç 1,2 mm). Kurallar bölüm 5'teki fiyatlar TAHMİNDİR — atölye teyidi alınmadan teklif verilmemelidir.
A77: K-09 | B77: MAIN PANEL dış ortam | D77: Şema notu: 'DIŞ ORTAM PANOSU'. Seçilen Kaztek korpus IP54; dış ortam için şapka/güneşlik ilavesi fiyata dahil DEĞİLDİR.
A78: K-10 | B78: Sinyal lambası MCB tipi | D78: Tüm panolarda sinyal lambası beslemesi şemada 3(1x6 A) B TİPİ 4,5 kA. GPT BOM'unda C tipi girilmişti — düzeltildi.
A79: K-11 | B79: 2K-ELP / КРЫША-ELP fan devreleri | D79: Fan MCB'leri şemada 1x6 A C tipi, zaman saati devreleri 1x10 A C tipi. Ayrı satır olarak verildi.
... A85: K-17 | B85: Stok durumu düşük kalemler | D85: RT36-0-160 125 A buşon (stok 27), NXL-63 10kA 3P+N 25A 300mA (stok 21), NXB-63H 3P 40A (stok 24), NXB-63H 3P 25A (stok 28), VFD NVF2G-S-1.5 (stok 10). Sipariş öncesi teyit edilmeli.

Sheet СВОД
A1: № | B1: Наименование | C1: Сумма | D1: Кол-во | E1: Ед.изм. | F1: MALZ
A2: 1 | B2: MAIN PANEL | C2: =BOM!#REF! -> #REF! | D2: 1 | E2: комплект | F2: =BOM!#REF! -> #REF!
A3: 2 | B3: ПОДВАЛ-ELP | C3: =BOM!#REF! -> #REF! | D3: 1 | E3: комплект | F3: =BOM!#REF! -> #REF!
A4: 3 | B4: АДМИНИСТРАЦИЯ-ELP | C4: =BOM!#REF! -> #REF! | D4: 1 | E4: комплект | F4: =BOM!#REF! -> #REF!
A5: 4 | B5: ZK-ELP | C5: =BOM!#REF! -> #REF! | D5: 1 | E5: комплект | F5: =BOM!#REF! -> #REF!
A6: 5 | B6: 2K-ELP | C6: =BOM!#REF! -> #REF! | D6: 1 | E6: комплект | F6: =BOM!#REF! -> #REF!
A7: 6 | B7: КРЫША-ELP | C7: =BOM!#REF! -> #REF! | D7: 1 | E7: комплект | F7: =BOM!#REF! -> #REF!
A8: 7 | B8: КОТЕЛЬНАЯ-ELP | C8: =BOM!#REF! -> #REF! | D8: 1 | E8: комплект | F8: =BOM!#REF! -> #REF!
B9: ИТОГО | C9: =SUM(C2:C8) -> #REF! | F9: =SUM(F2:F8) -> #REF!
