Workbook

Sheet Kurallar
A1: KURALLAR / KATSAYILAR — sari hucreler duzenlenebilir
A2: CHINT net katsayi (liste x) | B2: 0.6
A3: KAZTEK / TEKSAN / pys net katsayi | B3: 0.6
A4: CNC net katsayi (liste x) — DIKKAT: liste tarihi 2025-02-04, >18 ay, YASAK/GUNCELLE — bu BOM'daki fiyatlar dogrudan teklif | B4: 0.55
A5: EKT net katsayi | B5: 1
A6: Montaj malzemesi (malzeme x) | B6: 0.03
A7: Iscilik birim, KZT/dk | B7: 100
A8: Iscilik test/etiket carpani | B8: 1.15
A9: Genel gider % | B9: 0.08
A10: Kar % | B10: 0.3
A11: KDV % | B11: 0.16
A13: RISK LISTESI
A15: 1) FIYAT YOK
A16: yok
A18: 2) MUADIL KULLANILDI
A19: yok — bu BOM'da muadil kullanilmadi, tum kalemler Bekanin'in dogrudan aldigi teklif fiyatlari veya EKT/pys katalog fiyatidir.
A21: 3) CIHAZ BELIRSIZ
A22: ВРУ ana giris kesicisi (619-03008, "Автом. выкл. в литом корпусе стационарного типа"): akim degeri kaynak dosyada belirtilmemis. Iscilik normu MCCB<=250A (60dk) varsayildi. GERCEK AKIM DEGERI SAHADAN/SEMADAN TEYIT EDILMELI — sayac icin secilen 100/5 akim trafosu ana kesici <=100A bandini isaret ediyor, ancak kesin degil.
A23: OPN (parafudr) tip/sinifi: EKT 18013DEK "ОП-101" 1P 20kA D-sinifi (Tip 3 benzeri) urun kullanildi; ВРУ giris seviyesinde tipik olarak Tip 1/2 (B/C sinifi) beklenir. Urun sinifi katalogda acik degil — MUHENDIS ONAYI GEREKLI.
A25: 4) VARSAYIM — otomatik tamamlanan eksik kalemler
A26: ВРУ: "N" notr barasi (718-84026, 1 adet, 1 471 KZT) eksikti — RЩ ve ЩО'da bu kalem vardi, ВРУ'da yoktu, panonun kendi notr barasi olarak eklendi.
A27: ВРУ + РЩ + ЩО (3 pano): ГЗШ / topraklama barasi (EKT ER-12-325-M1, 12 baglanti noktali bakir, panoda 1 adet, 12 251 KZT/adet) hicbir panoda yoktu — proje talimatinin "her panoda ГЗШ + izolatör zorunlu" kurali geregi 3 panoya da eklendi.
A28: ВРУ: OPN/parafudr (EKT 18013DEK, 3 adet — her faz icin 1, 6 439 KZT/adet = 19 317 KZT) eksikti — ВРУ tipinde sayac bulunan giris panosunda parafudr standarttir, eklendi.
... A42: TEKLED ELECTRIC (ana kesici) — kendi urun hatti, tarih belirtilmemis.

Sheet BOM
A1: YSF HICH — 260911 GTES pano 6-21 (Bekanin) — BOM v1
A2: Fiyat kaynagi: pys/TEKSAN (net, katsayi 1.00) | CNC (katsayi 0.55, teklif fiyati dogrudan) | TEKLED ELECTRIC (kendi urunu) | EKT (katsayi 1.00, eksik kalemler icin) — katsayilar Kurallar sayfasinda
A4: ROW | B4: Наименование1 | C4: Тип | D4: Артикул | E4: Номенклатура | F4: Цена | G4: Нетто KZT | H4: Сумма KZT (1 щит) | I4: Кол-во | J4: Ед.изм. | K4: Завод | L4: Сумма KZT (проект) | M4: Группа
A5: 1 | B5: ВРУ | C5: щит | E5: ВРУ | I5: 1 | J5: компл.
C6: korpus | D6: 989-101-98755 | E6: Корпус ЩМП-16-0 36 IP31 (1600x600x350) | F6: 125200 | G6: 125200 | H6: =G6*I6 -> 125200 | I6: 1 | J6: шт. | K6: pys | L6: =H6*$I$5 -> 125200 | M6: korpus
C7: mccb | D7: 619-03008 | E7: Автом. выкл. в литом корпусе стац. типа (ana giris, amper semada belirtilmemis) | F7: 24900 | G7: 14940 | H7: =G7*I7 -> 14940 | I7: 1 | J7: шт. | K7: TEKLED ELECTRIC | L7: =H7*$I$5 -> 14940 | M7: mccb
C8: oto | D8: 989-106-0026 | E8: Модульные автоматы YCB6-63H 3P 63A C 4.5kA | F8: 3094 | G8: 1701.7 | H8: =G8*I8 -> 1701.7 | I8: 1 | J8: шт. | K8: CNC | L8: =H8*$I$5 -> 1701.7 | M8: oto
C9: mccb | D9: 989-106-0037 | E9: Авт. выкл. в литом корпусе YCM1-63L 3P 25A | F9: 14742 | G9: 8108.1 | H9: =G9*I9 -> 16216.2 | I9: 2 | J9: шт. | K9: CNC | L9: =H9*$I$5 -> 16216.2 | M9: mccb
C10: dif | D10: 989-106-0053 | E10: Автоматы дифф. YCB7LE-63Y 1P+N С20A 30mA | F10: 3731 | G10: 2052.05 | H10: =G10*I10 -> 2052.05 | I10: 1 | J10: шт. | K10: CNC | L10: =H10*$I$5 -> 2052.05 | M10: dif
C11: oto | D11: 989-106-0001 | E11: Модульные автоматы YCB6-63H 1P 6A C 4.5kA (kumanda) | F11: 828 | G11: 455.4 | H11: =G11*I11 -> 455.4 | I11: 1 | J11: шт. | K11: CNC | L11: =H11*$I$5 -> 455.4 | M11: oto
C12: isolator | D12: 989-100-04707 | E12: Изолятор SM 30 с болтами (10/500) | F12: 258 | G12: 258 | H12: =G12*I12 -> 1548 | I12: 6 | J12: шт. | K12: pys | L12: =H12*$I$5 -> 1548 | M12: isolator
C13: travers | D13: 989-100-0288 | E13: Траверса монтажная 20х30х0.9мм (3м) | F13: 2000 | G13: 2000 | H13: =G13*I13 -> 2000 | I13: 1 | J13: шт. | K13: pys | L13: =H13*$I$5 -> 2000 | M13: travers
C14: shin | D14: 718-84304 | E14: Шина медн.3х20х4000 (faz barasi) | F14: 5590 | G14: 5590 | H14: =G14*I14 -> 22360 | I14: 4 | J14: МТ. | K14: pys | L14: =H14*$I$5 -> 22360 | M14: shin
C15: zajim | D15: 989-150-1275 | E15: Зажим наборный изолированный ЗНИ 6мм² серый UNIT NEW (20) | F15: 200 | G15: 200 | H15: =G15*I15 -> 3000 | I15: 15 | J15: шт. | K15: pys | L15: =H15*$I$5 -> 3000 | M15: zajim
C16: isolator | D16: 718-03404 | E16: Изолятор SM-35 (TEKLED ELECTRIC) 500/10 | F16: 334 | G16: 334 | H16: =G16*I16 -> 668 | I16: 2 | J16: шт. | K16: TEKLED ELECTRIC | L16: =H16*$I$5 -> 668 | M16: isolator
C17: zajim | D17: 989-150-1279 | E17: ЗНИ-4мм² (Зажим наборн. 35А) ИЭК синий | F17: 147 | G17: 147 | H17: =G17*I17 -> 1911 | I17: 13 | J17: шт. | K17: pys | L17: =H17*$I$5 -> 1911 | M17: zajim
... C24: profil | D24: 989-101-10511 | E24: Профиль L-образный 30*30*2*2500мм | F24: 2000 | G24: 2000 | H24: =G24*I24 -> 5000 | I24: 2.5 | J24: МТ. | K24: pys | L24: =H24*$I$5 -> 5000 | M24: profil
C25: монтажный материал | E25: Монтажный материал / montaj sarf malzemesi (%3) | G25: =SUM(H6:H24)*Kurallar!$B$6 -> 7923.7605 | H25: =G25*I25 -> 7923.7605 | I25: 1 | J25: компл. | K25: TEKLED | L25: =H25*$I$5 -> 7923.7605 | M25: монтажный материал
C26: монтажная работа | E26: Монтажные работы / pano montaj-kablaj iscilligi (1060 dk) | F26: =I26/60 -> 1 | G26: =Kurallar!$B$7 -> 100 | H26: =G26*I26 -> 6000 | I26: 60 | J26: мин | K26: TEKLED | L26: =H26*$I$5 -> 6000 | M26: монтажная работа
B27: Toplam ВРУ | E27: Toplam ВРУ — 1 щит / проект 1 шт | H27: =SUBTOTAL(9,H6:H26) -> 278049.11 | I27: 1 | J27: компл. | L27: =SUBTOTAL(9,L6:L26) -> 278049.11
A28: 2 | B28: РЩ | C28: щит | E28: РЩ | I28: 1 | J28: компл.
C29: korpus | D29: 714-15105 | E29: Щит ЩРн-54 (540x440x120) S/U IP31 | F29: 49000 | G29: 49000 | H29: =G29*I29 -> 49000 | I29: 1 | J29: шт. | K29: pys | L29: =H29*$I$28 -> 49000 | M29: korpus
C30: oto | D30: 989-106-0025 | E30: Модульные автоматы YCB6-63H 3P 50A C 4.5kA | F30: 2694 | G30: 1481.7 | H30: =G30*I30 -> 1481.7 | I30: 1 | J30: шт. | K30: CNC | L30: =H30*$I$28 -> 1481.7 | M30: oto
C31: dif | D31: 989-106-0053 | E31: Автоматы дифф. YCB7LE-63Y 1P+N С20A 30mA | F31: 3731 | G31: 2052.05 | H31: =G31*I31 -> 45145.1 | I31: 22 | J31: шт. | K31: CNC | L31: =H31*$I$28 -> 45145.1 | M31: dif
C32: shin | D32: 718-84026 | E32: Шина "N" нулевая 8х12мм комб. с изол. | F32: 1471 | G32: 1471 | H32: =G32*I32 -> 4413 | I32: 3 | J32: шт. | K32: pys | L32: =H32*$I$28 -> 4413 | M32: shin
C33: kabel | D33: 402-150240 | E33: Кабель TTR 5x6 (ПВС) (TEKSAN) 100м, бара | F33: 3133 | G33: 3133 | H33: =G33*I33 -> 6266 | I33: 2 | J33: МТ. | K33: (TEKSAN) | L33: =H33*$I$28 -> 6266 | M33: kabel
C34: монтажный материал | E34: Монтажный материал / montaj sarf malzemesi (%3) | G34: =SUM(H29:H33)*Kurallar!$B$6 -> 3189.174 | H34: =G34*I34 -> 3189.174 | I34: 1 | J34: компл. | K34: TEKLED | L34: =H34*$I$28 -> 3189.174 | M34: монтажный материал
C35: монтажная работа | E35: Монтажные работы / pano montaj-kablaj iscilligi (852 dk) | F35: =I35/60 -> 2.1666667 | G35: =Kurallar!$B$7 -> 100 | H35: =G35*I35 -> 13000 | I35: 130 | J35: мин | K35: TEKLED | L35: =H35*$I$28 -> 13000 | M35: монтажная работа
B36: Toplam РЩ | E36: Toplam РЩ — 1 щит / проект 1 шт | H36: =SUBTOTAL(9,H29:H35) -> 122494.97 | I36: 1 | J36: компл. | L36: =SUBTOTAL(9,L29:L35) -> 122494.97
A37: 3 | B37: ЩО | C37: щит | E37: ЩО | I37: 1 | J37: компл.
C38: korpus | D38: 989-100-1336 | E38: Щит ЩРН-24 (395х310х120) (ЕКТ) | F38: 12500 | G38: 12500 | H38: =G38*I38 -> 12500 | I38: 1 | J38: шт. | K38: pys | L38: =H38*$I$37 -> 12500 | M38: korpus
C39: oto | D39: 989-106-0002 | E39: Модульные автоматы YCB6-63H 3P 16A C 4.5kA | F39: 2129 | G39: 1170.95 | H39: =G39*I39 -> 1170.95 | I39: 1 | J39: шт. | K39: CNC | L39: =H39*$I$37 -> 1170.95 | M39: oto
C40: oto | D40: 989-106-0021 | E40: Модульные автоматы YCB6-63H 1P 10A C 4.5kA | F40: 701 | G40: 385.55 | H40: =G40*I40 -> 4626.6 | I40: 12 | J40: шт. | K40: CNC | L40: =H40*$I$37 -> 4626.6 | M40: oto
C41: shin | D41: 718-84026 | E41: Шина "N" нулевая 8х12мм комб. с изол. | F41: 1471 | G41: 1471 | H41: =G41*I41 -> 1471 | I41: 1 | J41: шт. | K41: pys | L41: =H41*$I$37 -> 1471 | M41: shin
C42: kabel | D42: 402-150240 | E42: Кабель TTR 5x6 (ПВС) (TEKSAN) 100м, бара | F42: 3133 | G42: 3133 | H42: =G42*I42 -> 3133 | I42: 1 | J42: МТ. | K42: (TEKSAN) | L42: =H42*$I$37 -> 3133 | M42: kabel
C43: shin | D43: 718-84014 | E43: Шина соединительная PIN (штырь) 3ф 63А (tarak bara) | F43: 5771 | G43: 5771 | H43: =G43*I43 -> 5771 | I43: 1 | J43: шт. | K43: pys | L43: =H43*$I$37 -> 5771 | M43: shin
C44: монтажный материал | E44: Монтажный материал / montaj sarf malzemesi (%3) | G44: =SUM(H38:H43)*Kurallar!$B$6 -> 860.1765 | H44: =G44*I44 -> 860.1765 | I44: 1 | J44: компл. | K44: TEKLED | L44: =H44*$I$37 -> 860.1765 | M44: монтажный материал
C45: монтажная работа | E45: Монтажные работы / pano montaj-kablaj iscilligi (429 dk) | F45: =I45/60 -> 1.3333333 | G45: =Kurallar!$B$7 -> 100 | H45: =G45*I45 -> 8000 | I45: 80 | J45: мин | K45: TEKLED | L45: =H45*$I$37 -> 8000 | M45: монтажная работа
B46: Toplam ЩО | E46: Toplam ЩО — 1 щит / проект 1 шт | H46: =SUBTOTAL(9,H38:H45) -> 37532.727 | I46: 1 | J46: компл. | L46: =SUBTOTAL(9,L38:L45) -> 37532.727

Sheet СВОД
A1: СВОД — 260911 GTES pano 6-21 (Bekanin)
A3: № | B3: Щит | C3: Кол-во, шт | D3: Цена за 1 щит, ₸ | E3: Сумма, ₸ | F3: Монтаж, мин
A4: 1 | B4: ВРУ | C4: 1 | D4: =BOM!H27 -> 278049.11 | E4: =BOM!L27 -> 278049.11 | F4: 1060
A5: 2 | B5: РЩ | C5: 1 | D5: =BOM!H36 -> 122494.97 | E5: =BOM!L36 -> 122494.97 | F5: 852
A6: 3 | B6: ЩО | C6: 1 | D6: =BOM!H46 -> 37532.727 | E6: =BOM!L46 -> 37532.727 | F6: 429
B8: GENEL TOPLAM (malzeme+iscilik, KDV haric) | E8: =SUM(E4:E6) -> 438076.81

Sheet KP-TEKLIF
A1: КОММЕРЧЕСКОЕ ПРЕДЛОЖЕНИЕ
A2: Объект: GTES pano 6-21
A3: Поставщик: YSF HICH | Дата: 11.09.2026 | Срок действия: 30 дней
A4: Комплектация: CNC/TEKLED (aппараты), pys/TEKSAN (корпуса), EKT (eksik tamamlama kalemleri). Валюта: KZT.
A6: № | B6: Наименование щита | C6: Кол-во, шт | D6: Цена за ед., ₸ | E6: Сумма, ₸
A7: 1 | B7: ВРУ | C7: 1 | D7: =ROUND(BOM!H27*(1+Kurallar!$B$9)*(1+Kurallar!$B$10),0) -> 390381 | E7: =C7*D7 -> 390381
A8: 2 | B8: РЩ | C8: 1 | D8: =ROUND(BOM!H36*(1+Kurallar!$B$9)*(1+Kurallar!$B$10),0) -> 171983 | E8: =C8*D8 -> 171983
A9: 3 | B9: ЩО | C9: 1 | D9: =ROUND(BOM!H46*(1+Kurallar!$B$9)*(1+Kurallar!$B$10),0) -> 52696 | E9: =C9*D9 -> 52696
B11: Итого | E11: =SUM(E7:E9) -> 615060
B12: НДС (Kurallar!B11) | E12: =E11*Kurallar!$B$11 -> 98409.6
B13: Всего с НДС | E13: =E11+E12 -> 713469.6
B15: Срок изготовления: __ рабочих дней
B16: Условия оплаты: __
B17: Гарантия: 12 месяцев
