Workbook

Sheet KURALLAR
A1: YSF HICH — PANO BOM / MALIYET KURALLARI (APEX CNC listesi -> CHINT donusumu)
A3: BLOK 1 — KUR TABLOSU
A4: PARA | B4: KUR | C4: TARIH
A5: KZT | B5: 1 | C5: 2026-09-08
A6: USD | B6: 548 | C6: 2026-09-08
A7: EUR | B7: 590 | C7: 2026-09-08
A8: TRY | B8: 13.8 | C8: 2026-09-08
A10: BLOK 2 — MARKA KURAL TABLOSU
A11: MARKA | B11: PARA | C11: KATSAYI1 | D11: KATSAYI2 | E11: TOPLAM | F11: GIRDI_TIPI | G11: NOT
A12: ABB | B12: EUR | C12: 1.35 | D12: 0.3 | E12: =C12*D12 -> 0.405 | F12: LISTE | G12: standart
A13: SCHNEIDER | B13: EUR | C13: 0.6 | D13: 1 | E13: =C13*D13 -> 0.6 | F13: LISTE | G13: fiyat listesi bu dosyada yok — FIYAT_YOK
A14: CHINT | B14: KZT | C14: 0.6 | D14: 1 | E14: =C14*D14 -> 0.6 | F14: LISTE | G14: %40 iskonto; liste 27.08.2026 / 02.02.2026
A15: CNC | B15: KZT | C15: 0.55 | D15: 1 | E15: =C15*D15 -> 0.55 | F15: LISTE | G15: kullanilmadi (donusum kaynagi)
A16: IEK | B16: KZT | C16: 1 | D16: 1 | E16: =C16*D16 -> 1 | F16: LISTE
A17: EKF | B17: KZT | C17: 1 | D17: 1 | E17: =C17*D17 -> 1 | F17: LISTE | G17: referans, fiyat yasak
A18: EKT | B18: KZT | C18: 1 | D18: 1 | E18: =C18*D18 -> 1 | F18: LISTE | G18: liste 2025-06-12 — GUNCELLE
A19: KAZTEK | B19: KZT | C19: 0.6 | D19: 1 | E19: =C19*D19 -> 0.6 | F19: LISTE | G19: korpus, liste 2026-07-15
A20: BAKIR-BARA | B20: KZT | C20: 1 | D20: 1 | E20: =C20*D20 -> 1 | F20: NET | G20: kg fiyatindan hesaplanir
A21: ALUM-BARA | B21: KZT | C21: 1 | D21: 1 | E21: =C21*D21 -> 1 | F21: NET | G21: kg fiyatindan hesaplanir
A22: MUADIL-NET | B22: KZT | C22: 1 | D22: 1 | E22: =C22*D22 -> 1 | F22: NET
A23: ISCILIK | B23: KZT | C23: 1 | D23: 1 | E23: =C23*D23 -> 1 | F23: NET
A25: BLOK 3 — ISCILIK VE MONTAJ SARFI (TEKLED normlari — sari hucreler duzenlenebilir)
A26: ISCILIK_DK_UCRETI (KZT/dakika) | B26: 100
A27: TEST_ETIKET_CARPANI | B27: 1.15
A28: MONTAJ_MALZEME_ORANI (malzeme bedelinin %) | B28: 0.07
A30: NORM TABLOSU (dakika / adet)
A31: NORM_KEY | B31: DAKIKA | C31: ACIKLAMA
A32: OTO_1P | B32: 3 | C32: modüler otomat 1P
A33: OTO_2P | B33: 5 | C33: modüler otomat 2P
A34: OTO_3P | B34: 8 | C34: modüler otomat 3P
A35: OTO_4P | B35: 10 | C35: modüler otomat 4P
A36: DIF_2P | B36: 6 | C36: UZO/dif. otomat 1P+N-2P
A37: DIF_4P | B37: 10 | C37: UZO/dif. otomat 4P
A38: DIF_MODUL | B38: 20 | C38: kompakt salter dif. modulu
A39: TMS_125 | B39: 15 | C39: kompakt salter 125 govde
A40: TMS_250 | B40: 25 | C40: kompakt salter 250 govde
A41: TMS_400 | B41: 40 | C41: kompakt salter 400 govde
A42: TMS_630 | B42: 55 | C42: kompakt salter 630 govde
A43: TMS_1600 | B43: 90 | C43: kompakt salter 1600 govde
... A63: KONDANSATOR | B63: 20 | C63: kompanzasyon kondansatoru
A66: BLOK 4 — FIYAT LISTESI YAS DENETIMI
A67: Marka | B67: Dosya | C67: Tarih | D67: Yas (ay) | E67: Durum
A68: CHINT | B68: 260827 chint price Остатки.xlsx (dogrulanmis kalemler) | C68: 2026-08-27 | D68: =ROUND((DATE(2026,9,8)-DATEVALUE(C68))/30.4,1) -> 0.4 | E68: =IF(D68>18,"SADECE ARTIKUL — FIYAT KULLANILMAZ",IF(D68>12,"GUNCELLE","normal")) -> normal
A69: CHINT | B69: 260202 Остатки и доступность товаров с ценой.xlsx | C69: 2026-02-02 | D69: =ROUND((DATE(2026,9,8)-DATEVALUE(C69))/30.4,1) -> 7.2 | E69: =IF(D69>18,"SADECE ARTIKUL — FIYAT KULLANILMAZ",IF(D69>12,"GUNCELLE","normal")) -> normal
A70: KAZTEK | B70: 2607 15 Kaztek pano fiyat listesi.XLSX | C70: 2026-07-15 | D70: =ROUND((DATE(2026,9,8)-DATEVALUE(C70))/30.4,1) -> 1.8 | E70: =IF(D70>18,"SADECE ARTIKUL — FIYAT KULLANILMAZ",IF(D70>12,"GUNCELLE","normal")) -> normal
A71: EKT | B71: EKT liste | C71: 2025-06-12 | D71: =ROUND((DATE(2026,9,8)-DATEVALUE(C71))/30.4,1) -> 14.9 | E71: =IF(D71>18,"SADECE ARTIKUL — FIYAT KULLANILMAZ",IF(D71>12,"GUNCELLE","normal")) -> GUNCELLE
A72: EKF | B72: EKF liste | C72: 2026-01-05 | D72: =ROUND((DATE(2026,9,8)-DATEVALUE(C72))/30.4,1) -> 8.1 | E72: =IF(D72>18,"SADECE ARTIKUL — FIYAT KULLANILMAZ",IF(D72>12,"GUNCELLE","normal")) -> normal
A74: BLOK 5 — TICARI
A75: KAR_ORANI
A76: ISKONTO
A77: NDS_ORANI | B77: 0.12
A78: TEKLIF_GECERLILIK
A79: URETIM_SURESI
A80: ODEME_SARTI
A81: GARANTI
A83: BLOK 6 — METAL FIYATI
A84: BAKIR_KG_USD | B84: 14.45
A85: ALUM_KG_USD | B85: 8.2
A86: USD_KZT | B86: =B6 -> 548
A87: BAKIR_KG_KZT | B87: =B84*B86 -> 7918.6
A88: ALUM_KG_KZT | B88: =B85*B86 -> 4493.6
A90: BLOK 7 — DONUSUM NOTLARI
A91: • Kaynak liste: APEX CNC.xlsx — СПЕЦИФИКАЦИЯ (97 pano tipi, 169 komple pano) + СВОДНАЯ СТРАНИЦА (pano adetleri).
A92: • Karsilastirma: 260908 Rustu_Bey_2_CNC_BOM gp.xlsx (ayni kaynaktan uretilmis CNC BOM) — pano/kalem yapisi birebir ayni tutulmustur.
A93: • CNC markali her kalem CHINT muadili ile degistirildi; CNC disi kalemler (Aysel korpus, Schneider, Elektron sayac, Schetchik AT, EKF, AVT UPS, bara) aynen korundu.
A94: • Korpuslar KAZTEK/TEKSAN karsiliklarina cevrildi (kural: korpus onceligi Kaztek/Teksan). Olculer proje olcusuyle birebir degildir — hepsi KONTROL isaretlidir.
A95: • CHINT fiyatlari: 27.08.2026 listesinden dogrulanmis kalemler oncelikli, kalanlar 02.02.2026 stok/fiyat listesinden. Her satirda KAYNAK sutununda yazilidir.
A96: • Iki liste arasinda MCB fiyatlari ayni; UZO ve NM8N kalemlerinde 02.2026 fiyatlari ~%5-8 dusuktur — 27.08.2026 listesi bu makinede bulunamadi, GUNCELLE.
A97: • Fiyati olmayan kalemler silinmedi: F/G/H bos, DURUM=FIYAT_YOK. Toplamlar eksikligi gorunur sekilde yansitir.
A98: • Pano ici kablo/DIN ray/kanal/klemens ayri satir degildir — APEX listesindeki "Sarf Malzeme" (MONTAJ-MALZEME) satirinda toplanmistir.
A99: • Iscilik satiri APEX listesinde yoktu; KURALLAR BLOK 3 norm tablosuna (dakika/adet) gore hesaplandi. Kol-vo sutunu DAKIKA, birim fiyat 100 KZT/dk, x1,15 test/etiket carpani.
A100: • Montaj sarf malzemesi = pano malzeme bedelinin yuzde 7si (MONTAJ_MALZEME_ORANI sari hucresi).
A101: • BOM DURUM sutunu formuldur: satirda tutar olusmadigi surece FIYAT_YOK yazar, elle fiyat girilince FIYAT sayfasindaki BAZ_DURUM degerine doner.
A102: • Pano ici malzeme miktarlari 1 pano icindir; komplekt adedi OZET sayfasindadir.

Sheet FIYAT
A1: SIRA | B1: ARTIKUL | C1: НОМЕНКЛАТУРА | D1: TIP | E1: MARKA | F1: LISTE_FIYAT | G1: PARA | H1: KATSAYI | I1: NET_KZT | J1: BIRIM | K1: TOPLAM_ADET | L1: TOPLAM_TUTAR | M1: KAYNAK | N1: DURUM | O1: NOT | P1: BAZ_DURUM
A2: 1 | B2: 271534 | C2: Авт. выкл. NM8N-125C TM 3P 32А 36кА с рег. термомаг. расцепителем (R) | D2: TMS | E2: CHINT | F2: 64667 | G2: =IFERROR(VLOOKUP($E2,KURALLAR!$A$12:$E$23,2,FALSE()),"KZT") -> KZT | H2: =IFERROR(VLOOKUP($E2,KURALLAR!$A$12:$E$23,5,FALSE()),1) -> 0.6 | I2: =IF($F2="","",$F2*$H2*IFERROR(VLOOKUP($G2,KURALLAR!$A$5:$B$8,2,FALSE()),1)) -> 38800.2 | J2: Шт. | K2: =SUMIF(BOM!$D:$D,$B2,BOM!$I:$I) -> 59 | L2: =SUMIF(BOM!$D:$D,$B2,BOM!$H:$H) -> 2289211.8 | M2: CHINT 27.08.2026 | N2: =IF($P2="ORAN","ORAN (KURALLAR)",IF($I2="","FIYAT_YOK",$P2)) -> MUADIL | O2: CHINT'te 63A govde yok; NM8N-125C 36kA govdesi alindi | P2: MUADIL
A3: 2 | B3: 200231 | C3: УЗО NL1-63 6kA 4P 63A 300mA тип AC (R) | D3: DIF | E3: CHINT | F3: 18106 | G3: =IFERROR(VLOOKUP($E3,KURALLAR!$A$12:$E$23,2,FALSE()),"KZT") -> KZT | H3: =IFERROR(VLOOKUP($E3,KURALLAR!$A$12:$E$23,5,FALSE()),1) -> 0.6 | I3: =IF($F3="","",$F3*$H3*IFERROR(VLOOKUP($G3,KURALLAR!$A$5:$B$8,2,FALSE()),1)) -> 10863.6 | J3: Шт. | K3: =SUMIF(BOM!$D:$D,$B3,BOM!$I:$I) -> 60 | L3: =SUMIF(BOM!$D:$D,$B3,BOM!$H:$H) -> 651816 | M3: CHINT 27.08.2026 | N3: =IF($P3="ORAN","ORAN (KURALLAR)",IF($I3="","FIYAT_YOK",$P3)) -> OK | O3: 4P 63A 300mA AC — birebir | P3: OK
A4: 3 | B4: 521260 | C4: Держатель плавкой вставки RT36-00-160, габарит 00, 160А | D4: FU | E4: CHINT | F4: 2038 | G4: =IFERROR(VLOOKUP($E4,KURALLAR!$A$12:$E$23,2,FALSE()),"KZT") -> KZT | H4: =IFERROR(VLOOKUP($E4,KURALLAR!$A$12:$E$23,5,FALSE()),1) -> 0.6 | I4: =IF($F4="","",$F4*$H4*IFERROR(VLOOKUP($G4,KURALLAR!$A$5:$B$8,2,FALSE()),1)) -> 1222.8 | J4: Шт. | K4: =SUMIF(BOM!$D:$D,$B4,BOM!$I:$I) -> 384 | L4: =SUMIF(BOM!$D:$D,$B4,BOM!$H:$H) -> 469555.2 | M4: CHINT 27.08.2026 | N4: =IF($P4="ORAN","ORAN (KURALLAR)",IF($I4="","FIYAT_YOK",$P4)) -> MUADIL | O4: CHINT'te 14x51 (63A) silindirik yuva yok; NH00 (RT36-00) bicak sigorta yuvasi alindi — montaj/boyut farki KONTROL | P4: MUADIL
A5: 4 | B5: 521347 | C5: Плавкая вставка предохранителя RT36-00-160, габарит 00, 63А | D5: FU | E5: CHINT | F5: 1525 | G5: =IFERROR(VLOOKUP($E5,KURALLAR!$A$12:$E$23,2,FALSE()),"KZT") -> KZT | H5: =IFERROR(VLOOKUP($E5,KURALLAR!$A$12:$E$23,5,FALSE()),1) -> 0.6 | I5: =IF($F5="","",$F5*$H5*IFERROR(VLOOKUP($G5,KURALLAR!$A$5:$B$8,2,FALSE()),1)) -> 915 | J5: Шт. | K5: =SUMIF(BOM!$D:$D,$B5,BOM!$I:$I) -> 408 | L5: =SUMIF(BOM!$D:$D,$B5,BOM!$H:$H) -> 373320 | M5: CHINT 02.02.2026 | N5: =IF($P5="ORAN","ORAN (KURALLAR)",IF($I5="","FIYAT_YOK",$P5)) -> MUADIL | O5: 14x51 63A yerine NH00 63A busonu | P5: MUADIL
A6: 5 | B6: 252578 | C6: Ограничитель имп. перенапр. NU6-IIG 4Р In=25kA Uc=440B Im=65kA (R) | D6: OPN | E6: CHINT | F6: 33208 | G6: =IFERROR(VLOOKUP($E6,KURALLAR!$A$12:$E$23,2,FALSE()),"KZT") -> KZT | H6: =IFERROR(VLOOKUP($E6,KURALLAR!$A$12:$E$23,5,FALSE()),1) -> 0.6 | I6: =IF($F6="","",$F6*$H6*IFERROR(VLOOKUP($G6,KURALLAR!$A$5:$B$8,2,FALSE()),1)) -> 19924.8 | J6: Шт. | K6: =SUMIF(BOM!$D:$D,$B6,BOM!$I:$I) -> 96 | L6: =SUMIF(BOM!$D:$D,$B6,BOM!$H:$H) -> 1912780.8 | M6: CHINT 02.02.2026 | N6: =IF($P6="ORAN","ORAN (KURALLAR)",IF($I6="","FIYAT_YOK",$P6)) -> MUADIL_ONAY | O6: CNC YCS6-B 4P 60kA 420V -> CHINT NU6-IIG 4P Uc=440V In=25kA Imax=65kA. Class I (Iimp) isteniyorsa 308602 NXU-I+II 4P KONTROL | P6: MUADIL_ONAY
A7: 6 | B7: 814172 | C7: Авт. выкл. NXB-63 3P 25A 6кА х-ка C (R) | D7: OTO | E7: CHINT | F7: 5334 | G7: =IFERROR(VLOOKUP($E7,KURALLAR!$A$12:$E$23,2,FALSE()),"KZT") -> KZT | H7: =IFERROR(VLOOKUP($E7,KURALLAR!$A$12:$E$23,5,FALSE()),1) -> 0.6 | I7: =IF($F7="","",$F7*$H7*IFERROR(VLOOKUP($G7,KURALLAR!$A$5:$B$8,2,FALSE()),1)) -> 3200.4 | J7: Шт. | K7: =SUMIF(BOM!$D:$D,$B7,BOM!$I:$I) -> 46 | L7: =SUMIF(BOM!$D:$D,$B7,BOM!$H:$H) -> 147218.4 | M7: CHINT 27.08.2026 | N7: =IF($P7="ORAN","ORAN (KURALLAR)",IF($I7="","FIYAT_YOK",$P7)) -> OK | O7: 3P 25A 6kA C — birebir | P7: OK
A8: 7 | B8: 814014 | C8: Авт. выкл. NXB-63 1P 16A 6кА х-ка C (R) | D8: OTO | E8: CHINT | F8: 1389 | G8: =IFERROR(VLOOKUP($E8,KURALLAR!$A$12:$E$23,2,FALSE()),"KZT") -> KZT | H8: =IFERROR(VLOOKUP($E8,KURALLAR!$A$12:$E$23,5,FALSE()),1) -> 0.6 | I8: =IF($F8="","",$F8*$H8*IFERROR(VLOOKUP($G8,KURALLAR!$A$5:$B$8,2,FALSE()),1)) -> 833.4 | J8: Шт. | K8: =SUMIF(BOM!$D:$D,$B8,BOM!$I:$I) -> 598 | L8: =SUMIF(BOM!$D:$D,$B8,BOM!$H:$H) -> 498373.2 | M8: CHINT 27.08.2026 | N8: =IF($P8="ORAN","ORAN (KURALLAR)",IF($I8="","FIYAT_YOK",$P8)) -> OK | O8: 1P 16A 6kA C — birebir | P8: OK
A9: 8 | B9: 200316 | C9: УЗО NL1-63 6kA 4P 25A 30mA тип AC (R) | D9: DIF | E9: CHINT | F9: 18338 | G9: =IFERROR(VLOOKUP($E9,KURALLAR!$A$12:$E$23,2,FALSE()),"KZT") -> KZT | H9: =IFERROR(VLOOKUP($E9,KURALLAR!$A$12:$E$23,5,FALSE()),1) -> 0.6 | I9: =IF($F9="","",$F9*$H9*IFERROR(VLOOKUP($G9,KURALLAR!$A$5:$B$8,2,FALSE()),1)) -> 11002.8 | J9: Шт. | K9: =SUMIF(BOM!$D:$D,$B9,BOM!$I:$I) -> 16 | L9: =SUMIF(BOM!$D:$D,$B9,BOM!$H:$H) -> 176044.8 | M9: CHINT 27.08.2026 | N9: =IF($P9="ORAN","ORAN (KURALLAR)",IF($I9="","FIYAT_YOK",$P9)) -> OK | O9: 4P 25A 30mA AC — birebir | P9: OK
A10: 9 | B10: 200359 | C10: УЗО NL1-63 6kA 2P 16A 30mA тип AC (R) | D10: DIF | E10: CHINT | F10: 10809 | G10: =IFERROR(VLOOKUP($E10,KURALLAR!$A$12:$E$23,2,FALSE()),"KZT") -> KZT | H10: =IFERROR(VLOOKUP($E10,KURALLAR!$A$12:$E$23,5,FALSE()),1) -> 0.6 | I10: =IF($F10="","",$F10*$H10*IFERROR(VLOOKUP($G10,KURALLAR!$A$5:$B$8,2,FALSE()),1)) -> 6485.4 | J10: Шт. | K10: =SUMIF(BOM!$D:$D,$B10,BOM!$I:$I) -> 51 | L10: =SUMIF(BOM!$D:$D,$B10,BOM!$H:$H) -> 330755.4 | M10: CHINT 27.08.2026 | N10: =IF($P10="ORAN","ORAN (KURALLAR)",IF($I10="","FIYAT_YOK",$P10)) -> OK | O10: 2P 16A 30mA AC — birebir | P10: OK
A11: 10 | B11: 814015 | C11: Авт. выкл. NXB-63 1P 20A 6кА х-ка C (R) | D11: OTO | E11: CHINT | F11: 1434 | G11: =IFERROR(VLOOKUP($E11,KURALLAR!$A$12:$E$23,2,FALSE()),"KZT") -> KZT | H11: =IFERROR(VLOOKUP($E11,KURALLAR!$A$12:$E$23,5,FALSE()),1) -> 0.6 | I11: =IF($F11="","",$F11*$H11*IFERROR(VLOOKUP($G11,KURALLAR!$A$5:$B$8,2,FALSE()),1)) -> 860.4 | J11: Шт. | K11: =SUMIF(BOM!$D:$D,$B11,BOM!$I:$I) -> 4 | L11: =SUMIF(BOM!$D:$D,$B11,BOM!$H:$H) -> 3441.6 | M11: CHINT 27.08.2026 | N11: =IF($P11="ORAN","ORAN (KURALLAR)",IF($I11="","FIYAT_YOK",$P11)) -> OK | O11: 1P 20A 6kA C — birebir | P11: OK
A12: 11 | B12: 814013 | C12: Авт. выкл. NXB-63 1P 10A 6кА х-ка C (R) | D12: OTO | E12: CHINT | F12: 1362 | G12: =IFERROR(VLOOKUP($E12,KURALLAR!$A$12:$E$23,2,FALSE()),"KZT") -> KZT | H12: =IFERROR(VLOOKUP($E12,KURALLAR!$A$12:$E$23,5,FALSE()),1) -> 0.6 | I12: =IF($F12="","",$F12*$H12*IFERROR(VLOOKUP($G12,KURALLAR!$A$5:$B$8,2,FALSE()),1)) -> 817.2 | J12: Шт. | K12: =SUMIF(BOM!$D:$D,$B12,BOM!$I:$I) -> 593 | L12: =SUMIF(BOM!$D:$D,$B12,BOM!$H:$H) -> 484599.6 | M12: CHINT 02.02.2026 | N12: =IF($P12="ORAN","ORAN (KURALLAR)",IF($I12="","FIYAT_YOK",$P12)) -> OK | O12: 1P 10A 6kA C — birebir | P12: OK
A13: 12 | B13: 718-84007 | C13: Шина "N" нулевая 6х9мм на DIN-рейку в корпусном изоляторе ШНИ 12К IEK (10) | D13: BLOK | E13: KAZTEK | F13: 755 | G13: =IFERROR(VLOOKUP($E13,KURALLAR!$A$12:$E$23,2,FALSE()),"KZT") -> KZT | H13: =IFERROR(VLOOKUP($E13,KURALLAR!$A$12:$E$23,5,FALSE()),1) -> 0.6 | I13: =IF($F13="","",$F13*$H13*IFERROR(VLOOKUP($G13,KURALLAR!$A$5:$B$8,2,FALSE()),1)) -> 453 | J13: Шт. | K13: =SUMIF(BOM!$D:$D,$B13,BOM!$I:$I) -> 260 | L13: =SUMIF(BOM!$D:$D,$B13,BOM!$H:$H) -> 117780 | M13: KAZTEK 15.07.2026 | N13: =IF($P13="ORAN","ORAN (KURALLAR)",IF($I13="","FIYAT_YOK",$P13)) -> MUADIL | O13: CHINT listesinde 4x11 dagitim blogu yok; 4 kutup icin 4 ad. izoleli SHNI 12K barasi alindi (adet x4) | P13: MUADIL
A14: 13 | B14: MONTAJ-MALZEME | C14: Монтажный расходный материал (кабель, DIN-рейка, кабель-канал, клеммы, маркировка, крепёж) | D14: MONTAJNYY MATERIAL | E14: MUADIL-NET | G14: =IFERROR(VLOOKUP($E14,KURALLAR!$A$12:$E$23,2,FALSE()),"KZT") -> KZT | H14: =IFERROR(VLOOKUP($E14,KURALLAR!$A$12:$E$23,5,FALSE()),1) -> 1 | I14: =IF($F14="","",$F14*$H14*IFERROR(VLOOKUP($G14,KURALLAR!$A$5:$B$8,2,FALSE()),1)) | J14: компл. | K14: =SUMIF(BOM!$D:$D,$B14,BOM!$I:$I) -> 97 | L14: =SUMIF(BOM!$D:$D,$B14,BOM!$H:$H) -> 5177798 | M14: KURALLAR oran | N14: =IF($P14="ORAN","ORAN (KURALLAR)",IF($I14="","FIYAT_YOK",$P14)) -> ORAN (KURALLAR) | O14: pano ici sarf malzemesi = pano malzeme bedelinin %si (KURALLAR BLOK 3 sari hucre) | P14: ORAN
A15: 14 | B15: 719-15380 | C15: ЩМП (инд.) IP31 (650х500х150мм) | D15: KORPUS | E15: KAZTEK | F15: 27825 | G15: =IFERROR(VLOOKUP($E15,KURALLAR!$A$12:$E$23,2,FALSE()),"KZT") -> KZT | H15: =IFERROR(VLOOKUP($E15,KURALLAR!$A$12:$E$23,5,FALSE()),1) -> 0.6 | I15: =IF($F15="","",$F15*$H15*IFERROR(VLOOKUP($G15,KURALLAR!$A$5:$B$8,2,FALSE()),1)) -> 16695 | J15: Шт. | K15: =SUMIF(BOM!$D:$D,$B15,BOM!$I:$I) -> 36 | L15: =SUMIF(BOM!$D:$D,$B15,BOM!$H:$H) -> 601020 | M15: KAZTEK 15.07.2026 | N15: =IF($P15="ORAN","ORAN (KURALLAR)",IF($I15="","FIYAT_YOK",$P15)) -> VARSAYIM | O15: proje 460x700x200 duvar tipi FORM 2B -> KAZTEK 650x500x150; olcu/FORM sinifi KONTROL | P15: VARSAYIM
A16: 15 | B16: ISCILIK-MONTAJ | C16: Сборка, кабелирование, маркировка, момент затяжки, испытания | D16: MONTAJNAYA RABOTA | E16: ISCILIK | F16: =KURALLAR!$B$26 -> 100 | G16: =IFERROR(VLOOKUP($E16,KURALLAR!$A$12:$E$23,2,FALSE()),"KZT") -> KZT | H16: =IFERROR(VLOOKUP($E16,KURALLAR!$A$12:$E$23,5,FALSE()),1) -> 1 | I16: =IF($F16="","",$F16*$H16*IFERROR(VLOOKUP($G16,KURALLAR!$A$5:$B$8,2,FALSE()),1)) -> 100 | J16: мин | K16: =SUMIF(BOM!$D:$D,$B16,BOM!$I:$I) -> 69554 | L16: =SUMIF(BOM!$D:$D,$B16,BOM!$H:$H) -> 6955400 | M16: TEKLED norm | N16: =IF($P16="ORAN","ORAN (KURALLAR)",IF($I16="","FIYAT_YOK",$P16)) -> OK | O16: montaj+test iscilik — dakika normlari KURALLAR BLOK 3 sari hucrelerinden, x1,15 test/etiket | P16: OK
A17: 16 | B17: 271538 | C17: Авт. выкл. NM8N-125C TM 3P 80А 36кА с рег. термомаг. расцепителем (R) | D17: TMS | E17: CHINT | F17: 64129 | G17: =IFERROR(VLOOKUP($E17,KURALLAR!$A$12:$E$23,2,FALSE()),"KZT") -> KZT | H17: =IFERROR(VLOOKUP($E17,KURALLAR!$A$12:$E$23,5,FALSE()),1) -> 0.6 | I17: =IF($F17="","",$F17*$H17*IFERROR(VLOOKUP($G17,KURALLAR!$A$5:$B$8,2,FALSE()),1)) -> 38477.4 | J17: Шт. | K17: =SUMIF(BOM!$D:$D,$B17,BOM!$I:$I) -> 24 | L17: =SUMIF(BOM!$D:$D,$B17,BOM!$H:$H) -> 923457.6 | M17: CHINT 27.08.2026 | N17: =IF($P17="ORAN","ORAN (KURALLAR)",IF($I17="","FIYAT_YOK",$P17)) -> OK | O17: 125 govde 80A 36kA — birebir | P17: OK
A18: 17 | B18: 449980 | C18: Диф. модуль NM8NL-125 4P RCD1 X рег. ток утечки 0,03-0,05-0,1-0,2-0,3-0,5-1-2 A (R) | D18: DIF | E18: CHINT | F18: 83791 | G18: =IFERROR(VLOOKUP($E18,KURALLAR!$A$12:$E$23,2,FALSE()),"KZT") -> KZT | H18: =IFERROR(VLOOKUP($E18,KURALLAR!$A$12:$E$23,5,FALSE()),1) -> 0.6 | I18: =IF($F18="","",$F18*$H18*IFERROR(VLOOKUP($G18,KURALLAR!$A$5:$B$8,2,FALSE()),1)) -> 50274.6 | J18: Шт. | K18: =SUMIF(BOM!$D:$D,$B18,BOM!$I:$I) -> 7 | L18: =SUMIF(BOM!$D:$D,$B18,BOM!$H:$H) -> 351922.2 | M18: CHINT 02.02.2026 | N18: =IF($P18="ORAN","ORAN (KURALLAR)",IF($I18="","FIYAT_YOK",$P18)) -> CIHAZ_BELIRSIZ | O18: CHINT NL1-63 serisi max 63A — 4P 100A 300mA UZO yok. NM8N-125 4P govde + NM8NL-125 dif modulu teklif edildi; pano giris salteri 4P govdeye cevrilmelidir KONTROL | P18: CIHAZ_BELIRSIZ
A19: 18 | B19: 814012 | C19: Авт. выкл. NXB-63 1P 6A 6кА х-ка C (R) | D19: OTO | E19: CHINT | F19: 1436 | G19: =IFERROR(VLOOKUP($E19,KURALLAR!$A$12:$E$23,2,FALSE()),"KZT") -> KZT | H19: =IFERROR(VLOOKUP($E19,KURALLAR!$A$12:$E$23,5,FALSE()),1) -> 0.6 | I19: =IF($F19="","",$F19*$H19*IFERROR(VLOOKUP($G19,KURALLAR!$A$5:$B$8,2,FALSE()),1)) -> 861.6 | J19: Шт. | K19: =SUMIF(BOM!$D:$D,$B19,BOM!$I:$I) -> 186 | L19: =SUMIF(BOM!$D:$D,$B19,BOM!$H:$H) -> 160257.6 | M19: CHINT 27.08.2026 | N19: =IF($P19="ORAN","ORAN (KURALLAR)",IF($I19="","FIYAT_YOK",$P19)) -> OK | O19: 1P 6A 6kA C — birebir | P19: OK
A20: 19 | B20: 593085 | C20: Индикатор ND16-22DS/4 белый АС230В (R) | D20: LAMB | E20: CHINT | F20: 1047 | G20: =IFERROR(VLOOKUP($E20,KURALLAR!$A$12:$E$23,2,FALSE()),"KZT") -> KZT | H20: =IFERROR(VLOOKUP($E20,KURALLAR!$A$12:$E$23,5,FALSE()),1) -> 0.6 | I20: =IF($F20="","",$F20*$H20*IFERROR(VLOOKUP($G20,KURALLAR!$A$5:$B$8,2,FALSE()),1)) -> 628.2 | J20: Шт. | K20: =SUMIF(BOM!$D:$D,$B20,BOM!$I:$I) -> 102 | L20: =SUMIF(BOM!$D:$D,$B20,BOM!$H:$H) -> 64076.4 | M20: CHINT 02.02.2026 | N20: =IF($P20="ORAN","ORAN (KURALLAR)",IF($I20="","FIYAT_YOK",$P20)) -> OK | O20: beyaz sinyal lambasi 230V | P20: OK
A21: 20 | B21: 814174 | C21: Авт. выкл. NXB-63 3P 40A 6кА х-ка C (R) | D21: OTO | E21: CHINT | F21: 5647 | G21: =IFERROR(VLOOKUP($E21,KURALLAR!$A$12:$E$23,2,FALSE()),"KZT") -> KZT | H21: =IFERROR(VLOOKUP($E21,KURALLAR!$A$12:$E$23,5,FALSE()),1) -> 0.6 | I21: =IF($F21="","",$F21*$H21*IFERROR(VLOOKUP($G21,KURALLAR!$A$5:$B$8,2,FALSE()),1)) -> 3388.2 | J21: Шт. | K21: =SUMIF(BOM!$D:$D,$B21,BOM!$I:$I) -> 46 | L21: =SUMIF(BOM!$D:$D,$B21,BOM!$H:$H) -> 155857.2 | M21: CHINT 27.08.2026 | N21: =IF($P21="ORAN","ORAN (KURALLAR)",IF($I21="","FIYAT_YOK",$P21)) -> OK | O21: 3P 40A 6kA C — birebir | P21: OK
A22: 21 | B22: EX-518U-100A | C22: Трехфазный эл.счетчик EX 518 10(100)А (прям. подкл.) с PLC модулем | D22: SAYAC | E22: MUADIL-NET | G22: =IFERROR(VLOOKUP($E22,KURALLAR!$A$12:$E$23,2,FALSE()),"KZT") -> KZT | H22: =IFERROR(VLOOKUP($E22,KURALLAR!$A$12:$E$23,5,FALSE()),1) -> 1 | I22: =IF($F22="","",$F22*$H22*IFERROR(VLOOKUP($G22,KURALLAR!$A$5:$B$8,2,FALSE()),1)) | J22: Шт. | K22: =SUMIF(BOM!$D:$D,$B22,BOM!$I:$I) -> 29 | L22: =SUMIF(BOM!$D:$D,$B22,BOM!$H:$H) -> 0 | N22: =IF($P22="ORAN","ORAN (KURALLAR)",IF($I22="","FIYAT_YOK",$P22)) -> FIYAT_YOK | O22: Elektron Xisoblagich sayaci — CHINT listesinde yok, fiyat alinacak | P22: KONTROL
A23: 22 | B23: BARA-AL-SAT | C23: Шина алюминиевая твёрдая (ШАТ) | D23: SINA | E23: ALUM-BARA | F23: =KURALLAR!$B$88 -> 4493.6 | G23: =IFERROR(VLOOKUP($E23,KURALLAR!$A$12:$E$23,2,FALSE()),"KZT") -> KZT | H23: =IFERROR(VLOOKUP($E23,KURALLAR!$A$12:$E$23,5,FALSE()),1) -> 1 | I23: =IF($F23="","",$F23*$H23*IFERROR(VLOOKUP($G23,KURALLAR!$A$5:$B$8,2,FALSE()),1)) -> 4493.6 | J23: Кг. | K23: =SUMIF(BOM!$D:$D,$B23,BOM!$I:$I) -> 1392 | L23: =SUMIF(BOM!$D:$D,$B23,BOM!$H:$H) -> 6255091.2 | N23: =IF($P23="ORAN","ORAN (KURALLAR)",IF($I23="","FIYAT_YOK",$P23)) -> VARSAYIM | O23: alu bara — kg fiyati KURALLAR BLOK 8'den hesaplanir | P23: VARSAYIM
A24: 23 | B24: 719-15636 | C24: Щит (moduler) 2000x800x800+100 | D24: KORPUS | E24: KAZTEK | F24: 197400 | G24: =IFERROR(VLOOKUP($E24,KURALLAR!$A$12:$E$23,2,FALSE()),"KZT") -> KZT | H24: =IFERROR(VLOOKUP($E24,KURALLAR!$A$12:$E$23,5,FALSE()),1) -> 0.6 | I24: =IF($F24="","",$F24*$H24*IFERROR(VLOOKUP($G24,KURALLAR!$A$5:$B$8,2,FALSE()),1)) -> 118440 | J24: Шт. | K24: =SUMIF(BOM!$D:$D,$B24,BOM!$I:$I) -> 28 | L24: =SUMIF(BOM!$D:$D,$B24,BOM!$H:$H) -> 3316320 | M24: KAZTEK 15.07.2026 | N24: =IF($P24="ORAN","ORAN (KURALLAR)",IF($I24="","FIYAT_YOK",$P24)) -> VARSAYIM | O24: proje 900x2100x400 -> KAZTEK 2000x800x800+baza (genislik eksik); olcu KONTROL | P24: VARSAYIM
A25: 24 | B25: 271536 | C25: Авт. выкл. NM8N-125C TM 3P 50А 36кА с рег. термомаг. расцепителем (R) | D25: TMS | E25: CHINT | F25: 68025 | G25: =IFERROR(VLOOKUP($E25,KURALLAR!$A$12:$E$23,2,FALSE()),"KZT") -> KZT | H25: =IFERROR(VLOOKUP($E25,KURALLAR!$A$12:$E$23,5,FALSE()),1) -> 0.6 | I25: =IF($F25="","",$F25*$H25*IFERROR(VLOOKUP($G25,KURALLAR!$A$5:$B$8,2,FALSE()),1)) -> 40815 | J25: Шт. | K25: =SUMIF(BOM!$D:$D,$B25,BOM!$I:$I) -> 15 | L25: =SUMIF(BOM!$D:$D,$B25,BOM!$H:$H) -> 612225 | M25: CHINT 27.08.2026 | N25: =IF($P25="ORAN","ORAN (KURALLAR)",IF($I25="","FIYAT_YOK",$P25)) -> MUADIL | O25: CHINT'te 63A govde yok; NM8N-125C 36kA govdesi alindi | P25: MUADIL
A26: 25 | B26: 719-15626 | C26: Мет. Щит (2000x700x500) +10CM BAZA IP54 | D26: KORPUS | E26: KAZTEK | F26: 117250 | G26: =IFERROR(VLOOKUP($E26,KURALLAR!$A$12:$E$23,2,FALSE()),"KZT") -> KZT | H26: =IFERROR(VLOOKUP($E26,KURALLAR!$A$12:$E$23,5,FALSE()),1) -> 0.6 | I26: =IF($F26="","",$F26*$H26*IFERROR(VLOOKUP($G26,KURALLAR!$A$5:$B$8,2,FALSE()),1)) -> 70350 | J26: Шт. | K26: =SUMIF(BOM!$D:$D,$B26,BOM!$I:$I) -> 13 | L26: =SUMIF(BOM!$D:$D,$B26,BOM!$H:$H) -> 914550 | M26: KAZTEK 15.07.2026 | N26: =IF($P26="ORAN","ORAN (KURALLAR)",IF($I26="","FIYAT_YOK",$P26)) -> VARSAYIM | O26: proje 700x2100x400 -> KAZTEK 2000x700x500+baza; FORM sinifi KONTROL | P26: VARSAYIM
A27: 26 | B27: 269252 | C27: Авт. выкл. NM8N-630S TM 3P 500А 50кА с рег. термомаг. расцепителем (R) | D27: TMS | E27: CHINT | F27: 237703 | G27: =IFERROR(VLOOKUP($E27,KURALLAR!$A$12:$E$23,2,FALSE()),"KZT") -> KZT | H27: =IFERROR(VLOOKUP($E27,KURALLAR!$A$12:$E$23,5,FALSE()),1) -> 0.6 | I27: =IF($F27="","",$F27*$H27*IFERROR(VLOOKUP($G27,KURALLAR!$A$5:$B$8,2,FALSE()),1)) -> 142621.8 | J27: Шт. | K27: =SUMIF(BOM!$D:$D,$B27,BOM!$I:$I) -> 4 | L27: =SUMIF(BOM!$D:$D,$B27,BOM!$H:$H) -> 570487.2 | M27: CHINT 27.08.2026 | N27: =IF($P27="ORAN","ORAN (KURALLAR)",IF($I27="","FIYAT_YOK",$P27)) -> MUADIL | O27: 36kA kademesinde 500A yok, 50kA (630S) alindi | P27: MUADIL
A28: 27 | B28: 269604 | C28: Независимый расцепитель SHT22-M8 AC220-240V для NM8N-250/400/630 (R) | D28: BLOK | E28: CHINT | F28: 18552 | G28: =IFERROR(VLOOKUP($E28,KURALLAR!$A$12:$E$23,2,FALSE()),"KZT") -> KZT | H28: =IFERROR(VLOOKUP($E28,KURALLAR!$A$12:$E$23,5,FALSE()),1) -> 0.6 | I28: =IF($F28="","",$F28*$H28*IFERROR(VLOOKUP($G28,KURALLAR!$A$5:$B$8,2,FALSE()),1)) -> 11131.2 | J28: Шт. | K28: =SUMIF(BOM!$D:$D,$B28,BOM!$I:$I) -> 10 | L28: =SUMIF(BOM!$D:$D,$B28,BOM!$H:$H) -> 111312 | M28: CHINT 02.02.2026 | N28: =IF($P28="ORAN","ORAN (KURALLAR)",IF($I28="","FIYAT_YOK",$P28)) -> OK | O28: NM8N-250/400/630 govdesi icin bagimsiz acici | P28: OK
A29: 28 | B29: RELE-KACAK-AYARLI-LCD | C29: Реле защиты от утечки тока с LCD индикацией (регулируемое) — CHINT листинге нет | D29: ROLE | E29: MUADIL-NET | G29: =IFERROR(VLOOKUP($E29,KURALLAR!$A$12:$E$23,2,FALSE()),"KZT") -> KZT | H29: =IFERROR(VLOOKUP($E29,KURALLAR!$A$12:$E$23,5,FALSE()),1) -> 1 | I29: =IF($F29="","",$F29*$H29*IFERROR(VLOOKUP($G29,KURALLAR!$A$5:$B$8,2,FALSE()),1)) | J29: Шт. | K29: =SUMIF(BOM!$D:$D,$B29,BOM!$I:$I) -> 12 | L29: =SUMIF(BOM!$D:$D,$B29,BOM!$H:$H) -> 0 | N29: =IF($P29="ORAN","ORAN (KURALLAR)",IF($I29="","FIYAT_YOK",$P29)) -> FIYAT_YOK | O29: CHINT stok listesinde ayarli kacak akim koruma rolesi (LCD) yok — FIYAT ALINACAK | P29: CIHAZ_BELIRSIZ
A30: 29 | B30: 50442 | C30: Schneider Vigilohm GA300 — тороид тип A, Ø300мм | D30: TT | E30: SCHNEIDER | G30: =IFERROR(VLOOKUP($E30,KURALLAR!$A$12:$E$23,2,FALSE()),"KZT") -> EUR | H30: =IFERROR(VLOOKUP($E30,KURALLAR!$A$12:$E$23,5,FALSE()),1) -> 0.6 | I30: =IF($F30="","",$F30*$H30*IFERROR(VLOOKUP($G30,KURALLAR!$A$5:$B$8,2,FALSE()),1)) | J30: Шт. | K30: =SUMIF(BOM!$D:$D,$B30,BOM!$I:$I) -> 2 | L30: =SUMIF(BOM!$D:$D,$B30,BOM!$H:$H) -> 0 | N30: =IF($P30="ORAN","ORAN (KURALLAR)",IF($I30="","FIYAT_YOK",$P30)) -> FIYAT_YOK | O30: toroid Ø300; CHINT muadili yok KONTROL | P30: KONTROL
A31: 30 | B31: 271535 | C31: Авт. выкл. NM8N-125C TM 3P 40А 36кА с рег. термомаг. расцепителем (R) | D31: TMS | E31: CHINT | F31: 68418 | G31: =IFERROR(VLOOKUP($E31,KURALLAR!$A$12:$E$23,2,FALSE()),"KZT") -> KZT | H31: =IFERROR(VLOOKUP($E31,KURALLAR!$A$12:$E$23,5,FALSE()),1) -> 0.6 | I31: =IF($F31="","",$F31*$H31*IFERROR(VLOOKUP($G31,KURALLAR!$A$5:$B$8,2,FALSE()),1)) -> 41050.8 | J31: Шт. | K31: =SUMIF(BOM!$D:$D,$B31,BOM!$I:$I) -> 57 | L31: =SUMIF(BOM!$D:$D,$B31,BOM!$H:$H) -> 2339895.6 | M31: CHINT 27.08.2026 | N31: =IF($P31="ORAN","ORAN (KURALLAR)",IF($I31="","FIYAT_YOK",$P31)) -> MUADIL | O31: CHINT'te 63A govde yok; NM8N-125C 36kA govdesi alindi | P31: MUADIL
A32: 31 | B32: TT-066-500-5 | C32: Трансформатор тока Т-0.66-1,2 У3 500/5А (для счётчика) | D32: TT | E32: MUADIL-NET | G32: =IFERROR(VLOOKUP($E32,KURALLAR!$A$12:$E$23,2,FALSE()),"KZT") -> KZT | H32: =IFERROR(VLOOKUP($E32,KURALLAR!$A$12:$E$23,5,FALSE()),1) -> 1 | I32: =IF($F32="","",$F32*$H32*IFERROR(VLOOKUP($G32,KURALLAR!$A$5:$B$8,2,FALSE()),1)) | J32: Шт. | K32: =SUMIF(BOM!$D:$D,$B32,BOM!$I:$I) -> 6 | L32: =SUMIF(BOM!$D:$D,$B32,BOM!$H:$H) -> 0 | N32: =IF($P32="ORAN","ORAN (KURALLAR)",IF($I32="","FIYAT_YOK",$P32)) -> FIYAT_YOK | O32: sayac akim trafosu 500/5A — CHINT listesinde uygun oran yok | P32: KONTROL
A33: 32 | B33: KKI1-1 | C33: КОРОБКА КЛЕММНАЯ ИСПЫТАТЕЛЬНАЯ ПЕРЕХОДНАЯ ККИ1-1 EKF PROXIMA | D33: KLEMENS | E33: EKF | G33: =IFERROR(VLOOKUP($E33,KURALLAR!$A$12:$E$23,2,FALSE()),"KZT") -> KZT | H33: =IFERROR(VLOOKUP($E33,KURALLAR!$A$12:$E$23,5,FALSE()),1) -> 1 | I33: =IF($F33="","",$F33*$H33*IFERROR(VLOOKUP($G33,KURALLAR!$A$5:$B$8,2,FALSE()),1)) | J33: Шт. | K33: =SUMIF(BOM!$D:$D,$B33,BOM!$I:$I) -> 28 | L33: =SUMIF(BOM!$D:$D,$B33,BOM!$H:$H) -> 0 | N33: =IF($P33="ORAN","ORAN (KURALLAR)",IF($I33="","FIYAT_YOK",$P33)) -> FIYAT_YOK | O33: EKF referans marka — fiyat kullanilmaz (kural). CHINT/IEK muadili KONTROL | P33: KONTROL
A34: 33 | B34: EX-518U-5A | C34: Трехфазный эл.счетчик EX 518 5А (трансф. подкл.) с PLC модулем | D34: SAYAC | E34: MUADIL-NET | G34: =IFERROR(VLOOKUP($E34,KURALLAR!$A$12:$E$23,2,FALSE()),"KZT") -> KZT | H34: =IFERROR(VLOOKUP($E34,KURALLAR!$A$12:$E$23,5,FALSE()),1) -> 1 | I34: =IF($F34="","",$F34*$H34*IFERROR(VLOOKUP($G34,KURALLAR!$A$5:$B$8,2,FALSE()),1)) | J34: Шт. | K34: =SUMIF(BOM!$D:$D,$B34,BOM!$I:$I) -> 28 | L34: =SUMIF(BOM!$D:$D,$B34,BOM!$H:$H) -> 0 | N34: =IF($P34="ORAN","ORAN (KURALLAR)",IF($I34="","FIYAT_YOK",$P34)) -> FIYAT_YOK | O34: Elektron Xisoblagich sayaci — CHINT listesinde yok, fiyat alinacak | P34: KONTROL
A35: 34 | B35: 268936 | C35: Авт. выкл. NM8N-400C TM 3P 315А 36кА с рег. термомаг. расцепителем (R) | D35: TMS | E35: CHINT | F35: 199091 | G35: =IFERROR(VLOOKUP($E35,KURALLAR!$A$12:$E$23,2,FALSE()),"KZT") -> KZT | H35: =IFERROR(VLOOKUP($E35,KURALLAR!$A$12:$E$23,5,FALSE()),1) -> 0.6 | I35: =IF($F35="","",$F35*$H35*IFERROR(VLOOKUP($G35,KURALLAR!$A$5:$B$8,2,FALSE()),1)) -> 119454.6 | J35: Шт. | K35: =SUMIF(BOM!$D:$D,$B35,BOM!$I:$I) -> 4 | L35: =SUMIF(BOM!$D:$D,$B35,BOM!$H:$H) -> 477818.4 | M35: CHINT 02.02.2026 | N35: =IF($P35="ORAN","ORAN (KURALLAR)",IF($I35="","FIYAT_YOK",$P35)) -> OK | O35: 400 govde 315A 36kA — birebir | P35: OK
A36: 35 | B36: TOROID-100 | C36: Тороидальный трансформатор тока Ø100мм (250-400A) — CHINT листинге нет | D36: TT | E36: MUADIL-NET | G36: =IFERROR(VLOOKUP($E36,KURALLAR!$A$12:$E$23,2,FALSE()),"KZT") -> KZT | H36: =IFERROR(VLOOKUP($E36,KURALLAR!$A$12:$E$23,5,FALSE()),1) -> 1 | I36: =IF($F36="","",$F36*$H36*IFERROR(VLOOKUP($G36,KURALLAR!$A$5:$B$8,2,FALSE()),1)) | J36: Шт. | K36: =SUMIF(BOM!$D:$D,$B36,BOM!$I:$I) -> 7 | L36: =SUMIF(BOM!$D:$D,$B36,BOM!$H:$H) -> 0 | N36: =IF($P36="ORAN","ORAN (KURALLAR)",IF($I36="","FIYAT_YOK",$P36)) -> FIYAT_YOK | O36: toroidal AT Ø100 — CHINT stok listesinde yok | P36: KONTROL
A37: 36 | B37: 271144 | C37: Авт. выкл. NM8N-250C TM 3P 200А 36кА с рег. термомаг. расцепителем (R) | D37: TMS | E37: CHINT | F37: 89663 | G37: =IFERROR(VLOOKUP($E37,KURALLAR!$A$12:$E$23,2,FALSE()),"KZT") -> KZT | H37: =IFERROR(VLOOKUP($E37,KURALLAR!$A$12:$E$23,5,FALSE()),1) -> 0.6 | I37: =IF($F37="","",$F37*$H37*IFERROR(VLOOKUP($G37,KURALLAR!$A$5:$B$8,2,FALSE()),1)) -> 53797.8 | J37: Шт. | K37: =SUMIF(BOM!$D:$D,$B37,BOM!$I:$I) -> 6 | L37: =SUMIF(BOM!$D:$D,$B37,BOM!$H:$H) -> 322786.8 | M37: CHINT 27.08.2026 | N37: =IF($P37="ORAN","ORAN (KURALLAR)",IF($I37="","FIYAT_YOK",$P37)) -> OK | O37: 250 govde 200A 36kA — birebir | P37: OK
A38: 37 | B38: TT-066-200-5 | C38: Трансформатор тока Т-0.66-1,2 У3 200/5А (для счётчика) | D38: TT | E38: MUADIL-NET | G38: =IFERROR(VLOOKUP($E38,KURALLAR!$A$12:$E$23,2,FALSE()),"KZT") -> KZT | H38: =IFERROR(VLOOKUP($E38,KURALLAR!$A$12:$E$23,5,FALSE()),1) -> 1 | I38: =IF($F38="","",$F38*$H38*IFERROR(VLOOKUP($G38,KURALLAR!$A$5:$B$8,2,FALSE()),1)) | J38: Шт. | K38: =SUMIF(BOM!$D:$D,$B38,BOM!$I:$I) -> 18 | L38: =SUMIF(BOM!$D:$D,$B38,BOM!$H:$H) -> 0 | N38: =IF($P38="ORAN","ORAN (KURALLAR)",IF($I38="","FIYAT_YOK",$P38)) -> FIYAT_YOK | O38: sayac akim trafosu 200/5A — CHINT listesinde uygun oran yok | P38: KONTROL
A39: 38 | B39: 271142 | C39: Авт. выкл. NM8N-250C TM 3P 160А 36кА с рег. термомаг. расцепителем (R) | D39: TMS | E39: CHINT | F39: 89083 | G39: =IFERROR(VLOOKUP($E39,KURALLAR!$A$12:$E$23,2,FALSE()),"KZT") -> KZT | H39: =IFERROR(VLOOKUP($E39,KURALLAR!$A$12:$E$23,5,FALSE()),1) -> 0.6 | I39: =IF($F39="","",$F39*$H39*IFERROR(VLOOKUP($G39,KURALLAR!$A$5:$B$8,2,FALSE()),1)) -> 53449.8 | J39: Шт. | K39: =SUMIF(BOM!$D:$D,$B39,BOM!$I:$I) -> 2 | L39: =SUMIF(BOM!$D:$D,$B39,BOM!$H:$H) -> 106899.6 | M39: CHINT 27.08.2026 | N39: =IF($P39="ORAN","ORAN (KURALLAR)",IF($I39="","FIYAT_YOK",$P39)) -> OK | O39: 250 govde 160A 36kA — birebir | P39: OK
A40: 39 | B40: TT-066-150-5 | C40: Трансформатор тока Т-0.66-1,2 У3 150/5А (для счётчика) | D40: TT | E40: MUADIL-NET | G40: =IFERROR(VLOOKUP($E40,KURALLAR!$A$12:$E$23,2,FALSE()),"KZT") -> KZT | H40: =IFERROR(VLOOKUP($E40,KURALLAR!$A$12:$E$23,5,FALSE()),1) -> 1 | I40: =IF($F40="","",$F40*$H40*IFERROR(VLOOKUP($G40,KURALLAR!$A$5:$B$8,2,FALSE()),1)) | J40: Шт. | K40: =SUMIF(BOM!$D:$D,$B40,BOM!$I:$I) -> 6 | L40: =SUMIF(BOM!$D:$D,$B40,BOM!$H:$H) -> 0 | N40: =IF($P40="ORAN","ORAN (KURALLAR)",IF($I40="","FIYAT_YOK",$P40)) -> FIYAT_YOK | O40: sayac akim trafosu 150/5A — CHINT listesinde uygun oran yok | P40: KONTROL
A41: 40 | B41: 814170 | C41: Авт. выкл. NXB-63 3P 16A 6кА х-ка C (R) | D41: OTO | E41: CHINT | F41: 5462 | G41: =IFERROR(VLOOKUP($E41,KURALLAR!$A$12:$E$23,2,FALSE()),"KZT") -> KZT | H41: =IFERROR(VLOOKUP($E41,KURALLAR!$A$12:$E$23,5,FALSE()),1) -> 0.6 | I41: =IF($F41="","",$F41*$H41*IFERROR(VLOOKUP($G41,KURALLAR!$A$5:$B$8,2,FALSE()),1)) -> 3277.2 | J41: Шт. | K41: =SUMIF(BOM!$D:$D,$B41,BOM!$I:$I) -> 120 | L41: =SUMIF(BOM!$D:$D,$B41,BOM!$H:$H) -> 393264 | M41: CHINT 27.08.2026 | N41: =IF($P41="ORAN","ORAN (KURALLAR)",IF($I41="","FIYAT_YOK",$P41)) -> OK | O41: 3P 16A 6kA C — birebir | P41: OK
A42: 41 | B42: 719-15445 | C42: Мет.Корпус ЩМП-5 (1000x650x300) IP31 | D42: KORPUS | E42: KAZTEK | F42: 38905 | G42: =IFERROR(VLOOKUP($E42,KURALLAR!$A$12:$E$23,2,FALSE()),"KZT") -> KZT | H42: =IFERROR(VLOOKUP($E42,KURALLAR!$A$12:$E$23,5,FALSE()),1) -> 0.6 | I42: =IF($F42="","",$F42*$H42*IFERROR(VLOOKUP($G42,KURALLAR!$A$5:$B$8,2,FALSE()),1)) -> 23343 | J42: Шт. | K42: =SUMIF(BOM!$D:$D,$B42,BOM!$I:$I) -> 7 | L42: =SUMIF(BOM!$D:$D,$B42,BOM!$H:$H) -> 163401 | M42: KAZTEK 15.07.2026 | N42: =IF($P42="ORAN","ORAN (KURALLAR)",IF($I42="","FIYAT_YOK",$P42)) -> VARSAYIM | O42: proje 560x900x200 -> KAZTEK 1000x650x300; olcu/FORM sinifi KONTROL | P42: VARSAYIM
A43: 42 | B43: 719-15420 | C43: Мет.Корпус ЩМП-4 (800x650x250) IP54 | D43: KORPUS | E43: KAZTEK | F43: 30540 | G43: =IFERROR(VLOOKUP($E43,KURALLAR!$A$12:$E$23,2,FALSE()),"KZT") -> KZT | H43: =IFERROR(VLOOKUP($E43,KURALLAR!$A$12:$E$23,5,FALSE()),1) -> 0.6 | I43: =IF($F43="","",$F43*$H43*IFERROR(VLOOKUP($G43,KURALLAR!$A$5:$B$8,2,FALSE()),1)) -> 18324 | J43: Шт. | K43: =SUMIF(BOM!$D:$D,$B43,BOM!$I:$I) -> 21 | L43: =SUMIF(BOM!$D:$D,$B43,BOM!$H:$H) -> 384804 | M43: KAZTEK 15.07.2026 | N43: =IF($P43="ORAN","ORAN (KURALLAR)",IF($I43="","FIYAT_YOK",$P43)) -> VARSAYIM | O43: proje 560x700x200 -> KAZTEK 800x650x250; olcu/FORM sinifi KONTROL | P43: VARSAYIM
A44: 43 | B44: 198123 | C44: Диф. авт. выкл. NB1L-40 4P C25 30mA тип AC 6kA (R) | D44: DIF | E44: CHINT | F44: 23469 | G44: =IFERROR(VLOOKUP($E44,KURALLAR!$A$12:$E$23,2,FALSE()),"KZT") -> KZT | H44: =IFERROR(VLOOKUP($E44,KURALLAR!$A$12:$E$23,5,FALSE()),1) -> 0.6 | I44: =IF($F44="","",$F44*$H44*IFERROR(VLOOKUP($G44,KURALLAR!$A$5:$B$8,2,FALSE()),1)) -> 14081.4 | J44: Шт. | K44: =SUMIF(BOM!$D:$D,$B44,BOM!$I:$I) -> 4 | L44: =SUMIF(BOM!$D:$D,$B44,BOM!$H:$H) -> 56325.6 | M44: CHINT 02.02.2026 | N44: =IF($P44="ORAN","ORAN (KURALLAR)",IF($I44="","FIYAT_YOK",$P44)) -> MUADIL | O44: CNC 4P C25 30mA -> CHINT NB1L-40 4P C25 30mA AC | P44: MUADIL
A45: 44 | B45: 203021 | C45: Диф. авт. выкл. NB1L 1P+N C25 30mA тип A 6kA (36mm) (R) | D45: DIF | E45: CHINT | F45: 13989 | G45: =IFERROR(VLOOKUP($E45,KURALLAR!$A$12:$E$23,2,FALSE()),"KZT") -> KZT | H45: =IFERROR(VLOOKUP($E45,KURALLAR!$A$12:$E$23,5,FALSE()),1) -> 0.6 | I45: =IF($F45="","",$F45*$H45*IFERROR(VLOOKUP($G45,KURALLAR!$A$5:$B$8,2,FALSE()),1)) -> 8393.4 | J45: Шт. | K45: =SUMIF(BOM!$D:$D,$B45,BOM!$I:$I) -> 4 | L45: =SUMIF(BOM!$D:$D,$B45,BOM!$H:$H) -> 33573.6 | M45: CHINT 02.02.2026 | N45: =IF($P45="ORAN","ORAN (KURALLAR)",IF($I45="","FIYAT_YOK",$P45)) -> MUADIL | O45: CNC 1P+N C25 30mA -> CHINT NB1L 1P+N C25 30mA tip A (CNC tipi AC ise tip farki KONTROL) | P45: MUADIL
A46: 45 | B46: 271531 | C46: Авт. выкл. NM8N-125C TM 3P 16А 36кА с рег. термомаг. расцепителем (R) | D46: TMS | E46: CHINT | F46: 65019 | G46: =IFERROR(VLOOKUP($E46,KURALLAR!$A$12:$E$23,2,FALSE()),"KZT") -> KZT | H46: =IFERROR(VLOOKUP($E46,KURALLAR!$A$12:$E$23,5,FALSE()),1) -> 0.6 | I46: =IF($F46="","",$F46*$H46*IFERROR(VLOOKUP($G46,KURALLAR!$A$5:$B$8,2,FALSE()),1)) -> 39011.4 | J46: Шт. | K46: =SUMIF(BOM!$D:$D,$B46,BOM!$I:$I) -> 7 | L46: =SUMIF(BOM!$D:$D,$B46,BOM!$H:$H) -> 273079.8 | M46: CHINT 27.08.2026 | N46: =IF($P46="ORAN","ORAN (KURALLAR)",IF($I46="","FIYAT_YOK",$P46)) -> MUADIL | O46: CHINT'te 63A govde yok; NM8N-125C 36kA govdesi alindi | P46: MUADIL
A47: 46 | B47: 814016 | C47: Авт. выкл. NXB-63 1P 25A 6кА х-ка C (R) | D47: OTO | E47: CHINT | F47: 1330 | G47: =IFERROR(VLOOKUP($E47,KURALLAR!$A$12:$E$23,2,FALSE()),"KZT") -> KZT | H47: =IFERROR(VLOOKUP($E47,KURALLAR!$A$12:$E$23,5,FALSE()),1) -> 0.6 | I47: =IF($F47="","",$F47*$H47*IFERROR(VLOOKUP($G47,KURALLAR!$A$5:$B$8,2,FALSE()),1)) -> 798 | J47: Шт. | K47: =SUMIF(BOM!$D:$D,$B47,BOM!$I:$I) -> 47 | L47: =SUMIF(BOM!$D:$D,$B47,BOM!$H:$H) -> 37506 | M47: CHINT 27.08.2026 | N47: =IF($P47="ORAN","ORAN (KURALLAR)",IF($I47="","FIYAT_YOK",$P47)) -> OK | O47: 1P 25A 6kA C — birebir | P47: OK
A48: 47 | B48: 200302 | C48: УЗО NL1-63 6kA 2P 25A 30mA тип AC (R) | D48: DIF | E48: CHINT | F48: 10809 | G48: =IFERROR(VLOOKUP($E48,KURALLAR!$A$12:$E$23,2,FALSE()),"KZT") -> KZT | H48: =IFERROR(VLOOKUP($E48,KURALLAR!$A$12:$E$23,5,FALSE()),1) -> 0.6 | I48: =IF($F48="","",$F48*$H48*IFERROR(VLOOKUP($G48,KURALLAR!$A$5:$B$8,2,FALSE()),1)) -> 6485.4 | J48: Шт. | K48: =SUMIF(BOM!$D:$D,$B48,BOM!$I:$I) -> 34 | L48: =SUMIF(BOM!$D:$D,$B48,BOM!$H:$H) -> 220503.6 | M48: CHINT 27.08.2026 | N48: =IF($P48="ORAN","ORAN (KURALLAR)",IF($I48="","FIYAT_YOK",$P48)) -> OK | O48: 2P 25A 30mA AC — birebir | P48: OK
A49: 48 | B49: 271533 | C49: Авт. выкл. NM8N-125C TM 3P 25А 36кА с рег. термомаг. расцепителем (R) | D49: TMS | E49: CHINT | F49: 65063 | G49: =IFERROR(VLOOKUP($E49,KURALLAR!$A$12:$E$23,2,FALSE()),"KZT") -> KZT | H49: =IFERROR(VLOOKUP($E49,KURALLAR!$A$12:$E$23,5,FALSE()),1) -> 0.6 | I49: =IF($F49="","",$F49*$H49*IFERROR(VLOOKUP($G49,KURALLAR!$A$5:$B$8,2,FALSE()),1)) -> 39037.8 | J49: Шт. | K49: =SUMIF(BOM!$D:$D,$B49,BOM!$I:$I) -> 17 | L49: =SUMIF(BOM!$D:$D,$B49,BOM!$H:$H) -> 663642.6 | M49: CHINT 27.08.2026 | N49: =IF($P49="ORAN","ORAN (KURALLAR)",IF($I49="","FIYAT_YOK",$P49)) -> MUADIL | O49: CHINT'te 63A govde yok; NM8N-125C 36kA govdesi alindi | P49: MUADIL
A50: 49 | B50: 269599 | C50: Независимый расцепитель SHT21-M8 AC220-240V для NM8N-125 (R) | D50: BLOK | E50: CHINT | F50: 19243 | G50: =IFERROR(VLOOKUP($E50,KURALLAR!$A$12:$E$23,2,FALSE()),"KZT") -> KZT | H50: =IFERROR(VLOOKUP($E50,KURALLAR!$A$12:$E$23,5,FALSE()),1) -> 0.6 | I50: =IF($F50="","",$F50*$H50*IFERROR(VLOOKUP($G50,KURALLAR!$A$5:$B$8,2,FALSE()),1)) -> 11545.8 | J50: Шт. | K50: =SUMIF(BOM!$D:$D,$B50,BOM!$I:$I) -> 9 | L50: =SUMIF(BOM!$D:$D,$B50,BOM!$H:$H) -> 103912.2 | M50: CHINT 02.02.2026 | N50: =IF($P50="ORAN","ORAN (KURALLAR)",IF($I50="","FIYAT_YOK",$P50)) -> OK | O50: NM8N-125 govdesi icin bagimsiz acici | P50: OK
A51: 50 | B51: TOROID-45 | C51: Тороидальный трансформатор тока Ø45мм (16-100A) — CHINT листинге нет | D51: TT | E51: MUADIL-NET | G51: =IFERROR(VLOOKUP($E51,KURALLAR!$A$12:$E$23,2,FALSE()),"KZT") -> KZT | H51: =IFERROR(VLOOKUP($E51,KURALLAR!$A$12:$E$23,5,FALSE()),1) -> 1 | I51: =IF($F51="","",$F51*$H51*IFERROR(VLOOKUP($G51,KURALLAR!$A$5:$B$8,2,FALSE()),1)) | J51: Шт. | K51: =SUMIF(BOM!$D:$D,$B51,BOM!$I:$I) -> 3 | L51: =SUMIF(BOM!$D:$D,$B51,BOM!$H:$H) -> 0 | N51: =IF($P51="ORAN","ORAN (KURALLAR)",IF($I51="","FIYAT_YOK",$P51)) -> FIYAT_YOK | O51: toroidal AT Ø45 — CHINT stok listesinde yok | P51: KONTROL
A52: 51 | B52: 814176 | C52: Авт. выкл. NXB-63 3P 63A 6кА х-ка C (R) | D52: OTO | E52: CHINT | F52: 6071 | G52: =IFERROR(VLOOKUP($E52,KURALLAR!$A$12:$E$23,2,FALSE()),"KZT") -> KZT | H52: =IFERROR(VLOOKUP($E52,KURALLAR!$A$12:$E$23,5,FALSE()),1) -> 0.6 | I52: =IF($F52="","",$F52*$H52*IFERROR(VLOOKUP($G52,KURALLAR!$A$5:$B$8,2,FALSE()),1)) -> 3642.6 | J52: Шт. | K52: =SUMIF(BOM!$D:$D,$B52,BOM!$I:$I) -> 4 | L52: =SUMIF(BOM!$D:$D,$B52,BOM!$H:$H) -> 14570.4 | M52: CHINT 27.08.2026 | N52: =IF($P52="ORAN","ORAN (KURALLAR)",IF($I52="","FIYAT_YOK",$P52)) -> OK | O52: 3P 63A 6kA C — birebir | P52: OK
A53: 52 | B53: 814175 | C53: Авт. выкл. NXB-63 3P 50A 6кА х-ка C (R) | D53: OTO | E53: CHINT | F53: 5719 | G53: =IFERROR(VLOOKUP($E53,KURALLAR!$A$12:$E$23,2,FALSE()),"KZT") -> KZT | H53: =IFERROR(VLOOKUP($E53,KURALLAR!$A$12:$E$23,5,FALSE()),1) -> 0.6 | I53: =IF($F53="","",$F53*$H53*IFERROR(VLOOKUP($G53,KURALLAR!$A$5:$B$8,2,FALSE()),1)) -> 3431.4 | J53: Шт. | K53: =SUMIF(BOM!$D:$D,$B53,BOM!$I:$I) -> 4 | L53: =SUMIF(BOM!$D:$D,$B53,BOM!$H:$H) -> 13725.6 | M53: CHINT 27.08.2026 | N53: =IF($P53="ORAN","ORAN (KURALLAR)",IF($I53="","FIYAT_YOK",$P53)) -> OK | O53: 3P 50A 6kA C — birebir | P53: OK
A54: 53 | B54: LGY416048 | C54: Schneider Linergy DS — распределительный блок 4P 160A 48 отв. | D54: BLOK | E54: SCHNEIDER | G54: =IFERROR(VLOOKUP($E54,KURALLAR!$A$12:$E$23,2,FALSE()),"KZT") -> EUR | H54: =IFERROR(VLOOKUP($E54,KURALLAR!$A$12:$E$23,5,FALSE()),1) -> 0.6 | I54: =IF($F54="","",$F54*$H54*IFERROR(VLOOKUP($G54,KURALLAR!$A$5:$B$8,2,FALSE()),1)) | J54: Шт. | K54: =SUMIF(BOM!$D:$D,$B54,BOM!$I:$I) -> 2 | L54: =SUMIF(BOM!$D:$D,$B54,BOM!$H:$H) -> 0 | N54: =IF($P54="ORAN","ORAN (KURALLAR)",IF($I54="","FIYAT_YOK",$P54)) -> FIYAT_YOK | O54: dagitim blogu; CHINT muadili yok KONTROL | P54: KONTROL
A55: 54 | B55: 814171 | C55: Авт. выкл. NXB-63 3P 20A 6кА х-ка C (R) | D55: OTO | E55: CHINT | F55: 5884 | G55: =IFERROR(VLOOKUP($E55,KURALLAR!$A$12:$E$23,2,FALSE()),"KZT") -> KZT | H55: =IFERROR(VLOOKUP($E55,KURALLAR!$A$12:$E$23,5,FALSE()),1) -> 0.6 | I55: =IF($F55="","",$F55*$H55*IFERROR(VLOOKUP($G55,KURALLAR!$A$5:$B$8,2,FALSE()),1)) -> 3530.4 | J55: Шт. | K55: =SUMIF(BOM!$D:$D,$B55,BOM!$I:$I) -> 3 | L55: =SUMIF(BOM!$D:$D,$B55,BOM!$H:$H) -> 10591.2 | M55: CHINT 02.02.2026 | N55: =IF($P55="ORAN","ORAN (KURALLAR)",IF($I55="","FIYAT_YOK",$P55)) -> OK | O55: 3P 20A 6kA C — birebir | P55: OK
A56: 55 | B56: 495083 | C56: Пускатель NS2-25 13-18A (R) | D56: TMS | E56: CHINT | F56: 13798 | G56: =IFERROR(VLOOKUP($E56,KURALLAR!$A$12:$E$23,2,FALSE()),"KZT") -> KZT | H56: =IFERROR(VLOOKUP($E56,KURALLAR!$A$12:$E$23,5,FALSE()),1) -> 0.6 | I56: =IF($F56="","",$F56*$H56*IFERROR(VLOOKUP($G56,KURALLAR!$A$5:$B$8,2,FALSE()),1)) -> 8278.8 | J56: Шт. | K56: =SUMIF(BOM!$D:$D,$B56,BOM!$I:$I) -> 5 | L56: =SUMIF(BOM!$D:$D,$B56,BOM!$H:$H) -> 41394 | M56: CHINT 27.08.2026 | N56: =IF($P56="ORAN","ORAN (KURALLAR)",IF($I56="","FIYAT_YOK",$P56)) -> MUADIL | O56: motor koruma salteri 13-18A | P56: MUADIL
A57: 56 | B57: 271537 | C57: Авт. выкл. NM8N-125C TM 3P 63А 36кА с рег. термомаг. расцепителем (R) | D57: TMS | E57: CHINT | F57: 64066 | G57: =IFERROR(VLOOKUP($E57,KURALLAR!$A$12:$E$23,2,FALSE()),"KZT") -> KZT | H57: =IFERROR(VLOOKUP($E57,KURALLAR!$A$12:$E$23,5,FALSE()),1) -> 0.6 | I57: =IF($F57="","",$F57*$H57*IFERROR(VLOOKUP($G57,KURALLAR!$A$5:$B$8,2,FALSE()),1)) -> 38439.6 | J57: Шт. | K57: =SUMIF(BOM!$D:$D,$B57,BOM!$I:$I) -> 10 | L57: =SUMIF(BOM!$D:$D,$B57,BOM!$H:$H) -> 384396 | M57: CHINT 27.08.2026 | N57: =IF($P57="ORAN","ORAN (KURALLAR)",IF($I57="","FIYAT_YOK",$P57)) -> MUADIL | O57: CHINT'te 63A govde yok; NM8N-125C 36kA govdesi alindi | P57: MUADIL
A58: 57 | B58: 271146 | C58: Авт. выкл. NM8N-250C TM 3P 250А 36кА с рег. термомаг. расцепителем (R) | D58: TMS | E58: CHINT | F58: 90077 | G58: =IFERROR(VLOOKUP($E58,KURALLAR!$A$12:$E$23,2,FALSE()),"KZT") -> KZT | H58: =IFERROR(VLOOKUP($E58,KURALLAR!$A$12:$E$23,5,FALSE()),1) -> 0.6 | I58: =IF($F58="","",$F58*$H58*IFERROR(VLOOKUP($G58,KURALLAR!$A$5:$B$8,2,FALSE()),1)) -> 54046.2 | J58: Шт. | K58: =SUMIF(BOM!$D:$D,$B58,BOM!$I:$I) -> 4 | L58: =SUMIF(BOM!$D:$D,$B58,BOM!$H:$H) -> 216184.8 | M58: CHINT 27.08.2026 | N58: =IF($P58="ORAN","ORAN (KURALLAR)",IF($I58="","FIYAT_YOK",$P58)) -> OK | O58: 250 govde 250A 36kA — birebir | P58: OK
A59: 58 | B59: 814169 | C59: Авт. выкл. NXB-63 3P 10A 6кА х-ка C (R) | D59: OTO | E59: CHINT | F59: 5878 | G59: =IFERROR(VLOOKUP($E59,KURALLAR!$A$12:$E$23,2,FALSE()),"KZT") -> KZT | H59: =IFERROR(VLOOKUP($E59,KURALLAR!$A$12:$E$23,5,FALSE()),1) -> 0.6 | I59: =IF($F59="","",$F59*$H59*IFERROR(VLOOKUP($G59,KURALLAR!$A$5:$B$8,2,FALSE()),1)) -> 3526.8 | J59: Шт. | K59: =SUMIF(BOM!$D:$D,$B59,BOM!$I:$I) -> 4 | L59: =SUMIF(BOM!$D:$D,$B59,BOM!$H:$H) -> 14107.2 | M59: CHINT 02.02.2026 | N59: =IF($P59="ORAN","ORAN (KURALLAR)",IF($I59="","FIYAT_YOK",$P59)) -> OK | O59: 3P 10A 6kA C — birebir | P59: OK
A60: 59 | B60: 495089 | C60: Пускатель NS2-80B 56A-80A (R) | D60: TMS | E60: CHINT | F60: 36692 | G60: =IFERROR(VLOOKUP($E60,KURALLAR!$A$12:$E$23,2,FALSE()),"KZT") -> KZT | H60: =IFERROR(VLOOKUP($E60,KURALLAR!$A$12:$E$23,5,FALSE()),1) -> 0.6 | I60: =IF($F60="","",$F60*$H60*IFERROR(VLOOKUP($G60,KURALLAR!$A$5:$B$8,2,FALSE()),1)) -> 22015.2 | J60: Шт. | K60: =SUMIF(BOM!$D:$D,$B60,BOM!$I:$I) -> 4 | L60: =SUMIF(BOM!$D:$D,$B60,BOM!$H:$H) -> 88060.8 | M60: CHINT 27.08.2026 | N60: =IF($P60="ORAN","ORAN (KURALLAR)",IF($I60="","FIYAT_YOK",$P60)) -> MUADIL | O60: motor koruma salteri 56-80A | P60: MUADIL
A61: 60 | B61: 495087 | C61: Пускатель NS2-80B 25A-40A (R) | D61: TMS | E61: CHINT | F61: 36692 | G61: =IFERROR(VLOOKUP($E61,KURALLAR!$A$12:$E$23,2,FALSE()),"KZT") -> KZT | H61: =IFERROR(VLOOKUP($E61,KURALLAR!$A$12:$E$23,5,FALSE()),1) -> 0.6 | I61: =IF($F61="","",$F61*$H61*IFERROR(VLOOKUP($G61,KURALLAR!$A$5:$B$8,2,FALSE()),1)) -> 22015.2 | J61: Кг. | K61: =SUMIF(BOM!$D:$D,$B61,BOM!$I:$I) -> 8 | L61: =SUMIF(BOM!$D:$D,$B61,BOM!$H:$H) -> 176121.6 | M61: CHINT 27.08.2026 | N61: =IF($P61="ORAN","ORAN (KURALLAR)",IF($I61="","FIYAT_YOK",$P61)) -> MUADIL | O61: motor koruma salteri 25-40A | P61: MUADIL
A62: 61 | B62: 495081 | C62: Пускатель NS2-25 6-10A (R) | D62: TMS | E62: CHINT | F62: 12904 | G62: =IFERROR(VLOOKUP($E62,KURALLAR!$A$12:$E$23,2,FALSE()),"KZT") -> KZT | H62: =IFERROR(VLOOKUP($E62,KURALLAR!$A$12:$E$23,5,FALSE()),1) -> 0.6 | I62: =IF($F62="","",$F62*$H62*IFERROR(VLOOKUP($G62,KURALLAR!$A$5:$B$8,2,FALSE()),1)) -> 7742.4 | J62: Шт. | K62: =SUMIF(BOM!$D:$D,$B62,BOM!$I:$I) -> 8 | L62: =SUMIF(BOM!$D:$D,$B62,BOM!$H:$H) -> 61939.2 | M62: CHINT 02.02.2026 | N62: =IF($P62="ORAN","ORAN (KURALLAR)",IF($I62="","FIYAT_YOK",$P62)) -> MUADIL | O62: motor koruma salteri 6-10A | P62: MUADIL
A63: 62 | B63: 271539 | C63: Авт. выкл. NM8N-125C TM 3P 100А 36кА с рег. термомаг. расцепителем (R) | D63: TMS | E63: CHINT | F63: 64169 | G63: =IFERROR(VLOOKUP($E63,KURALLAR!$A$12:$E$23,2,FALSE()),"KZT") -> KZT | H63: =IFERROR(VLOOKUP($E63,KURALLAR!$A$12:$E$23,5,FALSE()),1) -> 0.6 | I63: =IF($F63="","",$F63*$H63*IFERROR(VLOOKUP($G63,KURALLAR!$A$5:$B$8,2,FALSE()),1)) -> 38501.4 | J63: Шт. | K63: =SUMIF(BOM!$D:$D,$B63,BOM!$I:$I) -> 14 | L63: =SUMIF(BOM!$D:$D,$B63,BOM!$H:$H) -> 539019.6 | M63: CHINT 27.08.2026 | N63: =IF($P63="ORAN","ORAN (KURALLAR)",IF($I63="","FIYAT_YOK",$P63)) -> OK | O63: 125 govde 100A 36kA — birebir | P63: OK
A64: 63 | B64: 719-15562 | C64: Мет. Корпус ЩМП- 6 (1200х750х300) IP54 | D64: KORPUS | E64: KAZTEK | F64: 65570 | G64: =IFERROR(VLOOKUP($E64,KURALLAR!$A$12:$E$23,2,FALSE()),"KZT") -> KZT | H64: =IFERROR(VLOOKUP($E64,KURALLAR!$A$12:$E$23,5,FALSE()),1) -> 0.6 | I64: =IF($F64="","",$F64*$H64*IFERROR(VLOOKUP($G64,KURALLAR!$A$5:$B$8,2,FALSE()),1)) -> 39342 | J64: Шт. | K64: =SUMIF(BOM!$D:$D,$B64,BOM!$I:$I) -> 3 | L64: =SUMIF(BOM!$D:$D,$B64,BOM!$H:$H) -> 118026 | M64: KAZTEK 15.07.2026 | N64: =IF($P64="ORAN","ORAN (KURALLAR)",IF($I64="","FIYAT_YOK",$P64)) -> VARSAYIM | O64: proje 560x1200x200 -> KAZTEK 1200x750x300; olcu/FORM sinifi KONTROL | P64: VARSAYIM
A65: 64 | B65: 814018 | C65: Авт. выкл. NXB-63 1P 40A 6кА х-ка C (R) | D65: OTO | E65: CHINT | F65: 1560 | G65: =IFERROR(VLOOKUP($E65,KURALLAR!$A$12:$E$23,2,FALSE()),"KZT") -> KZT | H65: =IFERROR(VLOOKUP($E65,KURALLAR!$A$12:$E$23,5,FALSE()),1) -> 0.6 | I65: =IF($F65="","",$F65*$H65*IFERROR(VLOOKUP($G65,KURALLAR!$A$5:$B$8,2,FALSE()),1)) -> 936 | J65: Шт. | K65: =SUMIF(BOM!$D:$D,$B65,BOM!$I:$I) -> 1 | L65: =SUMIF(BOM!$D:$D,$B65,BOM!$H:$H) -> 936 | M65: CHINT 02.02.2026 | N65: =IF($P65="ORAN","ORAN (KURALLAR)",IF($I65="","FIYAT_YOK",$P65)) -> OK | O65: 1P 40A 6kA C — birebir | P65: OK
A66: 65 | B66: 495088 | C66: Пускатель NS2-80B 40A-63A (R) | D66: TMS | E66: CHINT | F66: 36692 | G66: =IFERROR(VLOOKUP($E66,KURALLAR!$A$12:$E$23,2,FALSE()),"KZT") -> KZT | H66: =IFERROR(VLOOKUP($E66,KURALLAR!$A$12:$E$23,5,FALSE()),1) -> 0.6 | I66: =IF($F66="","",$F66*$H66*IFERROR(VLOOKUP($G66,KURALLAR!$A$5:$B$8,2,FALSE()),1)) -> 22015.2 | J66: Шт. | K66: =SUMIF(BOM!$D:$D,$B66,BOM!$I:$I) -> 8 | L66: =SUMIF(BOM!$D:$D,$B66,BOM!$H:$H) -> 176121.6 | M66: CHINT 27.08.2026 | N66: =IF($P66="ORAN","ORAN (KURALLAR)",IF($I66="","FIYAT_YOK",$P66)) -> MUADIL | O66: motor koruma salteri 40-63A | P66: MUADIL
A67: 66 | B67: 268938 | C67: Авт. выкл. NM8N-400C TM 3P 400А 36кА с рег. термомаг. расцепителем (R) | D67: TMS | E67: CHINT | F67: 208671 | G67: =IFERROR(VLOOKUP($E67,KURALLAR!$A$12:$E$23,2,FALSE()),"KZT") -> KZT | H67: =IFERROR(VLOOKUP($E67,KURALLAR!$A$12:$E$23,5,FALSE()),1) -> 0.6 | I67: =IF($F67="","",$F67*$H67*IFERROR(VLOOKUP($G67,KURALLAR!$A$5:$B$8,2,FALSE()),1)) -> 125202.6 | J67: Шт. | K67: =SUMIF(BOM!$D:$D,$B67,BOM!$I:$I) -> 16 | L67: =SUMIF(BOM!$D:$D,$B67,BOM!$H:$H) -> 2003241.6 | M67: CHINT 27.08.2026 | N67: =IF($P67="ORAN","ORAN (KURALLAR)",IF($I67="","FIYAT_YOK",$P67)) -> OK | O67: 400 govde 400A 36kA — birebir | P67: OK
A68: 67 | B68: TT-066-400-5 | C68: Трансформатор тока Т-0.66-1,2 У3 400/5А (для счётчика) | D68: TT | E68: MUADIL-NET | G68: =IFERROR(VLOOKUP($E68,KURALLAR!$A$12:$E$23,2,FALSE()),"KZT") -> KZT | H68: =IFERROR(VLOOKUP($E68,KURALLAR!$A$12:$E$23,5,FALSE()),1) -> 1 | I68: =IF($F68="","",$F68*$H68*IFERROR(VLOOKUP($G68,KURALLAR!$A$5:$B$8,2,FALSE()),1)) | J68: Шт. | K68: =SUMIF(BOM!$D:$D,$B68,BOM!$I:$I) -> 18 | L68: =SUMIF(BOM!$D:$D,$B68,BOM!$H:$H) -> 0 | N68: =IF($P68="ORAN","ORAN (KURALLAR)",IF($I68="","FIYAT_YOK",$P68)) -> FIYAT_YOK | O68: sayac akim trafosu 400/5A — CHINT listesinde uygun oran yok | P68: KONTROL
A69: 68 | B69: TT-066-100-5 | C69: Трансформатор тока Т-0.66-1,2 У3 100/5А (для счётчика) | D69: TT | E69: MUADIL-NET | G69: =IFERROR(VLOOKUP($E69,KURALLAR!$A$12:$E$23,2,FALSE()),"KZT") -> KZT | H69: =IFERROR(VLOOKUP($E69,KURALLAR!$A$12:$E$23,5,FALSE()),1) -> 1 | I69: =IF($F69="","",$F69*$H69*IFERROR(VLOOKUP($G69,KURALLAR!$A$5:$B$8,2,FALSE()),1)) | J69: Шт. | K69: =SUMIF(BOM!$D:$D,$B69,BOM!$I:$I) -> 9 | L69: =SUMIF(BOM!$D:$D,$B69,BOM!$H:$H) -> 0 | N69: =IF($P69="ORAN","ORAN (KURALLAR)",IF($I69="","FIYAT_YOK",$P69)) -> FIYAT_YOK | O69: sayac akim trafosu 100/5A — CHINT listesinde uygun oran yok | P69: KONTROL
A70: 69 | B70: 101230 | C70: Воздушный авт. выкл. NA1-6300-5000M/3P выдвиж., 5000A, 120kA, тип M, AC230В (R) | D70: ACB | E70: CHINT | F70: 3239606 | G70: =IFERROR(VLOOKUP($E70,KURALLAR!$A$12:$E$23,2,FALSE()),"KZT") -> KZT | H70: =IFERROR(VLOOKUP($E70,KURALLAR!$A$12:$E$23,5,FALSE()),1) -> 0.6 | I70: =IF($F70="","",$F70*$H70*IFERROR(VLOOKUP($G70,KURALLAR!$A$5:$B$8,2,FALSE()),1)) -> 1943763.6 | J70: Шт. | K70: =SUMIF(BOM!$D:$D,$B70,BOM!$I:$I) -> 4 | L70: =SUMIF(BOM!$D:$D,$B70,BOM!$H:$H) -> 7775054.4 | M70: CHINT 02.02.2026 | N70: =IF($P70="ORAN","ORAN (KURALLAR)",IF($I70="","FIYAT_YOK",$P70)) -> CIHAZ_BELIRSIZ | O70: CNC 4P/5000A; CHINT listesinde 5000A yalnizca 3P — 4P versiyon FIYAT/TEDARIK KONTROL | P70: CIHAZ_BELIRSIZ
A71: 70 | B71: TT-066-5000-5 | C71: Трансформатор тока Т-0.66-1,2 У3 5000/5А (для счётчика) | D71: TT | E71: MUADIL-NET | G71: =IFERROR(VLOOKUP($E71,KURALLAR!$A$12:$E$23,2,FALSE()),"KZT") -> KZT | H71: =IFERROR(VLOOKUP($E71,KURALLAR!$A$12:$E$23,5,FALSE()),1) -> 1 | I71: =IF($F71="","",$F71*$H71*IFERROR(VLOOKUP($G71,KURALLAR!$A$5:$B$8,2,FALSE()),1)) | J71: Шт. | K71: =SUMIF(BOM!$D:$D,$B71,BOM!$I:$I) -> 6 | L71: =SUMIF(BOM!$D:$D,$B71,BOM!$H:$H) -> 0 | N71: =IF($P71="ORAN","ORAN (KURALLAR)",IF($I71="","FIYAT_YOK",$P71)) -> FIYAT_YOK | O71: sayac akim trafosu 5000/5A — CHINT listesinde uygun oran yok | P71: KONTROL
A72: 71 | B72: TT-5000-5 | C72: Трансформатор тока 5000/5А кл. 0,5 — CHINT листинге нет | D72: TT | E72: MUADIL-NET | G72: =IFERROR(VLOOKUP($E72,KURALLAR!$A$12:$E$23,2,FALSE()),"KZT") -> KZT | H72: =IFERROR(VLOOKUP($E72,KURALLAR!$A$12:$E$23,5,FALSE()),1) -> 1 | I72: =IF($F72="","",$F72*$H72*IFERROR(VLOOKUP($G72,KURALLAR!$A$5:$B$8,2,FALSE()),1)) | J72: Шт. | K72: =SUMIF(BOM!$D:$D,$B72,BOM!$I:$I) -> 8 | L72: =SUMIF(BOM!$D:$D,$B72,BOM!$H:$H) -> 0 | N72: =IF($P72="ORAN","ORAN (KURALLAR)",IF($I72="","FIYAT_YOK",$P72)) -> FIYAT_YOK | O72: CHINT stok listesinde 5000/5A oran yok (max 3000/5A) — FIYAT ALINACAK | P72: KONTROL
A73: 72 | B73: METSEPM5560 | C73: Schneider PM5560 — анализатор сети, 2xEthernet, 4DI/2DO | D73: SAYAC | E73: SCHNEIDER | G73: =IFERROR(VLOOKUP($E73,KURALLAR!$A$12:$E$23,2,FALSE()),"KZT") -> EUR | H73: =IFERROR(VLOOKUP($E73,KURALLAR!$A$12:$E$23,5,FALSE()),1) -> 0.6 | I73: =IF($F73="","",$F73*$H73*IFERROR(VLOOKUP($G73,KURALLAR!$A$5:$B$8,2,FALSE()),1)) | J73: Шт. | K73: =SUMIF(BOM!$D:$D,$B73,BOM!$I:$I) -> 4 | L73: =SUMIF(BOM!$D:$D,$B73,BOM!$H:$H) -> 0 | N73: =IF($P73="ORAN","ORAN (KURALLAR)",IF($I73="","FIYAT_YOK",$P73)) -> FIYAT_YOK | O73: Schneider sebeke analizoru; CHINT muadili KONTROL | P73: KONTROL
A74: 73 | B74: SR3B261FU | C74: Schneider Zelio SR3B261FU — программируемое реле 26 I/O | D74: ROLE | E74: SCHNEIDER | G74: =IFERROR(VLOOKUP($E74,KURALLAR!$A$12:$E$23,2,FALSE()),"KZT") -> EUR | H74: =IFERROR(VLOOKUP($E74,KURALLAR!$A$12:$E$23,5,FALSE()),1) -> 0.6 | I74: =IF($F74="","",$F74*$H74*IFERROR(VLOOKUP($G74,KURALLAR!$A$5:$B$8,2,FALSE()),1)) | J74: Шт. | K74: =SUMIF(BOM!$D:$D,$B74,BOM!$I:$I) -> 1 | L74: =SUMIF(BOM!$D:$D,$B74,BOM!$H:$H) -> 0 | N74: =IF($P74="ORAN","ORAN (KURALLAR)",IF($I74="","FIYAT_YOK",$P74)) -> FIYAT_YOK | O74: programlanabilir role; CHINT muadili yok KONTROL | P74: KONTROL
A75: 74 | B75: SR3XT141FU | C75: Schneider Zelio SR3XT141FU — модуль расширения 14 I/O | D75: ROLE | E75: SCHNEIDER | G75: =IFERROR(VLOOKUP($E75,KURALLAR!$A$12:$E$23,2,FALSE()),"KZT") -> EUR | H75: =IFERROR(VLOOKUP($E75,KURALLAR!$A$12:$E$23,5,FALSE()),1) -> 0.6 | I75: =IF($F75="","",$F75*$H75*IFERROR(VLOOKUP($G75,KURALLAR!$A$5:$B$8,2,FALSE()),1)) | J75: Шт. | K75: =SUMIF(BOM!$D:$D,$B75,BOM!$I:$I) -> 1 | L75: =SUMIF(BOM!$D:$D,$B75,BOM!$H:$H) -> 0 | N75: =IF($P75="ORAN","ORAN (KURALLAR)",IF($I75="","FIYAT_YOK",$P75)) -> FIYAT_YOK | O75: genisleme modulu KONTROL | P75: KONTROL
A76: 75 | B76: 697027 | C76: Реле контроля фаз NJYB3-8 AC380V (R) | D76: ROLE | E76: CHINT | F76: 14175 | G76: =IFERROR(VLOOKUP($E76,KURALLAR!$A$12:$E$23,2,FALSE()),"KZT") -> KZT | H76: =IFERROR(VLOOKUP($E76,KURALLAR!$A$12:$E$23,5,FALSE()),1) -> 0.6 | I76: =IF($F76="","",$F76*$H76*IFERROR(VLOOKUP($G76,KURALLAR!$A$5:$B$8,2,FALSE()),1)) -> 8505 | J76: Шт. | K76: =SUMIF(BOM!$D:$D,$B76,BOM!$I:$I) -> 3 | L76: =SUMIF(BOM!$D:$D,$B76,BOM!$H:$H) -> 25515 | M76: CHINT 02.02.2026 | N76: =IF($P76="ORAN","ORAN (KURALLAR)",IF($I76="","FIYAT_YOK",$P76)) -> MUADIL | O76: faz kontrol rolesi; kontak sayisi/ayar araligi KONTROL | P76: MUADIL
A77: 76 | B77: 258312 | C77: Реле времени NTE8-M2 (7 устанавл. функц.) АС230B (R) | D77: ROLE | E77: CHINT | F77: 14399 | G77: =IFERROR(VLOOKUP($E77,KURALLAR!$A$12:$E$23,2,FALSE()),"KZT") -> KZT | H77: =IFERROR(VLOOKUP($E77,KURALLAR!$A$12:$E$23,5,FALSE()),1) -> 0.6 | I77: =IF($F77="","",$F77*$H77*IFERROR(VLOOKUP($G77,KURALLAR!$A$5:$B$8,2,FALSE()),1)) -> 8639.4 | J77: Шт. | K77: =SUMIF(BOM!$D:$D,$B77,BOM!$I:$I) -> 5 | L77: =SUMIF(BOM!$D:$D,$B77,BOM!$H:$H) -> 43197 | M77: CHINT 02.02.2026 | N77: =IF($P77="ORAN","ORAN (KURALLAR)",IF($I77="","FIYAT_YOK",$P77)) -> MUADIL | O77: cok fonksiyonlu zaman rolesi | P77: MUADIL
A78: 77 | B78: RXM4AB1P7 | C78: Schneider RXM4AB1P7 — миниатюрное реле 6A 4CO | D78: ROLE | E78: SCHNEIDER | G78: =IFERROR(VLOOKUP($E78,KURALLAR!$A$12:$E$23,2,FALSE()),"KZT") -> EUR | H78: =IFERROR(VLOOKUP($E78,KURALLAR!$A$12:$E$23,5,FALSE()),1) -> 0.6 | I78: =IF($F78="","",$F78*$H78*IFERROR(VLOOKUP($G78,KURALLAR!$A$5:$B$8,2,FALSE()),1)) | J78: Шт. | K78: =SUMIF(BOM!$D:$D,$B78,BOM!$I:$I) -> 50 | L78: =SUMIF(BOM!$D:$D,$B78,BOM!$H:$H) -> 0 | N78: =IF($P78="ORAN","ORAN (KURALLAR)",IF($I78="","FIYAT_YOK",$P78)) -> FIYAT_YOK | O78: CHINT muadili NXJ serisi KONTROL | P78: KONTROL
A79: 78 | B79: RXZE2M114M | C79: Schneider RXZE2M114M — колодка для реле RXM2/RXM4 | D79: ROLE ALTLIGI | E79: SCHNEIDER | G79: =IFERROR(VLOOKUP($E79,KURALLAR!$A$12:$E$23,2,FALSE()),"KZT") -> EUR | H79: =IFERROR(VLOOKUP($E79,KURALLAR!$A$12:$E$23,5,FALSE()),1) -> 0.6 | I79: =IF($F79="","",$F79*$H79*IFERROR(VLOOKUP($G79,KURALLAR!$A$5:$B$8,2,FALSE()),1)) | J79: Шт. | K79: =SUMIF(BOM!$D:$D,$B79,BOM!$I:$I) -> 50 | L79: =SUMIF(BOM!$D:$D,$B79,BOM!$H:$H) -> 0 | N79: =IF($P79="ORAN","ORAN (KURALLAR)",IF($I79="","FIYAT_YOK",$P79)) -> FIYAT_YOK | O79: CHINT muadili role altligi KONTROL | P79: KONTROL
A80: 79 | B80: 574849 | C80: Переключатель NP2-BD33, 3 положения с фиксацией, 2НО IP40 | D80: BLOK | E80: CHINT | F80: 1836 | G80: =IFERROR(VLOOKUP($E80,KURALLAR!$A$12:$E$23,2,FALSE()),"KZT") -> KZT | H80: =IFERROR(VLOOKUP($E80,KURALLAR!$A$12:$E$23,5,FALSE()),1) -> 0.6 | I80: =IF($F80="","",$F80*$H80*IFERROR(VLOOKUP($G80,KURALLAR!$A$5:$B$8,2,FALSE()),1)) -> 1101.6 | J80: Шт. | K80: =SUMIF(BOM!$D:$D,$B80,BOM!$I:$I) -> 27 | L80: =SUMIF(BOM!$D:$D,$B80,BOM!$H:$H) -> 29743.2 | M80: CHINT 02.02.2026 | N80: =IF($P80="ORAN","ORAN (KURALLAR)",IF($I80="","FIYAT_YOK",$P80)) -> MUADIL | O80: 3 pozisyonlu secici anahtar | P80: MUADIL
A81: 80 | B81: 574843 | C81: Кнопка управления NP2-BA42 без подсветки красная 1НЗ IP40 | D81: BLOK | E81: CHINT | F81: 1621 | G81: =IFERROR(VLOOKUP($E81,KURALLAR!$A$12:$E$23,2,FALSE()),"KZT") -> KZT | H81: =IFERROR(VLOOKUP($E81,KURALLAR!$A$12:$E$23,5,FALSE()),1) -> 0.6 | I81: =IF($F81="","",$F81*$H81*IFERROR(VLOOKUP($G81,KURALLAR!$A$5:$B$8,2,FALSE()),1)) -> 972.6 | J81: Шт. | K81: =SUMIF(BOM!$D:$D,$B81,BOM!$I:$I) -> 4 | L81: =SUMIF(BOM!$D:$D,$B81,BOM!$H:$H) -> 3890.4 | M81: CHINT 02.02.2026 | N81: =IF($P81="ORAN","ORAN (KURALLAR)",IF($I81="","FIYAT_YOK",$P81)) -> OK | O81: kirmizi STOP butonu 1NK | P81: OK
A82: 81 | B82: 574842 | C82: Кнопка управления NP2-BA31 без подсветки зеленая 1НО IP40 | D82: BLOK | E82: CHINT | F82: 1602 | G82: =IFERROR(VLOOKUP($E82,KURALLAR!$A$12:$E$23,2,FALSE()),"KZT") -> KZT | H82: =IFERROR(VLOOKUP($E82,KURALLAR!$A$12:$E$23,5,FALSE()),1) -> 0.6 | I82: =IF($F82="","",$F82*$H82*IFERROR(VLOOKUP($G82,KURALLAR!$A$5:$B$8,2,FALSE()),1)) -> 961.2 | J82: Шт. | K82: =SUMIF(BOM!$D:$D,$B82,BOM!$I:$I) -> 4 | L82: =SUMIF(BOM!$D:$D,$B82,BOM!$H:$H) -> 3844.8 | M82: CHINT 02.02.2026 | N82: =IF($P82="ORAN","ORAN (KURALLAR)",IF($I82="","FIYAT_YOK",$P82)) -> OK | O82: yesil START butonu 1NO | P82: OK
A83: 82 | B83: 593071 | C83: Индикатор ND16-22DS/4 зеленый АС230В (R) | D83: LAMB | E83: CHINT | F83: 836 | G83: =IFERROR(VLOOKUP($E83,KURALLAR!$A$12:$E$23,2,FALSE()),"KZT") -> KZT | H83: =IFERROR(VLOOKUP($E83,KURALLAR!$A$12:$E$23,5,FALSE()),1) -> 0.6 | I83: =IF($F83="","",$F83*$H83*IFERROR(VLOOKUP($G83,KURALLAR!$A$5:$B$8,2,FALSE()),1)) -> 501.6 | J83: Шт. | K83: =SUMIF(BOM!$D:$D,$B83,BOM!$I:$I) -> 4 | L83: =SUMIF(BOM!$D:$D,$B83,BOM!$H:$H) -> 2006.4 | M83: CHINT 02.02.2026 | N83: =IF($P83="ORAN","ORAN (KURALLAR)",IF($I83="","FIYAT_YOK",$P83)) -> OK | O83: yesil sinyal lambasi 230V | P83: OK
A84: 83 | B84: 593012 | C84: Индикатор ND16-22DS/4 красный АС230В (R) | D84: LAMB | E84: CHINT | F84: 836 | G84: =IFERROR(VLOOKUP($E84,KURALLAR!$A$12:$E$23,2,FALSE()),"KZT") -> KZT | H84: =IFERROR(VLOOKUP($E84,KURALLAR!$A$12:$E$23,5,FALSE()),1) -> 0.6 | I84: =IF($F84="","",$F84*$H84*IFERROR(VLOOKUP($G84,KURALLAR!$A$5:$B$8,2,FALSE()),1)) -> 501.6 | J84: Шт. | K84: =SUMIF(BOM!$D:$D,$B84,BOM!$I:$I) -> 28 | L84: =SUMIF(BOM!$D:$D,$B84,BOM!$H:$H) -> 14044.8 | M84: CHINT 02.02.2026 | N84: =IF($P84="ORAN","ORAN (KURALLAR)",IF($I84="","FIYAT_YOK",$P84)) -> OK | O84: kirmizi sinyal lambasi 230V | P84: OK
A85: 84 | B85: 814092 | C85: Авт. выкл. NXB-63 2P 16A 6кА х-ка C (R) | D85: OTO | E85: CHINT | F85: 3199 | G85: =IFERROR(VLOOKUP($E85,KURALLAR!$A$12:$E$23,2,FALSE()),"KZT") -> KZT | H85: =IFERROR(VLOOKUP($E85,KURALLAR!$A$12:$E$23,5,FALSE()),1) -> 0.6 | I85: =IF($F85="","",$F85*$H85*IFERROR(VLOOKUP($G85,KURALLAR!$A$5:$B$8,2,FALSE()),1)) -> 1919.4 | J85: Шт. | K85: =SUMIF(BOM!$D:$D,$B85,BOM!$I:$I) -> 4 | L85: =SUMIF(BOM!$D:$D,$B85,BOM!$H:$H) -> 7677.6 | M85: CHINT 02.02.2026 | N85: =IF($P85="ORAN","ORAN (KURALLAR)",IF($I85="","FIYAT_YOK",$P85)) -> MUADIL | O85: CNC YCB6-63H 2P C16 6kA -> CHINT NXB-63 2P 16A 6kA | P85: MUADIL
A86: 85 | B86: 221033 | C86: Контактор NC1-0910 9А 230В/АС3 1НО 50Гц (R) | D86: KONTAKTOR | E86: CHINT | F86: 4771 | G86: =IFERROR(VLOOKUP($E86,KURALLAR!$A$12:$E$23,2,FALSE()),"KZT") -> KZT | H86: =IFERROR(VLOOKUP($E86,KURALLAR!$A$12:$E$23,5,FALSE()),1) -> 0.6 | I86: =IF($F86="","",$F86*$H86*IFERROR(VLOOKUP($G86,KURALLAR!$A$5:$B$8,2,FALSE()),1)) -> 2862.6 | J86: Шт. | K86: =SUMIF(BOM!$D:$D,$B86,BOM!$I:$I) -> 4 | L86: =SUMIF(BOM!$D:$D,$B86,BOM!$H:$H) -> 11450.4 | M86: CHINT 02.02.2026 | N86: =IF($P86="ORAN","ORAN (KURALLAR)",IF($I86="","FIYAT_YOK",$P86)) -> MUADIL | O86: CJX2-0910 9A 220V -> CHINT NC1-0910 9A 230V | P86: MUADIL
A87: 86 | B87: UPS-3000VA | C87: ИБП 3000VA line-interactive, синус, батареи 4x9Ah | D87: BLOK | E87: MUADIL-NET | G87: =IFERROR(VLOOKUP($E87,KURALLAR!$A$12:$E$23,2,FALSE()),"KZT") -> KZT | H87: =IFERROR(VLOOKUP($E87,KURALLAR!$A$12:$E$23,5,FALSE()),1) -> 1 | I87: =IF($F87="","",$F87*$H87*IFERROR(VLOOKUP($G87,KURALLAR!$A$5:$B$8,2,FALSE()),1)) | J87: Шт. | K87: =SUMIF(BOM!$D:$D,$B87,BOM!$I:$I) -> 2 | L87: =SUMIF(BOM!$D:$D,$B87,BOM!$H:$H) -> 0 | N87: =IF($P87="ORAN","ORAN (KURALLAR)",IF($I87="","FIYAT_YOK",$P87)) -> FIYAT_YOK | O87: UPS — CHINT kapsaminda degil; >=30 dk otonomi ve manuel bypass KONTROL | P87: KONTROL
A88: 87 | B88: KUBLAJ-TRAFO | C88: Система кабельного ввода/соединения трансформатора (TRAFO KUBLAJ) | D88: MONTAJNYY MATERIAL | E88: MUADIL-NET | G88: =IFERROR(VLOOKUP($E88,KURALLAR!$A$12:$E$23,2,FALSE()),"KZT") -> KZT | H88: =IFERROR(VLOOKUP($E88,KURALLAR!$A$12:$E$23,5,FALSE()),1) -> 1 | I88: =IF($F88="","",$F88*$H88*IFERROR(VLOOKUP($G88,KURALLAR!$A$5:$B$8,2,FALSE()),1)) | J88: Шт. | K88: =SUMIF(BOM!$D:$D,$B88,BOM!$I:$I) -> 1 | L88: =SUMIF(BOM!$D:$D,$B88,BOM!$H:$H) -> 0 | N88: =IF($P88="ORAN","ORAN (KURALLAR)",IF($I88="","FIYAT_YOK",$P88)) -> FIYAT_YOK | O88: trafo kublaj sistemi — birim fiyat alinacak | P88: KONTROL
A89: 88 | B89: 101333 | C89: Воздушный авт. выкл. NA1-3200-2500М/3P выдвиж., 2500A, 80kA, тип M, AC230В (R) | D89: ACB | E89: CHINT | F89: 1616150 | G89: =IFERROR(VLOOKUP($E89,KURALLAR!$A$12:$E$23,2,FALSE()),"KZT") -> KZT | H89: =IFERROR(VLOOKUP($E89,KURALLAR!$A$12:$E$23,5,FALSE()),1) -> 0.6 | I89: =IF($F89="","",$F89*$H89*IFERROR(VLOOKUP($G89,KURALLAR!$A$5:$B$8,2,FALSE()),1)) -> 969690 | J89: Шт. | K89: =SUMIF(BOM!$D:$D,$B89,BOM!$I:$I) -> 4 | L89: =SUMIF(BOM!$D:$D,$B89,BOM!$H:$H) -> 3878760 | M89: CHINT 02.02.2026 | N89: =IF($P89="ORAN","ORAN (KURALLAR)",IF($I89="","FIYAT_YOK",$P89)) -> MUADIL_ONAY | O89: CNC 3200 govde/2500A -> CHINT NA1-3200-2500M; govde secimi KONTROL | P89: MUADIL_ONAY
A90: 89 | B90: 101098 | C90: Воздушный авт. выкл. NA1-2000-1600М/3P выдвиж., 1600A, 80kA, тип M, AC230В (R) | D90: ACB | E90: CHINT | F90: 1178923 | G90: =IFERROR(VLOOKUP($E90,KURALLAR!$A$12:$E$23,2,FALSE()),"KZT") -> KZT | H90: =IFERROR(VLOOKUP($E90,KURALLAR!$A$12:$E$23,5,FALSE()),1) -> 0.6 | I90: =IF($F90="","",$F90*$H90*IFERROR(VLOOKUP($G90,KURALLAR!$A$5:$B$8,2,FALSE()),1)) -> 707353.8 | J90: Шт. | K90: =SUMIF(BOM!$D:$D,$B90,BOM!$I:$I) -> 2 | L90: =SUMIF(BOM!$D:$D,$B90,BOM!$H:$H) -> 1414707.6 | M90: CHINT 02.02.2026 | N90: =IF($P90="ORAN","ORAN (KURALLAR)",IF($I90="","FIYAT_YOK",$P90)) -> MUADIL_ONAY | O90: CNC 55kA -> CHINT NA1-2000 80kA cekmeceli; Modbus/haberlesme modulu ayrica KONTROL | P90: MUADIL_ONAY
A91: 90 | B91: 269420 | C91: Авт. выкл. NM8N-630C EN 3P 630А 36кА с электронным расцепителем (R) | D91: TMS | E91: CHINT | F91: 299616 | G91: =IFERROR(VLOOKUP($E91,KURALLAR!$A$12:$E$23,2,FALSE()),"KZT") -> KZT | H91: =IFERROR(VLOOKUP($E91,KURALLAR!$A$12:$E$23,5,FALSE()),1) -> 0.6 | I91: =IF($F91="","",$F91*$H91*IFERROR(VLOOKUP($G91,KURALLAR!$A$5:$B$8,2,FALSE()),1)) -> 179769.6 | J91: Шт. | K91: =SUMIF(BOM!$D:$D,$B91,BOM!$I:$I) -> 15 | L91: =SUMIF(BOM!$D:$D,$B91,BOM!$H:$H) -> 2696544 | M91: CHINT 27.08.2026 | N91: =IF($P91="ORAN","ORAN (KURALLAR)",IF($I91="","FIYAT_YOK",$P91)) -> MUADIL | O91: 630A 36kA sadece elektronik acicili (EN) mevcut | P91: MUADIL
A92: 91 | B92: BARA-CU-SMT | C92: Шина медная твёрдая (ШМТ) | D92: SINA | E92: BAKIR-BARA | F92: =KURALLAR!$B$87 -> 7918.6 | G92: =IFERROR(VLOOKUP($E92,KURALLAR!$A$12:$E$23,2,FALSE()),"KZT") -> KZT | H92: =IFERROR(VLOOKUP($E92,KURALLAR!$A$12:$E$23,5,FALSE()),1) -> 1 | I92: =IF($F92="","",$F92*$H92*IFERROR(VLOOKUP($G92,KURALLAR!$A$5:$B$8,2,FALSE()),1)) -> 7918.6 | J92: Кг. | K92: =SUMIF(BOM!$D:$D,$B92,BOM!$I:$I) -> 2852 | L92: =SUMIF(BOM!$D:$D,$B92,BOM!$H:$H) -> 22583847 | N92: =IF($P92="ORAN","ORAN (KURALLAR)",IF($I92="","FIYAT_YOK",$P92)) -> VARSAYIM | O92: bakir bara — kg fiyati KURALLAR BLOK 8'den hesaplanir | P92: VARSAYIM
A93: 92 | B93: 719-15597 | C93: Мет. Корпус (пустой) (1800x1400x600x2)+10см база 2 goz pano IP54 | D93: KORPUS | E93: KAZTEK | F93: 376320 | G93: =IFERROR(VLOOKUP($E93,KURALLAR!$A$12:$E$23,2,FALSE()),"KZT") -> KZT | H93: =IFERROR(VLOOKUP($E93,KURALLAR!$A$12:$E$23,5,FALSE()),1) -> 0.6 | I93: =IF($F93="","",$F93*$H93*IFERROR(VLOOKUP($G93,KURALLAR!$A$5:$B$8,2,FALSE()),1)) -> 225792 | J93: Шт. | K93: =SUMIF(BOM!$D:$D,$B93,BOM!$I:$I) -> 3 | L93: =SUMIF(BOM!$D:$D,$B93,BOM!$H:$H) -> 677376 | M93: KAZTEK 15.07.2026 | N93: =IF($P93="ORAN","ORAN (KURALLAR)",IF($I93="","FIYAT_YOK",$P93)) -> VARSAYIM | O93: proje 1000x2100x1000 -> KAZTEK 1800x1400x600 iki gozlu; olcu KONTROL | P93: VARSAYIM
A94: 93 | B94: 263108 | C94: Авт. выкл. NM8N-1600S EN 3P 1250А 50кА с электронным расцепителем (R) | D94: TMS | E94: CHINT | F94: 693323 | G94: =IFERROR(VLOOKUP($E94,KURALLAR!$A$12:$E$23,2,FALSE()),"KZT") -> KZT | H94: =IFERROR(VLOOKUP($E94,KURALLAR!$A$12:$E$23,5,FALSE()),1) -> 0.6 | I94: =IF($F94="","",$F94*$H94*IFERROR(VLOOKUP($G94,KURALLAR!$A$5:$B$8,2,FALSE()),1)) -> 415993.8 | J94: Шт. | K94: =SUMIF(BOM!$D:$D,$B94,BOM!$I:$I) -> 2 | L94: =SUMIF(BOM!$D:$D,$B94,BOM!$H:$H) -> 831987.6 | M94: CHINT 02.02.2026 | N94: =IF($P94="ORAN","ORAN (KURALLAR)",IF($I94="","FIYAT_YOK",$P94)) -> MUADIL | O94: 1600 govde 1250A 50kA elektronik acicili; CNC 1250L karsiligi | P94: MUADIL
A95: 94 | B95: 263782 | C95: Регулятор реактивной мощности NWK1-12 с 12-тью контурами RS 485 | D95: ROLE | E95: CHINT | F95: 154530 | G95: =IFERROR(VLOOKUP($E95,KURALLAR!$A$12:$E$23,2,FALSE()),"KZT") -> KZT | H95: =IFERROR(VLOOKUP($E95,KURALLAR!$A$12:$E$23,5,FALSE()),1) -> 0.6 | I95: =IF($F95="","",$F95*$H95*IFERROR(VLOOKUP($G95,KURALLAR!$A$5:$B$8,2,FALSE()),1)) -> 92718 | J95: Шт. | K95: =SUMIF(BOM!$D:$D,$B95,BOM!$I:$I) -> 2 | L95: =SUMIF(BOM!$D:$D,$B95,BOM!$H:$H) -> 185436 | M95: CHINT 27.08.2026 | N95: =IF($P95="ORAN","ORAN (KURALLAR)",IF($I95="","FIYAT_YOK",$P95)) -> MUADIL | O95: 12 kademeli reaktif guc regulatoru | P95: MUADIL
A96: 95 | B96: LV480802 | C96: Schneider Fupact ISFT160 — предохранитель-выключатель 160A NH00 3P | D96: RUBILNIK | E96: SCHNEIDER | G96: =IFERROR(VLOOKUP($E96,KURALLAR!$A$12:$E$23,2,FALSE()),"KZT") -> EUR | H96: =IFERROR(VLOOKUP($E96,KURALLAR!$A$12:$E$23,5,FALSE()),1) -> 0.6 | I96: =IF($F96="","",$F96*$H96*IFERROR(VLOOKUP($G96,KURALLAR!$A$5:$B$8,2,FALSE()),1)) | J96: Шт. | K96: =SUMIF(BOM!$D:$D,$B96,BOM!$I:$I) -> 34 | L96: =SUMIF(BOM!$D:$D,$B96,BOM!$H:$H) -> 0 | N96: =IF($P96="ORAN","ORAN (KURALLAR)",IF($I96="","FIYAT_YOK",$P96)) -> FIYAT_YOK | O96: CHINT muadili NHRT40-160/3L (407004) KONTROL | P96: KONTROL
A97: 96 | B97: 521348 | C97: Плавкая вставка предохранителя RT36-00-160, габарит 00, 80А | D97: FU | E97: CHINT | F97: 1525 | G97: =IFERROR(VLOOKUP($E97,KURALLAR!$A$12:$E$23,2,FALSE()),"KZT") -> KZT | H97: =IFERROR(VLOOKUP($E97,KURALLAR!$A$12:$E$23,5,FALSE()),1) -> 0.6 | I97: =IF($F97="","",$F97*$H97*IFERROR(VLOOKUP($G97,KURALLAR!$A$5:$B$8,2,FALSE()),1)) -> 915 | J97: Шт. | K97: =SUMIF(BOM!$D:$D,$B97,BOM!$I:$I) -> 6 | L97: =SUMIF(BOM!$D:$D,$B97,BOM!$H:$H) -> 5490 | M97: CHINT 02.02.2026 | N97: =IF($P97="ORAN","ORAN (KURALLAR)",IF($I97="","FIYAT_YOK",$P97)) -> OK | O97: NH00 80A — birebir | P97: OK
A98: 97 | B98: 521349 | C98: Плавкая вставка предохранителя RT36-00-160, габарит 00, 100А | D98: FU | E98: CHINT | F98: 1545 | G98: =IFERROR(VLOOKUP($E98,KURALLAR!$A$12:$E$23,2,FALSE()),"KZT") -> KZT | H98: =IFERROR(VLOOKUP($E98,KURALLAR!$A$12:$E$23,5,FALSE()),1) -> 0.6 | I98: =IF($F98="","",$F98*$H98*IFERROR(VLOOKUP($G98,KURALLAR!$A$5:$B$8,2,FALSE()),1)) -> 927 | J98: Шт. | K98: =SUMIF(BOM!$D:$D,$B98,BOM!$I:$I) -> 72 | L98: =SUMIF(BOM!$D:$D,$B98,BOM!$H:$H) -> 66744 | M98: CHINT 27.08.2026 | N98: =IF($P98="ORAN","ORAN (KURALLAR)",IF($I98="","FIYAT_YOK",$P98)) -> OK | O98: NH00 100A — birebir | P98: OK
A99: 98 | B99: 799036 | C99: Трехфазный конденсатор NWC6-0.45-20-3, АС450В, 20кВАр | D99: KONDANSATOR | E99: CHINT | F99: 36423 | G99: =IFERROR(VLOOKUP($E99,KURALLAR!$A$12:$E$23,2,FALSE()),"KZT") -> KZT | H99: =IFERROR(VLOOKUP($E99,KURALLAR!$A$12:$E$23,5,FALSE()),1) -> 0.6 | I99: =IF($F99="","",$F99*$H99*IFERROR(VLOOKUP($G99,KURALLAR!$A$5:$B$8,2,FALSE()),1)) -> 21853.8 | J99: Шт. | K99: =SUMIF(BOM!$D:$D,$B99,BOM!$I:$I) -> 8 | L99: =SUMIF(BOM!$D:$D,$B99,BOM!$H:$H) -> 174830.4 | M99: CHINT 27.08.2026 | N99: =IF($P99="ORAN","ORAN (KURALLAR)",IF($I99="","FIYAT_YOK",$P99)) -> OK | O99: 20 kVAr 450V — birebir | P99: OK
A100: 99 | B100: 799037 | C100: Трехфазный конденсатор NWC6-0.45-25-3, АС450В, 25кВАр | D100: KONDANSATOR | E100: CHINT | F100: 41988 | G100: =IFERROR(VLOOKUP($E100,KURALLAR!$A$12:$E$23,2,FALSE()),"KZT") -> KZT | H100: =IFERROR(VLOOKUP($E100,KURALLAR!$A$12:$E$23,5,FALSE()),1) -> 0.6 | I100: =IF($F100="","",$F100*$H100*IFERROR(VLOOKUP($G100,KURALLAR!$A$5:$B$8,2,FALSE()),1)) -> 25192.8 | J100: Шт. | K100: =SUMIF(BOM!$D:$D,$B100,BOM!$I:$I) -> 4 | L100: =SUMIF(BOM!$D:$D,$B100,BOM!$H:$H) -> 100771.2 | M100: CHINT 02.02.2026 | N100: =IF($P100="ORAN","ORAN (KURALLAR)",IF($I100="","FIYAT_YOK",$P100)) -> OK | O100: 25 kVAr 450V — birebir | P100: OK
...

Sheet BOM
A1: ROW | B1: Наименование1 | C1: Тип | D1: Артикул | E1: Номенклатура | F1: Цена | G1: net | H1: Сумма | I1: Кол-во | J1: Ед.изм | K1: Завод | L1: Итого | M1: Группа | N1: SRK EUR | O1: Oguzhan | P1: DURUM | Q1: NOT | R1: KAYNAK | S1: PDF | T1: NORM_KEY | U1: NORM_DK
A2: 1 | B2: =E2 -> BLOK A / ЩК-стандарт — НКУ 380/220В 50Гц, FORM 2B, IP31/54 | C2: korpus komplekt | E2: BLOK A / ЩК-стандарт — НКУ 380/220В 50Гц, FORM 2B, IP31/54 | I2: 1 | J2: комплект | P2: OK | Q2: komplekt adedi OZET C sutununda; pano ici malzemeler 1 pano icindir | R2: APEX CNC.xlsx | S2: 170001-ST-EL-CD-BLA-SPD-XX-R02
A3: 2 | C3: TMS | D3: 271534 | E3: =IFERROR(VLOOKUP($D3,FIYAT!$B:$O,2,FALSE()),"") -> Авт. выкл. NM8N-125C TM 3P 32А 36кА с рег. термомаг. расцепителем (R) | F3: =IFERROR(VLOOKUP($D3,FIYAT!$B:$O,5,FALSE()),"") -> 64667 | G3: =IFERROR(VLOOKUP($D3,FIYAT!$B:$O,8,FALSE()),"") -> 38800.2 | H3: =IF(OR($G3="",$I3=""),"",$G3*$I3) -> 38800.2 | I3: 1 | J3: =IFERROR(VLOOKUP($D3,FIYAT!$B:$O,9,FALSE()),"") -> Шт. | K3: =IFERROR(VLOOKUP($D3,FIYAT!$B:$O,4,FALSE()),"") -> CHINT | L3: =IF($H3="","",$H3) -> 38800.2 | P3: =IF($H3="","FIYAT_YOK",IFERROR(VLOOKUP($D3,FIYAT!$B:$P,15,FALSE()),"")) -> MUADIL | Q3: CHINT'te 63A govde yok; NM8N-125C 36kA govdesi alindi | R3: CHINT 27.08.2026 | S3: 170001-ST-EL-CD-BLA-SPD-XX-R02 | T3: TMS_125 | U3: =IFERROR(VLOOKUP($T3,KURALLAR!$A$32:$B$63,2,FALSE()),0)*IF(ISNUMBER($I3),$I3,0) -> 15
A4: 3 | C4: DIF | D4: 200231 | E4: =IFERROR(VLOOKUP($D4,FIYAT!$B:$O,2,FALSE()),"") -> УЗО NL1-63 6kA 4P 63A 300mA тип AC (R) | F4: =IFERROR(VLOOKUP($D4,FIYAT!$B:$O,5,FALSE()),"") -> 18106 | G4: =IFERROR(VLOOKUP($D4,FIYAT!$B:$O,8,FALSE()),"") -> 10863.6 | H4: =IF(OR($G4="",$I4=""),"",$G4*$I4) -> 10863.6 | I4: 1 | J4: =IFERROR(VLOOKUP($D4,FIYAT!$B:$O,9,FALSE()),"") -> Шт. | K4: =IFERROR(VLOOKUP($D4,FIYAT!$B:$O,4,FALSE()),"") -> CHINT | L4: =IF($H4="","",$H4) -> 10863.6 | P4: =IF($H4="","FIYAT_YOK",IFERROR(VLOOKUP($D4,FIYAT!$B:$P,15,FALSE()),"")) -> OK | Q4: 4P 63A 300mA AC — birebir | R4: CHINT 27.08.2026 | S4: 170001-ST-EL-CD-BLA-SPD-XX-R02 | T4: DIF_4P | U4: =IFERROR(VLOOKUP($T4,KURALLAR!$A$32:$B$63,2,FALSE()),0)*IF(ISNUMBER($I4),$I4,0) -> 10
A5: 4 | C5: FU | D5: 521260 | E5: =IFERROR(VLOOKUP($D5,FIYAT!$B:$O,2,FALSE()),"") -> Держатель плавкой вставки RT36-00-160, габарит 00, 160А | F5: =IFERROR(VLOOKUP($D5,FIYAT!$B:$O,5,FALSE()),"") -> 2038 | G5: =IFERROR(VLOOKUP($D5,FIYAT!$B:$O,8,FALSE()),"") -> 1222.8 | H5: =IF(OR($G5="",$I5=""),"",$G5*$I5) -> 4891.2 | I5: 4 | J5: =IFERROR(VLOOKUP($D5,FIYAT!$B:$O,9,FALSE()),"") -> Шт. | K5: =IFERROR(VLOOKUP($D5,FIYAT!$B:$O,4,FALSE()),"") -> CHINT | L5: =IF($H5="","",$H5) -> 4891.2 | P5: =IF($H5="","FIYAT_YOK",IFERROR(VLOOKUP($D5,FIYAT!$B:$P,15,FALSE()),"")) -> MUADIL | Q5: CHINT'te 14x51 (63A) silindirik yuva yok; NH00 (RT36-00) bicak sigorta yuvasi alindi — montaj/boyut farki KONTROL | R5: CHINT 27.08.2026 | S5: 170001-ST-EL-CD-BLA-SPD-XX-R02 | T5: FU_TUTUCU | U5: =IFERROR(VLOOKUP($T5,KURALLAR!$A$32:$B$63,2,FALSE()),0)*IF(ISNUMBER($I5),$I5,0) -> 20
A6: 5 | C6: FU | D6: 521347 | E6: =IFERROR(VLOOKUP($D6,FIYAT!$B:$O,2,FALSE()),"") -> Плавкая вставка предохранителя RT36-00-160, габарит 00, 63А | F6: =IFERROR(VLOOKUP($D6,FIYAT!$B:$O,5,FALSE()),"") -> 1525 | G6: =IFERROR(VLOOKUP($D6,FIYAT!$B:$O,8,FALSE()),"") -> 915 | H6: =IF(OR($G6="",$I6=""),"",$G6*$I6) -> 3660 | I6: 4 | J6: =IFERROR(VLOOKUP($D6,FIYAT!$B:$O,9,FALSE()),"") -> Шт. | K6: =IFERROR(VLOOKUP($D6,FIYAT!$B:$O,4,FALSE()),"") -> CHINT | L6: =IF($H6="","",$H6) -> 3660 | P6: =IF($H6="","FIYAT_YOK",IFERROR(VLOOKUP($D6,FIYAT!$B:$P,15,FALSE()),"")) -> MUADIL | Q6: 14x51 63A yerine NH00 63A busonu | R6: CHINT 02.02.2026 | S6: 170001-ST-EL-CD-BLA-SPD-XX-R02 | T6: FU | U6: =IFERROR(VLOOKUP($T6,KURALLAR!$A$32:$B$63,2,FALSE()),0)*IF(ISNUMBER($I6),$I6,0) -> 12
A7: 6 | C7: OPN | D7: 252578 | E7: =IFERROR(VLOOKUP($D7,FIYAT!$B:$O,2,FALSE()),"") -> Ограничитель имп. перенапр. NU6-IIG 4Р In=25kA Uc=440B Im=65kA (R) | F7: =IFERROR(VLOOKUP($D7,FIYAT!$B:$O,5,FALSE()),"") -> 33208 | G7: =IFERROR(VLOOKUP($D7,FIYAT!$B:$O,8,FALSE()),"") -> 19924.8 | H7: =IF(OR($G7="",$I7=""),"",$G7*$I7) -> 19924.8 | I7: 1 | J7: =IFERROR(VLOOKUP($D7,FIYAT!$B:$O,9,FALSE()),"") -> Шт. | K7: =IFERROR(VLOOKUP($D7,FIYAT!$B:$O,4,FALSE()),"") -> CHINT | L7: =IF($H7="","",$H7) -> 19924.8 | P7: =IF($H7="","FIYAT_YOK",IFERROR(VLOOKUP($D7,FIYAT!$B:$P,15,FALSE()),"")) -> MUADIL_ONAY | Q7: CNC YCS6-B 4P 60kA 420V -> CHINT NU6-IIG 4P Uc=440V In=25kA Imax=65kA. Class I (Iimp) isteniyorsa 308602 NXU-I+II 4P KONTROL | R7: CHINT 02.02.2026 | S7: 170001-ST-EL-CD-BLA-SPD-XX-R02 | T7: OPN | U7: =IFERROR(VLOOKUP($T7,KURALLAR!$A$32:$B$63,2,FALSE()),0)*IF(ISNUMBER($I7),$I7,0) -> 10
A8: 7 | C8: OTO | D8: 814172 | E8: =IFERROR(VLOOKUP($D8,FIYAT!$B:$O,2,FALSE()),"") -> Авт. выкл. NXB-63 3P 25A 6кА х-ка C (R) | F8: =IFERROR(VLOOKUP($D8,FIYAT!$B:$O,5,FALSE()),"") -> 5334 | G8: =IFERROR(VLOOKUP($D8,FIYAT!$B:$O,8,FALSE()),"") -> 3200.4 | H8: =IF(OR($G8="",$I8=""),"",$G8*$I8) -> 3200.4 | I8: 1 | J8: =IFERROR(VLOOKUP($D8,FIYAT!$B:$O,9,FALSE()),"") -> Шт. | K8: =IFERROR(VLOOKUP($D8,FIYAT!$B:$O,4,FALSE()),"") -> CHINT | L8: =IF($H8="","",$H8) -> 3200.4 | P8: =IF($H8="","FIYAT_YOK",IFERROR(VLOOKUP($D8,FIYAT!$B:$P,15,FALSE()),"")) -> OK | Q8: 3P 25A 6kA C — birebir | R8: CHINT 27.08.2026 | S8: 170001-ST-EL-CD-BLA-SPD-XX-R02 | T8: OTO_3P | U8: =IFERROR(VLOOKUP($T8,KURALLAR!$A$32:$B$63,2,FALSE()),0)*IF(ISNUMBER($I8),$I8,0) -> 8
A9: 8 | C9: OTO | D9: 814014 | E9: =IFERROR(VLOOKUP($D9,FIYAT!$B:$O,2,FALSE()),"") -> Авт. выкл. NXB-63 1P 16A 6кА х-ка C (R) | F9: =IFERROR(VLOOKUP($D9,FIYAT!$B:$O,5,FALSE()),"") -> 1389 | G9: =IFERROR(VLOOKUP($D9,FIYAT!$B:$O,8,FALSE()),"") -> 833.4 | H9: =IF(OR($G9="",$I9=""),"",$G9*$I9) -> 14167.8 | I9: 17 | J9: =IFERROR(VLOOKUP($D9,FIYAT!$B:$O,9,FALSE()),"") -> Шт. | K9: =IFERROR(VLOOKUP($D9,FIYAT!$B:$O,4,FALSE()),"") -> CHINT | L9: =IF($H9="","",$H9) -> 14167.8 | P9: =IF($H9="","FIYAT_YOK",IFERROR(VLOOKUP($D9,FIYAT!$B:$P,15,FALSE()),"")) -> OK | Q9: 1P 16A 6kA C — birebir | R9: CHINT 27.08.2026 | S9: 170001-ST-EL-CD-BLA-SPD-XX-R02 | T9: OTO_1P | U9: =IFERROR(VLOOKUP($T9,KURALLAR!$A$32:$B$63,2,FALSE()),0)*IF(ISNUMBER($I9),$I9,0) -> 51
A10: 9 | C10: DIF | D10: 200316 | E10: =IFERROR(VLOOKUP($D10,FIYAT!$B:$O,2,FALSE()),"") -> УЗО NL1-63 6kA 4P 25A 30mA тип AC (R) | F10: =IFERROR(VLOOKUP($D10,FIYAT!$B:$O,5,FALSE()),"") -> 18338 | G10: =IFERROR(VLOOKUP($D10,FIYAT!$B:$O,8,FALSE()),"") -> 11002.8 | H10: =IF(OR($G10="",$I10=""),"",$G10*$I10) -> 11002.8 | I10: 1 | J10: =IFERROR(VLOOKUP($D10,FIYAT!$B:$O,9,FALSE()),"") -> Шт. | K10: =IFERROR(VLOOKUP($D10,FIYAT!$B:$O,4,FALSE()),"") -> CHINT | L10: =IF($H10="","",$H10) -> 11002.8 | P10: =IF($H10="","FIYAT_YOK",IFERROR(VLOOKUP($D10,FIYAT!$B:$P,15,FALSE()),"")) -> OK | Q10: 4P 25A 30mA AC — birebir | R10: CHINT 27.08.2026 | S10: 170001-ST-EL-CD-BLA-SPD-XX-R02 | T10: DIF_4P | U10: =IFERROR(VLOOKUP($T10,KURALLAR!$A$32:$B$63,2,FALSE()),0)*IF(ISNUMBER($I10),$I10,0) -> 10
A11: 10 | C11: DIF | D11: 200359 | E11: =IFERROR(VLOOKUP($D11,FIYAT!$B:$O,2,FALSE()),"") -> УЗО NL1-63 6kA 2P 16A 30mA тип AC (R) | F11: =IFERROR(VLOOKUP($D11,FIYAT!$B:$O,5,FALSE()),"") -> 10809 | G11: =IFERROR(VLOOKUP($D11,FIYAT!$B:$O,8,FALSE()),"") -> 6485.4 | H11: =IF(OR($G11="",$I11=""),"",$G11*$I11) -> 6485.4 | I11: 1 | J11: =IFERROR(VLOOKUP($D11,FIYAT!$B:$O,9,FALSE()),"") -> Шт. | K11: =IFERROR(VLOOKUP($D11,FIYAT!$B:$O,4,FALSE()),"") -> CHINT | L11: =IF($H11="","",$H11) -> 6485.4 | P11: =IF($H11="","FIYAT_YOK",IFERROR(VLOOKUP($D11,FIYAT!$B:$P,15,FALSE()),"")) -> OK | Q11: 2P 16A 30mA AC — birebir | R11: CHINT 27.08.2026 | S11: 170001-ST-EL-CD-BLA-SPD-XX-R02 | T11: DIF_2P | U11: =IFERROR(VLOOKUP($T11,KURALLAR!$A$32:$B$63,2,FALSE()),0)*IF(ISNUMBER($I11),$I11,0) -> 6
A12: 11 | C12: OTO | D12: 814015 | E12: =IFERROR(VLOOKUP($D12,FIYAT!$B:$O,2,FALSE()),"") -> Авт. выкл. NXB-63 1P 20A 6кА х-ка C (R) | F12: =IFERROR(VLOOKUP($D12,FIYAT!$B:$O,5,FALSE()),"") -> 1434 | G12: =IFERROR(VLOOKUP($D12,FIYAT!$B:$O,8,FALSE()),"") -> 860.4 | H12: =IF(OR($G12="",$I12=""),"",$G12*$I12) -> 860.4 | I12: 1 | J12: =IFERROR(VLOOKUP($D12,FIYAT!$B:$O,9,FALSE()),"") -> Шт. | K12: =IFERROR(VLOOKUP($D12,FIYAT!$B:$O,4,FALSE()),"") -> CHINT | L12: =IF($H12="","",$H12) -> 860.4 | P12: =IF($H12="","FIYAT_YOK",IFERROR(VLOOKUP($D12,FIYAT!$B:$P,15,FALSE()),"")) -> OK | Q12: 1P 20A 6kA C — birebir | R12: CHINT 27.08.2026 | S12: 170001-ST-EL-CD-BLA-SPD-XX-R02 | T12: OTO_1P | U12: =IFERROR(VLOOKUP($T12,KURALLAR!$A$32:$B$63,2,FALSE()),0)*IF(ISNUMBER($I12),$I12,0) -> 3
A13: 12 | C13: OTO | D13: 814013 | E13: =IFERROR(VLOOKUP($D13,FIYAT!$B:$O,2,FALSE()),"") -> Авт. выкл. NXB-63 1P 10A 6кА х-ка C (R) | F13: =IFERROR(VLOOKUP($D13,FIYAT!$B:$O,5,FALSE()),"") -> 1362 | G13: =IFERROR(VLOOKUP($D13,FIYAT!$B:$O,8,FALSE()),"") -> 817.2 | H13: =IF(OR($G13="",$I13=""),"",$G13*$I13) -> 3268.8 | I13: 4 | J13: =IFERROR(VLOOKUP($D13,FIYAT!$B:$O,9,FALSE()),"") -> Шт. | K13: =IFERROR(VLOOKUP($D13,FIYAT!$B:$O,4,FALSE()),"") -> CHINT | L13: =IF($H13="","",$H13) -> 3268.8 | P13: =IF($H13="","FIYAT_YOK",IFERROR(VLOOKUP($D13,FIYAT!$B:$P,15,FALSE()),"")) -> OK | Q13: 1P 10A 6kA C — birebir | R13: CHINT 02.02.2026 | S13: 170001-ST-EL-CD-BLA-SPD-XX-R02 | T13: OTO_1P | U13: =IFERROR(VLOOKUP($T13,KURALLAR!$A$32:$B$63,2,FALSE()),0)*IF(ISNUMBER($I13),$I13,0) -> 12
A14: 13 | C14: BLOK | D14: 718-84007 | E14: =IFERROR(VLOOKUP($D14,FIYAT!$B:$O,2,FALSE()),"") -> Шина "N" нулевая 6х9мм на DIN-рейку в корпусном изоляторе ШНИ 12К IEK (10) | F14: =IFERROR(VLOOKUP($D14,FIYAT!$B:$O,5,FALSE()),"") -> 755 | G14: =IFERROR(VLOOKUP($D14,FIYAT!$B:$O,8,FALSE()),"") -> 453 | H14: =IF(OR($G14="",$I14=""),"",$G14*$I14) -> 1812 | I14: 4 | J14: =IFERROR(VLOOKUP($D14,FIYAT!$B:$O,9,FALSE()),"") -> Шт. | K14: =IFERROR(VLOOKUP($D14,FIYAT!$B:$O,4,FALSE()),"") -> KAZTEK | L14: =IF($H14="","",$H14) -> 1812 | P14: =IF($H14="","FIYAT_YOK",IFERROR(VLOOKUP($D14,FIYAT!$B:$P,15,FALSE()),"")) -> MUADIL | Q14: CHINT listesinde 4x11 dagitim blogu yok; 4 kutup icin 4 ad. izoleli SHNI 12K barasi alindi (adet x4) | R14: KAZTEK 15.07.2026 | S14: 170001-ST-EL-CD-BLA-SPD-XX-R02 | T14: BLOK | U14: =IFERROR(VLOOKUP($T14,KURALLAR!$A$32:$B$63,2,FALSE()),0)*IF(ISNUMBER($I14),$I14,0) -> 32
A15: 14 | C15: KORPUS | D15: 719-15380 | E15: =IFERROR(VLOOKUP($D15,FIYAT!$B:$O,2,FALSE()),"") -> ЩМП (инд.) IP31 (650х500х150мм) | F15: =IFERROR(VLOOKUP($D15,FIYAT!$B:$O,5,FALSE()),"") -> 27825 | G15: =IFERROR(VLOOKUP($D15,FIYAT!$B:$O,8,FALSE()),"") -> 16695 | H15: =IF(OR($G15="",$I15=""),"",$G15*$I15) -> 16695 | I15: 1 | J15: =IFERROR(VLOOKUP($D15,FIYAT!$B:$O,9,FALSE()),"") -> Шт. | K15: =IFERROR(VLOOKUP($D15,FIYAT!$B:$O,4,FALSE()),"") -> KAZTEK | L15: =IF($H15="","",$H15) -> 16695 | P15: =IF($H15="","FIYAT_YOK",IFERROR(VLOOKUP($D15,FIYAT!$B:$P,15,FALSE()),"")) -> VARSAYIM | Q15: proje 460x700x200 duvar tipi FORM 2B -> KAZTEK 650x500x150; olcu/FORM sinifi KONTROL | R15: KAZTEK 15.07.2026 | S15: 170001-ST-EL-CD-BLA-SPD-XX-R02 | T15: KORPUS_ORTA | U15: =IFERROR(VLOOKUP($T15,KURALLAR!$A$32:$B$63,2,FALSE()),0)*IF(ISNUMBER($I15),$I15,0) -> 30
A16: 15 | C16: MONTAJNYY MATERIAL | D16: MONTAJ-MALZEME | E16: =IFERROR(VLOOKUP($D16,FIYAT!$B:$O,2,FALSE()),"") -> Монтажный расходный материал (кабель, DIN-рейка, кабель-канал, клеммы, маркировка, крепёж) | F16: =IFERROR(VLOOKUP($D16,FIYAT!$B:$O,5,FALSE()),"") -> 0 | G16: =IFERROR(VLOOKUP($D16,FIYAT!$B:$O,8,FALSE()),"") | H16: =ROUND(SUM($H$3:$H$15)*KURALLAR!$B$28,0) -> 9494 | I16: 1 | J16: =IFERROR(VLOOKUP($D16,FIYAT!$B:$O,9,FALSE()),"") -> компл. | K16: =IFERROR(VLOOKUP($D16,FIYAT!$B:$O,4,FALSE()),"") -> MUADIL-NET | L16: =IF($H16="","",$H16) -> 9494 | P16: =IF($H16="","FIYAT_YOK",IFERROR(VLOOKUP($D16,FIYAT!$B:$P,15,FALSE()),"")) -> ORAN | Q16: pano ici sarf malzemesi = pano malzeme bedelinin %si (KURALLAR BLOK 3 sari hucre) | R16: KURALLAR oran | S16: 170001-ST-EL-CD-BLA-SPD-XX-R02 | U16: 0
A17: 16 | C17: MONTAJNAYA RABOTA | D17: ISCILIK-MONTAJ | E17: =IFERROR(VLOOKUP($D17,FIYAT!$B:$O,2,FALSE()),"") -> Сборка, кабелирование, маркировка, момент затяжки, испытания | F17: =IFERROR(VLOOKUP($D17,FIYAT!$B:$O,5,FALSE()),"") -> 100 | G17: =IFERROR(VLOOKUP($D17,FIYAT!$B:$O,8,FALSE()),"") -> 100 | H17: =IF(OR($G17="",$I17=""),"",$G17*$I17) -> 25200 | I17: =ROUND(SUM($U$3:$U$16)*KURALLAR!$B$27,0) -> 252 | J17: =IFERROR(VLOOKUP($D17,FIYAT!$B:$O,9,FALSE()),"") -> мин | K17: =IFERROR(VLOOKUP($D17,FIYAT!$B:$O,4,FALSE()),"") -> ISCILIK | L17: =IF($H17="","",$H17) -> 25200 | P17: =IF($H17="","FIYAT_YOK",IFERROR(VLOOKUP($D17,FIYAT!$B:$P,15,FALSE()),"")) -> OK | Q17: =CONCATENATE("montaj+test iscilik: ",TEXT($I17,"# ##0")," dk = ",TEXT($I17/60,"0,00")," saat (norm x test/etiket carpani)") -> montaj+test iscilik: 252 dk = 4,20 saat (norm x test/etiket carpani) | R17: TEKLED norm | S17: 170001-ST-EL-CD-BLA-SPD-XX-R02 | U17: 0
A18: 17 | B18: Toplam BLOK A / ЩК-стандарт | H18: =SUBTOTAL(9,H3:H17) -> 170326.4 | L18: =SUBTOTAL(9,L3:L17) -> 170326.4 | U18: =SUBTOTAL(9,U3:U17) -> 219
A19: 18 | B19: =E19 -> BLOK A / ЩЭ-F(4-23).1 — НКУ 380/220В 50Гц, FORM 2B, IP31/54 | C19: korpus komplekt | E19: BLOK A / ЩЭ-F(4-23).1 — НКУ 380/220В 50Гц, FORM 2B, IP31/54 | I19: 1 | J19: комплект | P19: OK | Q19: komplekt adedi OZET C sutununda; pano ici malzemeler 1 pano icindir | R19: APEX CNC.xlsx | S19: 170001-ST-EL-CD-BLA-SPD-XX-R02
A20: 19 | C20: TMS | D20: 271538 | E20: =IFERROR(VLOOKUP($D20,FIYAT!$B:$O,2,FALSE()),"") -> Авт. выкл. NM8N-125C TM 3P 80А 36кА с рег. термомаг. расцепителем (R) | F20: =IFERROR(VLOOKUP($D20,FIYAT!$B:$O,5,FALSE()),"") -> 64129 | G20: =IFERROR(VLOOKUP($D20,FIYAT!$B:$O,8,FALSE()),"") -> 38477.4 | H20: =IF(OR($G20="",$I20=""),"",$G20*$I20) -> 38477.4 | I20: 1 | J20: =IFERROR(VLOOKUP($D20,FIYAT!$B:$O,9,FALSE()),"") -> Шт. | K20: =IFERROR(VLOOKUP($D20,FIYAT!$B:$O,4,FALSE()),"") -> CHINT | L20: =IF($H20="","",$H20) -> 38477.4 | P20: =IF($H20="","FIYAT_YOK",IFERROR(VLOOKUP($D20,FIYAT!$B:$P,15,FALSE()),"")) -> OK | Q20: 125 govde 80A 36kA — birebir | R20: CHINT 27.08.2026 | S20: 170001-ST-EL-CD-BLA-SPD-XX-R02 | T20: TMS_125 | U20: =IFERROR(VLOOKUP($T20,KURALLAR!$A$32:$B$63,2,FALSE()),0)*IF(ISNUMBER($I20),$I20,0) -> 15
A21: 20 | C21: DIF | D21: 449980 | E21: =IFERROR(VLOOKUP($D21,FIYAT!$B:$O,2,FALSE()),"") -> Диф. модуль NM8NL-125 4P RCD1 X рег. ток утечки 0,03-0,05-0,1-0,2-0,3-0,5-1-2 A (R) | F21: =IFERROR(VLOOKUP($D21,FIYAT!$B:$O,5,FALSE()),"") -> 83791 | G21: =IFERROR(VLOOKUP($D21,FIYAT!$B:$O,8,FALSE()),"") -> 50274.6 | H21: =IF(OR($G21="",$I21=""),"",$G21*$I21) -> 50274.6 | I21: 1 | J21: =IFERROR(VLOOKUP($D21,FIYAT!$B:$O,9,FALSE()),"") -> Шт. | K21: =IFERROR(VLOOKUP($D21,FIYAT!$B:$O,4,FALSE()),"") -> CHINT | L21: =IF($H21="","",$H21) -> 50274.6 | P21: =IF($H21="","FIYAT_YOK",IFERROR(VLOOKUP($D21,FIYAT!$B:$P,15,FALSE()),"")) -> CIHAZ_BELIRSIZ | Q21: CHINT NL1-63 serisi max 63A — 4P 100A 300mA UZO yok. NM8N-125 4P govde + NM8NL-125 dif modulu teklif edildi; pano giris salteri 4P govdeye cevrilmelidir KONTROL | R21: CHINT 02.02.2026 | S21: 170001-ST-EL-CD-BLA-SPD-XX-R02 | T21: DIF_MODUL | U21: =IFERROR(VLOOKUP($T21,KURALLAR!$A$32:$B$63,2,FALSE()),0)*IF(ISNUMBER($I21),$I21,0) -> 20
A22: 21 | C22: FU | D22: 521260 | E22: =IFERROR(VLOOKUP($D22,FIYAT!$B:$O,2,FALSE()),"") -> Держатель плавкой вставки RT36-00-160, габарит 00, 160А | F22: =IFERROR(VLOOKUP($D22,FIYAT!$B:$O,5,FALSE()),"") -> 2038 | G22: =IFERROR(VLOOKUP($D22,FIYAT!$B:$O,8,FALSE()),"") -> 1222.8 | H22: =IF(OR($G22="",$I22=""),"",$G22*$I22) -> 4891.2 | I22: 4 | J22: =IFERROR(VLOOKUP($D22,FIYAT!$B:$O,9,FALSE()),"") -> Шт. | K22: =IFERROR(VLOOKUP($D22,FIYAT!$B:$O,4,FALSE()),"") -> CHINT | L22: =IF($H22="","",$H22) -> 4891.2 | P22: =IF($H22="","FIYAT_YOK",IFERROR(VLOOKUP($D22,FIYAT!$B:$P,15,FALSE()),"")) -> MUADIL | Q22: CHINT'te 14x51 (63A) silindirik yuva yok; NH00 (RT36-00) bicak sigorta yuvasi alindi — montaj/boyut farki KONTROL | R22: CHINT 27.08.2026 | S22: 170001-ST-EL-CD-BLA-SPD-XX-R02 | T22: FU_TUTUCU | U22: =IFERROR(VLOOKUP($T22,KURALLAR!$A$32:$B$63,2,FALSE()),0)*IF(ISNUMBER($I22),$I22,0) -> 20
A23: 22 | C23: FU | D23: 521347 | E23: =IFERROR(VLOOKUP($D23,FIYAT!$B:$O,2,FALSE()),"") -> Плавкая вставка предохранителя RT36-00-160, габарит 00, 63А | F23: =IFERROR(VLOOKUP($D23,FIYAT!$B:$O,5,FALSE()),"") -> 1525 | G23: =IFERROR(VLOOKUP($D23,FIYAT!$B:$O,8,FALSE()),"") -> 915 | H23: =IF(OR($G23="",$I23=""),"",$G23*$I23) -> 3660 | I23: 4 | J23: =IFERROR(VLOOKUP($D23,FIYAT!$B:$O,9,FALSE()),"") -> Шт. | K23: =IFERROR(VLOOKUP($D23,FIYAT!$B:$O,4,FALSE()),"") -> CHINT | L23: =IF($H23="","",$H23) -> 3660 | P23: =IF($H23="","FIYAT_YOK",IFERROR(VLOOKUP($D23,FIYAT!$B:$P,15,FALSE()),"")) -> MUADIL | Q23: 14x51 63A yerine NH00 63A busonu | R23: CHINT 02.02.2026 | S23: 170001-ST-EL-CD-BLA-SPD-XX-R02 | T23: FU | U23: =IFERROR(VLOOKUP($T23,KURALLAR!$A$32:$B$63,2,FALSE()),0)*IF(ISNUMBER($I23),$I23,0) -> 12
A24: 23 | C24: OPN | D24: 252578 | E24: =IFERROR(VLOOKUP($D24,FIYAT!$B:$O,2,FALSE()),"") -> Ограничитель имп. перенапр. NU6-IIG 4Р In=25kA Uc=440B Im=65kA (R) | F24: =IFERROR(VLOOKUP($D24,FIYAT!$B:$O,5,FALSE()),"") -> 33208 | G24: =IFERROR(VLOOKUP($D24,FIYAT!$B:$O,8,FALSE()),"") -> 19924.8 | H24: =IF(OR($G24="",$I24=""),"",$G24*$I24) -> 19924.8 | I24: 1 | J24: =IFERROR(VLOOKUP($D24,FIYAT!$B:$O,9,FALSE()),"") -> Шт. | K24: =IFERROR(VLOOKUP($D24,FIYAT!$B:$O,4,FALSE()),"") -> CHINT | L24: =IF($H24="","",$H24) -> 19924.8 | P24: =IF($H24="","FIYAT_YOK",IFERROR(VLOOKUP($D24,FIYAT!$B:$P,15,FALSE()),"")) -> MUADIL_ONAY | Q24: CNC YCS6-B 4P 60kA 420V -> CHINT NU6-IIG 4P Uc=440V In=25kA Imax=65kA. Class I (Iimp) isteniyorsa 308602 NXU-I+II 4P KONTROL | R24: CHINT 02.02.2026 | S24: 170001-ST-EL-CD-BLA-SPD-XX-R02 | T24: OPN | U24: =IFERROR(VLOOKUP($T24,KURALLAR!$A$32:$B$63,2,FALSE()),0)*IF(ISNUMBER($I24),$I24,0) -> 10
A25: 24 | C25: OTO | D25: 814012 | E25: =IFERROR(VLOOKUP($D25,FIYAT!$B:$O,2,FALSE()),"") -> Авт. выкл. NXB-63 1P 6A 6кА х-ка C (R) | F25: =IFERROR(VLOOKUP($D25,FIYAT!$B:$O,5,FALSE()),"") -> 1436 | G25: =IFERROR(VLOOKUP($D25,FIYAT!$B:$O,8,FALSE()),"") -> 861.6 | H25: =IF(OR($G25="",$I25=""),"",$G25*$I25) -> 3446.4 | I25: 4 | J25: =IFERROR(VLOOKUP($D25,FIYAT!$B:$O,9,FALSE()),"") -> Шт. | K25: =IFERROR(VLOOKUP($D25,FIYAT!$B:$O,4,FALSE()),"") -> CHINT | L25: =IF($H25="","",$H25) -> 3446.4 | P25: =IF($H25="","FIYAT_YOK",IFERROR(VLOOKUP($D25,FIYAT!$B:$P,15,FALSE()),"")) -> OK | Q25: 1P 6A 6kA C — birebir | R25: CHINT 27.08.2026 | S25: 170001-ST-EL-CD-BLA-SPD-XX-R02 | T25: OTO_1P | U25: =IFERROR(VLOOKUP($T25,KURALLAR!$A$32:$B$63,2,FALSE()),0)*IF(ISNUMBER($I25),$I25,0) -> 12
A26: 25 | C26: LAMB | D26: 593085 | E26: =IFERROR(VLOOKUP($D26,FIYAT!$B:$O,2,FALSE()),"") -> Индикатор ND16-22DS/4 белый АС230В (R) | F26: =IFERROR(VLOOKUP($D26,FIYAT!$B:$O,5,FALSE()),"") -> 1047 | G26: =IFERROR(VLOOKUP($D26,FIYAT!$B:$O,8,FALSE()),"") -> 628.2 | H26: =IF(OR($G26="",$I26=""),"",$G26*$I26) -> 1884.6 | I26: 3 | J26: =IFERROR(VLOOKUP($D26,FIYAT!$B:$O,9,FALSE()),"") -> Шт. | K26: =IFERROR(VLOOKUP($D26,FIYAT!$B:$O,4,FALSE()),"") -> CHINT | L26: =IF($H26="","",$H26) -> 1884.6 | P26: =IF($H26="","FIYAT_YOK",IFERROR(VLOOKUP($D26,FIYAT!$B:$P,15,FALSE()),"")) -> OK | Q26: beyaz sinyal lambasi 230V | R26: CHINT 02.02.2026 | S26: 170001-ST-EL-CD-BLA-SPD-XX-R02 | T26: LAMB | U26: =IFERROR(VLOOKUP($T26,KURALLAR!$A$32:$B$63,2,FALSE()),0)*IF(ISNUMBER($I26),$I26,0) -> 12
A27: 26 | C27: OTO | D27: 814174 | E27: =IFERROR(VLOOKUP($D27,FIYAT!$B:$O,2,FALSE()),"") -> Авт. выкл. NXB-63 3P 40A 6кА х-ка C (R) | F27: =IFERROR(VLOOKUP($D27,FIYAT!$B:$O,5,FALSE()),"") -> 5647 | G27: =IFERROR(VLOOKUP($D27,FIYAT!$B:$O,8,FALSE()),"") -> 3388.2 | H27: =IF(OR($G27="",$I27=""),"",$G27*$I27) -> 23717.4 | I27: 7 | J27: =IFERROR(VLOOKUP($D27,FIYAT!$B:$O,9,FALSE()),"") -> Шт. | K27: =IFERROR(VLOOKUP($D27,FIYAT!$B:$O,4,FALSE()),"") -> CHINT | L27: =IF($H27="","",$H27) -> 23717.4 | P27: =IF($H27="","FIYAT_YOK",IFERROR(VLOOKUP($D27,FIYAT!$B:$P,15,FALSE()),"")) -> OK | Q27: 3P 40A 6kA C — birebir | R27: CHINT 27.08.2026 | S27: 170001-ST-EL-CD-BLA-SPD-XX-R02 | T27: OTO_3P | U27: =IFERROR(VLOOKUP($T27,KURALLAR!$A$32:$B$63,2,FALSE()),0)*IF(ISNUMBER($I27),$I27,0) -> 56
A28: 27 | C28: SAYAC | D28: EX-518U-100A | E28: =IFERROR(VLOOKUP($D28,FIYAT!$B:$O,2,FALSE()),"") -> Трехфазный эл.счетчик EX 518 10(100)А (прям. подкл.) с PLC модулем | F28: =IFERROR(VLOOKUP($D28,FIYAT!$B:$O,5,FALSE()),"") -> 0 | G28: =IFERROR(VLOOKUP($D28,FIYAT!$B:$O,8,FALSE()),"") | H28: =IF(OR($G28="",$I28=""),"",$G28*$I28) | I28: 5 | J28: =IFERROR(VLOOKUP($D28,FIYAT!$B:$O,9,FALSE()),"") -> Шт. | K28: =IFERROR(VLOOKUP($D28,FIYAT!$B:$O,4,FALSE()),"") -> MUADIL-NET | L28: =IF($H28="","",$H28) | P28: =IF($H28="","FIYAT_YOK",IFERROR(VLOOKUP($D28,FIYAT!$B:$P,15,FALSE()),"")) -> FIYAT_YOK | Q28: Elektron Xisoblagich sayaci — CHINT listesinde yok, fiyat alinacak | S28: 170001-ST-EL-CD-BLA-SPD-XX-R02 | T28: SAYAC | U28: =IFERROR(VLOOKUP($T28,KURALLAR!$A$32:$B$63,2,FALSE()),0)*IF(ISNUMBER($I28),$I28,0) -> 150
A29: 28 | C29: SINA | D29: BARA-AL-SAT | E29: =IFERROR(VLOOKUP($D29,FIYAT!$B:$O,2,FALSE()),"") -> Шина алюминиевая твёрдая (ШАТ) | F29: =IFERROR(VLOOKUP($D29,FIYAT!$B:$O,5,FALSE()),"") -> 4493.6 | G29: =IFERROR(VLOOKUP($D29,FIYAT!$B:$O,8,FALSE()),"") -> 4493.6 | H29: =IF(OR($G29="",$I29=""),"",$G29*$I29) -> 89872 | I29: 20 | J29: =IFERROR(VLOOKUP($D29,FIYAT!$B:$O,9,FALSE()),"") -> Кг. | K29: =IFERROR(VLOOKUP($D29,FIYAT!$B:$O,4,FALSE()),"") -> ALUM-BARA | L29: =IF($H29="","",$H29) -> 89872 | P29: =IF($H29="","FIYAT_YOK",IFERROR(VLOOKUP($D29,FIYAT!$B:$P,15,FALSE()),"")) -> VARSAYIM | Q29: alu bara — kg fiyati KURALLAR BLOK 8'den hesaplanir | S29: 170001-ST-EL-CD-BLA-SPD-XX-R02 | T29: BARA_KG | U29: =IFERROR(VLOOKUP($T29,KURALLAR!$A$32:$B$63,2,FALSE()),0)*IF(ISNUMBER($I29),$I29,0) -> 120
A30: 29 | C30: KORPUS | D30: 719-15636 | E30: =IFERROR(VLOOKUP($D30,FIYAT!$B:$O,2,FALSE()),"") -> Щит (moduler) 2000x800x800+100 | F30: =IFERROR(VLOOKUP($D30,FIYAT!$B:$O,5,FALSE()),"") -> 197400 | G30: =IFERROR(VLOOKUP($D30,FIYAT!$B:$O,8,FALSE()),"") -> 118440 | H30: =IF(OR($G30="",$I30=""),"",$G30*$I30) -> 118440 | I30: 1 | J30: =IFERROR(VLOOKUP($D30,FIYAT!$B:$O,9,FALSE()),"") -> Шт. | K30: =IFERROR(VLOOKUP($D30,FIYAT!$B:$O,4,FALSE()),"") -> KAZTEK | L30: =IF($H30="","",$H30) -> 118440 | P30: =IF($H30="","FIYAT_YOK",IFERROR(VLOOKUP($D30,FIYAT!$B:$P,15,FALSE()),"")) -> VARSAYIM | Q30: proje 900x2100x400 -> KAZTEK 2000x800x800+baza (genislik eksik); olcu KONTROL | R30: KAZTEK 15.07.2026 | S30: 170001-ST-EL-CD-BLA-SPD-XX-R02 | T30: KORPUS_DIKILI | U30: =IFERROR(VLOOKUP($T30,KURALLAR!$A$32:$B$63,2,FALSE()),0)*IF(ISNUMBER($I30),$I30,0) -> 90
A31: 30 | C31: MONTAJNYY MATERIAL | D31: MONTAJ-MALZEME | E31: =IFERROR(VLOOKUP($D31,FIYAT!$B:$O,2,FALSE()),"") -> Монтажный расходный материал (кабель, DIN-рейка, кабель-канал, клеммы, маркировка, крепёж) | F31: =IFERROR(VLOOKUP($D31,FIYAT!$B:$O,5,FALSE()),"") -> 0 | G31: =IFERROR(VLOOKUP($D31,FIYAT!$B:$O,8,FALSE()),"") | H31: =ROUND(SUM($H$20:$H$30)*KURALLAR!$B$28,0) -> 24821 | I31: 1 | J31: =IFERROR(VLOOKUP($D31,FIYAT!$B:$O,9,FALSE()),"") -> компл. | K31: =IFERROR(VLOOKUP($D31,FIYAT!$B:$O,4,FALSE()),"") -> MUADIL-NET | L31: =IF($H31="","",$H31) -> 24821 | P31: =IF($H31="","FIYAT_YOK",IFERROR(VLOOKUP($D31,FIYAT!$B:$P,15,FALSE()),"")) -> ORAN | Q31: pano ici sarf malzemesi = pano malzeme bedelinin %si (KURALLAR BLOK 3 sari hucre) | R31: KURALLAR oran | S31: 170001-ST-EL-CD-BLA-SPD-XX-R02 | U31: 0
A32: 31 | C32: MONTAJNAYA RABOTA | D32: ISCILIK-MONTAJ | E32: =IFERROR(VLOOKUP($D32,FIYAT!$B:$O,2,FALSE()),"") -> Сборка, кабелирование, маркировка, момент затяжки, испытания | F32: =IFERROR(VLOOKUP($D32,FIYAT!$B:$O,5,FALSE()),"") -> 100 | G32: =IFERROR(VLOOKUP($D32,FIYAT!$B:$O,8,FALSE()),"") -> 100 | H32: =IF(OR($G32="",$I32=""),"",$G32*$I32) -> 59500 | I32: =ROUND(SUM($U$20:$U$31)*KURALLAR!$B$27,0) -> 595 | J32: =IFERROR(VLOOKUP($D32,FIYAT!$B:$O,9,FALSE()),"") -> мин | K32: =IFERROR(VLOOKUP($D32,FIYAT!$B:$O,4,FALSE()),"") -> ISCILIK | L32: =IF($H32="","",$H32) -> 59500 | P32: =IF($H32="","FIYAT_YOK",IFERROR(VLOOKUP($D32,FIYAT!$B:$P,15,FALSE()),"")) -> OK | Q32: =CONCATENATE("montaj+test iscilik: ",TEXT($I32,"# ##0")," dk = ",TEXT($I32/60,"0,00")," saat (norm x test/etiket carpani)") -> montaj+test iscilik: 595 dk = 9,92 saat (norm x test/etiket carpani) | R32: TEKLED norm | S32: 170001-ST-EL-CD-BLA-SPD-XX-R02 | U32: 0
A33: 32 | B33: Toplam BLOK A / ЩЭ-F(4-23).1 | H33: =SUBTOTAL(9,H20:H32) -> 438909.4 | L33: =SUBTOTAL(9,L20:L32) -> 438909.4 | U33: =SUBTOTAL(9,U20:U32) -> 517
A34: 33 | B34: =E34 -> BLOK A / ЩЭ-F(4-23).2 — НКУ 380/220В 50Гц, FORM 2B, IP31/54 | C34: korpus komplekt | E34: BLOK A / ЩЭ-F(4-23).2 — НКУ 380/220В 50Гц, FORM 2B, IP31/54 | I34: 1 | J34: комплект | P34: OK | Q34: komplekt adedi OZET C sutununda; pano ici malzemeler 1 pano icindir | R34: APEX CNC.xlsx | S34: 170001-ST-EL-CD-BLA-SPD-XX-R02
A35: 34 | C35: TMS | D35: 271538 | E35: =IFERROR(VLOOKUP($D35,FIYAT!$B:$O,2,FALSE()),"") -> Авт. выкл. NM8N-125C TM 3P 80А 36кА с рег. термомаг. расцепителем (R) | F35: =IFERROR(VLOOKUP($D35,FIYAT!$B:$O,5,FALSE()),"") -> 64129 | G35: =IFERROR(VLOOKUP($D35,FIYAT!$B:$O,8,FALSE()),"") -> 38477.4 | H35: =IF(OR($G35="",$I35=""),"",$G35*$I35) -> 38477.4 | I35: 1 | J35: =IFERROR(VLOOKUP($D35,FIYAT!$B:$O,9,FALSE()),"") -> Шт. | K35: =IFERROR(VLOOKUP($D35,FIYAT!$B:$O,4,FALSE()),"") -> CHINT | L35: =IF($H35="","",$H35) -> 38477.4 | P35: =IF($H35="","FIYAT_YOK",IFERROR(VLOOKUP($D35,FIYAT!$B:$P,15,FALSE()),"")) -> OK | Q35: 125 govde 80A 36kA — birebir | R35: CHINT 27.08.2026 | S35: 170001-ST-EL-CD-BLA-SPD-XX-R02 | T35: TMS_125 | U35: =IFERROR(VLOOKUP($T35,KURALLAR!$A$32:$B$63,2,FALSE()),0)*IF(ISNUMBER($I35),$I35,0) -> 15
A36: 35 | C36: DIF | D36: 449980 | E36: =IFERROR(VLOOKUP($D36,FIYAT!$B:$O,2,FALSE()),"") -> Диф. модуль NM8NL-125 4P RCD1 X рег. ток утечки 0,03-0,05-0,1-0,2-0,3-0,5-1-2 A (R) | F36: =IFERROR(VLOOKUP($D36,FIYAT!$B:$O,5,FALSE()),"") -> 83791 | G36: =IFERROR(VLOOKUP($D36,FIYAT!$B:$O,8,FALSE()),"") -> 50274.6 | H36: =IF(OR($G36="",$I36=""),"",$G36*$I36) -> 50274.6 | I36: 1 | J36: =IFERROR(VLOOKUP($D36,FIYAT!$B:$O,9,FALSE()),"") -> Шт. | K36: =IFERROR(VLOOKUP($D36,FIYAT!$B:$O,4,FALSE()),"") -> CHINT | L36: =IF($H36="","",$H36) -> 50274.6 | P36: =IF($H36="","FIYAT_YOK",IFERROR(VLOOKUP($D36,FIYAT!$B:$P,15,FALSE()),"")) -> CIHAZ_BELIRSIZ | Q36: CHINT NL1-63 serisi max 63A — 4P 100A 300mA UZO yok. NM8N-125 4P govde + NM8NL-125 dif modulu teklif edildi; pano giris salteri 4P govdeye cevrilmelidir KONTROL | R36: CHINT 02.02.2026 | S36: 170001-ST-EL-CD-BLA-SPD-XX-R02 | T36: DIF_MODUL | U36: =IFERROR(VLOOKUP($T36,KURALLAR!$A$32:$B$63,2,FALSE()),0)*IF(ISNUMBER($I36),$I36,0) -> 20
A37: 36 | C37: FU | D37: 521260 | E37: =IFERROR(VLOOKUP($D37,FIYAT!$B:$O,2,FALSE()),"") -> Держатель плавкой вставки RT36-00-160, габарит 00, 160А | F37: =IFERROR(VLOOKUP($D37,FIYAT!$B:$O,5,FALSE()),"") -> 2038 | G37: =IFERROR(VLOOKUP($D37,FIYAT!$B:$O,8,FALSE()),"") -> 1222.8 | H37: =IF(OR($G37="",$I37=""),"",$G37*$I37) -> 4891.2 | I37: 4 | J37: =IFERROR(VLOOKUP($D37,FIYAT!$B:$O,9,FALSE()),"") -> Шт. | K37: =IFERROR(VLOOKUP($D37,FIYAT!$B:$O,4,FALSE()),"") -> CHINT | L37: =IF($H37="","",$H37) -> 4891.2 | P37: =IF($H37="","FIYAT_YOK",IFERROR(VLOOKUP($D37,FIYAT!$B:$P,15,FALSE()),"")) -> MUADIL | Q37: CHINT'te 14x51 (63A) silindirik yuva yok; NH00 (RT36-00) bicak sigorta yuvasi alindi — montaj/boyut farki KONTROL | R37: CHINT 27.08.2026 | S37: 170001-ST-EL-CD-BLA-SPD-XX-R02 | T37: FU_TUTUCU | U37: =IFERROR(VLOOKUP($T37,KURALLAR!$A$32:$B$63,2,FALSE()),0)*IF(ISNUMBER($I37),$I37,0) -> 20
A38: 37 | C38: FU | D38: 521347 | E38: =IFERROR(VLOOKUP($D38,FIYAT!$B:$O,2,FALSE()),"") -> Плавкая вставка предохранителя RT36-00-160, габарит 00, 63А | F38: =IFERROR(VLOOKUP($D38,FIYAT!$B:$O,5,FALSE()),"") -> 1525 | G38: =IFERROR(VLOOKUP($D38,FIYAT!$B:$O,8,FALSE()),"") -> 915 | H38: =IF(OR($G38="",$I38=""),"",$G38*$I38) -> 3660 | I38: 4 | J38: =IFERROR(VLOOKUP($D38,FIYAT!$B:$O,9,FALSE()),"") -> Шт. | K38: =IFERROR(VLOOKUP($D38,FIYAT!$B:$O,4,FALSE()),"") -> CHINT | L38: =IF($H38="","",$H38) -> 3660 | P38: =IF($H38="","FIYAT_YOK",IFERROR(VLOOKUP($D38,FIYAT!$B:$P,15,FALSE()),"")) -> MUADIL | Q38: 14x51 63A yerine NH00 63A busonu | R38: CHINT 02.02.2026 | S38: 170001-ST-EL-CD-BLA-SPD-XX-R02 | T38: FU | U38: =IFERROR(VLOOKUP($T38,KURALLAR!$A$32:$B$63,2,FALSE()),0)*IF(ISNUMBER($I38),$I38,0) -> 12
A39: 38 | C39: OPN | D39: 252578 | E39: =IFERROR(VLOOKUP($D39,FIYAT!$B:$O,2,FALSE()),"") -> Ограничитель имп. перенапр. NU6-IIG 4Р In=25kA Uc=440B Im=65kA (R) | F39: =IFERROR(VLOOKUP($D39,FIYAT!$B:$O,5,FALSE()),"") -> 33208 | G39: =IFERROR(VLOOKUP($D39,FIYAT!$B:$O,8,FALSE()),"") -> 19924.8 | H39: =IF(OR($G39="",$I39=""),"",$G39*$I39) -> 19924.8 | I39: 1 | J39: =IFERROR(VLOOKUP($D39,FIYAT!$B:$O,9,FALSE()),"") -> Шт. | K39: =IFERROR(VLOOKUP($D39,FIYAT!$B:$O,4,FALSE()),"") -> CHINT | L39: =IF($H39="","",$H39) -> 19924.8 | P39: =IF($H39="","FIYAT_YOK",IFERROR(VLOOKUP($D39,FIYAT!$B:$P,15,FALSE()),"")) -> MUADIL_ONAY | Q39: CNC YCS6-B 4P 60kA 420V -> CHINT NU6-IIG 4P Uc=440V In=25kA Imax=65kA. Class I (Iimp) isteniyorsa 308602 NXU-I+II 4P KONTROL | R39: CHINT 02.02.2026 | S39: 170001-ST-EL-CD-BLA-SPD-XX-R02 | T39: OPN | U39: =IFERROR(VLOOKUP($T39,KURALLAR!$A$32:$B$63,2,FALSE()),0)*IF(ISNUMBER($I39),$I39,0) -> 10
A40: 39 | C40: OTO | D40: 814012 | E40: =IFERROR(VLOOKUP($D40,FIYAT!$B:$O,2,FALSE()),"") -> Авт. выкл. NXB-63 1P 6A 6кА х-ка C (R) | F40: =IFERROR(VLOOKUP($D40,FIYAT!$B:$O,5,FALSE()),"") -> 1436 | G40: =IFERROR(VLOOKUP($D40,FIYAT!$B:$O,8,FALSE()),"") -> 861.6 | H40: =IF(OR($G40="",$I40=""),"",$G40*$I40) -> 3446.4 | I40: 4 | J40: =IFERROR(VLOOKUP($D40,FIYAT!$B:$O,9,FALSE()),"") -> Шт. | K40: =IFERROR(VLOOKUP($D40,FIYAT!$B:$O,4,FALSE()),"") -> CHINT | L40: =IF($H40="","",$H40) -> 3446.4 | P40: =IF($H40="","FIYAT_YOK",IFERROR(VLOOKUP($D40,FIYAT!$B:$P,15,FALSE()),"")) -> OK | Q40: 1P 6A 6kA C — birebir | R40: CHINT 27.08.2026 | S40: 170001-ST-EL-CD-BLA-SPD-XX-R02 | T40: OTO_1P | U40: =IFERROR(VLOOKUP($T40,KURALLAR!$A$32:$B$63,2,FALSE()),0)*IF(ISNUMBER($I40),$I40,0) -> 12
A41: 40 | C41: LAMB | D41: 593085 | E41: =IFERROR(VLOOKUP($D41,FIYAT!$B:$O,2,FALSE()),"") -> Индикатор ND16-22DS/4 белый АС230В (R) | F41: =IFERROR(VLOOKUP($D41,FIYAT!$B:$O,5,FALSE()),"") -> 1047 | G41: =IFERROR(VLOOKUP($D41,FIYAT!$B:$O,8,FALSE()),"") -> 628.2 | H41: =IF(OR($G41="",$I41=""),"",$G41*$I41) -> 1884.6 | I41: 3 | J41: =IFERROR(VLOOKUP($D41,FIYAT!$B:$O,9,FALSE()),"") -> Шт. | K41: =IFERROR(VLOOKUP($D41,FIYAT!$B:$O,4,FALSE()),"") -> CHINT | L41: =IF($H41="","",$H41) -> 1884.6 | P41: =IF($H41="","FIYAT_YOK",IFERROR(VLOOKUP($D41,FIYAT!$B:$P,15,FALSE()),"")) -> OK | Q41: beyaz sinyal lambasi 230V | R41: CHINT 02.02.2026 | S41: 170001-ST-EL-CD-BLA-SPD-XX-R02 | T41: LAMB | U41: =IFERROR(VLOOKUP($T41,KURALLAR!$A$32:$B$63,2,FALSE()),0)*IF(ISNUMBER($I41),$I41,0) -> 12
A42: 41 | C42: OTO | D42: 814174 | E42: =IFERROR(VLOOKUP($D42,FIYAT!$B:$O,2,FALSE()),"") -> Авт. выкл. NXB-63 3P 40A 6кА х-ка C (R) | F42: =IFERROR(VLOOKUP($D42,FIYAT!$B:$O,5,FALSE()),"") -> 5647 | G42: =IFERROR(VLOOKUP($D42,FIYAT!$B:$O,8,FALSE()),"") -> 3388.2 | H42: =IF(OR($G42="",$I42=""),"",$G42*$I42) -> 23717.4 | I42: 7 | J42: =IFERROR(VLOOKUP($D42,FIYAT!$B:$O,9,FALSE()),"") -> Шт. | K42: =IFERROR(VLOOKUP($D42,FIYAT!$B:$O,4,FALSE()),"") -> CHINT | L42: =IF($H42="","",$H42) -> 23717.4 | P42: =IF($H42="","FIYAT_YOK",IFERROR(VLOOKUP($D42,FIYAT!$B:$P,15,FALSE()),"")) -> OK | Q42: 3P 40A 6kA C — birebir | R42: CHINT 27.08.2026 | S42: 170001-ST-EL-CD-BLA-SPD-XX-R02 | T42: OTO_3P | U42: =IFERROR(VLOOKUP($T42,KURALLAR!$A$32:$B$63,2,FALSE()),0)*IF(ISNUMBER($I42),$I42,0) -> 56
A43: 42 | C43: SAYAC | D43: EX-518U-100A | E43: =IFERROR(VLOOKUP($D43,FIYAT!$B:$O,2,FALSE()),"") -> Трехфазный эл.счетчик EX 518 10(100)А (прям. подкл.) с PLC модулем | F43: =IFERROR(VLOOKUP($D43,FIYAT!$B:$O,5,FALSE()),"") -> 0 | G43: =IFERROR(VLOOKUP($D43,FIYAT!$B:$O,8,FALSE()),"") | H43: =IF(OR($G43="",$I43=""),"",$G43*$I43) | I43: 5 | J43: =IFERROR(VLOOKUP($D43,FIYAT!$B:$O,9,FALSE()),"") -> Шт. | K43: =IFERROR(VLOOKUP($D43,FIYAT!$B:$O,4,FALSE()),"") -> MUADIL-NET | L43: =IF($H43="","",$H43) | P43: =IF($H43="","FIYAT_YOK",IFERROR(VLOOKUP($D43,FIYAT!$B:$P,15,FALSE()),"")) -> FIYAT_YOK | Q43: Elektron Xisoblagich sayaci — CHINT listesinde yok, fiyat alinacak | S43: 170001-ST-EL-CD-BLA-SPD-XX-R02 | T43: SAYAC | U43: =IFERROR(VLOOKUP($T43,KURALLAR!$A$32:$B$63,2,FALSE()),0)*IF(ISNUMBER($I43),$I43,0) -> 150
A44: 43 | C44: SINA | D44: BARA-AL-SAT | E44: =IFERROR(VLOOKUP($D44,FIYAT!$B:$O,2,FALSE()),"") -> Шина алюминиевая твёрдая (ШАТ) | F44: =IFERROR(VLOOKUP($D44,FIYAT!$B:$O,5,FALSE()),"") -> 4493.6 | G44: =IFERROR(VLOOKUP($D44,FIYAT!$B:$O,8,FALSE()),"") -> 4493.6 | H44: =IF(OR($G44="",$I44=""),"",$G44*$I44) -> 89872 | I44: 20 | J44: =IFERROR(VLOOKUP($D44,FIYAT!$B:$O,9,FALSE()),"") -> Кг. | K44: =IFERROR(VLOOKUP($D44,FIYAT!$B:$O,4,FALSE()),"") -> ALUM-BARA | L44: =IF($H44="","",$H44) -> 89872 | P44: =IF($H44="","FIYAT_YOK",IFERROR(VLOOKUP($D44,FIYAT!$B:$P,15,FALSE()),"")) -> VARSAYIM | Q44: alu bara — kg fiyati KURALLAR BLOK 8'den hesaplanir | S44: 170001-ST-EL-CD-BLA-SPD-XX-R02 | T44: BARA_KG | U44: =IFERROR(VLOOKUP($T44,KURALLAR!$A$32:$B$63,2,FALSE()),0)*IF(ISNUMBER($I44),$I44,0) -> 120
A45: 44 | C45: KORPUS | D45: 719-15636 | E45: =IFERROR(VLOOKUP($D45,FIYAT!$B:$O,2,FALSE()),"") -> Щит (moduler) 2000x800x800+100 | F45: =IFERROR(VLOOKUP($D45,FIYAT!$B:$O,5,FALSE()),"") -> 197400 | G45: =IFERROR(VLOOKUP($D45,FIYAT!$B:$O,8,FALSE()),"") -> 118440 | H45: =IF(OR($G45="",$I45=""),"",$G45*$I45) -> 118440 | I45: 1 | J45: =IFERROR(VLOOKUP($D45,FIYAT!$B:$O,9,FALSE()),"") -> Шт. | K45: =IFERROR(VLOOKUP($D45,FIYAT!$B:$O,4,FALSE()),"") -> KAZTEK | L45: =IF($H45="","",$H45) -> 118440 | P45: =IF($H45="","FIYAT_YOK",IFERROR(VLOOKUP($D45,FIYAT!$B:$P,15,FALSE()),"")) -> VARSAYIM | Q45: proje 900x2100x400 -> KAZTEK 2000x800x800+baza (genislik eksik); olcu KONTROL | R45: KAZTEK 15.07.2026 | S45: 170001-ST-EL-CD-BLA-SPD-XX-R02 | T45: KORPUS_DIKILI | U45: =IFERROR(VLOOKUP($T45,KURALLAR!$A$32:$B$63,2,FALSE()),0)*IF(ISNUMBER($I45),$I45,0) -> 90
A46: 45 | C46: MONTAJNYY MATERIAL | D46: MONTAJ-MALZEME | E46: =IFERROR(VLOOKUP($D46,FIYAT!$B:$O,2,FALSE()),"") -> Монтажный расходный материал (кабель, DIN-рейка, кабель-канал, клеммы, маркировка, крепёж) | F46: =IFERROR(VLOOKUP($D46,FIYAT!$B:$O,5,FALSE()),"") -> 0 | G46: =IFERROR(VLOOKUP($D46,FIYAT!$B:$O,8,FALSE()),"") | H46: =ROUND(SUM($H$35:$H$45)*KURALLAR!$B$28,0) -> 24821 | I46: 1 | J46: =IFERROR(VLOOKUP($D46,FIYAT!$B:$O,9,FALSE()),"") -> компл. | K46: =IFERROR(VLOOKUP($D46,FIYAT!$B:$O,4,FALSE()),"") -> MUADIL-NET | L46: =IF($H46="","",$H46) -> 24821 | P46: =IF($H46="","FIYAT_YOK",IFERROR(VLOOKUP($D46,FIYAT!$B:$P,15,FALSE()),"")) -> ORAN | Q46: pano ici sarf malzemesi = pano malzeme bedelinin %si (KURALLAR BLOK 3 sari hucre) | R46: KURALLAR oran | S46: 170001-ST-EL-CD-BLA-SPD-XX-R02 | U46: 0
A47: 46 | C47: MONTAJNAYA RABOTA | D47: ISCILIK-MONTAJ | E47: =IFERROR(VLOOKUP($D47,FIYAT!$B:$O,2,FALSE()),"") -> Сборка, кабелирование, маркировка, момент затяжки, испытания | F47: =IFERROR(VLOOKUP($D47,FIYAT!$B:$O,5,FALSE()),"") -> 100 | G47: =IFERROR(VLOOKUP($D47,FIYAT!$B:$O,8,FALSE()),"") -> 100 | H47: =IF(OR($G47="",$I47=""),"",$G47*$I47) -> 59500 | I47: =ROUND(SUM($U$35:$U$46)*KURALLAR!$B$27,0) -> 595 | J47: =IFERROR(VLOOKUP($D47,FIYAT!$B:$O,9,FALSE()),"") -> мин | K47: =IFERROR(VLOOKUP($D47,FIYAT!$B:$O,4,FALSE()),"") -> ISCILIK | L47: =IF($H47="","",$H47) -> 59500 | P47: =IF($H47="","FIYAT_YOK",IFERROR(VLOOKUP($D47,FIYAT!$B:$P,15,FALSE()),"")) -> OK | Q47: =CONCATENATE("montaj+test iscilik: ",TEXT($I47,"# ##0")," dk = ",TEXT($I47/60,"0,00")," saat (norm x test/etiket carpani)") -> montaj+test iscilik: 595 dk = 9,92 saat (norm x test/etiket carpani) | R47: TEKLED norm | S47: 170001-ST-EL-CD-BLA-SPD-XX-R02 | U47: 0
A48: 47 | B48: Toplam BLOK A / ЩЭ-F(4-23).2 | H48: =SUBTOTAL(9,H35:H47) -> 438909.4 | L48: =SUBTOTAL(9,L35:L47) -> 438909.4 | U48: =SUBTOTAL(9,U35:U47) -> 517
A49: 48 | B49: =E49 -> BLOK A / ЩЭ-F24.1 — НКУ 380/220В 50Гц, FORM 2B, IP31/54 | C49: korpus komplekt | E49: BLOK A / ЩЭ-F24.1 — НКУ 380/220В 50Гц, FORM 2B, IP31/54 | I49: 1 | J49: комплект | P49: OK | Q49: komplekt adedi OZET C sutununda; pano ici malzemeler 1 pano icindir | R49: APEX CNC.xlsx | S49: 170001-ST-EL-CD-BLA-SPD-XX-R02
A50: 49 | C50: TMS | D50: 271536 | E50: =IFERROR(VLOOKUP($D50,FIYAT!$B:$O,2,FALSE()),"") -> Авт. выкл. NM8N-125C TM 3P 50А 36кА с рег. термомаг. расцепителем (R) | F50: =IFERROR(VLOOKUP($D50,FIYAT!$B:$O,5,FALSE()),"") -> 68025 | G50: =IFERROR(VLOOKUP($D50,FIYAT!$B:$O,8,FALSE()),"") -> 40815 | H50: =IF(OR($G50="",$I50=""),"",$G50*$I50) -> 40815 | I50: 1 | J50: =IFERROR(VLOOKUP($D50,FIYAT!$B:$O,9,FALSE()),"") -> Шт. | K50: =IFERROR(VLOOKUP($D50,FIYAT!$B:$O,4,FALSE()),"") -> CHINT | L50: =IF($H50="","",$H50) -> 40815 | P50: =IF($H50="","FIYAT_YOK",IFERROR(VLOOKUP($D50,FIYAT!$B:$P,15,FALSE()),"")) -> MUADIL | Q50: CHINT'te 63A govde yok; NM8N-125C 36kA govdesi alindi | R50: CHINT 27.08.2026 | S50: 170001-ST-EL-CD-BLA-SPD-XX-R02 | T50: TMS_125 | U50: =IFERROR(VLOOKUP($T50,KURALLAR!$A$32:$B$63,2,FALSE()),0)*IF(ISNUMBER($I50),$I50,0) -> 15
A51: 50 | C51: DIF | D51: 200231 | E51: =IFERROR(VLOOKUP($D51,FIYAT!$B:$O,2,FALSE()),"") -> УЗО NL1-63 6kA 4P 63A 300mA тип AC (R) | F51: =IFERROR(VLOOKUP($D51,FIYAT!$B:$O,5,FALSE()),"") -> 18106 | G51: =IFERROR(VLOOKUP($D51,FIYAT!$B:$O,8,FALSE()),"") -> 10863.6 | H51: =IF(OR($G51="",$I51=""),"",$G51*$I51) -> 10863.6 | I51: 1 | J51: =IFERROR(VLOOKUP($D51,FIYAT!$B:$O,9,FALSE()),"") -> Шт. | K51: =IFERROR(VLOOKUP($D51,FIYAT!$B:$O,4,FALSE()),"") -> CHINT | L51: =IF($H51="","",$H51) -> 10863.6 | P51: =IF($H51="","FIYAT_YOK",IFERROR(VLOOKUP($D51,FIYAT!$B:$P,15,FALSE()),"")) -> OK | Q51: 4P 63A 300mA AC — birebir | R51: CHINT 27.08.2026 | S51: 170001-ST-EL-CD-BLA-SPD-XX-R02 | T51: DIF_4P | U51: =IFERROR(VLOOKUP($T51,KURALLAR!$A$32:$B$63,2,FALSE()),0)*IF(ISNUMBER($I51),$I51,0) -> 10
A52: 51 | C52: FU | D52: 521260 | E52: =IFERROR(VLOOKUP($D52,FIYAT!$B:$O,2,FALSE()),"") -> Держатель плавкой вставки RT36-00-160, габарит 00, 160А | F52: =IFERROR(VLOOKUP($D52,FIYAT!$B:$O,5,FALSE()),"") -> 2038 | G52: =IFERROR(VLOOKUP($D52,FIYAT!$B:$O,8,FALSE()),"") -> 1222.8 | H52: =IF(OR($G52="",$I52=""),"",$G52*$I52) -> 4891.2 | I52: 4 | J52: =IFERROR(VLOOKUP($D52,FIYAT!$B:$O,9,FALSE()),"") -> Шт. | K52: =IFERROR(VLOOKUP($D52,FIYAT!$B:$O,4,FALSE()),"") -> CHINT | L52: =IF($H52="","",$H52) -> 4891.2 | P52: =IF($H52="","FIYAT_YOK",IFERROR(VLOOKUP($D52,FIYAT!$B:$P,15,FALSE()),"")) -> MUADIL | Q52: CHINT'te 14x51 (63A) silindirik yuva yok; NH00 (RT36-00) bicak sigorta yuvasi alindi — montaj/boyut farki KONTROL | R52: CHINT 27.08.2026 | S52: 170001-ST-EL-CD-BLA-SPD-XX-R02 | T52: FU_TUTUCU | U52: =IFERROR(VLOOKUP($T52,KURALLAR!$A$32:$B$63,2,FALSE()),0)*IF(ISNUMBER($I52),$I52,0) -> 20
A53: 52 | C53: FU | D53: 521347 | E53: =IFERROR(VLOOKUP($D53,FIYAT!$B:$O,2,FALSE()),"") -> Плавкая вставка предохранителя RT36-00-160, габарит 00, 63А | F53: =IFERROR(VLOOKUP($D53,FIYAT!$B:$O,5,FALSE()),"") -> 1525 | G53: =IFERROR(VLOOKUP($D53,FIYAT!$B:$O,8,FALSE()),"") -> 915 | H53: =IF(OR($G53="",$I53=""),"",$G53*$I53) -> 3660 | I53: 4 | J53: =IFERROR(VLOOKUP($D53,FIYAT!$B:$O,9,FALSE()),"") -> Шт. | K53: =IFERROR(VLOOKUP($D53,FIYAT!$B:$O,4,FALSE()),"") -> CHINT | L53: =IF($H53="","",$H53) -> 3660 | P53: =IF($H53="","FIYAT_YOK",IFERROR(VLOOKUP($D53,FIYAT!$B:$P,15,FALSE()),"")) -> MUADIL | Q53: 14x51 63A yerine NH00 63A busonu | R53: CHINT 02.02.2026 | S53: 170001-ST-EL-CD-BLA-SPD-XX-R02 | T53: FU | U53: =IFERROR(VLOOKUP($T53,KURALLAR!$A$32:$B$63,2,FALSE()),0)*IF(ISNUMBER($I53),$I53,0) -> 12
A54: 53 | C54: OPN | D54: 252578 | E54: =IFERROR(VLOOKUP($D54,FIYAT!$B:$O,2,FALSE()),"") -> Ограничитель имп. перенапр. NU6-IIG 4Р In=25kA Uc=440B Im=65kA (R) | F54: =IFERROR(VLOOKUP($D54,FIYAT!$B:$O,5,FALSE()),"") -> 33208 | G54: =IFERROR(VLOOKUP($D54,FIYAT!$B:$O,8,FALSE()),"") -> 19924.8 | H54: =IF(OR($G54="",$I54=""),"",$G54*$I54) -> 19924.8 | I54: 1 | J54: =IFERROR(VLOOKUP($D54,FIYAT!$B:$O,9,FALSE()),"") -> Шт. | K54: =IFERROR(VLOOKUP($D54,FIYAT!$B:$O,4,FALSE()),"") -> CHINT | L54: =IF($H54="","",$H54) -> 19924.8 | P54: =IF($H54="","FIYAT_YOK",IFERROR(VLOOKUP($D54,FIYAT!$B:$P,15,FALSE()),"")) -> MUADIL_ONAY | Q54: CNC YCS6-B 4P 60kA 420V -> CHINT NU6-IIG 4P Uc=440V In=25kA Imax=65kA. Class I (Iimp) isteniyorsa 308602 NXU-I+II 4P KONTROL | R54: CHINT 02.02.2026 | S54: 170001-ST-EL-CD-BLA-SPD-XX-R02 | T54: OPN | U54: =IFERROR(VLOOKUP($T54,KURALLAR!$A$32:$B$63,2,FALSE()),0)*IF(ISNUMBER($I54),$I54,0) -> 10
A55: 54 | C55: OTO | D55: 814012 | E55: =IFERROR(VLOOKUP($D55,FIYAT!$B:$O,2,FALSE()),"") -> Авт. выкл. NXB-63 1P 6A 6кА х-ка C (R) | F55: =IFERROR(VLOOKUP($D55,FIYAT!$B:$O,5,FALSE()),"") -> 1436 | G55: =IFERROR(VLOOKUP($D55,FIYAT!$B:$O,8,FALSE()),"") -> 861.6 | H55: =IF(OR($G55="",$I55=""),"",$G55*$I55) -> 3446.4 | I55: 4 | J55: =IFERROR(VLOOKUP($D55,FIYAT!$B:$O,9,FALSE()),"") -> Шт. | K55: =IFERROR(VLOOKUP($D55,FIYAT!$B:$O,4,FALSE()),"") -> CHINT | L55: =IF($H55="","",$H55) -> 3446.4 | P55: =IF($H55="","FIYAT_YOK",IFERROR(VLOOKUP($D55,FIYAT!$B:$P,15,FALSE()),"")) -> OK | Q55: 1P 6A 6kA C — birebir | R55: CHINT 27.08.2026 | S55: 170001-ST-EL-CD-BLA-SPD-XX-R02 | T55: OTO_1P | U55: =IFERROR(VLOOKUP($T55,KURALLAR!$A$32:$B$63,2,FALSE()),0)*IF(ISNUMBER($I55),$I55,0) -> 12
A56: 55 | C56: LAMB | D56: 593085 | E56: =IFERROR(VLOOKUP($D56,FIYAT!$B:$O,2,FALSE()),"") -> Индикатор ND16-22DS/4 белый АС230В (R) | F56: =IFERROR(VLOOKUP($D56,FIYAT!$B:$O,5,FALSE()),"") -> 1047 | G56: =IFERROR(VLOOKUP($D56,FIYAT!$B:$O,8,FALSE()),"") -> 628.2 | H56: =IF(OR($G56="",$I56=""),"",$G56*$I56) -> 1884.6 | I56: 3 | J56: =IFERROR(VLOOKUP($D56,FIYAT!$B:$O,9,FALSE()),"") -> Шт. | K56: =IFERROR(VLOOKUP($D56,FIYAT!$B:$O,4,FALSE()),"") -> CHINT | L56: =IF($H56="","",$H56) -> 1884.6 | P56: =IF($H56="","FIYAT_YOK",IFERROR(VLOOKUP($D56,FIYAT!$B:$P,15,FALSE()),"")) -> OK | Q56: beyaz sinyal lambasi 230V | R56: CHINT 02.02.2026 | S56: 170001-ST-EL-CD-BLA-SPD-XX-R02 | T56: LAMB | U56: =IFERROR(VLOOKUP($T56,KURALLAR!$A$32:$B$63,2,FALSE()),0)*IF(ISNUMBER($I56),$I56,0) -> 12
A57: 56 | C57: OTO | D57: 814174 | E57: =IFERROR(VLOOKUP($D57,FIYAT!$B:$O,2,FALSE()),"") -> Авт. выкл. NXB-63 3P 40A 6кА х-ка C (R) | F57: =IFERROR(VLOOKUP($D57,FIYAT!$B:$O,5,FALSE()),"") -> 5647 | G57: =IFERROR(VLOOKUP($D57,FIYAT!$B:$O,8,FALSE()),"") -> 3388.2 | H57: =IF(OR($G57="",$I57=""),"",$G57*$I57) -> 13552.8 | I57: 4 | J57: =IFERROR(VLOOKUP($D57,FIYAT!$B:$O,9,FALSE()),"") -> Шт. | K57: =IFERROR(VLOOKUP($D57,FIYAT!$B:$O,4,FALSE()),"") -> CHINT | L57: =IF($H57="","",$H57) -> 13552.8 | P57: =IF($H57="","FIYAT_YOK",IFERROR(VLOOKUP($D57,FIYAT!$B:$P,15,FALSE()),"")) -> OK | Q57: 3P 40A 6kA C — birebir | R57: CHINT 27.08.2026 | S57: 170001-ST-EL-CD-BLA-SPD-XX-R02 | T57: OTO_3P | U57: =IFERROR(VLOOKUP($T57,KURALLAR!$A$32:$B$63,2,FALSE()),0)*IF(ISNUMBER($I57),$I57,0) -> 32
A58: 57 | C58: SAYAC | D58: EX-518U-100A | E58: =IFERROR(VLOOKUP($D58,FIYAT!$B:$O,2,FALSE()),"") -> Трехфазный эл.счетчик EX 518 10(100)А (прям. подкл.) с PLC модулем | F58: =IFERROR(VLOOKUP($D58,FIYAT!$B:$O,5,FALSE()),"") -> 0 | G58: =IFERROR(VLOOKUP($D58,FIYAT!$B:$O,8,FALSE()),"") | H58: =IF(OR($G58="",$I58=""),"",$G58*$I58) | I58: 2 | J58: =IFERROR(VLOOKUP($D58,FIYAT!$B:$O,9,FALSE()),"") -> Шт. | K58: =IFERROR(VLOOKUP($D58,FIYAT!$B:$O,4,FALSE()),"") -> MUADIL-NET | L58: =IF($H58="","",$H58) | P58: =IF($H58="","FIYAT_YOK",IFERROR(VLOOKUP($D58,FIYAT!$B:$P,15,FALSE()),"")) -> FIYAT_YOK | Q58: Elektron Xisoblagich sayaci — CHINT listesinde yok, fiyat alinacak | S58: 170001-ST-EL-CD-BLA-SPD-XX-R02 | T58: SAYAC | U58: =IFERROR(VLOOKUP($T58,KURALLAR!$A$32:$B$63,2,FALSE()),0)*IF(ISNUMBER($I58),$I58,0) -> 60
A59: 58 | C59: SINA | D59: BARA-AL-SAT | E59: =IFERROR(VLOOKUP($D59,FIYAT!$B:$O,2,FALSE()),"") -> Шина алюминиевая твёрдая (ШАТ) | F59: =IFERROR(VLOOKUP($D59,FIYAT!$B:$O,5,FALSE()),"") -> 4493.6 | G59: =IFERROR(VLOOKUP($D59,FIYAT!$B:$O,8,FALSE()),"") -> 4493.6 | H59: =IF(OR($G59="",$I59=""),"",$G59*$I59) -> 53923.2 | I59: 12 | J59: =IFERROR(VLOOKUP($D59,FIYAT!$B:$O,9,FALSE()),"") -> Кг. | K59: =IFERROR(VLOOKUP($D59,FIYAT!$B:$O,4,FALSE()),"") -> ALUM-BARA | L59: =IF($H59="","",$H59) -> 53923.2 | P59: =IF($H59="","FIYAT_YOK",IFERROR(VLOOKUP($D59,FIYAT!$B:$P,15,FALSE()),"")) -> VARSAYIM | Q59: alu bara — kg fiyati KURALLAR BLOK 8'den hesaplanir | S59: 170001-ST-EL-CD-BLA-SPD-XX-R02 | T59: BARA_KG | U59: =IFERROR(VLOOKUP($T59,KURALLAR!$A$32:$B$63,2,FALSE()),0)*IF(ISNUMBER($I59),$I59,0) -> 72
A60: 59 | C60: KORPUS | D60: 719-15626 | E60: =IFERROR(VLOOKUP($D60,FIYAT!$B:$O,2,FALSE()),"") -> Мет. Щит (2000x700x500) +10CM BAZA IP54 | F60: =IFERROR(VLOOKUP($D60,FIYAT!$B:$O,5,FALSE()),"") -> 117250 | G60: =IFERROR(VLOOKUP($D60,FIYAT!$B:$O,8,FALSE()),"") -> 70350 | H60: =IF(OR($G60="",$I60=""),"",$G60*$I60) -> 70350 | I60: 1 | J60: =IFERROR(VLOOKUP($D60,FIYAT!$B:$O,9,FALSE()),"") -> Шт. | K60: =IFERROR(VLOOKUP($D60,FIYAT!$B:$O,4,FALSE()),"") -> KAZTEK | L60: =IF($H60="","",$H60) -> 70350 | P60: =IF($H60="","FIYAT_YOK",IFERROR(VLOOKUP($D60,FIYAT!$B:$P,15,FALSE()),"")) -> VARSAYIM | Q60: proje 700x2100x400 -> KAZTEK 2000x700x500+baza; FORM sinifi KONTROL | R60: KAZTEK 15.07.2026 | S60: 170001-ST-EL-CD-BLA-SPD-XX-R02 | T60: KORPUS_DIKILI | U60: =IFERROR(VLOOKUP($T60,KURALLAR!$A$32:$B$63,2,FALSE()),0)*IF(ISNUMBER($I60),$I60,0) -> 90
A61: 60 | C61: MONTAJNYY MATERIAL | D61: MONTAJ-MALZEME | E61: =IFERROR(VLOOKUP($D61,FIYAT!$B:$O,2,FALSE()),"") -> Монтажный расходный материал (кабель, DIN-рейка, кабель-канал, клеммы, маркировка, крепёж) | F61: =IFERROR(VLOOKUP($D61,FIYAT!$B:$O,5,FALSE()),"") -> 0 | G61: =IFERROR(VLOOKUP($D61,FIYAT!$B:$O,8,FALSE()),"") | H61: =ROUND(SUM($H$50:$H$60)*KURALLAR!$B$28,0) -> 15632 | I61: 1 | J61: =IFERROR(VLOOKUP($D61,FIYAT!$B:$O,9,FALSE()),"") -> компл. | K61: =IFERROR(VLOOKUP($D61,FIYAT!$B:$O,4,FALSE()),"") -> MUADIL-NET | L61: =IF($H61="","",$H61) -> 15632 | P61: =IF($H61="","FIYAT_YOK",IFERROR(VLOOKUP($D61,FIYAT!$B:$P,15,FALSE()),"")) -> ORAN | Q61: pano ici sarf malzemesi = pano malzeme bedelinin %si (KURALLAR BLOK 3 sari hucre) | R61: KURALLAR oran | S61: 170001-ST-EL-CD-BLA-SPD-XX-R02 | U61: 0
A62: 61 | C62: MONTAJNAYA RABOTA | D62: ISCILIK-MONTAJ | E62: =IFERROR(VLOOKUP($D62,FIYAT!$B:$O,2,FALSE()),"") -> Сборка, кабелирование, маркировка, момент затяжки, испытания | F62: =IFERROR(VLOOKUP($D62,FIYAT!$B:$O,5,FALSE()),"") -> 100 | G62: =IFERROR(VLOOKUP($D62,FIYAT!$B:$O,8,FALSE()),"") -> 100 | H62: =IF(OR($G62="",$I62=""),"",$G62*$I62) -> 39700 | I62: =ROUND(SUM($U$50:$U$61)*KURALLAR!$B$27,0) -> 397 | J62: =IFERROR(VLOOKUP($D62,FIYAT!$B:$O,9,FALSE()),"") -> мин | K62: =IFERROR(VLOOKUP($D62,FIYAT!$B:$O,4,FALSE()),"") -> ISCILIK | L62: =IF($H62="","",$H62) -> 39700 | P62: =IF($H62="","FIYAT_YOK",IFERROR(VLOOKUP($D62,FIYAT!$B:$P,15,FALSE()),"")) -> OK | Q62: =CONCATENATE("montaj+test iscilik: ",TEXT($I62,"# ##0")," dk = ",TEXT($I62/60,"0,00")," saat (norm x test/etiket carpani)") -> montaj+test iscilik: 397 dk = 6,62 saat (norm x test/etiket carpani) | R62: TEKLED norm | S62: 170001-ST-EL-CD-BLA-SPD-XX-R02 | U62: 0
A63: 62 | B63: Toplam BLOK A / ЩЭ-F24.1 | H63: =SUBTOTAL(9,H50:H62) -> 278643.6 | L63: =SUBTOTAL(9,L50:L62) -> 278643.6 | U63: =SUBTOTAL(9,U50:U62) -> 345
A64: 63 | B64: =E64 -> BLOK A / ЩЭ-F24.2 — НКУ 380/220В 50Гц, FORM 2B, IP31/54 | C64: korpus komplekt | E64: BLOK A / ЩЭ-F24.2 — НКУ 380/220В 50Гц, FORM 2B, IP31/54 | I64: 1 | J64: комплект | P64: OK | Q64: komplekt adedi OZET C sutununda; pano ici malzemeler 1 pano icindir | R64: APEX CNC.xlsx | S64: 170001-ST-EL-CD-BLA-SPD-XX-R02
A65: 64 | C65: TMS | D65: 271536 | E65: =IFERROR(VLOOKUP($D65,FIYAT!$B:$O,2,FALSE()),"") -> Авт. выкл. NM8N-125C TM 3P 50А 36кА с рег. термомаг. расцепителем (R) | F65: =IFERROR(VLOOKUP($D65,FIYAT!$B:$O,5,FALSE()),"") -> 68025 | G65: =IFERROR(VLOOKUP($D65,FIYAT!$B:$O,8,FALSE()),"") -> 40815 | H65: =IF(OR($G65="",$I65=""),"",$G65*$I65) -> 40815 | I65: 1 | J65: =IFERROR(VLOOKUP($D65,FIYAT!$B:$O,9,FALSE()),"") -> Шт. | K65: =IFERROR(VLOOKUP($D65,FIYAT!$B:$O,4,FALSE()),"") -> CHINT | L65: =IF($H65="","",$H65) -> 40815 | P65: =IF($H65="","FIYAT_YOK",IFERROR(VLOOKUP($D65,FIYAT!$B:$P,15,FALSE()),"")) -> MUADIL | Q65: CHINT'te 63A govde yok; NM8N-125C 36kA govdesi alindi | R65: CHINT 27.08.2026 | S65: 170001-ST-EL-CD-BLA-SPD-XX-R02 | T65: TMS_125 | U65: =IFERROR(VLOOKUP($T65,KURALLAR!$A$32:$B$63,2,FALSE()),0)*IF(ISNUMBER($I65),$I65,0) -> 15
A66: 65 | C66: DIF | D66: 200231 | E66: =IFERROR(VLOOKUP($D66,FIYAT!$B:$O,2,FALSE()),"") -> УЗО NL1-63 6kA 4P 63A 300mA тип AC (R) | F66: =IFERROR(VLOOKUP($D66,FIYAT!$B:$O,5,FALSE()),"") -> 18106 | G66: =IFERROR(VLOOKUP($D66,FIYAT!$B:$O,8,FALSE()),"") -> 10863.6 | H66: =IF(OR($G66="",$I66=""),"",$G66*$I66) -> 10863.6 | I66: 1 | J66: =IFERROR(VLOOKUP($D66,FIYAT!$B:$O,9,FALSE()),"") -> Шт. | K66: =IFERROR(VLOOKUP($D66,FIYAT!$B:$O,4,FALSE()),"") -> CHINT | L66: =IF($H66="","",$H66) -> 10863.6 | P66: =IF($H66="","FIYAT_YOK",IFERROR(VLOOKUP($D66,FIYAT!$B:$P,15,FALSE()),"")) -> OK | Q66: 4P 63A 300mA AC — birebir | R66: CHINT 27.08.2026 | S66: 170001-ST-EL-CD-BLA-SPD-XX-R02 | T66: DIF_4P | U66: =IFERROR(VLOOKUP($T66,KURALLAR!$A$32:$B$63,2,FALSE()),0)*IF(ISNUMBER($I66),$I66,0) -> 10
A67: 66 | C67: FU | D67: 521260 | E67: =IFERROR(VLOOKUP($D67,FIYAT!$B:$O,2,FALSE()),"") -> Держатель плавкой вставки RT36-00-160, габарит 00, 160А | F67: =IFERROR(VLOOKUP($D67,FIYAT!$B:$O,5,FALSE()),"") -> 2038 | G67: =IFERROR(VLOOKUP($D67,FIYAT!$B:$O,8,FALSE()),"") -> 1222.8 | H67: =IF(OR($G67="",$I67=""),"",$G67*$I67) -> 4891.2 | I67: 4 | J67: =IFERROR(VLOOKUP($D67,FIYAT!$B:$O,9,FALSE()),"") -> Шт. | K67: =IFERROR(VLOOKUP($D67,FIYAT!$B:$O,4,FALSE()),"") -> CHINT | L67: =IF($H67="","",$H67) -> 4891.2 | P67: =IF($H67="","FIYAT_YOK",IFERROR(VLOOKUP($D67,FIYAT!$B:$P,15,FALSE()),"")) -> MUADIL | Q67: CHINT'te 14x51 (63A) silindirik yuva yok; NH00 (RT36-00) bicak sigorta yuvasi alindi — montaj/boyut farki KONTROL | R67: CHINT 27.08.2026 | S67: 170001-ST-EL-CD-BLA-SPD-XX-R02 | T67: FU_TUTUCU | U67: =IFERROR(VLOOKUP($T67,KURALLAR!$A$32:$B$63,2,FALSE()),0)*IF(ISNUMBER($I67),$I67,0) -> 20
A68: 67 | C68: FU | D68: 521347 | E68: =IFERROR(VLOOKUP($D68,FIYAT!$B:$O,2,FALSE()),"") -> Плавкая вставка предохранителя RT36-00-160, габарит 00, 63А | F68: =IFERROR(VLOOKUP($D68,FIYAT!$B:$O,5,FALSE()),"") -> 1525 | G68: =IFERROR(VLOOKUP($D68,FIYAT!$B:$O,8,FALSE()),"") -> 915 | H68: =IF(OR($G68="",$I68=""),"",$G68*$I68) -> 3660 | I68: 4 | J68: =IFERROR(VLOOKUP($D68,FIYAT!$B:$O,9,FALSE()),"") -> Шт. | K68: =IFERROR(VLOOKUP($D68,FIYAT!$B:$O,4,FALSE()),"") -> CHINT | L68: =IF($H68="","",$H68) -> 3660 | P68: =IF($H68="","FIYAT_YOK",IFERROR(VLOOKUP($D68,FIYAT!$B:$P,15,FALSE()),"")) -> MUADIL | Q68: 14x51 63A yerine NH00 63A busonu | R68: CHINT 02.02.2026 | S68: 170001-ST-EL-CD-BLA-SPD-XX-R02 | T68: FU | U68: =IFERROR(VLOOKUP($T68,KURALLAR!$A$32:$B$63,2,FALSE()),0)*IF(ISNUMBER($I68),$I68,0) -> 12
A69: 68 | C69: OPN | D69: 252578 | E69: =IFERROR(VLOOKUP($D69,FIYAT!$B:$O,2,FALSE()),"") -> Ограничитель имп. перенапр. NU6-IIG 4Р In=25kA Uc=440B Im=65kA (R) | F69: =IFERROR(VLOOKUP($D69,FIYAT!$B:$O,5,FALSE()),"") -> 33208 | G69: =IFERROR(VLOOKUP($D69,FIYAT!$B:$O,8,FALSE()),"") -> 19924.8 | H69: =IF(OR($G69="",$I69=""),"",$G69*$I69) -> 19924.8 | I69: 1 | J69: =IFERROR(VLOOKUP($D69,FIYAT!$B:$O,9,FALSE()),"") -> Шт. | K69: =IFERROR(VLOOKUP($D69,FIYAT!$B:$O,4,FALSE()),"") -> CHINT | L69: =IF($H69="","",$H69) -> 19924.8 | P69: =IF($H69="","FIYAT_YOK",IFERROR(VLOOKUP($D69,FIYAT!$B:$P,15,FALSE()),"")) -> MUADIL_ONAY | Q69: CNC YCS6-B 4P 60kA 420V -> CHINT NU6-IIG 4P Uc=440V In=25kA Imax=65kA. Class I (Iimp) isteniyorsa 308602 NXU-I+II 4P KONTROL | R69: CHINT 02.02.2026 | S69: 170001-ST-EL-CD-BLA-SPD-XX-R02 | T69: OPN | U69: =IFERROR(VLOOKUP($T69,KURALLAR!$A$32:$B$63,2,FALSE()),0)*IF(ISNUMBER($I69),$I69,0) -> 10
A70: 69 | C70: OTO | D70: 814012 | E70: =IFERROR(VLOOKUP($D70,FIYAT!$B:$O,2,FALSE()),"") -> Авт. выкл. NXB-63 1P 6A 6кА х-ка C (R) | F70: =IFERROR(VLOOKUP($D70,FIYAT!$B:$O,5,FALSE()),"") -> 1436 | G70: =IFERROR(VLOOKUP($D70,FIYAT!$B:$O,8,FALSE()),"") -> 861.6 | H70: =IF(OR($G70="",$I70=""),"",$G70*$I70) -> 3446.4 | I70: 4 | J70: =IFERROR(VLOOKUP($D70,FIYAT!$B:$O,9,FALSE()),"") -> Шт. | K70: =IFERROR(VLOOKUP($D70,FIYAT!$B:$O,4,FALSE()),"") -> CHINT | L70: =IF($H70="","",$H70) -> 3446.4 | P70: =IF($H70="","FIYAT_YOK",IFERROR(VLOOKUP($D70,FIYAT!$B:$P,15,FALSE()),"")) -> OK | Q70: 1P 6A 6kA C — birebir | R70: CHINT 27.08.2026 | S70: 170001-ST-EL-CD-BLA-SPD-XX-R02 | T70: OTO_1P | U70: =IFERROR(VLOOKUP($T70,KURALLAR!$A$32:$B$63,2,FALSE()),0)*IF(ISNUMBER($I70),$I70,0) -> 12
A71: 70 | C71: LAMB | D71: 593085 | E71: =IFERROR(VLOOKUP($D71,FIYAT!$B:$O,2,FALSE()),"") -> Индикатор ND16-22DS/4 белый АС230В (R) | F71: =IFERROR(VLOOKUP($D71,FIYAT!$B:$O,5,FALSE()),"") -> 1047 | G71: =IFERROR(VLOOKUP($D71,FIYAT!$B:$O,8,FALSE()),"") -> 628.2 | H71: =IF(OR($G71="",$I71=""),"",$G71*$I71) -> 1884.6 | I71: 3 | J71: =IFERROR(VLOOKUP($D71,FIYAT!$B:$O,9,FALSE()),"") -> Шт. | K71: =IFERROR(VLOOKUP($D71,FIYAT!$B:$O,4,FALSE()),"") -> CHINT | L71: =IF($H71="","",$H71) -> 1884.6 | P71: =IF($H71="","FIYAT_YOK",IFERROR(VLOOKUP($D71,FIYAT!$B:$P,15,FALSE()),"")) -> OK | Q71: beyaz sinyal lambasi 230V | R71: CHINT 02.02.2026 | S71: 170001-ST-EL-CD-BLA-SPD-XX-R02 | T71: LAMB | U71: =IFERROR(VLOOKUP($T71,KURALLAR!$A$32:$B$63,2,FALSE()),0)*IF(ISNUMBER($I71),$I71,0) -> 12
A72: 71 | C72: OTO | D72: 814174 | E72: =IFERROR(VLOOKUP($D72,FIYAT!$B:$O,2,FALSE()),"") -> Авт. выкл. NXB-63 3P 40A 6кА х-ка C (R) | F72: =IFERROR(VLOOKUP($D72,FIYAT!$B:$O,5,FALSE()),"") -> 5647 | G72: =IFERROR(VLOOKUP($D72,FIYAT!$B:$O,8,FALSE()),"") -> 3388.2 | H72: =IF(OR($G72="",$I72=""),"",$G72*$I72) -> 13552.8 | I72: 4 | J72: =IFERROR(VLOOKUP($D72,FIYAT!$B:$O,9,FALSE()),"") -> Шт. | K72: =IFERROR(VLOOKUP($D72,FIYAT!$B:$O,4,FALSE()),"") -> CHINT | L72: =IF($H72="","",$H72) -> 13552.8 | P72: =IF($H72="","FIYAT_YOK",IFERROR(VLOOKUP($D72,FIYAT!$B:$P,15,FALSE()),"")) -> OK | Q72: 3P 40A 6kA C — birebir | R72: CHINT 27.08.2026 | S72: 170001-ST-EL-CD-BLA-SPD-XX-R02 | T72: OTO_3P | U72: =IFERROR(VLOOKUP($T72,KURALLAR!$A$32:$B$63,2,FALSE()),0)*IF(ISNUMBER($I72),$I72,0) -> 32
A73: 72 | C73: SAYAC | D73: EX-518U-100A | E73: =IFERROR(VLOOKUP($D73,FIYAT!$B:$O,2,FALSE()),"") -> Трехфазный эл.счетчик EX 518 10(100)А (прям. подкл.) с PLC модулем | F73: =IFERROR(VLOOKUP($D73,FIYAT!$B:$O,5,FALSE()),"") -> 0 | G73: =IFERROR(VLOOKUP($D73,FIYAT!$B:$O,8,FALSE()),"") | H73: =IF(OR($G73="",$I73=""),"",$G73*$I73) | I73: 2 | J73: =IFERROR(VLOOKUP($D73,FIYAT!$B:$O,9,FALSE()),"") -> Шт. | K73: =IFERROR(VLOOKUP($D73,FIYAT!$B:$O,4,FALSE()),"") -> MUADIL-NET | L73: =IF($H73="","",$H73) | P73: =IF($H73="","FIYAT_YOK",IFERROR(VLOOKUP($D73,FIYAT!$B:$P,15,FALSE()),"")) -> FIYAT_YOK | Q73: Elektron Xisoblagich sayaci — CHINT listesinde yok, fiyat alinacak | S73: 170001-ST-EL-CD-BLA-SPD-XX-R02 | T73: SAYAC | U73: =IFERROR(VLOOKUP($T73,KURALLAR!$A$32:$B$63,2,FALSE()),0)*IF(ISNUMBER($I73),$I73,0) -> 60
A74: 73 | C74: SINA | D74: BARA-AL-SAT | E74: =IFERROR(VLOOKUP($D74,FIYAT!$B:$O,2,FALSE()),"") -> Шина алюминиевая твёрдая (ШАТ) | F74: =IFERROR(VLOOKUP($D74,FIYAT!$B:$O,5,FALSE()),"") -> 4493.6 | G74: =IFERROR(VLOOKUP($D74,FIYAT!$B:$O,8,FALSE()),"") -> 4493.6 | H74: =IF(OR($G74="",$I74=""),"",$G74*$I74) -> 53923.2 | I74: 12 | J74: =IFERROR(VLOOKUP($D74,FIYAT!$B:$O,9,FALSE()),"") -> Кг. | K74: =IFERROR(VLOOKUP($D74,FIYAT!$B:$O,4,FALSE()),"") -> ALUM-BARA | L74: =IF($H74="","",$H74) -> 53923.2 | P74: =IF($H74="","FIYAT_YOK",IFERROR(VLOOKUP($D74,FIYAT!$B:$P,15,FALSE()),"")) -> VARSAYIM | Q74: alu bara — kg fiyati KURALLAR BLOK 8'den hesaplanir | S74: 170001-ST-EL-CD-BLA-SPD-XX-R02 | T74: BARA_KG | U74: =IFERROR(VLOOKUP($T74,KURALLAR!$A$32:$B$63,2,FALSE()),0)*IF(ISNUMBER($I74),$I74,0) -> 72
A75: 74 | C75: KORPUS | D75: 719-15626 | E75: =IFERROR(VLOOKUP($D75,FIYAT!$B:$O,2,FALSE()),"") -> Мет. Щит (2000x700x500) +10CM BAZA IP54 | F75: =IFERROR(VLOOKUP($D75,FIYAT!$B:$O,5,FALSE()),"") -> 117250 | G75: =IFERROR(VLOOKUP($D75,FIYAT!$B:$O,8,FALSE()),"") -> 70350 | H75: =IF(OR($G75="",$I75=""),"",$G75*$I75) -> 70350 | I75: 1 | J75: =IFERROR(VLOOKUP($D75,FIYAT!$B:$O,9,FALSE()),"") -> Шт. | K75: =IFERROR(VLOOKUP($D75,FIYAT!$B:$O,4,FALSE()),"") -> KAZTEK | L75: =IF($H75="","",$H75) -> 70350 | P75: =IF($H75="","FIYAT_YOK",IFERROR(VLOOKUP($D75,FIYAT!$B:$P,15,FALSE()),"")) -> VARSAYIM | Q75: proje 700x2100x400 -> KAZTEK 2000x700x500+baza; FORM sinifi KONTROL | R75: KAZTEK 15.07.2026 | S75: 170001-ST-EL-CD-BLA-SPD-XX-R02 | T75: KORPUS_DIKILI | U75: =IFERROR(VLOOKUP($T75,KURALLAR!$A$32:$B$63,2,FALSE()),0)*IF(ISNUMBER($I75),$I75,0) -> 90
A76: 75 | C76: MONTAJNYY MATERIAL | D76: MONTAJ-MALZEME | E76: =IFERROR(VLOOKUP($D76,FIYAT!$B:$O,2,FALSE()),"") -> Монтажный расходный материал (кабель, DIN-рейка, кабель-канал, клеммы, маркировка, крепёж) | F76: =IFERROR(VLOOKUP($D76,FIYAT!$B:$O,5,FALSE()),"") -> 0 | G76: =IFERROR(VLOOKUP($D76,FIYAT!$B:$O,8,FALSE()),"") | H76: =ROUND(SUM($H$65:$H$75)*KURALLAR!$B$28,0) -> 15632 | I76: 1 | J76: =IFERROR(VLOOKUP($D76,FIYAT!$B:$O,9,FALSE()),"") -> компл. | K76: =IFERROR(VLOOKUP($D76,FIYAT!$B:$O,4,FALSE()),"") -> MUADIL-NET | L76: =IF($H76="","",$H76) -> 15632 | P76: =IF($H76="","FIYAT_YOK",IFERROR(VLOOKUP($D76,FIYAT!$B:$P,15,FALSE()),"")) -> ORAN | Q76: pano ici sarf malzemesi = pano malzeme bedelinin %si (KURALLAR BLOK 3 sari hucre) | R76: KURALLAR oran | S76: 170001-ST-EL-CD-BLA-SPD-XX-R02 | U76: 0
A77: 76 | C77: MONTAJNAYA RABOTA | D77: ISCILIK-MONTAJ | E77: =IFERROR(VLOOKUP($D77,FIYAT!$B:$O,2,FALSE()),"") -> Сборка, кабелирование, маркировка, момент затяжки, испытания | F77: =IFERROR(VLOOKUP($D77,FIYAT!$B:$O,5,FALSE()),"") -> 100 | G77: =IFERROR(VLOOKUP($D77,FIYAT!$B:$O,8,FALSE()),"") -> 100 | H77: =IF(OR($G77="",$I77=""),"",$G77*$I77) -> 39700 | I77: =ROUND(SUM($U$65:$U$76)*KURALLAR!$B$27,0) -> 397 | J77: =IFERROR(VLOOKUP($D77,FIYAT!$B:$O,9,FALSE()),"") -> мин | K77: =IFERROR(VLOOKUP($D77,FIYAT!$B:$O,4,FALSE()),"") -> ISCILIK | L77: =IF($H77="","",$H77) -> 39700 | P77: =IF($H77="","FIYAT_YOK",IFERROR(VLOOKUP($D77,FIYAT!$B:$P,15,FALSE()),"")) -> OK | Q77: =CONCATENATE("montaj+test iscilik: ",TEXT($I77,"# ##0")," dk = ",TEXT($I77/60,"0,00")," saat (norm x test/etiket carpani)") -> montaj+test iscilik: 397 dk = 6,62 saat (norm x test/etiket carpani) | R77: TEKLED norm | S77: 170001-ST-EL-CD-BLA-SPD-XX-R02 | U77: 0
A78: 77 | B78: Toplam BLOK A / ЩЭ-F24.2 | H78: =SUBTOTAL(9,H65:H77) -> 278643.6 | L78: =SUBTOTAL(9,L65:L77) -> 278643.6 | U78: =SUBTOTAL(9,U65:U77) -> 345
A79: 78 | B79: =E79 -> BLOK A / 24F-ЩК(1-4) — НКУ 380/220В 50Гц, FORM 2B, IP31/54 | C79: korpus komplekt | E79: BLOK A / 24F-ЩК(1-4) — НКУ 380/220В 50Гц, FORM 2B, IP31/54 | I79: 1 | J79: комплект | P79: OK | Q79: komplekt adedi OZET C sutununda; pano ici malzemeler 1 pano icindir | R79: APEX CNC.xlsx | S79: 170001-ST-EL-CD-BLA-SPD-XX-R02
A80: 79 | C80: TMS | D80: 271538 | E80: =IFERROR(VLOOKUP($D80,FIYAT!$B:$O,2,FALSE()),"") -> Авт. выкл. NM8N-125C TM 3P 80А 36кА с рег. термомаг. расцепителем (R) | F80: =IFERROR(VLOOKUP($D80,FIYAT!$B:$O,5,FALSE()),"") -> 64129 | G80: =IFERROR(VLOOKUP($D80,FIYAT!$B:$O,8,FALSE()),"") -> 38477.4 | H80: =IF(OR($G80="",$I80=""),"",$G80*$I80) -> 38477.4 | I80: 1 | J80: =IFERROR(VLOOKUP($D80,FIYAT!$B:$O,9,FALSE()),"") -> Шт. | K80: =IFERROR(VLOOKUP($D80,FIYAT!$B:$O,4,FALSE()),"") -> CHINT | L80: =IF($H80="","",$H80) -> 38477.4 | P80: =IF($H80="","FIYAT_YOK",IFERROR(VLOOKUP($D80,FIYAT!$B:$P,15,FALSE()),"")) -> OK | Q80: 125 govde 80A 36kA — birebir | R80: CHINT 27.08.2026 | S80: 170001-ST-EL-CD-BLA-SPD-XX-R02 | T80: TMS_125 | U80: =IFERROR(VLOOKUP($T80,KURALLAR!$A$32:$B$63,2,FALSE()),0)*IF(ISNUMBER($I80),$I80,0) -> 15
A81: 80 | C81: DIF | D81: 449980 | E81: =IFERROR(VLOOKUP($D81,FIYAT!$B:$O,2,FALSE()),"") -> Диф. модуль NM8NL-125 4P RCD1 X рег. ток утечки 0,03-0,05-0,1-0,2-0,3-0,5-1-2 A (R) | F81: =IFERROR(VLOOKUP($D81,FIYAT!$B:$O,5,FALSE()),"") -> 83791 | G81: =IFERROR(VLOOKUP($D81,FIYAT!$B:$O,8,FALSE()),"") -> 50274.6 | H81: =IF(OR($G81="",$I81=""),"",$G81*$I81) -> 50274.6 | I81: 1 | J81: =IFERROR(VLOOKUP($D81,FIYAT!$B:$O,9,FALSE()),"") -> Шт. | K81: =IFERROR(VLOOKUP($D81,FIYAT!$B:$O,4,FALSE()),"") -> CHINT | L81: =IF($H81="","",$H81) -> 50274.6 | P81: =IF($H81="","FIYAT_YOK",IFERROR(VLOOKUP($D81,FIYAT!$B:$P,15,FALSE()),"")) -> CIHAZ_BELIRSIZ | Q81: CHINT NL1-63 serisi max 63A — 4P 100A 300mA UZO yok. NM8N-125 4P govde + NM8NL-125 dif modulu teklif edildi; pano giris salteri 4P govdeye cevrilmelidir KONTROL | R81: CHINT 02.02.2026 | S81: 170001-ST-EL-CD-BLA-SPD-XX-R02 | T81: DIF_MODUL | U81: =IFERROR(VLOOKUP($T81,KURALLAR!$A$32:$B$63,2,FALSE()),0)*IF(ISNUMBER($I81),$I81,0) -> 20
A82: 81 | C82: FU | D82: 521260 | E82: =IFERROR(VLOOKUP($D82,FIYAT!$B:$O,2,FALSE()),"") -> Держатель плавкой вставки RT36-00-160, габарит 00, 160А | F82: =IFERROR(VLOOKUP($D82,FIYAT!$B:$O,5,FALSE()),"") -> 2038 | G82: =IFERROR(VLOOKUP($D82,FIYAT!$B:$O,8,FALSE()),"") -> 1222.8 | H82: =IF(OR($G82="",$I82=""),"",$G82*$I82) -> 4891.2 | I82: 4 | J82: =IFERROR(VLOOKUP($D82,FIYAT!$B:$O,9,FALSE()),"") -> Шт. | K82: =IFERROR(VLOOKUP($D82,FIYAT!$B:$O,4,FALSE()),"") -> CHINT | L82: =IF($H82="","",$H82) -> 4891.2 | P82: =IF($H82="","FIYAT_YOK",IFERROR(VLOOKUP($D82,FIYAT!$B:$P,15,FALSE()),"")) -> MUADIL | Q82: CHINT'te 14x51 (63A) silindirik yuva yok; NH00 (RT36-00) bicak sigorta yuvasi alindi — montaj/boyut farki KONTROL | R82: CHINT 27.08.2026 | S82: 170001-ST-EL-CD-BLA-SPD-XX-R02 | T82: FU_TUTUCU | U82: =IFERROR(VLOOKUP($T82,KURALLAR!$A$32:$B$63,2,FALSE()),0)*IF(ISNUMBER($I82),$I82,0) -> 20
A83: 82 | C83: FU | D83: 521347 | E83: =IFERROR(VLOOKUP($D83,FIYAT!$B:$O,2,FALSE()),"") -> Плавкая вставка предохранителя RT36-00-160, габарит 00, 63А | F83: =IFERROR(VLOOKUP($D83,FIYAT!$B:$O,5,FALSE()),"") -> 1525 | G83: =IFERROR(VLOOKUP($D83,FIYAT!$B:$O,8,FALSE()),"") -> 915 | H83: =IF(OR($G83="",$I83=""),"",$G83*$I83) -> 3660 | I83: 4 | J83: =IFERROR(VLOOKUP($D83,FIYAT!$B:$O,9,FALSE()),"") -> Шт. | K83: =IFERROR(VLOOKUP($D83,FIYAT!$B:$O,4,FALSE()),"") -> CHINT | L83: =IF($H83="","",$H83) -> 3660 | P83: =IF($H83="","FIYAT_YOK",IFERROR(VLOOKUP($D83,FIYAT!$B:$P,15,FALSE()),"")) -> MUADIL | Q83: 14x51 63A yerine NH00 63A busonu | R83: CHINT 02.02.2026 | S83: 170001-ST-EL-CD-BLA-SPD-XX-R02 | T83: FU | U83: =IFERROR(VLOOKUP($T83,KURALLAR!$A$32:$B$63,2,FALSE()),0)*IF(ISNUMBER($I83),$I83,0) -> 12
A84: 83 | C84: OPN | D84: 252578 | E84: =IFERROR(VLOOKUP($D84,FIYAT!$B:$O,2,FALSE()),"") -> Ограничитель имп. перенапр. NU6-IIG 4Р In=25kA Uc=440B Im=65kA (R) | F84: =IFERROR(VLOOKUP($D84,FIYAT!$B:$O,5,FALSE()),"") -> 33208 | G84: =IFERROR(VLOOKUP($D84,FIYAT!$B:$O,8,FALSE()),"") -> 19924.8 | H84: =IF(OR($G84="",$I84=""),"",$G84*$I84) -> 19924.8 | I84: 1 | J84: =IFERROR(VLOOKUP($D84,FIYAT!$B:$O,9,FALSE()),"") -> Шт. | K84: =IFERROR(VLOOKUP($D84,FIYAT!$B:$O,4,FALSE()),"") -> CHINT | L84: =IF($H84="","",$H84) -> 19924.8 | P84: =IF($H84="","FIYAT_YOK",IFERROR(VLOOKUP($D84,FIYAT!$B:$P,15,FALSE()),"")) -> MUADIL_ONAY | Q84: CNC YCS6-B 4P 60kA 420V -> CHINT NU6-IIG 4P Uc=440V In=25kA Imax=65kA. Class I (Iimp) isteniyorsa 308602 NXU-I+II 4P KONTROL | R84: CHINT 02.02.2026 | S84: 170001-ST-EL-CD-BLA-SPD-XX-R02 | T84: OPN | U84: =IFERROR(VLOOKUP($T84,KURALLAR!$A$32:$B$63,2,FALSE()),0)*IF(ISNUMBER($I84),$I84,0) -> 10
A85: 84 | C85: OTO | D85: 814012 | E85: =IFERROR(VLOOKUP($D85,FIYAT!$B:$O,2,FALSE()),"") -> Авт. выкл. NXB-63 1P 6A 6кА х-ка C (R) | F85: =IFERROR(VLOOKUP($D85,FIYAT!$B:$O,5,FALSE()),"") -> 1436 | G85: =IFERROR(VLOOKUP($D85,FIYAT!$B:$O,8,FALSE()),"") -> 861.6 | H85: =IF(OR($G85="",$I85=""),"",$G85*$I85) -> 3446.4 | I85: 4 | J85: =IFERROR(VLOOKUP($D85,FIYAT!$B:$O,9,FALSE()),"") -> Шт. | K85: =IFERROR(VLOOKUP($D85,FIYAT!$B:$O,4,FALSE()),"") -> CHINT | L85: =IF($H85="","",$H85) -> 3446.4 | P85: =IF($H85="","FIYAT_YOK",IFERROR(VLOOKUP($D85,FIYAT!$B:$P,15,FALSE()),"")) -> OK | Q85: 1P 6A 6kA C — birebir | R85: CHINT 27.08.2026 | S85: 170001-ST-EL-CD-BLA-SPD-XX-R02 | T85: OTO_1P | U85: =IFERROR(VLOOKUP($T85,KURALLAR!$A$32:$B$63,2,FALSE()),0)*IF(ISNUMBER($I85),$I85,0) -> 12
A86: 85 | C86: LAMB | D86: 593085 | E86: =IFERROR(VLOOKUP($D86,FIYAT!$B:$O,2,FALSE()),"") -> Индикатор ND16-22DS/4 белый АС230В (R) | F86: =IFERROR(VLOOKUP($D86,FIYAT!$B:$O,5,FALSE()),"") -> 1047 | G86: =IFERROR(VLOOKUP($D86,FIYAT!$B:$O,8,FALSE()),"") -> 628.2 | H86: =IF(OR($G86="",$I86=""),"",$G86*$I86) -> 1884.6 | I86: 3 | J86: =IFERROR(VLOOKUP($D86,FIYAT!$B:$O,9,FALSE()),"") -> Шт. | K86: =IFERROR(VLOOKUP($D86,FIYAT!$B:$O,4,FALSE()),"") -> CHINT | L86: =IF($H86="","",$H86) -> 1884.6 | P86: =IF($H86="","FIYAT_YOK",IFERROR(VLOOKUP($D86,FIYAT!$B:$P,15,FALSE()),"")) -> OK | Q86: beyaz sinyal lambasi 230V | R86: CHINT 02.02.2026 | S86: 170001-ST-EL-CD-BLA-SPD-XX-R02 | T86: LAMB | U86: =IFERROR(VLOOKUP($T86,KURALLAR!$A$32:$B$63,2,FALSE()),0)*IF(ISNUMBER($I86),$I86,0) -> 12
A87: 86 | C87: OTO | D87: 814172 | E87: =IFERROR(VLOOKUP($D87,FIYAT!$B:$O,2,FALSE()),"") -> Авт. выкл. NXB-63 3P 25A 6кА х-ка C (R) | F87: =IFERROR(VLOOKUP($D87,FIYAT!$B:$O,5,FALSE()),"") -> 5334 | G87: =IFERROR(VLOOKUP($D87,FIYAT!$B:$O,8,FALSE()),"") -> 3200.4 | H87: =IF(OR($G87="",$I87=""),"",$G87*$I87) -> 6400.8 | I87: 2 | J87: =IFERROR(VLOOKUP($D87,FIYAT!$B:$O,9,FALSE()),"") -> Шт. | K87: =IFERROR(VLOOKUP($D87,FIYAT!$B:$O,4,FALSE()),"") -> CHINT | L87: =IF($H87="","",$H87) -> 6400.8 | P87: =IF($H87="","FIYAT_YOK",IFERROR(VLOOKUP($D87,FIYAT!$B:$P,15,FALSE()),"")) -> OK | Q87: 3P 25A 6kA C — birebir | R87: CHINT 27.08.2026 | S87: 170001-ST-EL-CD-BLA-SPD-XX-R02 | T87: OTO_3P | U87: =IFERROR(VLOOKUP($T87,KURALLAR!$A$32:$B$63,2,FALSE()),0)*IF(ISNUMBER($I87),$I87,0) -> 16
A88: 87 | C88: OTO | D88: 814014 | E88: =IFERROR(VLOOKUP($D88,FIYAT!$B:$O,2,FALSE()),"") -> Авт. выкл. NXB-63 1P 16A 6кА х-ка C (R) | F88: =IFERROR(VLOOKUP($D88,FIYAT!$B:$O,5,FALSE()),"") -> 1389 | G88: =IFERROR(VLOOKUP($D88,FIYAT!$B:$O,8,FALSE()),"") -> 833.4 | H88: =IF(OR($G88="",$I88=""),"",$G88*$I88) -> 13334.4 | I88: 16 | J88: =IFERROR(VLOOKUP($D88,FIYAT!$B:$O,9,FALSE()),"") -> Шт. | K88: =IFERROR(VLOOKUP($D88,FIYAT!$B:$O,4,FALSE()),"") -> CHINT | L88: =IF($H88="","",$H88) -> 13334.4 | P88: =IF($H88="","FIYAT_YOK",IFERROR(VLOOKUP($D88,FIYAT!$B:$P,15,FALSE()),"")) -> OK | Q88: 1P 16A 6kA C — birebir | R88: CHINT 27.08.2026 | S88: 170001-ST-EL-CD-BLA-SPD-XX-R02 | T88: OTO_1P | U88: =IFERROR(VLOOKUP($T88,KURALLAR!$A$32:$B$63,2,FALSE()),0)*IF(ISNUMBER($I88),$I88,0) -> 48
A89: 88 | C89: DIF | D89: 200316 | E89: =IFERROR(VLOOKUP($D89,FIYAT!$B:$O,2,FALSE()),"") -> УЗО NL1-63 6kA 4P 25A 30mA тип AC (R) | F89: =IFERROR(VLOOKUP($D89,FIYAT!$B:$O,5,FALSE()),"") -> 18338 | G89: =IFERROR(VLOOKUP($D89,FIYAT!$B:$O,8,FALSE()),"") -> 11002.8 | H89: =IF(OR($G89="",$I89=""),"",$G89*$I89) -> 11002.8 | I89: 1 | J89: =IFERROR(VLOOKUP($D89,FIYAT!$B:$O,9,FALSE()),"") -> Шт. | K89: =IFERROR(VLOOKUP($D89,FIYAT!$B:$O,4,FALSE()),"") -> CHINT | L89: =IF($H89="","",$H89) -> 11002.8 | P89: =IF($H89="","FIYAT_YOK",IFERROR(VLOOKUP($D89,FIYAT!$B:$P,15,FALSE()),"")) -> OK | Q89: 4P 25A 30mA AC — birebir | R89: CHINT 27.08.2026 | S89: 170001-ST-EL-CD-BLA-SPD-XX-R02 | T89: DIF_4P | U89: =IFERROR(VLOOKUP($T89,KURALLAR!$A$32:$B$63,2,FALSE()),0)*IF(ISNUMBER($I89),$I89,0) -> 10
A90: 89 | C90: DIF | D90: 200359 | E90: =IFERROR(VLOOKUP($D90,FIYAT!$B:$O,2,FALSE()),"") -> УЗО NL1-63 6kA 2P 16A 30mA тип AC (R) | F90: =IFERROR(VLOOKUP($D90,FIYAT!$B:$O,5,FALSE()),"") -> 10809 | G90: =IFERROR(VLOOKUP($D90,FIYAT!$B:$O,8,FALSE()),"") -> 6485.4 | H90: =IF(OR($G90="",$I90=""),"",$G90*$I90) -> 6485.4 | I90: 1 | J90: =IFERROR(VLOOKUP($D90,FIYAT!$B:$O,9,FALSE()),"") -> Шт. | K90: =IFERROR(VLOOKUP($D90,FIYAT!$B:$O,4,FALSE()),"") -> CHINT | L90: =IF($H90="","",$H90) -> 6485.4 | P90: =IF($H90="","FIYAT_YOK",IFERROR(VLOOKUP($D90,FIYAT!$B:$P,15,FALSE()),"")) -> OK | Q90: 2P 16A 30mA AC — birebir | R90: CHINT 27.08.2026 | S90: 170001-ST-EL-CD-BLA-SPD-XX-R02 | T90: DIF_2P | U90: =IFERROR(VLOOKUP($T90,KURALLAR!$A$32:$B$63,2,FALSE()),0)*IF(ISNUMBER($I90),$I90,0) -> 6
A91: 90 | C91: OTO | D91: 814015 | E91: =IFERROR(VLOOKUP($D91,FIYAT!$B:$O,2,FALSE()),"") -> Авт. выкл. NXB-63 1P 20A 6кА х-ка C (R) | F91: =IFERROR(VLOOKUP($D91,FIYAT!$B:$O,5,FALSE()),"") -> 1434 | G91: =IFERROR(VLOOKUP($D91,FIYAT!$B:$O,8,FALSE()),"") -> 860.4 | H91: =IF(OR($G91="",$I91=""),"",$G91*$I91) -> 860.4 | I91: 1 | J91: =IFERROR(VLOOKUP($D91,FIYAT!$B:$O,9,FALSE()),"") -> Шт. | K91: =IFERROR(VLOOKUP($D91,FIYAT!$B:$O,4,FALSE()),"") -> CHINT | L91: =IF($H91="","",$H91) -> 860.4 | P91: =IF($H91="","FIYAT_YOK",IFERROR(VLOOKUP($D91,FIYAT!$B:$P,15,FALSE()),"")) -> OK | Q91: 1P 20A 6kA C — birebir | R91: CHINT 27.08.2026 | S91: 170001-ST-EL-CD-BLA-SPD-XX-R02 | T91: OTO_1P | U91: =IFERROR(VLOOKUP($T91,KURALLAR!$A$32:$B$63,2,FALSE()),0)*IF(ISNUMBER($I91),$I91,0) -> 3
... A94: 93 | C94: KORPUS | D94: 719-15380 | E94: =IFERROR(VLOOKUP($D94,FIYAT!$B:$O,2,FALSE()),"") -> ЩМП (инд.) IP31 (650х500х150мм) | F94: =IFERROR(VLOOKUP($D94,FIYAT!$B:$O,5,FALSE()),"") -> 27825 | G94: =IFERROR(VLOOKUP($D94,FIYAT!$B:$O,8,FALSE()),"") -> 16695 | H94: =IF(OR($G94="",$I94=""),"",$G94*$I94) -> 16695 | I94: 1 | J94: =IFERROR(VLOOKUP($D94,FIYAT!$B:$O,9,FALSE()),"") -> Шт. | K94: =IFERROR(VLOOKUP($D94,FIYAT!$B:$O,4,FALSE()),"") -> KAZTEK | L94: =IF($H94="","",$H94) -> 16695 | P94: =IF($H94="","FIYAT_YOK",IFERROR(VLOOKUP($D94,FIYAT!$B:$P,15,FALSE()),"")) -> VARSAYIM | Q94: proje 460x700x200 duvar tipi FORM 2B -> KAZTEK 650x500x150; olcu/FORM sinifi KONTROL | R94: KAZTEK 15.07.2026 | S94: 170001-ST-EL-CD-BLA-SPD-XX-R02 | T94: KORPUS_ORTA | U94: =IFERROR(VLOOKUP($T94,KURALLAR!$A$32:$B$63,2,FALSE()),0)*IF(ISNUMBER($I94),$I94,0) -> 30
A95: 94 | C95: MONTAJNYY MATERIAL | D95: MONTAJ-MALZEME | E95: =IFERROR(VLOOKUP($D95,FIYAT!$B:$O,2,FALSE()),"") -> Монтажный расходный материал (кабель, DIN-рейка, кабель-канал, клеммы, маркировка, крепёж) | F95: =IFERROR(VLOOKUP($D95,FIYAT!$B:$O,5,FALSE()),"") -> 0 | G95: =IFERROR(VLOOKUP($D95,FIYAT!$B:$O,8,FALSE()),"") | H95: =ROUND(SUM($H$80:$H$94)*KURALLAR!$B$28,0) -> 12769 | I95: 1 | J95: =IFERROR(VLOOKUP($D95,FIYAT!$B:$O,9,FALSE()),"") -> компл. | K95: =IFERROR(VLOOKUP($D95,FIYAT!$B:$O,4,FALSE()),"") -> MUADIL-NET | L95: =IF($H95="","",$H95) -> 12769 | P95: =IF($H95="","FIYAT_YOK",IFERROR(VLOOKUP($D95,FIYAT!$B:$P,15,FALSE()),"")) -> ORAN | Q95: pano ici sarf malzemesi = pano malzeme bedelinin %si (KURALLAR BLOK 3 sari hucre) | R95: KURALLAR oran | S95: 170001-ST-EL-CD-BLA-SPD-XX-R02 | U95: 0
A96: 95 | C96: MONTAJNAYA RABOTA | D96: ISCILIK-MONTAJ | E96: =IFERROR(VLOOKUP($D96,FIYAT!$B:$O,2,FALSE()),"") -> Сборка, кабелирование, маркировка, момент затяжки, испытания | F96: =IFERROR(VLOOKUP($D96,FIYAT!$B:$O,5,FALSE()),"") -> 100 | G96: =IFERROR(VLOOKUP($D96,FIYAT!$B:$O,8,FALSE()),"") -> 100 | H96: =IF(OR($G96="",$I96=""),"",$G96*$I96) -> 29700 | I96: =ROUND(SUM($U$80:$U$95)*KURALLAR!$B$27,0) -> 297 | J96: =IFERROR(VLOOKUP($D96,FIYAT!$B:$O,9,FALSE()),"") -> мин | K96: =IFERROR(VLOOKUP($D96,FIYAT!$B:$O,4,FALSE()),"") -> ISCILIK | L96: =IF($H96="","",$H96) -> 29700 | P96: =IF($H96="","FIYAT_YOK",IFERROR(VLOOKUP($D96,FIYAT!$B:$P,15,FALSE()),"")) -> OK | Q96: =CONCATENATE("montaj+test iscilik: ",TEXT($I96,"# ##0")," dk = ",TEXT($I96/60,"0,00")," saat (norm x test/etiket carpani)") -> montaj+test iscilik: 297 dk = 4,95 saat (norm x test/etiket carpani) | R96: TEKLED norm | S96: 170001-ST-EL-CD-BLA-SPD-XX-R02 | U96: 0
A97: 96 | B97: Toplam BLOK A / 24F-ЩК(1-4) | H97: =SUBTOTAL(9,H80:H96) -> 224887.6 | L97: =SUBTOTAL(9,L80:L96) -> 224887.6 | U97: =SUBTOTAL(9,U80:U96) -> 258
A98: 97 | B98: =E98 -> BLOK A / ЩЭ-F3 — НКУ 380/220В 50Гц, FORM 2B, IP31/54 | C98: korpus komplekt | E98: BLOK A / ЩЭ-F3 — НКУ 380/220В 50Гц, FORM 2B, IP31/54 | I98: 1 | J98: комплект | P98: OK | Q98: komplekt adedi OZET C sutununda; pano ici malzemeler 1 pano icindir | R98: APEX CNC.xlsx | S98: 170001-ST-EL-CD-BLA-SPD-XX-R02
A99: 98 | C99: TMS | D99: 269252 | E99: =IFERROR(VLOOKUP($D99,FIYAT!$B:$O,2,FALSE()),"") -> Авт. выкл. NM8N-630S TM 3P 500А 50кА с рег. термомаг. расцепителем (R) | F99: =IFERROR(VLOOKUP($D99,FIYAT!$B:$O,5,FALSE()),"") -> 237703 | G99: =IFERROR(VLOOKUP($D99,FIYAT!$B:$O,8,FALSE()),"") -> 142621.8 | H99: =IF(OR($G99="",$I99=""),"",$G99*$I99) -> 285243.6 | I99: 2 | J99: =IFERROR(VLOOKUP($D99,FIYAT!$B:$O,9,FALSE()),"") -> Шт. | K99: =IFERROR(VLOOKUP($D99,FIYAT!$B:$O,4,FALSE()),"") -> CHINT | L99: =IF($H99="","",$H99) -> 285243.6 | P99: =IF($H99="","FIYAT_YOK",IFERROR(VLOOKUP($D99,FIYAT!$B:$P,15,FALSE()),"")) -> MUADIL | Q99: 36kA kademesinde 500A yok, 50kA (630S) alindi | R99: CHINT 27.08.2026 | S99: 170001-ST-EL-CD-BLA-SPD-XX-R02 | T99: TMS_630 | U99: =IFERROR(VLOOKUP($T99,KURALLAR!$A$32:$B$63,2,FALSE()),0)*IF(ISNUMBER($I99),$I99,0) -> 110
A100: 99 | C100: BLOK | D100: 269604 | E100: =IFERROR(VLOOKUP($D100,FIYAT!$B:$O,2,FALSE()),"") -> Независимый расцепитель SHT22-M8 AC220-240V для NM8N-250/400/630 (R) | F100: =IFERROR(VLOOKUP($D100,FIYAT!$B:$O,5,FALSE()),"") -> 18552 | G100: =IFERROR(VLOOKUP($D100,FIYAT!$B:$O,8,FALSE()),"") -> 11131.2 | H100: =IF(OR($G100="",$I100=""),"",$G100*$I100) -> 11131.2 | I100: 1 | J100: =IFERROR(VLOOKUP($D100,FIYAT!$B:$O,9,FALSE()),"") -> Шт. | K100: =IFERROR(VLOOKUP($D100,FIYAT!$B:$O,4,FALSE()),"") -> CHINT | L100: =IF($H100="","",$H100) -> 11131.2 | P100: =IF($H100="","FIYAT_YOK",IFERROR(VLOOKUP($D100,FIYAT!$B:$P,15,FALSE()),"")) -> OK | Q100: NM8N-250/400/630 govdesi icin bagimsiz acici | R100: CHINT 02.02.2026 | S100: 170001-ST-EL-CD-BLA-SPD-XX-R02 | T100: AKSESUAR | U100: =IFERROR(VLOOKUP($T100,KURALLAR!$A$32:$B$63,2,FALSE()),0)*IF(ISNUMBER($I100),$I100,0) -> 10
A101: 100 | C101: OTO | D101: 814012 | E101: =IFERROR(VLOOKUP($D101,FIYAT!$B:$O,2,FALSE()),"") -> Авт. выкл. NXB-63 1P 6A 6кА х-ка C (R) | F101: =IFERROR(VLOOKUP($D101,FIYAT!$B:$O,5,FALSE()),"") -> 1436 | G101: =IFERROR(VLOOKUP($D101,FIYAT!$B:$O,8,FALSE()),"") -> 861.6 | H101: =IF(OR($G101="",$I101=""),"",$G101*$I101) -> 3446.4 | I101: 4 | J101: =IFERROR(VLOOKUP($D101,FIYAT!$B:$O,9,FALSE()),"") -> Шт. | K101: =IFERROR(VLOOKUP($D101,FIYAT!$B:$O,4,FALSE()),"") -> CHINT | L101: =IF($H101="","",$H101) -> 3446.4 | P101: =IF($H101="","FIYAT_YOK",IFERROR(VLOOKUP($D101,FIYAT!$B:$P,15,FALSE()),"")) -> OK | Q101: 1P 6A 6kA C — birebir | R101: CHINT 27.08.2026 | S101: 170001-ST-EL-CD-BLA-SPD-XX-R02 | T101: OTO_1P | U101: =IFERROR(VLOOKUP($T101,KURALLAR!$A$32:$B$63,2,FALSE()),0)*IF(ISNUMBER($I101),$I101,0) -> 12
A102: 101 | C102: LAMB | D102: 593085 | E102: =IFERROR(VLOOKUP($D102,FIYAT!$B:$O,2,FALSE()),"") -> Индикатор ND16-22DS/4 белый АС230В (R) | F102: =IFERROR(VLOOKUP($D102,FIYAT!$B:$O,5,FALSE()),"") -> 1047 | G102: =IFERROR(VLOOKUP($D102,FIYAT!$B:$O,8,FALSE()),"") -> 628.2 | H102: =IF(OR($G102="",$I102=""),"",$G102*$I102) -> 1884.6 | I102: 3 | J102: =IFERROR(VLOOKUP($D102,FIYAT!$B:$O,9,FALSE()),"") -> Шт. | K102: =IFERROR(VLOOKUP($D102,FIYAT!$B:$O,4,FALSE()),"") -> CHINT | L102: =IF($H102="","",$H102) -> 1884.6 | P102: =IF($H102="","FIYAT_YOK",IFERROR(VLOOKUP($D102,FIYAT!$B:$P,15,FALSE()),"")) -> OK | Q102: beyaz sinyal lambasi 230V | R102: CHINT 02.02.2026 | S102: 170001-ST-EL-CD-BLA-SPD-XX-R02 | T102: LAMB | U102: =IFERROR(VLOOKUP($T102,KURALLAR!$A$32:$B$63,2,FALSE()),0)*IF(ISNUMBER($I102),$I102,0) -> 12
...

Sheet OZET
A1: № | B1: BLOK | C1: PANO | D1: KOMPLEKT ADET | E1: 1 PANO TOPLAM (KZT) | F1: TOPLAM (KZT) | G1: 1 PANO ISCILIK (dk) | H1: 1 PANO ISCILIK (saat) | I1: PDF
A2: 1 | B2: BLOK A | C2: ЩК-стандарт | D2: 1 | E2: =BOM!$H$18 -> 170326.4 | F2: =IF($E2="","",$E2*$D2) -> 170326.4 | G2: =BOM!$I$17 -> 252 | H2: =ROUND($G2/60,2) -> 4.2 | I2: 170001-ST-EL-CD-BLA-SPD-XX-R02
A3: 2 | B3: BLOK A | C3: ЩЭ-F(4-23).1 | D3: 20 | E3: =BOM!$H$33 -> 438909.4 | F3: =IF($E3="","",$E3*$D3) -> 8778188 | G3: =BOM!$I$32 -> 595 | H3: =ROUND($G3/60,2) -> 9.92 | I3: 170001-ST-EL-CD-BLA-SPD-XX-R02
A4: 3 | B4: BLOK A | C4: ЩЭ-F(4-23).2 | D4: 20 | E4: =BOM!$H$48 -> 438909.4 | F4: =IF($E4="","",$E4*$D4) -> 8778188 | G4: =BOM!$I$47 -> 595 | H4: =ROUND($G4/60,2) -> 9.92 | I4: 170001-ST-EL-CD-BLA-SPD-XX-R02
A5: 4 | B5: BLOK A | C5: ЩЭ-F24.1 | D5: 1 | E5: =BOM!$H$63 -> 278643.6 | F5: =IF($E5="","",$E5*$D5) -> 278643.6 | G5: =BOM!$I$62 -> 397 | H5: =ROUND($G5/60,2) -> 6.62 | I5: 170001-ST-EL-CD-BLA-SPD-XX-R02
A6: 5 | B6: BLOK A | C6: ЩЭ-F24.2 | D6: 1 | E6: =BOM!$H$78 -> 278643.6 | F6: =IF($E6="","",$E6*$D6) -> 278643.6 | G6: =BOM!$I$77 -> 397 | H6: =ROUND($G6/60,2) -> 6.62 | I6: 170001-ST-EL-CD-BLA-SPD-XX-R02
A7: 6 | B7: BLOK A | C7: 24F-ЩК(1-4) | D7: 1 | E7: =BOM!$H$97 -> 224887.6 | F7: =IF($E7="","",$E7*$D7) -> 224887.6 | G7: =BOM!$I$96 -> 297 | H7: =ROUND($G7/60,2) -> 4.95 | I7: 170001-ST-EL-CD-BLA-SPD-XX-R02
A8: 7 | B8: BLOK A | C8: ЩЭ-F3 | D8: 1 | E8: =BOM!$H$116 -> 736978.6 | F8: =IF($E8="","",$E8*$D8) -> 736978.6 | G8: =BOM!$I$115 -> 667 | H8: =ROUND($G8/60,2) -> 11.12 | I8: 170001-ST-EL-CD-BLA-SPD-XX-R02
A9: 8 | B9: BLOK A | C9: ЩЭ-F2 | D9: 1 | E9: =BOM!$H$136 -> 635746.4 | F9: =IF($E9="","",$E9*$D9) -> 635746.4 | G9: =BOM!$I$135 -> 662 | H9: =ROUND($G9/60,2) -> 11.03 | I9: 170001-ST-EL-CD-BLA-SPD-XX-R02
A10: 9 | B10: BLOK A | C10: ЩЭ-F1 | D10: 1 | E10: =BOM!$H$158 -> 635374.4 | F10: =IF($E10="","",$E10*$D10) -> 635374.4 | G10: =BOM!$I$157 -> 662 | H10: =ROUND($G10/60,2) -> 11.03 | I10: 170001-ST-EL-CD-BLA-SPD-XX-R02
A11: 10 | B11: BLOK A | C11: B1-ЩС | D11: 1 | E11: =BOM!$H$175 -> 239517.8 | F11: =IF($E11="","",$E11*$D11) -> 239517.8 | G11: =BOM!$I$174 -> 377 | H11: =ROUND($G11/60,2) -> 6.28 | I11: 170001-ST-EL-CD-BLA-SPD-XX-R02
A12: 11 | B12: BLOK A | C12: B1-ИБП | D12: 1 | E12: =BOM!$H$191 -> 164468.6 | F12: =IF($E12="","",$E12*$D12) -> 164468.6 | G12: =BOM!$I$190 -> 231 | H12: =ROUND($G12/60,2) -> 3.85 | I12: 170001-ST-EL-CD-BLA-SPD-XX-R02
A13: 12 | B13: BLOK A | C13: 1F-ЩС.1 | D13: 1 | E13: =BOM!$H$208 -> 183422.2 | F13: =IF($E13="","",$E13*$D13) -> 183422.2 | G13: =BOM!$I$207 -> 271 | H13: =ROUND($G13/60,2) -> 4.52 | I13: 170001-ST-EL-CD-BLA-SPD-XX-R02
A14: 13 | B14: BLOK A | C14: 1F-ЩС.2 | D14: 1 | E14: =BOM!$H$224 -> 168131 | F14: =IF($E14="","",$E14*$D14) -> 168131 | G14: =BOM!$I$223 -> 231 | H14: =ROUND($G14/60,2) -> 3.85 | I14: 170001-ST-EL-CD-BLA-SPD-XX-R02
A15: 14 | B15: BLOK A | C15: 1F-ИБП.1 | D15: 1 | E15: =BOM!$H$236 -> 127058.4 | F15: =IF($E15="","",$E15*$D15) -> 127058.4 | G15: =BOM!$I$235 -> 173 | H15: =ROUND($G15/60,2) -> 2.88 | I15: 170001-ST-EL-CD-BLA-SPD-XX-R02
A16: 15 | B16: BLOK A | C16: 1F-ИБП.2 | D16: 1 | E16: =BOM!$H$252 -> 165847 | F16: =IF($E16="","",$E16*$D16) -> 165847 | G16: =BOM!$I$251 -> 235 | H16: =ROUND($G16/60,2) -> 3.92 | I16: 170001-ST-EL-CD-BLA-SPD-XX-R02
A17: 16 | B17: BLOK A | C17: 6F-ЩС.1 | D17: 1 | E17: =BOM!$H$268 -> 156116.4 | F17: =IF($E17="","",$E17*$D17) -> 156116.4 | G17: =BOM!$I$267 -> 221 | H17: =ROUND($G17/60,2) -> 3.68 | I17: 170001-ST-EL-CD-BLA-SPD-XX-R02
A18: 17 | B18: BLOK A | C18: 6F-ЩС.2 | D18: 1 | E18: =BOM!$H$284 -> 164655 | F18: =IF($E18="","",$E18*$D18) -> 164655 | G18: =BOM!$I$283 -> 245 | H18: =ROUND($G18/60,2) -> 4.08 | I18: 170001-ST-EL-CD-BLA-SPD-XX-R02
A19: 18 | B19: BLOK A | C19: 6F-ИБП.1 | D19: 1 | E19: =BOM!$H$300 -> 164655 | F19: =IF($E19="","",$E19*$D19) -> 164655 | G19: =BOM!$I$299 -> 245 | H19: =ROUND($G19/60,2) -> 4.08 | I19: 170001-ST-EL-CD-BLA-SPD-XX-R02
A20: 19 | B20: BLOK A | C20: 6F-ИБП.2 | D20: 1 | E20: =BOM!$H$316 -> 159688.4 | F20: =IF($E20="","",$E20*$D20) -> 159688.4 | G20: =BOM!$I$315 -> 231 | H20: =ROUND($G20/60,2) -> 3.85 | I20: 170001-ST-EL-CD-BLA-SPD-XX-R02
A21: 20 | B21: BLOK A | C21: 11F-ЩС.1 | D21: 1 | E21: =BOM!$H$332 -> 154373.4 | F21: =IF($E21="","",$E21*$D21) -> 154373.4 | G21: =BOM!$I$331 -> 221 | H21: =ROUND($G21/60,2) -> 3.68 | I21: 170001-ST-EL-CD-BLA-SPD-XX-R02
A22: 21 | B22: BLOK A | C22: 11F-ЩС.2 | D22: 1 | E22: =BOM!$H$348 -> 161737.8 | F22: =IF($E22="","",$E22*$D22) -> 161737.8 | G22: =BOM!$I$347 -> 242 | H22: =ROUND($G22/60,2) -> 4.03 | I22: 170001-ST-EL-CD-BLA-SPD-XX-R02
A23: 22 | B23: BLOK A | C23: 11F-ИБП.1 | D23: 1 | E23: =BOM!$H$364 -> 164655 | F23: =IF($E23="","",$E23*$D23) -> 164655 | G23: =BOM!$I$363 -> 245 | H23: =ROUND($G23/60,2) -> 4.08 | I23: 170001-ST-EL-CD-BLA-SPD-XX-R02
A24: 23 | B24: BLOK A | C24: 11F-ИБП.2 | D24: 1 | E24: =BOM!$H$380 -> 158767.8 | F24: =IF($E24="","",$E24*$D24) -> 158767.8 | G24: =BOM!$I$379 -> 228 | H24: =ROUND($G24/60,2) -> 3.8 | I24: 170001-ST-EL-CD-BLA-SPD-XX-R02
A25: 24 | B25: BLOK A | C25: 16F-ЩС.1 | D25: 1 | E25: =BOM!$H$396 -> 154373.4 | F25: =IF($E25="","",$E25*$D25) -> 154373.4 | G25: =BOM!$I$395 -> 221 | H25: =ROUND($G25/60,2) -> 3.68 | I25: 170001-ST-EL-CD-BLA-SPD-XX-R02
A26: 25 | B26: BLOK A | C26: 16F-ЩС.2 | D26: 1 | E26: =BOM!$H$412 -> 161737.8 | F26: =IF($E26="","",$E26*$D26) -> 161737.8 | G26: =BOM!$I$411 -> 242 | H26: =ROUND($G26/60,2) -> 4.03 | I26: 170001-ST-EL-CD-BLA-SPD-XX-R02
A27: 26 | B27: BLOK A | C27: 16F-ИБП.1 | D27: 1 | E27: =BOM!$H$428 -> 162912 | F27: =IF($E27="","",$E27*$D27) -> 162912 | G27: =BOM!$I$427 -> 245 | H27: =ROUND($G27/60,2) -> 4.08 | I27: 170001-ST-EL-CD-BLA-SPD-XX-R02
A28: 27 | B28: BLOK A | C28: 16F-ИБП.2 | D28: 1 | E28: =BOM!$H$444 -> 157024.8 | F28: =IF($E28="","",$E28*$D28) -> 157024.8 | G28: =BOM!$I$443 -> 228 | H28: =ROUND($G28/60,2) -> 3.8 | I28: 170001-ST-EL-CD-BLA-SPD-XX-R02
A29: 28 | B29: BLOK A | C29: 21F-ЩС.1 | D29: 1 | E29: =BOM!$H$460 -> 155565.8 | F29: =IF($E29="","",$E29*$D29) -> 155565.8 | G29: =BOM!$I$459 -> 224 | H29: =ROUND($G29/60,2) -> 3.73 | I29: 170001-ST-EL-CD-BLA-SPD-XX-R02
A30: 29 | B30: BLOK A | C30: 21F-ЩС.2 | D30: 1 | E30: =BOM!$H$476 -> 161737.8 | F30: =IF($E30="","",$E30*$D30) -> 161737.8 | G30: =BOM!$I$475 -> 242 | H30: =ROUND($G30/60,2) -> 4.03 | I30: 170001-ST-EL-CD-BLA-SPD-XX-R02
A31: 30 | B31: BLOK A | C31: 21F-ИБП.1 | D31: 1 | E31: =BOM!$H$492 -> 162912 | F31: =IF($E31="","",$E31*$D31) -> 162912 | G31: =BOM!$I$491 -> 245 | H31: =ROUND($G31/60,2) -> 4.08 | I31: 170001-ST-EL-CD-BLA-SPD-XX-R02
A32: 31 | B32: BLOK A | C32: 21F-ИБП.2 | D32: 1 | E32: =BOM!$H$508 -> 157024.8 | F32: =IF($E32="","",$E32*$D32) -> 157024.8 | G32: =BOM!$I$507 -> 228 | H32: =ROUND($G32/60,2) -> 3.8 | I32: 170001-ST-EL-CD-BLA-SPD-XX-R02
A33: 32 | B33: BLOK A | C33: 24F-ЩС.1 | D33: 1 | E33: =BOM!$H$524 -> 156805.6 | F33: =IF($E33="","",$E33*$D33) -> 156805.6 | G33: =BOM!$I$523 -> 228 | H33: =ROUND($G33/60,2) -> 3.8 | I33: 170001-ST-EL-CD-BLA-SPD-XX-R02
A34: 33 | B34: BLOK A | C34: 24F-ЩС.2 | D34: 1 | E34: =BOM!$H$540 -> 160428.2 | F34: =IF($E34="","",$E34*$D34) -> 160428.2 | G34: =BOM!$I$539 -> 238 | H34: =ROUND($G34/60,2) -> 3.97 | I34: 170001-ST-EL-CD-BLA-SPD-XX-R02
A35: 34 | B35: BLOK A | C35: 24F-ИБП.1 | D35: 1 | E35: =BOM!$H$552 -> 127058.4 | F35: =IF($E35="","",$E35*$D35) -> 127058.4 | G35: =BOM!$I$551 -> 173 | H35: =ROUND($G35/60,2) -> 2.88 | I35: 170001-ST-EL-CD-BLA-SPD-XX-R02
A36: 35 | B36: BLOK A | C36: 24F-ИБП.2 | D36: 1 | E36: =BOM!$H$564 -> 127058.4 | F36: =IF($E36="","",$E36*$D36) -> 127058.4 | G36: =BOM!$I$563 -> 173 | H36: =ROUND($G36/60,2) -> 2.88 | I36: 170001-ST-EL-CD-BLA-SPD-XX-R02
A37: 36 | B37: BLOK A | C37: ЩА-B2 | D37: 1 | E37: =BOM!$H$584 -> 192167.8 | F37: =IF($E37="","",$E37*$D37) -> 192167.8 | G37: =BOM!$I$583 -> 300 | H37: =ROUND($G37/60,2) -> 5 | I37: 170001-ST-EL-CD-BLA-SPD-XX-R02
A38: 37 | B38: BLOK A | C38: ЭЩА-B1 | D38: 1 | E38: =BOM!$H$602 -> 568836.6 | F38: =IF($E38="","",$E38*$D38) -> 568836.6 | G38: =BOM!$I$601 -> 543 | H38: =ROUND($G38/60,2) -> 9.05 | I38: 170001-ST-EL-CD-BLA-SPD-XX-R02
A39: 38 | B39: BLOK A | C39: JFP-B1 | D39: 1 | E39: =BOM!$H$614 -> 140599.4 | F39: =IF($E39="","",$E39*$D39) -> 140599.4 | G39: =BOM!$I$613 -> 194 | H39: =ROUND($G39/60,2) -> 3.23 | I39: 170001-ST-EL-CD-BLA-SPD-XX-R02
A40: 39 | B40: BLOK A | C40: ЩА-B1 | D40: 1 | E40: =BOM!$H$634 -> 184433.4 | F40: =IF($E40="","",$E40*$D40) -> 184433.4 | G40: =BOM!$I$633 -> 308 | H40: =ROUND($G40/60,2) -> 5.13 | I40: 170001-ST-EL-CD-BLA-SPD-XX-R02
A41: 40 | B41: BLOK A | C41: ЩА-13F | D41: 1 | E41: =BOM!$H$648 -> 149317.8 | F41: =IF($E41="","",$E41*$D41) -> 149317.8 | G41: =BOM!$I$647 -> 215 | H41: =ROUND($G41/60,2) -> 3.58 | I41: 170001-ST-EL-CD-BLA-SPD-XX-R02
A42: 41 | B42: BLOK A | C42: ЩА-24.2F | D42: 1 | E42: =BOM!$H$661 -> 148355.6 | F42: =IF($E42="","",$E42*$D42) -> 148355.6 | G42: =BOM!$I$660 -> 220 | H42: =ROUND($G42/60,2) -> 3.67 | I42: 170001-ST-EL-CD-BLA-SPD-XX-R02
A43: 42 | B43: BLOK A | C43: ЩА-RF | D43: 1 | E43: =BOM!$H$678 -> 225702.6 | F43: =IF($E43="","",$E43*$D43) -> 225702.6 | G43: =BOM!$I$677 -> 362 | H43: =ROUND($G43/60,2) -> 6.03 | I43: 170001-ST-EL-CD-BLA-SPD-XX-R02
A44: 43 | B44: BLOK A | C44: ЭЩА-RF | D44: 1 | E44: =BOM!$H$701 -> 724203 | F44: =IF($E44="","",$E44*$D44) -> 724203 | G44: =BOM!$I$700 -> 710 | H44: =ROUND($G44/60,2) -> 11.83 | I44: 170001-ST-EL-CD-BLA-SPD-XX-R02
A45: 44 | B45: BLOK B | C45: ЩК-стандарт | D45: 1 | E45: =BOM!$H$718 -> 170326.4 | F45: =IF($E45="","",$E45*$D45) -> 170326.4 | G45: =BOM!$I$717 -> 252 | H45: =ROUND($G45/60,2) -> 4.2 | I45: 170001-ST-EL-CD-BLB-SPD-XX-R02
A46: 45 | B46: BLOK B | C46: ЩЭ-F(4-21).1 | D46: 18 | E46: =BOM!$H$733 -> 446860.6 | F46: =IF($E46="","",$E46*$D46) -> 8043490.8 | G46: =BOM!$I$732 -> 638 | H46: =ROUND($G46/60,2) -> 10.63 | I46: 170001-ST-EL-CD-BLB-SPD-XX-R02
A47: 46 | B47: BLOK B | C47: ЩЭ-F(4-21).2 | D47: 18 | E47: =BOM!$H$748 -> 430884.2 | F47: =IF($E47="","",$E47*$D47) -> 7755915.6 | G47: =BOM!$I$747 -> 551 | H47: =ROUND($G47/60,2) -> 9.18 | I47: 170001-ST-EL-CD-BLB-SPD-XX-R02
A48: 47 | B48: BLOK B | C48: 22F-ЩК(1-4) | D48: 1 | E48: =BOM!$H$767 -> 224887.6 | F48: =IF($E48="","",$E48*$D48) -> 224887.6 | G48: =BOM!$I$766 -> 297 | H48: =ROUND($G48/60,2) -> 4.95 | I48: 170001-ST-EL-CD-BLB-SPD-XX-R02
A49: 48 | B49: BLOK B | C49: ЩЭ-F22.1 | D49: 1 | E49: =BOM!$H$782 -> 278643.6 | F49: =IF($E49="","",$E49*$D49) -> 278643.6 | G49: =BOM!$I$781 -> 397 | H49: =ROUND($G49/60,2) -> 6.62 | I49: 170001-ST-EL-CD-BLB-SPD-XX-R02
A50: 49 | B50: BLOK B | C50: ЩЭ-F22.2 | D50: 1 | E50: =BOM!$H$797 -> 278643.6 | F50: =IF($E50="","",$E50*$D50) -> 278643.6 | G50: =BOM!$I$796 -> 397 | H50: =ROUND($G50/60,2) -> 6.62 | I50: 170001-ST-EL-CD-BLB-SPD-XX-R02
A51: 50 | B51: BLOK B | C51: ЩЭ-F1 | D51: 1 | E51: =BOM!$H$819 -> 635374.4 | F51: =IF($E51="","",$E51*$D51) -> 635374.4 | G51: =BOM!$I$818 -> 662 | H51: =ROUND($G51/60,2) -> 11.03 | I51: 170001-ST-EL-CD-BLB-SPD-XX-R02
A52: 51 | B52: BLOK B | C52: ЩЭ-F2 | D52: 1 | E52: =BOM!$H$839 -> 635746.4 | F52: =IF($E52="","",$E52*$D52) -> 635746.4 | G52: =BOM!$I$838 -> 662 | H52: =ROUND($G52/60,2) -> 11.03 | I52: 170001-ST-EL-CD-BLB-SPD-XX-R02
A53: 52 | B53: BLOK B | C53: ЩЭ-F3 | D53: 1 | E53: =BOM!$H$858 -> 736978.6 | F53: =IF($E53="","",$E53*$D53) -> 736978.6 | G53: =BOM!$I$857 -> 667 | H53: =ROUND($G53/60,2) -> 11.12 | I53: 170001-ST-EL-CD-BLB-SPD-XX-R02
A54: 53 | B54: BLOK B | C54: ЩА-13F | D54: 1 | E54: =BOM!$H$871 -> 180194.6 | F54: =IF($E54="","",$E54*$D54) -> 180194.6 | G54: =BOM!$I$870 -> 204 | H54: =ROUND($G54/60,2) -> 3.4 | I54: 170001-ST-EL-CD-BLB-SPD-XX-R02
A55: 54 | B55: BLOK B | C55: B1-ЩС | D55: 1 | E55: =BOM!$H$888 -> 287937.2 | F55: =IF($E55="","",$E55*$D55) -> 287937.2 | G55: =BOM!$I$887 -> 424 | H55: =ROUND($G55/60,2) -> 7.07 | I55: 170001-ST-EL-CD-BLB-SPD-XX-R02
A56: 55 | B56: BLOK B | C56: B1-ИБП | D56: 1 | E56: =BOM!$H$900 -> 127058.4 | F56: =IF($E56="","",$E56*$D56) -> 127058.4 | G56: =BOM!$I$899 -> 173 | H56: =ROUND($G56/60,2) -> 2.88 | I56: 170001-ST-EL-CD-BLB-SPD-XX-R02
A57: 56 | B57: BLOK B | C57: 1F-ЩС.1 | D57: 1 | E57: =BOM!$H$917 -> 183422.2 | F57: =IF($E57="","",$E57*$D57) -> 183422.2 | G57: =BOM!$I$916 -> 271 | H57: =ROUND($G57/60,2) -> 4.52 | I57: 170001-ST-EL-CD-BLB-SPD-XX-R02
A58: 57 | B58: BLOK B | C58: 1F-ЩС.2 | D58: 1 | E58: =BOM!$H$933 -> 168131 | F58: =IF($E58="","",$E58*$D58) -> 168131 | G58: =BOM!$I$932 -> 231 | H58: =ROUND($G58/60,2) -> 3.85 | I58: 170001-ST-EL-CD-BLB-SPD-XX-R02
A59: 58 | B59: BLOK B | C59: 1F-ИБП.1 | D59: 1 | E59: =BOM!$H$949 -> 164468.6 | F59: =IF($E59="","",$E59*$D59) -> 164468.6 | G59: =BOM!$I$948 -> 231 | H59: =ROUND($G59/60,2) -> 3.85 | I59: 170001-ST-EL-CD-BLB-SPD-XX-R02
A60: 59 | B60: BLOK B | C60: 1F-ИБП.2 | D60: 1 | E60: =BOM!$H$965 -> 165847 | F60: =IF($E60="","",$E60*$D60) -> 165847 | G60: =BOM!$I$964 -> 235 | H60: =ROUND($G60/60,2) -> 3.92 | I60: 170001-ST-EL-CD-BLB-SPD-XX-R02
A61: 60 | B61: BLOK B | C61: 6F-ЩС.1 | D61: 1 | E61: =BOM!$H$981 -> 156116.4 | F61: =IF($E61="","",$E61*$D61) -> 156116.4 | G61: =BOM!$I$980 -> 221 | H61: =ROUND($G61/60,2) -> 3.68 | I61: 170001-ST-EL-CD-BLB-SPD-XX-R02
A62: 61 | B62: BLOK B | C62: 6F-ЩС.2 | D62: 1 | E62: =BOM!$H$997 -> 164655 | F62: =IF($E62="","",$E62*$D62) -> 164655 | G62: =BOM!$I$996 -> 245 | H62: =ROUND($G62/60,2) -> 4.08 | I62: 170001-ST-EL-CD-BLB-SPD-XX-R02
A63: 62 | B63: BLOK B | C63: 6F-ИБП.1 | D63: 1 | E63: =BOM!$H$1013 -> 164655 | F63: =IF($E63="","",$E63*$D63) -> 164655 | G63: =BOM!$I$1012 -> 245 | H63: =ROUND($G63/60,2) -> 4.08 | I63: 170001-ST-EL-CD-BLB-SPD-XX-R02
A64: 63 | B64: BLOK B | C64: 6F-ИБП.2 | D64: 1 | E64: =BOM!$H$1029 -> 159688.4 | F64: =IF($E64="","",$E64*$D64) -> 159688.4 | G64: =BOM!$I$1028 -> 231 | H64: =ROUND($G64/60,2) -> 3.85 | I64: 170001-ST-EL-CD-BLB-SPD-XX-R02
A65: 64 | B65: BLOK B | C65: 11F-ЩС.1 | D65: 1 | E65: =BOM!$H$1045 -> 154373.4 | F65: =IF($E65="","",$E65*$D65) -> 154373.4 | G65: =BOM!$I$1044 -> 221 | H65: =ROUND($G65/60,2) -> 3.68 | I65: 170001-ST-EL-CD-BLB-SPD-XX-R02
A66: 65 | B66: BLOK B | C66: 11F-ЩС.2 | D66: 1 | E66: =BOM!$H$1061 -> 161737.8 | F66: =IF($E66="","",$E66*$D66) -> 161737.8 | G66: =BOM!$I$1060 -> 242 | H66: =ROUND($G66/60,2) -> 4.03 | I66: 170001-ST-EL-CD-BLB-SPD-XX-R02
A67: 66 | B67: BLOK B | C67: 11F-ИБП.1 | D67: 1 | E67: =BOM!$H$1077 -> 164655 | F67: =IF($E67="","",$E67*$D67) -> 164655 | G67: =BOM!$I$1076 -> 245 | H67: =ROUND($G67/60,2) -> 4.08 | I67: 170001-ST-EL-CD-BLB-SPD-XX-R02
A68: 67 | B68: BLOK B | C68: 11F-ИБП.2 | D68: 1 | E68: =BOM!$H$1093 -> 158767.8 | F68: =IF($E68="","",$E68*$D68) -> 158767.8 | G68: =BOM!$I$1092 -> 228 | H68: =ROUND($G68/60,2) -> 3.8 | I68: 170001-ST-EL-CD-BLB-SPD-XX-R02
A69: 68 | B69: BLOK B | C69: 16F-ЩС.1 | D69: 1 | E69: =BOM!$H$1109 -> 154373.4 | F69: =IF($E69="","",$E69*$D69) -> 154373.4 | G69: =BOM!$I$1108 -> 221 | H69: =ROUND($G69/60,2) -> 3.68 | I69: 170001-ST-EL-CD-BLB-SPD-XX-R02
A70: 69 | B70: BLOK B | C70: 16F-ЩС.2 | D70: 1 | E70: =BOM!$H$1125 -> 161737.8 | F70: =IF($E70="","",$E70*$D70) -> 161737.8 | G70: =BOM!$I$1124 -> 242 | H70: =ROUND($G70/60,2) -> 4.03 | I70: 170001-ST-EL-CD-BLB-SPD-XX-R02
A71: 70 | B71: BLOK B | C71: 16F-ИБП.1 | D71: 1 | E71: =BOM!$H$1141 -> 171315.8 | F71: =IF($E71="","",$E71*$D71) -> 171315.8 | G71: =BOM!$I$1140 -> 255 | H71: =ROUND($G71/60,2) -> 4.25 | I71: 170001-ST-EL-CD-BLB-SPD-XX-R02
A72: 71 | B72: BLOK B | C72: 16F-ИБП.2 | D72: 1 | E72: =BOM!$H$1157 -> 157024.8 | F72: =IF($E72="","",$E72*$D72) -> 157024.8 | G72: =BOM!$I$1156 -> 228 | H72: =ROUND($G72/60,2) -> 3.8 | I72: 170001-ST-EL-CD-BLB-SPD-XX-R02
A73: 72 | B73: BLOK B | C73: 21F-ЩС.1 | D73: 1 | E73: =BOM!$H$1173 -> 155565.8 | F73: =IF($E73="","",$E73*$D73) -> 155565.8 | G73: =BOM!$I$1172 -> 224 | H73: =ROUND($G73/60,2) -> 3.73 | I73: 170001-ST-EL-CD-BLB-SPD-XX-R02
A74: 73 | B74: BLOK B | C74: 21F-ЩС.2 | D74: 1 | E74: =BOM!$H$1189 -> 161737.8 | F74: =IF($E74="","",$E74*$D74) -> 161737.8 | G74: =BOM!$I$1188 -> 242 | H74: =ROUND($G74/60,2) -> 4.03 | I74: 170001-ST-EL-CD-BLB-SPD-XX-R02
A75: 74 | B75: BLOK B | C75: ЭЩА-B1 | D75: 1 | E75: =BOM!$H$1202 -> 161846.2 | F75: =IF($E75="","",$E75*$D75) -> 161846.2 | G75: =BOM!$I$1201 -> 222 | H75: =ROUND($G75/60,2) -> 3.7 | I75: 170001-ST-EL-CD-BLB-SPD-XX-R02
A76: 75 | B76: BLOK B | C76: 21F-ИБП.1 | D76: 1 | E76: =BOM!$H$1218 -> 162912 | F76: =IF($E76="","",$E76*$D76) -> 162912 | G76: =BOM!$I$1217 -> 245 | H76: =ROUND($G76/60,2) -> 4.08 | I76: 170001-ST-EL-CD-BLB-SPD-XX-R02
A77: 76 | B77: BLOK B | C77: 21F-ИБП.2 | D77: 1 | E77: =BOM!$H$1234 -> 157024.8 | F77: =IF($E77="","",$E77*$D77) -> 157024.8 | G77: =BOM!$I$1233 -> 228 | H77: =ROUND($G77/60,2) -> 3.8 | I77: 170001-ST-EL-CD-BLB-SPD-XX-R02
A78: 77 | B78: BLOK B | C78: ЩА-B2 | D78: 1 | E78: =BOM!$H$1250 -> 200965.8 | F78: =IF($E78="","",$E78*$D78) -> 200965.8 | G78: =BOM!$I$1249 -> 311 | H78: =ROUND($G78/60,2) -> 5.18 | I78: 170001-ST-EL-CD-BLB-SPD-XX-R02
A79: 78 | B79: BLOK B | C79: JFP-B1 | D79: 1 | E79: =BOM!$H$1262 -> 212336.6 | F79: =IF($E79="","",$E79*$D79) -> 212336.6 | G79: =BOM!$I$1261 -> 323 | H79: =ROUND($G79/60,2) -> 5.38 | I79: 170001-ST-EL-CD-BLB-SPD-XX-R02
A80: 79 | B80: BLOK B | C80: ЩА-B1 | D80: 1 | E80: =BOM!$H$1278 -> 175382.2 | F80: =IF($E80="","",$E80*$D80) -> 175382.2 | G80: =BOM!$I$1277 -> 274 | H80: =ROUND($G80/60,2) -> 4.57 | I80: 170001-ST-EL-CD-BLB-SPD-XX-R02
A81: 80 | B81: BLOK B | C81: ЩА-24.2F | D81: 1 | E81: =BOM!$H$1291 -> 156690.8 | F81: =IF($E81="","",$E81*$D81) -> 156690.8 | G81: =BOM!$I$1290 -> 240 | H81: =ROUND($G81/60,2) -> 4 | I81: 170001-ST-EL-CD-BLB-SPD-XX-R02
A82: 81 | B82: BLOK B | C82: ЩА-RF | D82: 1 | E82: =BOM!$H$1308 -> 243206 | F82: =IF($E82="","",$E82*$D82) -> 243206 | G82: =BOM!$I$1307 -> 362 | H82: =ROUND($G82/60,2) -> 6.03 | I82: 170001-ST-EL-CD-BLB-SPD-XX-R02
A83: 82 | B83: BLOK B | C83: ЭЩА-RF | D83: 1 | E83: =BOM!$H$1329 -> 760740.6 | F83: =IF($E83="","",$E83*$D83) -> 760740.6 | G83: =BOM!$I$1328 -> 744 | H83: =ROUND($G83/60,2) -> 12.4 | I83: 170001-ST-EL-CD-BLB-SPD-XX-R02
A84: 83 | B84: BLOK P | C84: ЩЭ-П1.1 | D84: 1 | E84: =BOM!$H$1348 -> 652236.4 | F84: =IF($E84="","",$E84*$D84) -> 652236.4 | G84: =BOM!$I$1347 -> 577 | H84: =ROUND($G84/60,2) -> 9.62 | I84: 170001-ST-EL-CD-BLP-SPD-XX-R01
A85: 84 | B85: BLOK P | C85: ЩЭ-П1.2 | D85: 1 | E85: =BOM!$H$1370 -> 753431.8 | F85: =IF($E85="","",$E85*$D85) -> 753431.8 | G85: =BOM!$I$1369 -> 782 | H85: =ROUND($G85/60,2) -> 13.03 | I85: 170001-ST-EL-CD-BLP-SPD-XX-R01
A86: 85 | B86: BLOK P | C86: B1-ИБП-P | D86: 1 | E86: =BOM!$H$1386 -> 150010 | F86: =IF($E86="","",$E86*$D86) -> 150010 | G86: =BOM!$I$1385 -> 204 | H86: =ROUND($G86/60,2) -> 3.4 | I86: 170001-ST-EL-CD-BLP-SPD-XX-R01
A87: 86 | B87: BLOK P | C87: B1-ЩС-P | D87: 1 | E87: =BOM!$H$1403 -> 277510.6 | F87: =IF($E87="","",$E87*$D87) -> 277510.6 | G87: =BOM!$I$1402 -> 398 | H87: =ROUND($G87/60,2) -> 6.63 | I87: 170001-ST-EL-CD-BLP-SPD-XX-R01
A88: 87 | B88: LPS | C88: Главный распределительный щит (ГРЩ) | D88: 1 | E88: =BOM!$H$1444 -> 41649389 | F88: =IF($E88="","",$E88*$D88) -> 41649389 | G88: =BOM!$I$1443 -> 23925 | H88: =ROUND($G88/60,2) -> 398.75 | I88: 170001-ST-EL-CD-BLB-LPS-XX-R04
A89: 88 | B89: LPS | C89: УКМ58-0,4-600-25 У3 - Панель компенсации Комп-1 | D89: 1 | E89: =BOM!$H$1470 -> 2970013 | F89: =IF($E89="","",$E89*$D89) -> 2970013 | G89: =BOM!$I$1469 -> 2513 | H89: =ROUND($G89/60,2) -> 41.88 | I89: 170001-ST-EL-CD-BLB-LPS-XX-R04
A90: 89 | B90: LPS | C90: УКМ58-0,4-600-25 У3 - Панель компенсации Комп-2 | D90: 1 | E90: =BOM!$H$1496 -> 2970013 | F90: =IF($E90="","",$E90*$D90) -> 2970013 | G90: =BOM!$I$1495 -> 2513 | H90: =ROUND($G90/60,2) -> 41.88 | I90: 170001-ST-EL-CD-BLB-LPS-XX-R04
A91: 90 | B91: LPS | C91: Главный распределительный щит ГРЩ-LOT1A | D91: 1 | E91: =BOM!$H$1518 -> 4033176.2 | F91: =IF($E91="","",$E91*$D91) -> 4033176.2 | G91: =BOM!$I$1517 -> 2983 | H91: =ROUND($G91/60,2) -> 49.72 | I91: 170001-ST-EL-CD-BLB-LPS-XX-R04
A92: 91 | B92: LPS | C92: Главный распределительный щит АВР-LOT1A | D92: 1 | E92: =BOM!$H$1541 -> 1739069.8 | F92: =IF($E92="","",$E92*$D92) -> 1739069.8 | G92: =BOM!$I$1540 -> 1618 | H92: =ROUND($G92/60,2) -> 26.97 | I92: 170001-ST-EL-CD-BLB-LPS-XX-R04
A93: 92 | B93: LPS | C93: Главный распределительный щит ИБП-АВР-LOT1A | D93: 1 | E93: =BOM!$H$1559 -> 1031849.8 | F93: =IF($E93="","",$E93*$D93) -> 1031849.8 | G93: =BOM!$I$1558 -> 649 | H93: =ROUND($G93/60,2) -> 10.82 | I93: 170001-ST-EL-CD-BLB-LPS-XX-R04
A94: 93 | B94: LPS | C94: Общий распределительный щит ЩС-LOT1A | D94: 1 | E94: =BOM!$H$1580 -> 1636955.2 | F94: =IF($E94="","",$E94*$D94) -> 1636955.2 | G94: =BOM!$I$1579 -> 1099 | H94: =ROUND($G94/60,2) -> 18.32 | I94: 170001-ST-EL-CD-BLB-LPS-XX-R04
A95: 94 | B95: LPS | C95: Главный распределительный щит ГРЩ-LOT1В | D95: 1 | E95: =BOM!$H$1602 -> 3937480 | F95: =IF($E95="","",$E95*$D95) -> 3937480 | G95: =BOM!$I$1601 -> 2954 | H95: =ROUND($G95/60,2) -> 49.23 | I95: 170001-ST-EL-CD-BLB-LPS-XX-R04
A96: 95 | B96: LPS | C96: Главный распределительный щит АВР-LOT1В | D96: 1 | E96: =BOM!$H$1623 -> 1693059.4 | F96: =IF($E96="","",$E96*$D96) -> 1693059.4 | G96: =BOM!$I$1622 -> 1601 | H96: =ROUND($G96/60,2) -> 26.68 | I96: 170001-ST-EL-CD-BLB-LPS-XX-R04
A97: 96 | B97: LPS | C97: Главный распределительный щит ИБП-АВР-LOT1В | D97: 1 | E97: =BOM!$H$1641 -> 991580.6 | F97: =IF($E97="","",$E97*$D97) -> 991580.6 | G97: =BOM!$I$1640 -> 631 | H97: =ROUND($G97/60,2) -> 10.52 | I97: 170001-ST-EL-CD-BLB-LPS-XX-R04
A98: 97 | B98: LPS | C98: Общий распределительный щит ЩС-LOT1В | D98: 1 | E98: =BOM!$H$1663 -> 1673337.4 | F98: =IF($E98="","",$E98*$D98) -> 1673337.4 | G98: =BOM!$I$1662 -> 1117 | H98: =ROUND($G98/60,2) -> 18.62 | I98: 170001-ST-EL-CD-BLB-LPS-XX-R04
C99: TOPLAM | D99: =SUM(D2:D98) -> 169 | F99: =SUM(F2:F98) -> 1.1770201e+08 | G99: =SUMPRODUCT($D$2:$D$98,$G$2:$G$98) -> 112377 | H99: =ROUND($G99/60,2) -> 1872.95

Sheet TEKLIF
A1: TEKLIF OZETI — 260908 RUSTU BEY / APEX CNC listesi CHINT donusumu
A3: TOPLAM (malzeme+sarf+iscilik, komplekt adedi dahil, KZT) | B3: =OZET!$F$99 -> 1.1770201e+08
A4: - iscilik (1 pano bazinda, KZT) | B4: =SUMIFS(BOM!$H:$H,BOM!$D:$D,"ISCILIK-MONTAJ") -> 6955400
A5: - montaj sarfi (1 pano bazinda, KZT) | B5: =SUMIFS(BOM!$H:$H,BOM!$D:$D,"MONTAJ-MALZEME") -> 5177798
A6: ARA TOPLAM (KZT) | B6: =B3 -> 1.1770201e+08
A7: Kar (KAR_ORANI) | B7: =IF(KURALLAR!$B$75="","",B6*KURALLAR!$B$75)
A8: Iskonto (ISKONTO) | B8: =IF(KURALLAR!$B$76="","",-B6*KURALLAR!$B$76)
A9: NDS %12 | B9: =(B6+IF(ISNUMBER(B7),B7,0)+IF(ISNUMBER(B8),B8,0))*KURALLAR!$B$77 -> 14124242
A10: GENEL TOPLAM (KZT) | B10: =B6+IF(ISNUMBER(B7),B7,0)+IF(ISNUMBER(B8),B8,0)+IF(ISNUMBER(B9),B9,0) -> 1.3182626e+08
A12: Pano adedi | B12: =OZET!$D$99 -> 169
A13: Toplam iscilik (dakika / saat) | B13: =OZET!$G$99 -> 112377 | C13: =ROUND(B13/60,1) -> 1873
A14: UYARI: fiyati alinamayan kalemler (DURUM=FIYAT_YOK / CIHAZ_BELIRSIZ) toplamlara dahil DEGILDIR.
A15: =CONCATENATE("Fiyati alinamayan artikul sayisi: ",COUNTIF(FIYAT!$N:$N,"FIYAT_YOK")) -> Fiyati alinamayan artikul sayisi: 33
A16: =CONCATENATE("Muadil onayi bekleyen artikul sayisi: ",COUNTIF(FIYAT!$N:$N,"MUADIL_ONAY")+COUNTIF(FIYAT!$N:$N,"CIHAZ_BELIRSIZ")) -> Muadil onayi bekleyen artikul sayisi: 8

Sheet KONTROL
A1: SEVIYE | B1: KONU | C1: BULGU | D1: AKSIYON / NOT | E1: KAYNAK
A2: BILGI | B2: Kapsam | C2: 97 pano tipi / 169 komple pano; APEX CNC listesindeki tum kalemler donusturuldu. | D2: PANO satirindaki adet proje adedidir; ic malzeme 1 pano icindir. | E2: APEX CNC.xlsx
A3: KRITIK | B3: UZO 4P 100A | C3: CHINT NL1-63 serisi max 63A — 4P 100A 300mA UZO yok. | D3: NM8N-125 4P govde + NM8NL-125 dif modulu (449980) teklif edildi; giris salteri 4P olmali. Onay alinmadan teklife girmez. | E3: CHINT liste
A4: KRITIK | B4: ACB 4P 5000A | C4: CHINT NA1-6300-5000M yalnizca 3P listelenmis; CNC 4P/5000A vermis. | D4: 4P versiyon icin fiyat/tedarik teyidi alinacak. | E4: CHINT liste
A5: KRITIK | B5: MCCB kesme kapasitesi | C5: CNC YCM1 serisinde Icu yazmiyor; CHINT karsiliklari 36kA (NM8N-...C) secildi. | D5: Kat panolarinda >=36kA @415V sarti datasheet ile teyit edilmeden onay verilmemeli. | E5: CNC spec / CHINT
A6: KRITIK | B6: FORM sinifi | C6: APEX korpus satirlari FORM 2B; teknik sartname ana panolarda FORM 3B istiyor. | D6: Korpus/bolmeleme FORM 3B olarak revize edilmeli — KAZTEK govde secimi buna gore degisir. | E6: Sartname
A7: UYARI | B7: Korpus olculeri | C7: KAZTEK karsiliklari proje olculeriyle birebir degil (en yakin standart govde secildi). | D7: Her pano icin govde olcusu ve modul kapasitesi imalat oncesi dogrulanmali. | E7: KAZTEK 15.07.2026
A8: UYARI | B8: SPD | C8: CNC YCS6-B 4P 60kA 420V -> CHINT NU6-IIG 4P Uc=440V In=25kA Imax=65kA. | D8: Class I (Iimp) isteniyorsa NXU-I+II 4P (308602) kullanilmali; Up<=1,5kV teyit. | E8: CHINT liste
A9: UYARI | B9: SPD on sigortasi | C9: CHINT listesinde 14x51 (63A) silindirik sigorta yuvasi yok; NH00 (RT36-00) alindi. | D9: Montaj/boyut farki var; alternatif olarak NXB-63 3P 63A MCB kullanilabilir. | E9: CHINT liste
A10: UYARI | B10: Akim trafolari | C10: 50/5, 75/5, 500/5, 800/5, 2500/5, 5000/5 oranlari CHINT stok listesinde yok. | D10: Fiyat alinacak veya baska marka ile tamamlanacak. | E10: CHINT liste
A11: UYARI | B11: Kacak akim rolesi | C11: CNC ASJ10L-LD1A (LCD, ayarli) karsiligi CHINT stok listesinde yok. | D11: Fiyat alinacak; toroid (AKH-0.66/L) icin de karsilik yok. | E11: CHINT liste
A12: UYARI | B12: Kompanzasyon | C12: 40 kVAr/450V kondansator CHINT’te yok — kademe basina 2 x 20 kVAr alindi; 50 kVAr yalnizca 400V. | D12: Kademe gucu ve gerilim kademesi (450V) teyit edilmeli. | E12: CHINT liste
... A20: BILGI | B20: Bara | C20: ШАТ (alu) ve ШМТ (bakir) baralar kg olarak; fiyat KURALLAR BLOK 6 metal fiyatindan hesaplanir. | D20: COMEX referans fiyatlar sari hucrelerden guncellenir. | E20: KURALLAR
