Workbook
Name ADRES: KURALLAR!$B$169
Name AL_YOGUNLUK: KURALLAR!$B$193
Name ALAN_TIP_LIST: KURALLAR!$A$458:$A$463
Name ALUM_KG_KZT: KURALLAR!$B$195
Name ALUM_KG_USD: KURALLAR!$B$189
Name AMBALAJ_KZT_PANO: KURALLAR!$B$180
Name BAKIR_KG_KZT: KURALLAR!$B$194
Name BAKIR_KG_USD: KURALLAR!$B$188
Name BARA_AL_A: KURALLAR!$J$242:$J$260
Name BARA_AL_KGM: KURALLAR!$G$242:$G$260
Name BARA_AL_S_A: KURALLAR!$D$295:$D$324
Name BARA_AL_S_KOD: KURALLAR!$A$295:$A$324
Name BARA_AL_S_MAX: KURALLAR!$E$295:$E$324
Name BARA_AL_S_MM2T: KURALLAR!$C$295:$C$324
Name BARA_AL_S_SERIT: KURALLAR!$B$295:$B$324
Name BARA_AL2_A: KURALLAR!$K$242:$K$260
Name BARA_BOY_M: KURALLAR!$B$114
Name BARA_CU_A: KURALLAR!$H$242:$H$260
Name BARA_CU_KGM: KURALLAR!$F$242:$F$260
Name BARA_CU_S_A: KURALLAR!$D$263:$D$292
Name BARA_CU_S_KOD: KURALLAR!$A$263:$A$292
Name BARA_CU_S_MAX: KURALLAR!$E$263:$E$292
Name BARA_CU_S_MM2T: KURALLAR!$C$263:$C$292
Name BARA_CU_S_SERIT: KURALLAR!$B$263:$B$292
Name BARA_CU2_A: KURALLAR!$I$242:$I$260
Name BARA_DERATING: KURALLAR!$B$164
Name BARA_DIKEY_PAY_M: KURALLAR!$B$116
Name BARA_FIRE: KURALLAR!$B$109
Name BARA_ISLEM_KAT: KURALLAR!$B$191
Name BARA_IZOLATOR_ARALIK_M: KURALLAR!$B$117
Name BARA_KENAR_PAY_M: KURALLAR!$B$115
Name BARA_KOD_AL: KURALLAR!$B$242:$B$260
Name BARA_KOD_CU: KURALLAR!$A$242:$A$260
Name BARA_KOPRU_M: KURALLAR!$B$113
Name BARA_MM2: KURALLAR!$E$242:$E$260
Name BARA_N_ORANI: KURALLAR!$B$110
Name BARA_PE_MIN_MM2: KURALLAR!$B$112
Name BARA_PE_ORANI: KURALLAR!$B$111
Name BARA_T_ILETKEN: KURALLAR!$B$107
Name BARA_T_NORM: KURALLAR!$B$108
Name BARA_T_ORTAM: KURALLAR!$B$106
Name BOM_I: BOM!$I$2:$I$640
Name BOM_P: BOM!$M$2:$M$640
Name BOM_S: BOM!$P$2:$P$640
Name BOM_T: BOM!$Q$2:$Q$640
Name BOM_U: BOM!$R$2:$R$640
Name CU_YOGUNLUK: KURALLAR!$B$192
Name DEVRE_A: DEVRE!$A$2:$A$586
Name DEVRE_C: DEVRE!$C$2:$C$586
Name DEVRE_H: DEVRE!$H$2:$H$586
Name DEVRE_TIPI_LIST: KURALLAR!$A$466:$A$470
Name DEVRE_U: DEVRE!$U$2:$U$586
Name DINRAY_FIRE: KURALLAR!$B$148
Name DINRAY_KOD: KURALLAR!$B$158
Name DK_SAAT: KURALLAR!$B$22
Name DOKUMAN_KZT: KURALLAR!$B$184
Name DOLULUK_MAX: KURALLAR!$B$129
Name DOLULUK_UYARI: KURALLAR!$B$128
Name DURUM_LIST: KURALLAR!$A$399:$A$409
Name DURUM_SEV: KURALLAR!$B$399:$B$409

Sheet BOM
A1: ROW | B1: Наименование1 | C1: Тип | D1: Артикул | E1: Номенклатура | F1: Цена | G1: net | H1: сумма | I1: Qty | J1: Ед.изм | K1: Завод | L1: tutar | M1: DURUM | N1: NOT | O1: KAYNAK | P1: ANAHTAR | Q1: PANO_ID | R1: NORM_ANAHTAR | S1: ETIKET_ELLE | T1: ISCILIK_DK | U1: ALAN_MODUL | V1: BARA_KG | W1: MALZ_TABAN | X1: SARF_KESIT | Y1: NEDEN | Z1: DEVRE_SEV | AA1: TOPLAM_QTY | AB1: ALAN_EKSIK | AC1: BOBIN_EKSIK
A2: =ROW()-1 -> 1 | B2: =$E2 -> Вводно-распределительное устройство ВРУ-1 (с АВР) | E2: =INDEX(PANO_TAMAD,MATCH($Q2,PANO_ID,0)) -> Вводно-распределительное устройство ВРУ-1 (с АВР) | I2: 1 | J2: компл. | Q2: P01
A3: =ROW()-1 -> 2 | B3: =$E3 -> Shit 2000x800x450+100mm | C3: korpus | D3: =IF($P3="","",IF(INDEX(FIYAT_ARTIKUL,MATCH($P3,FIYAT_KOD,0))="","",INDEX(FIYAT_ARTIKUL,MATCH($P3,FIYAT_KOD,0)))) -> 719-15696 | E3: =IF($P3="","",INDEX(FIYAT_ACK,MATCH($P3,FIYAT_KOD,0))) -> Shit 2000x800x450+100mm | F3: =IF($P3="","",IF(INDEX(FIYAT_LISTE,MATCH($P3,FIYAT_KOD,0))="","",INDEX(FIYAT_LISTE,MATCH($P3,FIYAT_KOD,0)))) -> 172785 | G3: =IF($P3="","",IF(INDEX(FIYAT_NET,MATCH($P3,FIYAT_KOD,0))="","",INDEX(FIYAT_NET,MATCH($P3,FIYAT_KOD,0)))) -> 103671 | H3: =IF(OR($G3="",$I3="",$M3="KONTROL",$M3="KAPSAM_DISI"),"",$G3*$I3) | I3: 1 | J3: =IF($P3="","",INDEX(FIYAT_BIRIM,MATCH($P3,FIYAT_KOD,0))) -> шт | K3: =IF($P3="","",INDEX(FIYAT_MARKA,MATCH($P3,FIYAT_KOD,0))) -> KAZTEK | L3: =IF($H3="","",$H3) | M3: =IF($P3="","",INDEX(DURUM_LIST,MATCH(MAX(INDEX(DURUM_SEV,MATCH(INDEX(FIYAT_DURUM,MATCH($P3,FIYAT_KOD,0)),DURUM_LIST,0)),IF($S3="",0,INDEX(DURUM_SEV,MATCH($S3,DURUM_LIST,0))),$Z3),DURUM_SEV,0))) -> KONTROL | N3: ОЛ: ВРУ-2 20.80.45 IP31 2000х800х450 → KAZTEK 2000x800x450 (IP açıklamada yok) | O3: =IF($P3="","",INDEX(FIYAT_KAYNAK,MATCH($P3,FIYAT_KOD,0))) -> KAZTEK2607 | P3: =INDEX(PANO_KORPUS,MATCH($Q3,PANO_ID,0)) -> KAZTEK-719-15696 | Q3: =$Q2 -> P01 | R3: KORPUS_AYAKLI | T3: =IF(OR($R3="",$I3=""),"",$I3*INDEX(NORM_DK,MATCH($R3,NORM_AD,0))) -> 90 | U3: =IF(OR($P3="",$I3=""),"",IF(IF(INDEX(FIYAT_ALAN,MATCH($P3,FIYAT_KOD,0))="","",INDEX(FIYAT_ALAN,MATCH($P3,FIYAT_KOD,0)))<>"",$I3*IF(INDEX(FIYAT_ALAN,MATCH($P3,FIYAT_KOD,0))="","",INDEX(FIYAT_ALAN,MATCH($P3,FIYAT_KOD,0))),IF(IF(INDEX(FIYAT_MODUL,MATCH($P3,FIYAT_KOD,0))="","",INDEX(FIYAT_MODUL,MATCH($P3,FIYAT_KOD,0)))<>"",$I3*IF(INDEX(FIYAT_MODUL,MATCH($P3,FIYAT_KOD,0))="","",INDEX(FIYAT_MODUL,MATCH($P3,FIYAT_KOD,0))),IF(IF(INDEX(FIYAT_GENISLIK,MATCH($P3,FIYAT_KOD,0))="","",INDEX(FIYAT_GENISLIK,MATCH($P3,FIYAT_KOD,0)))<>"",$I3*IF(INDEX(FIYAT_GENISLIK,MATCH($P3,FIYAT_KOD,0))="","",INDEX(FIYAT_GENISLIK,MATCH($P3,FIYAT_KOD,0)))/MODUL_GENISLIK_MM,"")))) | V3: =IF(OR($C3<>"шина",$I3=""),"",$I3*INDEX(FIYAT_KGM,MATCH($P3,FIYAT_KOD,0))) | W3: =IF($H3="","",$H3) | Y3: KORPUS | Z3: =IF($P3="","",MAX(_xlfn.MAXIFS(DEVRE!$AM:$AM,DEVRE!$A:$A,$Q3,DEVRE!$C:$C,$P3),_xlfn.MAXIFS(DEVRE!$AM:$AM,DEVRE!$A:$A,$Q3,DEVRE!$H:$H,$P3))) -> 0 | AA3: =IF(OR($I3="",$Q3="",$P3=""),"",$I3*INDEX(PANO_ADET,MATCH($Q3,PANO_ID,0))) -> 1 | AB3: =IF($P3="",0,IF(AND($U3="",COUNTIF(ALAN_TIP_LIST,$C3)>0),1,0)) -> 0 | AC3: =IF(OR($P3="",$C3<>"kontaktör"),0,IF(IF(INDEX(FIYAT_BOBIN,MATCH($P3,FIYAT_KOD,0))="","",INDEX(FIYAT_BOBIN,MATCH($P3,FIYAT_KOD,0)))="",1,0)) -> 0
A4: =ROW()-1 -> 3 | B4: =$E4 -> Авт. выкл. NXM-160S/3Р 125A 36кА | C4: TMŞ | D4: =IF($P4="","",IF(INDEX(FIYAT_ARTIKUL,MATCH($P4,FIYAT_KOD,0))="","",INDEX(FIYAT_ARTIKUL,MATCH($P4,FIYAT_KOD,0)))) -> 844326 | E4: =IF($P4="","",INDEX(FIYAT_ACK,MATCH($P4,FIYAT_KOD,0))) -> Авт. выкл. NXM-160S/3Р 125A 36кА | F4: =IF($P4="","",IF(INDEX(FIYAT_LISTE,MATCH($P4,FIYAT_KOD,0))="","",INDEX(FIYAT_LISTE,MATCH($P4,FIYAT_KOD,0)))) -> 27656 | G4: =IF($P4="","",IF(INDEX(FIYAT_NET,MATCH($P4,FIYAT_KOD,0))="","",INDEX(FIYAT_NET,MATCH($P4,FIYAT_KOD,0)))) -> 16593.6 | H4: =IF(OR($G4="",$I4="",$M4="KONTROL",$M4="KAPSAM_DISI"),"",$G4*$I4) -> 33187.2 | I4: =SUMIFS(DEVRE!$T:$T,DEVRE!$A:$A,$Q4,DEVRE!$C:$C,$P4)+SUMIFS(DEVRE!$U:$U,DEVRE!$A:$A,$Q4,DEVRE!$H:$H,$P4) -> 2 | J4: =IF($P4="","",INDEX(FIYAT_BIRIM,MATCH($P4,FIYAT_KOD,0))) -> шт | K4: =IF($P4="","",INDEX(FIYAT_MARKA,MATCH($P4,FIYAT_KOD,0))) -> CHINT | L4: =IF($H4="","",$H4) -> 33187.2 | M4: =IF($P4="","",INDEX(DURUM_LIST,MATCH(MAX(INDEX(DURUM_SEV,MATCH(INDEX(FIYAT_DURUM,MATCH($P4,FIYAT_KOD,0)),DURUM_LIST,0)),IF($S4="",0,INDEX(DURUM_SEV,MATCH($S4,DURUM_LIST,0))),$Z4),DURUM_SEV,0))) -> OK | N4: DEVRE: QF1, QF2 · şema 2 | O4: =IF($P4="","",INDEX(FIYAT_KAYNAK,MATCH($P4,FIYAT_KOD,0))) -> CHINT2608 | P4: CHINT-844326 | Q4: =$Q3 -> P01 | R4: MCCB_3P_250 | T4: =IF(OR($R4="",$I4=""),"",$I4*INDEX(NORM_DK,MATCH($R4,NORM_AD,0))) -> 120 | U4: =IF(OR($P4="",$I4=""),"",IF(IF(INDEX(FIYAT_ALAN,MATCH($P4,FIYAT_KOD,0))="","",INDEX(FIYAT_ALAN,MATCH($P4,FIYAT_KOD,0)))<>"",$I4*IF(INDEX(FIYAT_ALAN,MATCH($P4,FIYAT_KOD,0))="","",INDEX(FIYAT_ALAN,MATCH($P4,FIYAT_KOD,0))),IF(IF(INDEX(FIYAT_MODUL,MATCH($P4,FIYAT_KOD,0))="","",INDEX(FIYAT_MODUL,MATCH($P4,FIYAT_KOD,0)))<>"",$I4*IF(INDEX(FIYAT_MODUL,MATCH($P4,FIYAT_KOD,0))="","",INDEX(FIYAT_MODUL,MATCH($P4,FIYAT_KOD,0))),IF(IF(INDEX(FIYAT_GENISLIK,MATCH($P4,FIYAT_KOD,0))="","",INDEX(FIYAT_GENISLIK,MATCH($P4,FIYAT_KOD,0)))<>"",$I4*IF(INDEX(FIYAT_GENISLIK,MATCH($P4,FIYAT_KOD,0))="","",INDEX(FIYAT_GENISLIK,MATCH($P4,FIYAT_KOD,0)))/MODUL_GENISLIK_MM,"")))) | V4: =IF(OR($C4<>"шина",$I4=""),"",$I4*INDEX(FIYAT_KGM,MATCH($P4,FIYAT_KOD,0))) | W4: =IF($H4="","",$H4) -> 33187.2 | Y4: DEVRE | Z4: =IF($P4="","",MAX(_xlfn.MAXIFS(DEVRE!$AM:$AM,DEVRE!$A:$A,$Q4,DEVRE!$C:$C,$P4),_xlfn.MAXIFS(DEVRE!$AM:$AM,DEVRE!$A:$A,$Q4,DEVRE!$H:$H,$P4))) -> 0 | AA4: =IF(OR($I4="",$Q4="",$P4=""),"",$I4*INDEX(PANO_ADET,MATCH($Q4,PANO_ID,0))) -> 2 | AB4: =IF($P4="",0,IF(AND($U4="",COUNTIF(ALAN_TIP_LIST,$C4)>0),1,0)) -> 1 | AC4: =IF(OR($P4="",$C4<>"kontaktör"),0,IF(IF(INDEX(FIYAT_BOBIN,MATCH($P4,FIYAT_KOD,0))="","",INDEX(FIYAT_BOBIN,MATCH($P4,FIYAT_KOD,0)))="",1,0)) -> 0
A5: =ROW()-1 -> 4 | B5: =$E5 -> Счет.элек Меркурий 3ф 5 (7,5)A 230 ART-03 PQRSIDN многотариф/трансф | C5: sayac | D5: =IF($P5="","",IF(INDEX(FIYAT_ARTIKUL,MATCH($P5,FIYAT_KOD,0))="","",INDEX(FIYAT_ARTIKUL,MATCH($P5,FIYAT_KOD,0)))) -> 989-190-0114 | E5: =IF($P5="","",INDEX(FIYAT_ACK,MATCH($P5,FIYAT_KOD,0))) -> Счет.элек Меркурий 3ф 5 (7,5)A 230 ART-03 PQRSIDN многотариф/трансф | F5: =IF($P5="","",IF(INDEX(FIYAT_LISTE,MATCH($P5,FIYAT_KOD,0))="","",INDEX(FIYAT_LISTE,MATCH($P5,FIYAT_KOD,0)))) -> 35380 | G5: =IF($P5="","",IF(INDEX(FIYAT_NET,MATCH($P5,FIYAT_KOD,0))="","",INDEX(FIYAT_NET,MATCH($P5,FIYAT_KOD,0)))) -> 21228 | H5: =IF(OR($G5="",$I5="",$M5="KONTROL",$M5="KAPSAM_DISI"),"",$G5*$I5) -> 21228 | I5: =SUMIFS(DEVRE!$T:$T,DEVRE!$A:$A,$Q5,DEVRE!$C:$C,$P5)+SUMIFS(DEVRE!$U:$U,DEVRE!$A:$A,$Q5,DEVRE!$H:$H,$P5) -> 1 | J5: =IF($P5="","",INDEX(FIYAT_BIRIM,MATCH($P5,FIYAT_KOD,0))) -> шт | K5: =IF($P5="","",INDEX(FIYAT_MARKA,MATCH($P5,FIYAT_KOD,0))) -> KAZTEK | L5: =IF($H5="","",$H5) -> 21228 | M5: =IF($P5="","",INDEX(DURUM_LIST,MATCH(MAX(INDEX(DURUM_SEV,MATCH(INDEX(FIYAT_DURUM,MATCH($P5,FIYAT_KOD,0)),DURUM_LIST,0)),IF($S5="",0,INDEX(DURUM_SEV,MATCH($S5,DURUM_LIST,0))),$Z5),DURUM_SEV,0))) -> OK | N5: DEVRE: PI1 · şema 1 | O5: =IF($P5="","",INDEX(FIYAT_KAYNAK,MATCH($P5,FIYAT_KOD,0))) -> KAZTEK2607 | P5: KAZTEK-989-190-0114 | Q5: =$Q4 -> P01 | R5: SAYAC_AT | T5: =IF(OR($R5="",$I5=""),"",$I5*INDEX(NORM_DK,MATCH($R5,NORM_AD,0))) -> 90 | U5: =IF(OR($P5="",$I5=""),"",IF(IF(INDEX(FIYAT_ALAN,MATCH($P5,FIYAT_KOD,0))="","",INDEX(FIYAT_ALAN,MATCH($P5,FIYAT_KOD,0)))<>"",$I5*IF(INDEX(FIYAT_ALAN,MATCH($P5,FIYAT_KOD,0))="","",INDEX(FIYAT_ALAN,MATCH($P5,FIYAT_KOD,0))),IF(IF(INDEX(FIYAT_MODUL,MATCH($P5,FIYAT_KOD,0))="","",INDEX(FIYAT_MODUL,MATCH($P5,FIYAT_KOD,0)))<>"",$I5*IF(INDEX(FIYAT_MODUL,MATCH($P5,FIYAT_KOD,0))="","",INDEX(FIYAT_MODUL,MATCH($P5,FIYAT_KOD,0))),IF(IF(INDEX(FIYAT_GENISLIK,MATCH($P5,FIYAT_KOD,0))="","",INDEX(FIYAT_GENISLIK,MATCH($P5,FIYAT_KOD,0)))<>"",$I5*IF(INDEX(FIYAT_GENISLIK,MATCH($P5,FIYAT_KOD,0))="","",INDEX(FIYAT_GENISLIK,MATCH($P5,FIYAT_KOD,0)))/MODUL_GENISLIK_MM,"")))) | V5: =IF(OR($C5<>"шина",$I5=""),"",$I5*INDEX(FIYAT_KGM,MATCH($P5,FIYAT_KOD,0))) | W5: =IF($H5="","",$H5) -> 21228 | Y5: DEVRE | Z5: =IF($P5="","",MAX(_xlfn.MAXIFS(DEVRE!$AM:$AM,DEVRE!$A:$A,$Q5,DEVRE!$C:$C,$P5),_xlfn.MAXIFS(DEVRE!$AM:$AM,DEVRE!$A:$A,$Q5,DEVRE!$H:$H,$P5))) -> 0 | AA5: =IF(OR($I5="",$Q5="",$P5=""),"",$I5*INDEX(PANO_ADET,MATCH($Q5,PANO_ID,0))) -> 1 | AB5: =IF($P5="",0,IF(AND($U5="",COUNTIF(ALAN_TIP_LIST,$C5)>0),1,0)) -> 1 | AC5: =IF(OR($P5="",$C5<>"kontaktör"),0,IF(IF(INDEX(FIYAT_BOBIN,MATCH($P5,FIYAT_KOD,0))="","",INDEX(FIYAT_BOBIN,MATCH($P5,FIYAT_KOD,0)))="",1,0)) -> 0
A6: =ROW()-1 -> 5 | B6: =$E6 -> Трансформатор тока ТТИ-А 125\5А 5ВА кл.т.0,5 IEK | C6: tt | D6: =IF($P6="","",IF(INDEX(FIYAT_ARTIKUL,MATCH($P6,FIYAT_KOD,0))="","",INDEX(FIYAT_ARTIKUL,MATCH($P6,FIYAT_KOD,0)))) -> ст-9951729 | E6: =IF($P6="","",INDEX(FIYAT_ACK,MATCH($P6,FIYAT_KOD,0))) -> Трансформатор тока ТТИ-А 125\5А 5ВА кл.т.0,5 IEK | F6: =IF($P6="","",IF(INDEX(FIYAT_LISTE,MATCH($P6,FIYAT_KOD,0))="","",INDEX(FIYAT_LISTE,MATCH($P6,FIYAT_KOD,0)))) -> 4701 | G6: =IF($P6="","",IF(INDEX(FIYAT_NET,MATCH($P6,FIYAT_KOD,0))="","",INDEX(FIYAT_NET,MATCH($P6,FIYAT_KOD,0)))) -> 4701 | H6: =IF(OR($G6="",$I6="",$M6="KONTROL",$M6="KAPSAM_DISI"),"",$G6*$I6) -> 14103 | I6: =SUMIFS(DEVRE!$T:$T,DEVRE!$A:$A,$Q6,DEVRE!$C:$C,$P6)+SUMIFS(DEVRE!$U:$U,DEVRE!$A:$A,$Q6,DEVRE!$H:$H,$P6) -> 3 | J6: =IF($P6="","",INDEX(FIYAT_BIRIM,MATCH($P6,FIYAT_KOD,0))) -> шт | K6: =IF($P6="","",INDEX(FIYAT_MARKA,MATCH($P6,FIYAT_KOD,0))) -> EKT | L6: =IF($H6="","",$H6) -> 14103 | M6: =IF($P6="","",INDEX(DURUM_LIST,MATCH(MAX(INDEX(DURUM_SEV,MATCH(INDEX(FIYAT_DURUM,MATCH($P6,FIYAT_KOD,0)),DURUM_LIST,0)),IF($S6="",0,INDEX(DURUM_SEV,MATCH($S6,DURUM_LIST,0))),$Z6),DURUM_SEV,0))) -> FIYAT_ESKI | N6: DEVRE: PI1 · şema 3 | O6: =IF($P6="","",INDEX(FIYAT_KAYNAK,MATCH($P6,FIYAT_KOD,0))) -> EKT2506 | P6: EKT-ст-9951729 | Q6: =$Q5 -> P01 | T6: =IF(OR($R6="",$I6=""),"",$I6*INDEX(NORM_DK,MATCH($R6,NORM_AD,0))) | U6: =IF(OR($P6="",$I6=""),"",IF(IF(INDEX(FIYAT_ALAN,MATCH($P6,FIYAT_KOD,0))="","",INDEX(FIYAT_ALAN,MATCH($P6,FIYAT_KOD,0)))<>"",$I6*IF(INDEX(FIYAT_ALAN,MATCH($P6,FIYAT_KOD,0))="","",INDEX(FIYAT_ALAN,MATCH($P6,FIYAT_KOD,0))),IF(IF(INDEX(FIYAT_MODUL,MATCH($P6,FIYAT_KOD,0))="","",INDEX(FIYAT_MODUL,MATCH($P6,FIYAT_KOD,0)))<>"",$I6*IF(INDEX(FIYAT_MODUL,MATCH($P6,FIYAT_KOD,0))="","",INDEX(FIYAT_MODUL,MATCH($P6,FIYAT_KOD,0))),IF(IF(INDEX(FIYAT_GENISLIK,MATCH($P6,FIYAT_KOD,0))="","",INDEX(FIYAT_GENISLIK,MATCH($P6,FIYAT_KOD,0)))<>"",$I6*IF(INDEX(FIYAT_GENISLIK,MATCH($P6,FIYAT_KOD,0))="","",INDEX(FIYAT_GENISLIK,MATCH($P6,FIYAT_KOD,0)))/MODUL_GENISLIK_MM,"")))) | V6: =IF(OR($C6<>"шина",$I6=""),"",$I6*INDEX(FIYAT_KGM,MATCH($P6,FIYAT_KOD,0))) | W6: =IF($H6="","",$H6) -> 14103 | Y6: DEVRE | Z6: =IF($P6="","",MAX(_xlfn.MAXIFS(DEVRE!$AM:$AM,DEVRE!$A:$A,$Q6,DEVRE!$C:$C,$P6),_xlfn.MAXIFS(DEVRE!$AM:$AM,DEVRE!$A:$A,$Q6,DEVRE!$H:$H,$P6))) -> 0 | AA6: =IF(OR($I6="",$Q6="",$P6=""),"",$I6*INDEX(PANO_ADET,MATCH($Q6,PANO_ID,0))) -> 3 | AB6: =IF($P6="",0,IF(AND($U6="",COUNTIF(ALAN_TIP_LIST,$C6)>0),1,0)) -> 1 | AC6: =IF(OR($P6="",$C6<>"kontaktör"),0,IF(IF(INDEX(FIYAT_BOBIN,MATCH($P6,FIYAT_KOD,0))="","",INDEX(FIYAT_BOBIN,MATCH($P6,FIYAT_KOD,0)))="",1,0)) -> 0
A7: =ROW()-1 -> 6 | B7: =$E7 -> Авт. выкл. NXB-125 3P 100A 10кА х-ка C | C7: OTO | D7: =IF($P7="","",IF(INDEX(FIYAT_ARTIKUL,MATCH($P7,FIYAT_KOD,0))="","",INDEX(FIYAT_ARTIKUL,MATCH($P7,FIYAT_KOD,0)))) -> 816141 | E7: =IF($P7="","",INDEX(FIYAT_ACK,MATCH($P7,FIYAT_KOD,0))) -> Авт. выкл. NXB-125 3P 100A 10кА х-ка C | F7: =IF($P7="","",IF(INDEX(FIYAT_LISTE,MATCH($P7,FIYAT_KOD,0))="","",INDEX(FIYAT_LISTE,MATCH($P7,FIYAT_KOD,0)))) -> 11015 | G7: =IF($P7="","",IF(INDEX(FIYAT_NET,MATCH($P7,FIYAT_KOD,0))="","",INDEX(FIYAT_NET,MATCH($P7,FIYAT_KOD,0)))) -> 6609 | H7: =IF(OR($G7="",$I7="",$M7="KONTROL",$M7="KAPSAM_DISI"),"",$G7*$I7) -> 6609 | I7: =SUMIFS(DEVRE!$T:$T,DEVRE!$A:$A,$Q7,DEVRE!$C:$C,$P7)+SUMIFS(DEVRE!$U:$U,DEVRE!$A:$A,$Q7,DEVRE!$H:$H,$P7) -> 1 | J7: =IF($P7="","",INDEX(FIYAT_BIRIM,MATCH($P7,FIYAT_KOD,0))) -> шт | K7: =IF($P7="","",INDEX(FIYAT_MARKA,MATCH($P7,FIYAT_KOD,0))) -> CHINT | L7: =IF($H7="","",$H7) -> 6609 | M7: =IF($P7="","",INDEX(DURUM_LIST,MATCH(MAX(INDEX(DURUM_SEV,MATCH(INDEX(FIYAT_DURUM,MATCH($P7,FIYAT_KOD,0)),DURUM_LIST,0)),IF($S7="",0,INDEX(DURUM_SEV,MATCH($S7,DURUM_LIST,0))),$Z7),DURUM_SEV,0))) -> OK | N7: DEVRE: МС-1 · şema 1 | O7: =IF($P7="","",INDEX(FIYAT_KAYNAK,MATCH($P7,FIYAT_KOD,0))) -> CHINT2608 | P7: CHINT-816141 | Q7: =$Q6 -> P01 | R7: MCB_3P | T7: =IF(OR($R7="",$I7=""),"",$I7*INDEX(NORM_DK,MATCH($R7,NORM_AD,0))) -> 8 | U7: =IF(OR($P7="",$I7=""),"",IF(IF(INDEX(FIYAT_ALAN,MATCH($P7,FIYAT_KOD,0))="","",INDEX(FIYAT_ALAN,MATCH($P7,FIYAT_KOD,0)))<>"",$I7*IF(INDEX(FIYAT_ALAN,MATCH($P7,FIYAT_KOD,0))="","",INDEX(FIYAT_ALAN,MATCH($P7,FIYAT_KOD,0))),IF(IF(INDEX(FIYAT_MODUL,MATCH($P7,FIYAT_KOD,0))="","",INDEX(FIYAT_MODUL,MATCH($P7,FIYAT_KOD,0)))<>"",$I7*IF(INDEX(FIYAT_MODUL,MATCH($P7,FIYAT_KOD,0))="","",INDEX(FIYAT_MODUL,MATCH($P7,FIYAT_KOD,0))),IF(IF(INDEX(FIYAT_GENISLIK,MATCH($P7,FIYAT_KOD,0))="","",INDEX(FIYAT_GENISLIK,MATCH($P7,FIYAT_KOD,0)))<>"",$I7*IF(INDEX(FIYAT_GENISLIK,MATCH($P7,FIYAT_KOD,0))="","",INDEX(FIYAT_GENISLIK,MATCH($P7,FIYAT_KOD,0)))/MODUL_GENISLIK_MM,"")))) -> 3 | V7: =IF(OR($C7<>"шина",$I7=""),"",$I7*INDEX(FIYAT_KGM,MATCH($P7,FIYAT_KOD,0))) | W7: =IF($H7="","",$H7) -> 6609 | Y7: DEVRE | Z7: =IF($P7="","",MAX(_xlfn.MAXIFS(DEVRE!$AM:$AM,DEVRE!$A:$A,$Q7,DEVRE!$C:$C,$P7),_xlfn.MAXIFS(DEVRE!$AM:$AM,DEVRE!$A:$A,$Q7,DEVRE!$H:$H,$P7))) -> 0 | AA7: =IF(OR($I7="",$Q7="",$P7=""),"",$I7*INDEX(PANO_ADET,MATCH($Q7,PANO_ID,0))) -> 1 | AB7: =IF($P7="",0,IF(AND($U7="",COUNTIF(ALAN_TIP_LIST,$C7)>0),1,0)) -> 0 | AC7: =IF(OR($P7="",$C7<>"kontaktör"),0,IF(IF(INDEX(FIYAT_BOBIN,MATCH($P7,FIYAT_KOD,0))="","",INDEX(FIYAT_BOBIN,MATCH($P7,FIYAT_KOD,0)))="",1,0)) -> 0
A8: =ROW()-1 -> 7 | B8: =$E8 -> Механическая блокировка MI-9 для NXC-120-225 | C8: аксессуар | D8: =IF($P8="","",IF(INDEX(FIYAT_ARTIKUL,MATCH($P8,FIYAT_KOD,0))="","",INDEX(FIYAT_ARTIKUL,MATCH($P8,FIYAT_KOD,0)))) -> 263761 | E8: =IF($P8="","",INDEX(FIYAT_ACK,MATCH($P8,FIYAT_KOD,0))) -> Механическая блокировка MI-9 для NXC-120-225 | F8: =IF($P8="","",IF(INDEX(FIYAT_LISTE,MATCH($P8,FIYAT_KOD,0))="","",INDEX(FIYAT_LISTE,MATCH($P8,FIYAT_KOD,0)))) -> 3506 | G8: =IF($P8="","",IF(INDEX(FIYAT_NET,MATCH($P8,FIYAT_KOD,0))="","",INDEX(FIYAT_NET,MATCH($P8,FIYAT_KOD,0)))) -> 2103.6 | H8: =IF(OR($G8="",$I8="",$M8="KONTROL",$M8="KAPSAM_DISI"),"",$G8*$I8) -> 2103.6 | I8: 1 | J8: =IF($P8="","",INDEX(FIYAT_BIRIM,MATCH($P8,FIYAT_KOD,0))) -> шт | K8: =IF($P8="","",INDEX(FIYAT_MARKA,MATCH($P8,FIYAT_KOD,0))) -> CHINT | L8: =IF($H8="","",$H8) -> 2103.6 | M8: =IF($P8="","",INDEX(DURUM_LIST,MATCH(MAX(INDEX(DURUM_SEV,MATCH(INDEX(FIYAT_DURUM,MATCH($P8,FIYAT_KOD,0)),DURUM_LIST,0)),IF($S8="",0,INDEX(DURUM_SEV,MATCH($S8,DURUM_LIST,0))),$Z8),DURUM_SEV,0))) -> VARSAYIM | N8: реверс (ОЛ s.11) → mekanik kilit MI-9 NXC-120..225 | O8: =IF($P8="","",INDEX(FIYAT_KAYNAK,MATCH($P8,FIYAT_KOD,0))) -> CHINT2608 | P8: CHINT-263761 | Q8: =$Q7 -> P01 | S8: VARSAYIM | T8: =IF(OR($R8="",$I8=""),"",$I8*INDEX(NORM_DK,MATCH($R8,NORM_AD,0))) | U8: =IF(OR($P8="",$I8=""),"",IF(IF(INDEX(FIYAT_ALAN,MATCH($P8,FIYAT_KOD,0))="","",INDEX(FIYAT_ALAN,MATCH($P8,FIYAT_KOD,0)))<>"",$I8*IF(INDEX(FIYAT_ALAN,MATCH($P8,FIYAT_KOD,0))="","",INDEX(FIYAT_ALAN,MATCH($P8,FIYAT_KOD,0))),IF(IF(INDEX(FIYAT_MODUL,MATCH($P8,FIYAT_KOD,0))="","",INDEX(FIYAT_MODUL,MATCH($P8,FIYAT_KOD,0)))<>"",$I8*IF(INDEX(FIYAT_MODUL,MATCH($P8,FIYAT_KOD,0))="","",INDEX(FIYAT_MODUL,MATCH($P8,FIYAT_KOD,0))),IF(IF(INDEX(FIYAT_GENISLIK,MATCH($P8,FIYAT_KOD,0))="","",INDEX(FIYAT_GENISLIK,MATCH($P8,FIYAT_KOD,0)))<>"",$I8*IF(INDEX(FIYAT_GENISLIK,MATCH($P8,FIYAT_KOD,0))="","",INDEX(FIYAT_GENISLIK,MATCH($P8,FIYAT_KOD,0)))/MODUL_GENISLIK_MM,"")))) | V8: =IF(OR($C8<>"шина",$I8=""),"",$I8*INDEX(FIYAT_KGM,MATCH($P8,FIYAT_KOD,0))) | W8: =IF($H8="","",$H8) -> 2103.6 | Y8: SEMA_DISI | Z8: =IF($P8="","",MAX(_xlfn.MAXIFS(DEVRE!$AM:$AM,DEVRE!$A:$A,$Q8,DEVRE!$C:$C,$P8),_xlfn.MAXIFS(DEVRE!$AM:$AM,DEVRE!$A:$A,$Q8,DEVRE!$H:$H,$P8))) -> 0 | AA8: =IF(OR($I8="",$Q8="",$P8=""),"",$I8*INDEX(PANO_ADET,MATCH($Q8,PANO_ID,0))) -> 1 | AB8: =IF($P8="",0,IF(AND($U8="",COUNTIF(ALAN_TIP_LIST,$C8)>0),1,0)) -> 0 | AC8: =IF(OR($P8="",$C8<>"kontaktör"),0,IF(IF(INDEX(FIYAT_BOBIN,MATCH($P8,FIYAT_KOD,0))="","",INDEX(FIYAT_BOBIN,MATCH($P8,FIYAT_KOD,0)))="",1,0)) -> 0
A9: =ROW()-1 -> 8 | B9: =$E9 -> Контактор 3P 125A AC-3 230V | C9: kontaktör | D9: =IF($P9="","",IF(INDEX(FIYAT_ARTIKUL,MATCH($P9,FIYAT_KOD,0))="","",INDEX(FIYAT_ARTIKUL,MATCH($P9,FIYAT_KOD,0)))) | E9: =IF($P9="","",INDEX(FIYAT_ACK,MATCH($P9,FIYAT_KOD,0))) -> Контактор 3P 125A AC-3 230V | F9: =IF($P9="","",IF(INDEX(FIYAT_LISTE,MATCH($P9,FIYAT_KOD,0))="","",INDEX(FIYAT_LISTE,MATCH($P9,FIYAT_KOD,0)))) | G9: =IF($P9="","",IF(INDEX(FIYAT_NET,MATCH($P9,FIYAT_KOD,0))="","",INDEX(FIYAT_NET,MATCH($P9,FIYAT_KOD,0)))) | H9: =IF(OR($G9="",$I9="",$M9="KONTROL",$M9="KAPSAM_DISI"),"",$G9*$I9) | I9: 2 | J9: =IF($P9="","",INDEX(FIYAT_BIRIM,MATCH($P9,FIYAT_KOD,0))) -> шт | K9: =IF($P9="","",INDEX(FIYAT_MARKA,MATCH($P9,FIYAT_KOD,0))) -> CHINT | L9: =IF($H9="","",$H9) | M9: =IF($P9="","",INDEX(DURUM_LIST,MATCH(MAX(INDEX(DURUM_SEV,MATCH(INDEX(FIYAT_DURUM,MATCH($P9,FIYAT_KOD,0)),DURUM_LIST,0)),IF($S9="",0,INDEX(DURUM_SEV,MATCH($S9,DURUM_LIST,0))),$Z9),DURUM_SEV,0))) -> FIYAT_YOK | N9: KM1.1, KM1.2 КМИ-49512 125А 230В (ОЛ s.11); CHINT 125A AC-3 yok | O9: =IF($P9="","",INDEX(FIYAT_KAYNAK,MATCH($P9,FIYAT_KOD,0))) -> CHINT2608 | P9: YOK-KONTAKTOR-3P-125-230V | Q9: =$Q8 -> P01 | R9: KONTAKTOR | T9: =IF(OR($R9="",$I9=""),"",$I9*INDEX(NORM_DK,MATCH($R9,NORM_AD,0))) -> 0 | U9: =IF(OR($P9="",$I9=""),"",IF(IF(INDEX(FIYAT_ALAN,MATCH($P9,FIYAT_KOD,0))="","",INDEX(FIYAT_ALAN,MATCH($P9,FIYAT_KOD,0)))<>"",$I9*IF(INDEX(FIYAT_ALAN,MATCH($P9,FIYAT_KOD,0))="","",INDEX(FIYAT_ALAN,MATCH($P9,FIYAT_KOD,0))),IF(IF(INDEX(FIYAT_MODUL,MATCH($P9,FIYAT_KOD,0))="","",INDEX(FIYAT_MODUL,MATCH($P9,FIYAT_KOD,0)))<>"",$I9*IF(INDEX(FIYAT_MODUL,MATCH($P9,FIYAT_KOD,0))="","",INDEX(FIYAT_MODUL,MATCH($P9,FIYAT_KOD,0))),IF(IF(INDEX(FIYAT_GENISLIK,MATCH($P9,FIYAT_KOD,0))="","",INDEX(FIYAT_GENISLIK,MATCH($P9,FIYAT_KOD,0)))<>"",$I9*IF(INDEX(FIYAT_GENISLIK,MATCH($P9,FIYAT_KOD,0))="","",INDEX(FIYAT_GENISLIK,MATCH($P9,FIYAT_KOD,0)))/MODUL_GENISLIK_MM,"")))) | V9: =IF(OR($C9<>"шина",$I9=""),"",$I9*INDEX(FIYAT_KGM,MATCH($P9,FIYAT_KOD,0))) | W9: =IF($H9="","",$H9) | Y9: SEMA_DISI | Z9: =IF($P9="","",MAX(_xlfn.MAXIFS(DEVRE!$AM:$AM,DEVRE!$A:$A,$Q9,DEVRE!$C:$C,$P9),_xlfn.MAXIFS(DEVRE!$AM:$AM,DEVRE!$A:$A,$Q9,DEVRE!$H:$H,$P9))) -> 0 | AA9: =IF(OR($I9="",$Q9="",$P9=""),"",$I9*INDEX(PANO_ADET,MATCH($Q9,PANO_ID,0))) -> 2 | AB9: =IF($P9="",0,IF(AND($U9="",COUNTIF(ALAN_TIP_LIST,$C9)>0),1,0)) -> 1 | AC9: =IF(OR($P9="",$C9<>"kontaktör"),0,IF(IF(INDEX(FIYAT_BOBIN,MATCH($P9,FIYAT_KOD,0))="","",INDEX(FIYAT_BOBIN,MATCH($P9,FIYAT_KOD,0)))="",1,0)) -> 0
A10: =ROW()-1 -> 9 | B10: =$E10 -> Авт. выкл. NXB-63 1P 6A 6кА х-ка C | C10: OTO | D10: =IF($P10="","",IF(INDEX(FIYAT_ARTIKUL,MATCH($P10,FIYAT_KOD,0))="","",INDEX(FIYAT_ARTIKUL,MATCH($P10,FIYAT_KOD,0)))) -> 814012 | E10: =IF($P10="","",INDEX(FIYAT_ACK,MATCH($P10,FIYAT_KOD,0))) -> Авт. выкл. NXB-63 1P 6A 6кА х-ка C | F10: =IF($P10="","",IF(INDEX(FIYAT_LISTE,MATCH($P10,FIYAT_KOD,0))="","",INDEX(FIYAT_LISTE,MATCH($P10,FIYAT_KOD,0)))) -> 1436 | G10: =IF($P10="","",IF(INDEX(FIYAT_NET,MATCH($P10,FIYAT_KOD,0))="","",INDEX(FIYAT_NET,MATCH($P10,FIYAT_KOD,0)))) -> 861.6 | H10: =IF(OR($G10="",$I10="",$M10="KONTROL",$M10="KAPSAM_DISI"),"",$G10*$I10) -> 4308 | I10: =SUMIFS(DEVRE!$T:$T,DEVRE!$A:$A,$Q10,DEVRE!$C:$C,$P10)+SUMIFS(DEVRE!$U:$U,DEVRE!$A:$A,$Q10,DEVRE!$H:$H,$P10) -> 5 | J10: =IF($P10="","",INDEX(FIYAT_BIRIM,MATCH($P10,FIYAT_KOD,0))) -> шт | K10: =IF($P10="","",INDEX(FIYAT_MARKA,MATCH($P10,FIYAT_KOD,0))) -> CHINT | L10: =IF($H10="","",$H10) -> 4308 | M10: =IF($P10="","",INDEX(DURUM_LIST,MATCH(MAX(INDEX(DURUM_SEV,MATCH(INDEX(FIYAT_DURUM,MATCH($P10,FIYAT_KOD,0)),DURUM_LIST,0)),IF($S10="",0,INDEX(DURUM_SEV,MATCH($S10,DURUM_LIST,0))),$Z10),DURUM_SEV,0))) -> OTO | N10: DEVRE: QF3, QF4, QF-OTO1, QF-OTO2, QF-OTO3 · şema 2 · OTO 3 | O10: =IF($P10="","",INDEX(FIYAT_KAYNAK,MATCH($P10,FIYAT_KOD,0))) -> CHINT2608 | P10: CHINT-814012 | Q10: =$Q9 -> P01 | R10: KUMANDA_MCB | T10: =IF(OR($R10="",$I10=""),"",$I10*INDEX(NORM_DK,MATCH($R10,NORM_AD,0))) -> 0 | U10: =IF(OR($P10="",$I10=""),"",IF(IF(INDEX(FIYAT_ALAN,MATCH($P10,FIYAT_KOD,0))="","",INDEX(FIYAT_ALAN,MATCH($P10,FIYAT_KOD,0)))<>"",$I10*IF(INDEX(FIYAT_ALAN,MATCH($P10,FIYAT_KOD,0))="","",INDEX(FIYAT_ALAN,MATCH($P10,FIYAT_KOD,0))),IF(IF(INDEX(FIYAT_MODUL,MATCH($P10,FIYAT_KOD,0))="","",INDEX(FIYAT_MODUL,MATCH($P10,FIYAT_KOD,0)))<>"",$I10*IF(INDEX(FIYAT_MODUL,MATCH($P10,FIYAT_KOD,0))="","",INDEX(FIYAT_MODUL,MATCH($P10,FIYAT_KOD,0))),IF(IF(INDEX(FIYAT_GENISLIK,MATCH($P10,FIYAT_KOD,0))="","",INDEX(FIYAT_GENISLIK,MATCH($P10,FIYAT_KOD,0)))<>"",$I10*IF(INDEX(FIYAT_GENISLIK,MATCH($P10,FIYAT_KOD,0))="","",INDEX(FIYAT_GENISLIK,MATCH($P10,FIYAT_KOD,0)))/MODUL_GENISLIK_MM,"")))) -> 5 | V10: =IF(OR($C10<>"шина",$I10=""),"",$I10*INDEX(FIYAT_KGM,MATCH($P10,FIYAT_KOD,0))) | W10: =IF($H10="","",$H10) -> 4308 | Y10: DEVRE | Z10: =IF($P10="","",MAX(_xlfn.MAXIFS(DEVRE!$AM:$AM,DEVRE!$A:$A,$Q10,DEVRE!$C:$C,$P10),_xlfn.MAXIFS(DEVRE!$AM:$AM,DEVRE!$A:$A,$Q10,DEVRE!$H:$H,$P10))) -> 1 | AA10: =IF(OR($I10="",$Q10="",$P10=""),"",$I10*INDEX(PANO_ADET,MATCH($Q10,PANO_ID,0))) -> 5 | AB10: =IF($P10="",0,IF(AND($U10="",COUNTIF(ALAN_TIP_LIST,$C10)>0),1,0)) -> 0 | AC10: =IF(OR($P10="",$C10<>"kontaktör"),0,IF(IF(INDEX(FIYAT_BOBIN,MATCH($P10,FIYAT_KOD,0))="","",INDEX(FIYAT_BOBIN,MATCH($P10,FIYAT_KOD,0)))="",1,0)) -> 0
A11: =ROW()-1 -> 10 | B11: =$E11 -> Реле контроля фаз NJB1-X AC380V | C11: Röle | D11: =IF($P11="","",IF(INDEX(FIYAT_ARTIKUL,MATCH($P11,FIYAT_KOD,0))="","",INDEX(FIYAT_ARTIKUL,MATCH($P11,FIYAT_KOD,0)))) -> 310008 | E11: =IF($P11="","",INDEX(FIYAT_ACK,MATCH($P11,FIYAT_KOD,0))) -> Реле контроля фаз NJB1-X AC380V | F11: =IF($P11="","",IF(INDEX(FIYAT_LISTE,MATCH($P11,FIYAT_KOD,0))="","",INDEX(FIYAT_LISTE,MATCH($P11,FIYAT_KOD,0)))) -> 16808 | G11: =IF($P11="","",IF(INDEX(FIYAT_NET,MATCH($P11,FIYAT_KOD,0))="","",INDEX(FIYAT_NET,MATCH($P11,FIYAT_KOD,0)))) -> 10084.8 | H11: =IF(OR($G11="",$I11="",$M11="KONTROL",$M11="KAPSAM_DISI"),"",$G11*$I11) -> 20169.6 | I11: 2 | J11: =IF($P11="","",INDEX(FIYAT_BIRIM,MATCH($P11,FIYAT_KOD,0))) -> шт | K11: =IF($P11="","",INDEX(FIYAT_MARKA,MATCH($P11,FIYAT_KOD,0))) -> CHINT | L11: =IF($H11="","",$H11) -> 20169.6 | M11: =IF($P11="","",INDEX(DURUM_LIST,MATCH(MAX(INDEX(DURUM_SEV,MATCH(INDEX(FIYAT_DURUM,MATCH($P11,FIYAT_KOD,0)),DURUM_LIST,0)),IF($S11="",0,INDEX(DURUM_SEV,MATCH($S11,DURUM_LIST,0))),$Z11),DURUM_SEV,0))) -> VARSAYIM | N11: Реле фаз ORF ×2 (ОЛ s.11) → NJB1-X AC380V | O11: =IF($P11="","",INDEX(FIYAT_KAYNAK,MATCH($P11,FIYAT_KOD,0))) -> CHINT2608 | P11: CHINT-310008 | Q11: =$Q10 -> P01 | R11: AVR_KONTROL | S11: VARSAYIM | T11: =IF(OR($R11="",$I11=""),"",$I11*INDEX(NORM_DK,MATCH($R11,NORM_AD,0))) -> 0 | U11: =IF(OR($P11="",$I11=""),"",IF(IF(INDEX(FIYAT_ALAN,MATCH($P11,FIYAT_KOD,0))="","",INDEX(FIYAT_ALAN,MATCH($P11,FIYAT_KOD,0)))<>"",$I11*IF(INDEX(FIYAT_ALAN,MATCH($P11,FIYAT_KOD,0))="","",INDEX(FIYAT_ALAN,MATCH($P11,FIYAT_KOD,0))),IF(IF(INDEX(FIYAT_MODUL,MATCH($P11,FIYAT_KOD,0))="","",INDEX(FIYAT_MODUL,MATCH($P11,FIYAT_KOD,0)))<>"",$I11*IF(INDEX(FIYAT_MODUL,MATCH($P11,FIYAT_KOD,0))="","",INDEX(FIYAT_MODUL,MATCH($P11,FIYAT_KOD,0))),IF(IF(INDEX(FIYAT_GENISLIK,MATCH($P11,FIYAT_KOD,0))="","",INDEX(FIYAT_GENISLIK,MATCH($P11,FIYAT_KOD,0)))<>"",$I11*IF(INDEX(FIYAT_GENISLIK,MATCH($P11,FIYAT_KOD,0))="","",INDEX(FIYAT_GENISLIK,MATCH($P11,FIYAT_KOD,0)))/MODUL_GENISLIK_MM,"")))) | V11: =IF(OR($C11<>"шина",$I11=""),"",$I11*INDEX(FIYAT_KGM,MATCH($P11,FIYAT_KOD,0))) | W11: =IF($H11="","",$H11) -> 20169.6 | Y11: SEMA_DISI | Z11: =IF($P11="","",MAX(_xlfn.MAXIFS(DEVRE!$AM:$AM,DEVRE!$A:$A,$Q11,DEVRE!$C:$C,$P11),_xlfn.MAXIFS(DEVRE!$AM:$AM,DEVRE!$A:$A,$Q11,DEVRE!$H:$H,$P11))) -> 0 | AA11: =IF(OR($I11="",$Q11="",$P11=""),"",$I11*INDEX(PANO_ADET,MATCH($Q11,PANO_ID,0))) -> 2 | AB11: =IF($P11="",0,IF(AND($U11="",COUNTIF(ALAN_TIP_LIST,$C11)>0),1,0)) -> 0 | AC11: =IF(OR($P11="",$C11<>"kontaktör"),0,IF(IF(INDEX(FIYAT_BOBIN,MATCH($P11,FIYAT_KOD,0))="","",INDEX(FIYAT_BOBIN,MATCH($P11,FIYAT_KOD,0)))="",1,0)) -> 0
A12: =ROW()-1 -> 11 | B12: =$E12 -> Светильник ЛПО 2001 8Вт | C12: lamb | D12: =IF($P12="","",IF(INDEX(FIYAT_ARTIKUL,MATCH($P12,FIYAT_KOD,0))="","",INDEX(FIYAT_ARTIKUL,MATCH($P12,FIYAT_KOD,0)))) | E12: =IF($P12="","",INDEX(FIYAT_ACK,MATCH($P12,FIYAT_KOD,0))) -> Светильник ЛПО 2001 8Вт | F12: =IF($P12="","",IF(INDEX(FIYAT_LISTE,MATCH($P12,FIYAT_KOD,0))="","",INDEX(FIYAT_LISTE,MATCH($P12,FIYAT_KOD,0)))) | G12: =IF($P12="","",IF(INDEX(FIYAT_NET,MATCH($P12,FIYAT_KOD,0))="","",INDEX(FIYAT_NET,MATCH($P12,FIYAT_KOD,0)))) | H12: =IF(OR($G12="",$I12="",$M12="KONTROL",$M12="KAPSAM_DISI"),"",$G12*$I12) | I12: 2 | J12: =IF($P12="","",INDEX(FIYAT_BIRIM,MATCH($P12,FIYAT_KOD,0))) -> шт | K12: =IF($P12="","",INDEX(FIYAT_MARKA,MATCH($P12,FIYAT_KOD,0))) -> CHINT | L12: =IF($H12="","",$H12) | M12: =IF($P12="","",INDEX(DURUM_LIST,MATCH(MAX(INDEX(DURUM_SEV,MATCH(INDEX(FIYAT_DURUM,MATCH($P12,FIYAT_KOD,0)),DURUM_LIST,0)),IF($S12="",0,INDEX(DURUM_SEV,MATCH($S12,DURUM_LIST,0))),$Z12),DURUM_SEV,0))) -> FIYAT_YOK | N12: HL1, HL2 ЛПО 2001 8Вт (ОЛ s.11) | O12: =IF($P12="","",INDEX(FIYAT_KAYNAK,MATCH($P12,FIYAT_KOD,0))) -> CHINT2608 | P12: YOK-LAMB-LPO2001-8W | Q12: =$Q11 -> P01 | R12: PRIZ_AYD | T12: =IF(OR($R12="",$I12=""),"",$I12*INDEX(NORM_DK,MATCH($R12,NORM_AD,0))) -> 0 | U12: =IF(OR($P12="",$I12=""),"",IF(IF(INDEX(FIYAT_ALAN,MATCH($P12,FIYAT_KOD,0))="","",INDEX(FIYAT_ALAN,MATCH($P12,FIYAT_KOD,0)))<>"",$I12*IF(INDEX(FIYAT_ALAN,MATCH($P12,FIYAT_KOD,0))="","",INDEX(FIYAT_ALAN,MATCH($P12,FIYAT_KOD,0))),IF(IF(INDEX(FIYAT_MODUL,MATCH($P12,FIYAT_KOD,0))="","",INDEX(FIYAT_MODUL,MATCH($P12,FIYAT_KOD,0)))<>"",$I12*IF(INDEX(FIYAT_MODUL,MATCH($P12,FIYAT_KOD,0))="","",INDEX(FIYAT_MODUL,MATCH($P12,FIYAT_KOD,0))),IF(IF(INDEX(FIYAT_GENISLIK,MATCH($P12,FIYAT_KOD,0))="","",INDEX(FIYAT_GENISLIK,MATCH($P12,FIYAT_KOD,0)))<>"",$I12*IF(INDEX(FIYAT_GENISLIK,MATCH($P12,FIYAT_KOD,0))="","",INDEX(FIYAT_GENISLIK,MATCH($P12,FIYAT_KOD,0)))/MODUL_GENISLIK_MM,"")))) | V12: =IF(OR($C12<>"шина",$I12=""),"",$I12*INDEX(FIYAT_KGM,MATCH($P12,FIYAT_KOD,0))) | W12: =IF($H12="","",$H12) | Y12: SEMA_DISI | Z12: =IF($P12="","",MAX(_xlfn.MAXIFS(DEVRE!$AM:$AM,DEVRE!$A:$A,$Q12,DEVRE!$C:$C,$P12),_xlfn.MAXIFS(DEVRE!$AM:$AM,DEVRE!$A:$A,$Q12,DEVRE!$H:$H,$P12))) -> 0 | AA12: =IF(OR($I12="",$Q12="",$P12=""),"",$I12*INDEX(PANO_ADET,MATCH($Q12,PANO_ID,0))) -> 2 | AB12: =IF($P12="",0,IF(AND($U12="",COUNTIF(ALAN_TIP_LIST,$C12)>0),1,0)) -> 0 | AC12: =IF(OR($P12="",$C12<>"kontaktör"),0,IF(IF(INDEX(FIYAT_BOBIN,MATCH($P12,FIYAT_KOD,0))="","",INDEX(FIYAT_BOBIN,MATCH($P12,FIYAT_KOD,0)))="",1,0)) -> 0
A13: =ROW()-1 -> 12 | B13: =$E13 | C13: аксессуар | D13: =IF($P13="","",IF(INDEX(FIYAT_ARTIKUL,MATCH($P13,FIYAT_KOD,0))="","",INDEX(FIYAT_ARTIKUL,MATCH($P13,FIYAT_KOD,0)))) | E13: =IF($P13="","",INDEX(FIYAT_ACK,MATCH($P13,FIYAT_KOD,0))) | F13: =IF($P13="","",IF(INDEX(FIYAT_LISTE,MATCH($P13,FIYAT_KOD,0))="","",INDEX(FIYAT_LISTE,MATCH($P13,FIYAT_KOD,0)))) | G13: =IF($P13="","",IF(INDEX(FIYAT_NET,MATCH($P13,FIYAT_KOD,0))="","",INDEX(FIYAT_NET,MATCH($P13,FIYAT_KOD,0)))) | H13: =IF(OR($G13="",$I13="",$M13="KONTROL",$M13="KAPSAM_DISI"),"",$G13*$I13) | I13: =IF(INDEX(PANO_GIRIS,MATCH($Q13,PANO_ID,0))="EVET",1,"") -> 1 | J13: =IF($P13="","",INDEX(FIYAT_BIRIM,MATCH($P13,FIYAT_KOD,0))) | K13: =IF($P13="","",INDEX(FIYAT_MARKA,MATCH($P13,FIYAT_KOD,0))) | L13: =IF($H13="","",$H13) | M13: =IF($P13="","",INDEX(DURUM_LIST,MATCH(MAX(INDEX(DURUM_SEV,MATCH(INDEX(FIYAT_DURUM,MATCH($P13,FIYAT_KOD,0)),DURUM_LIST,0)),IF($S13="",0,INDEX(DURUM_SEV,MATCH($S13,DURUM_LIST,0))),$Z13),DURUM_SEV,0))) | N13: ГЗШ · GZS_KOD boş | O13: =IF($P13="","",INDEX(FIYAT_KAYNAK,MATCH($P13,FIYAT_KOD,0))) | P13: =IF(GZS_KOD="","",GZS_KOD) | Q13: =$Q12 -> P01 | S13: OTO | T13: =IF(OR($R13="",$I13=""),"",$I13*INDEX(NORM_DK,MATCH($R13,NORM_AD,0))) | U13: =IF(OR($P13="",$I13=""),"",IF(IF(INDEX(FIYAT_ALAN,MATCH($P13,FIYAT_KOD,0))="","",INDEX(FIYAT_ALAN,MATCH($P13,FIYAT_KOD,0)))<>"",$I13*IF(INDEX(FIYAT_ALAN,MATCH($P13,FIYAT_KOD,0))="","",INDEX(FIYAT_ALAN,MATCH($P13,FIYAT_KOD,0))),IF(IF(INDEX(FIYAT_MODUL,MATCH($P13,FIYAT_KOD,0))="","",INDEX(FIYAT_MODUL,MATCH($P13,FIYAT_KOD,0)))<>"",$I13*IF(INDEX(FIYAT_MODUL,MATCH($P13,FIYAT_KOD,0))="","",INDEX(FIYAT_MODUL,MATCH($P13,FIYAT_KOD,0))),IF(IF(INDEX(FIYAT_GENISLIK,MATCH($P13,FIYAT_KOD,0))="","",INDEX(FIYAT_GENISLIK,MATCH($P13,FIYAT_KOD,0)))<>"",$I13*IF(INDEX(FIYAT_GENISLIK,MATCH($P13,FIYAT_KOD,0))="","",INDEX(FIYAT_GENISLIK,MATCH($P13,FIYAT_KOD,0)))/MODUL_GENISLIK_MM,"")))) | V13: =IF(OR($C13<>"шина",$I13=""),"",$I13*INDEX(FIYAT_KGM,MATCH($P13,FIYAT_KOD,0))) | W13: =IF($H13="","",$H13) | Y13: OTO:GZS | Z13: =IF($P13="","",MAX(_xlfn.MAXIFS(DEVRE!$AM:$AM,DEVRE!$A:$A,$Q13,DEVRE!$C:$C,$P13),_xlfn.MAXIFS(DEVRE!$AM:$AM,DEVRE!$A:$A,$Q13,DEVRE!$H:$H,$P13))) | AA13: =IF(OR($I13="",$Q13="",$P13=""),"",$I13*INDEX(PANO_ADET,MATCH($Q13,PANO_ID,0))) | AB13: =IF($P13="",0,IF(AND($U13="",COUNTIF(ALAN_TIP_LIST,$C13)>0),1,0)) -> 0 | AC13: =IF(OR($P13="",$C13<>"kontaktör"),0,IF(IF(INDEX(FIYAT_BOBIN,MATCH($P13,FIYAT_KOD,0))="","",INDEX(FIYAT_BOBIN,MATCH($P13,FIYAT_KOD,0)))="",1,0)) -> 0
A14: =ROW()-1 -> 13 | B14: =$E14 | C14: аксессуар | D14: =IF($P14="","",IF(INDEX(FIYAT_ARTIKUL,MATCH($P14,FIYAT_KOD,0))="","",INDEX(FIYAT_ARTIKUL,MATCH($P14,FIYAT_KOD,0)))) | E14: =IF($P14="","",INDEX(FIYAT_ACK,MATCH($P14,FIYAT_KOD,0))) | F14: =IF($P14="","",IF(INDEX(FIYAT_LISTE,MATCH($P14,FIYAT_KOD,0))="","",INDEX(FIYAT_LISTE,MATCH($P14,FIYAT_KOD,0)))) | G14: =IF($P14="","",IF(INDEX(FIYAT_NET,MATCH($P14,FIYAT_KOD,0))="","",INDEX(FIYAT_NET,MATCH($P14,FIYAT_KOD,0)))) | H14: =IF(OR($G14="",$I14="",$M14="KONTROL",$M14="KAPSAM_DISI"),"",$G14*$I14) | I14: =IF(INDEX(PANO_PEN,MATCH($Q14,PANO_ID,0))=0,"",1) | J14: =IF($P14="","",INDEX(FIYAT_BIRIM,MATCH($P14,FIYAT_KOD,0))) | K14: =IF($P14="","",INDEX(FIYAT_MARKA,MATCH($P14,FIYAT_KOD,0))) | L14: =IF($H14="","",$H14) | M14: =IF($P14="","",INDEX(DURUM_LIST,MATCH(MAX(INDEX(DURUM_SEV,MATCH(INDEX(FIYAT_DURUM,MATCH($P14,FIYAT_KOD,0)),DURUM_LIST,0)),IF($S14="",0,INDEX(DURUM_SEV,MATCH($S14,DURUM_LIST,0))),$Z14),DURUM_SEV,0))) | N14: PEN köprüsü (TN-C-S ise) | O14: =IF($P14="","",INDEX(FIYAT_KAYNAK,MATCH($P14,FIYAT_KOD,0))) | P14: =IF(PEN_KOPRU_KOD="","",PEN_KOPRU_KOD) | Q14: =$Q13 -> P01 | S14: OTO | T14: =IF(OR($R14="",$I14=""),"",$I14*INDEX(NORM_DK,MATCH($R14,NORM_AD,0))) | U14: =IF(OR($P14="",$I14=""),"",IF(IF(INDEX(FIYAT_ALAN,MATCH($P14,FIYAT_KOD,0))="","",INDEX(FIYAT_ALAN,MATCH($P14,FIYAT_KOD,0)))<>"",$I14*IF(INDEX(FIYAT_ALAN,MATCH($P14,FIYAT_KOD,0))="","",INDEX(FIYAT_ALAN,MATCH($P14,FIYAT_KOD,0))),IF(IF(INDEX(FIYAT_MODUL,MATCH($P14,FIYAT_KOD,0))="","",INDEX(FIYAT_MODUL,MATCH($P14,FIYAT_KOD,0)))<>"",$I14*IF(INDEX(FIYAT_MODUL,MATCH($P14,FIYAT_KOD,0))="","",INDEX(FIYAT_MODUL,MATCH($P14,FIYAT_KOD,0))),IF(IF(INDEX(FIYAT_GENISLIK,MATCH($P14,FIYAT_KOD,0))="","",INDEX(FIYAT_GENISLIK,MATCH($P14,FIYAT_KOD,0)))<>"",$I14*IF(INDEX(FIYAT_GENISLIK,MATCH($P14,FIYAT_KOD,0))="","",INDEX(FIYAT_GENISLIK,MATCH($P14,FIYAT_KOD,0)))/MODUL_GENISLIK_MM,"")))) | V14: =IF(OR($C14<>"шина",$I14=""),"",$I14*INDEX(FIYAT_KGM,MATCH($P14,FIYAT_KOD,0))) | W14: =IF($H14="","",$H14) | Y14: OTO:PEN | Z14: =IF($P14="","",MAX(_xlfn.MAXIFS(DEVRE!$AM:$AM,DEVRE!$A:$A,$Q14,DEVRE!$C:$C,$P14),_xlfn.MAXIFS(DEVRE!$AM:$AM,DEVRE!$A:$A,$Q14,DEVRE!$H:$H,$P14))) | AA14: =IF(OR($I14="",$Q14="",$P14=""),"",$I14*INDEX(PANO_ADET,MATCH($Q14,PANO_ID,0))) | AB14: =IF($P14="",0,IF(AND($U14="",COUNTIF(ALAN_TIP_LIST,$C14)>0),1,0)) -> 0 | AC14: =IF(OR($P14="",$C14<>"kontaktör"),0,IF(IF(INDEX(FIYAT_BOBIN,MATCH($P14,FIYAT_KOD,0))="","",INDEX(FIYAT_BOBIN,MATCH($P14,FIYAT_KOD,0)))="",1,0)) -> 0
A15: =ROW()-1 -> 14 | B15: =$E15 | C15: аксессуар | D15: =IF($P15="","",IF(INDEX(FIYAT_ARTIKUL,MATCH($P15,FIYAT_KOD,0))="","",INDEX(FIYAT_ARTIKUL,MATCH($P15,FIYAT_KOD,0)))) | E15: =IF($P15="","",INDEX(FIYAT_ACK,MATCH($P15,FIYAT_KOD,0))) | F15: =IF($P15="","",IF(INDEX(FIYAT_LISTE,MATCH($P15,FIYAT_KOD,0))="","",INDEX(FIYAT_LISTE,MATCH($P15,FIYAT_KOD,0)))) | G15: =IF($P15="","",IF(INDEX(FIYAT_NET,MATCH($P15,FIYAT_KOD,0))="","",INDEX(FIYAT_NET,MATCH($P15,FIYAT_KOD,0)))) | H15: =IF(OR($G15="",$I15="",$M15="KONTROL",$M15="KAPSAM_DISI"),"",$G15*$I15) | I15: =IF(INDEX(PANO_BARA_GEREK,MATCH($Q15,PANO_ID,0))="HAYIR",2,"") -> 2 | J15: =IF($P15="","",INDEX(FIYAT_BIRIM,MATCH($P15,FIYAT_KOD,0))) | K15: =IF($P15="","",INDEX(FIYAT_MARKA,MATCH($P15,FIYAT_KOD,0))) | L15: =IF($H15="","",$H15) | M15: =IF($P15="","",INDEX(DURUM_LIST,MATCH(MAX(INDEX(DURUM_SEV,MATCH(INDEX(FIYAT_DURUM,MATCH($P15,FIYAT_KOD,0)),DURUM_LIST,0)),IF($S15="",0,INDEX(DURUM_SEV,MATCH($S15,DURUM_LIST,0))),$Z15),DURUM_SEV,0))) | N15: N/PE barası · NOTR_BARA_KOD boş | O15: =IF($P15="","",INDEX(FIYAT_KAYNAK,MATCH($P15,FIYAT_KOD,0))) | P15: =IF(NOTR_BARA_KOD="","",NOTR_BARA_KOD) | Q15: =$Q14 -> P01 | S15: OTO | T15: =IF(OR($R15="",$I15=""),"",$I15*INDEX(NORM_DK,MATCH($R15,NORM_AD,0))) | U15: =IF(OR($P15="",$I15=""),"",IF(IF(INDEX(FIYAT_ALAN,MATCH($P15,FIYAT_KOD,0))="","",INDEX(FIYAT_ALAN,MATCH($P15,FIYAT_KOD,0)))<>"",$I15*IF(INDEX(FIYAT_ALAN,MATCH($P15,FIYAT_KOD,0))="","",INDEX(FIYAT_ALAN,MATCH($P15,FIYAT_KOD,0))),IF(IF(INDEX(FIYAT_MODUL,MATCH($P15,FIYAT_KOD,0))="","",INDEX(FIYAT_MODUL,MATCH($P15,FIYAT_KOD,0)))<>"",$I15*IF(INDEX(FIYAT_MODUL,MATCH($P15,FIYAT_KOD,0))="","",INDEX(FIYAT_MODUL,MATCH($P15,FIYAT_KOD,0))),IF(IF(INDEX(FIYAT_GENISLIK,MATCH($P15,FIYAT_KOD,0))="","",INDEX(FIYAT_GENISLIK,MATCH($P15,FIYAT_KOD,0)))<>"",$I15*IF(INDEX(FIYAT_GENISLIK,MATCH($P15,FIYAT_KOD,0))="","",INDEX(FIYAT_GENISLIK,MATCH($P15,FIYAT_KOD,0)))/MODUL_GENISLIK_MM,"")))) | V15: =IF(OR($C15<>"шина",$I15=""),"",$I15*INDEX(FIYAT_KGM,MATCH($P15,FIYAT_KOD,0))) | W15: =IF($H15="","",$H15) | Y15: OTO:NPE | Z15: =IF($P15="","",MAX(_xlfn.MAXIFS(DEVRE!$AM:$AM,DEVRE!$A:$A,$Q15,DEVRE!$C:$C,$P15),_xlfn.MAXIFS(DEVRE!$AM:$AM,DEVRE!$A:$A,$Q15,DEVRE!$H:$H,$P15))) | AA15: =IF(OR($I15="",$Q15="",$P15=""),"",$I15*INDEX(PANO_ADET,MATCH($Q15,PANO_ID,0))) | AB15: =IF($P15="",0,IF(AND($U15="",COUNTIF(ALAN_TIP_LIST,$C15)>0),1,0)) -> 0 | AC15: =IF(OR($P15="",$C15<>"kontaktör"),0,IF(IF(INDEX(FIYAT_BOBIN,MATCH($P15,FIYAT_KOD,0))="","",INDEX(FIYAT_BOBIN,MATCH($P15,FIYAT_KOD,0)))="",1,0)) -> 0
A16: =ROW()-1 -> 15 | B16: =$E16 | C16: DIN | D16: =IF($P16="","",IF(INDEX(FIYAT_ARTIKUL,MATCH($P16,FIYAT_KOD,0))="","",INDEX(FIYAT_ARTIKUL,MATCH($P16,FIYAT_KOD,0)))) | E16: =IF($P16="","",INDEX(FIYAT_ACK,MATCH($P16,FIYAT_KOD,0))) | F16: =IF($P16="","",IF(INDEX(FIYAT_LISTE,MATCH($P16,FIYAT_KOD,0))="","",INDEX(FIYAT_LISTE,MATCH($P16,FIYAT_KOD,0)))) | G16: =IF($P16="","",IF(INDEX(FIYAT_NET,MATCH($P16,FIYAT_KOD,0))="","",INDEX(FIYAT_NET,MATCH($P16,FIYAT_KOD,0)))) | H16: =IF(OR($G16="",$I16="",$M16="KONTROL",$M16="KAPSAM_DISI"),"",$G16*$I16) | I16: =INDEX(PANO_DIN_M,MATCH($Q16,PANO_ID,0)) | J16: =IF($P16="","",INDEX(FIYAT_BIRIM,MATCH($P16,FIYAT_KOD,0))) | K16: =IF($P16="","",INDEX(FIYAT_MARKA,MATCH($P16,FIYAT_KOD,0))) | L16: =IF($H16="","",$H16) | M16: =IF($P16="","",INDEX(DURUM_LIST,MATCH(MAX(INDEX(DURUM_SEV,MATCH(INDEX(FIYAT_DURUM,MATCH($P16,FIYAT_KOD,0)),DURUM_LIST,0)),IF($S16="",0,INDEX(DURUM_SEV,MATCH($S16,DURUM_LIST,0))),$Z16),DURUM_SEV,0))) | N16: DIN ray · DINRAY_KOD / SIRA_ARALIK_MM / KORPUS_IC_PAY_M boş | O16: =IF($P16="","",INDEX(FIYAT_KAYNAK,MATCH($P16,FIYAT_KOD,0))) | P16: =IF(DINRAY_KOD="","",DINRAY_KOD) | Q16: =$Q15 -> P01 | R16: DINRAY_M | S16: OTO | T16: =IF(OR($R16="",$I16=""),"",$I16*INDEX(NORM_DK,MATCH($R16,NORM_AD,0))) | U16: =IF(OR($P16="",$I16=""),"",IF(IF(INDEX(FIYAT_ALAN,MATCH($P16,FIYAT_KOD,0))="","",INDEX(FIYAT_ALAN,MATCH($P16,FIYAT_KOD,0)))<>"",$I16*IF(INDEX(FIYAT_ALAN,MATCH($P16,FIYAT_KOD,0))="","",INDEX(FIYAT_ALAN,MATCH($P16,FIYAT_KOD,0))),IF(IF(INDEX(FIYAT_MODUL,MATCH($P16,FIYAT_KOD,0))="","",INDEX(FIYAT_MODUL,MATCH($P16,FIYAT_KOD,0)))<>"",$I16*IF(INDEX(FIYAT_MODUL,MATCH($P16,FIYAT_KOD,0))="","",INDEX(FIYAT_MODUL,MATCH($P16,FIYAT_KOD,0))),IF(IF(INDEX(FIYAT_GENISLIK,MATCH($P16,FIYAT_KOD,0))="","",INDEX(FIYAT_GENISLIK,MATCH($P16,FIYAT_KOD,0)))<>"",$I16*IF(INDEX(FIYAT_GENISLIK,MATCH($P16,FIYAT_KOD,0))="","",INDEX(FIYAT_GENISLIK,MATCH($P16,FIYAT_KOD,0)))/MODUL_GENISLIK_MM,"")))) | V16: =IF(OR($C16<>"шина",$I16=""),"",$I16*INDEX(FIYAT_KGM,MATCH($P16,FIYAT_KOD,0))) | W16: =IF($H16="","",$H16) | Y16: OTO:DIN | Z16: =IF($P16="","",MAX(_xlfn.MAXIFS(DEVRE!$AM:$AM,DEVRE!$A:$A,$Q16,DEVRE!$C:$C,$P16),_xlfn.MAXIFS(DEVRE!$AM:$AM,DEVRE!$A:$A,$Q16,DEVRE!$H:$H,$P16))) | AA16: =IF(OR($I16="",$Q16="",$P16=""),"",$I16*INDEX(PANO_ADET,MATCH($Q16,PANO_ID,0))) | AB16: =IF($P16="",0,IF(AND($U16="",COUNTIF(ALAN_TIP_LIST,$C16)>0),1,0)) -> 0 | AC16: =IF(OR($P16="",$C16<>"kontaktör"),0,IF(IF(INDEX(FIYAT_BOBIN,MATCH($P16,FIYAT_KOD,0))="","",INDEX(FIYAT_BOBIN,MATCH($P16,FIYAT_KOD,0)))="",1,0)) -> 0
A17: =ROW()-1 -> 16 | B17: =$E17 | C17: кабель-канал | D17: =IF($P17="","",IF(INDEX(FIYAT_ARTIKUL,MATCH($P17,FIYAT_KOD,0))="","",INDEX(FIYAT_ARTIKUL,MATCH($P17,FIYAT_KOD,0)))) | E17: =IF($P17="","",INDEX(FIYAT_ACK,MATCH($P17,FIYAT_KOD,0))) | F17: =IF($P17="","",IF(INDEX(FIYAT_LISTE,MATCH($P17,FIYAT_KOD,0))="","",INDEX(FIYAT_LISTE,MATCH($P17,FIYAT_KOD,0)))) | G17: =IF($P17="","",IF(INDEX(FIYAT_NET,MATCH($P17,FIYAT_KOD,0))="","",INDEX(FIYAT_NET,MATCH($P17,FIYAT_KOD,0)))) | H17: =IF(OR($G17="",$I17="",$M17="KONTROL",$M17="KAPSAM_DISI"),"",$G17*$I17) | I17: =INDEX(PANO_KANAL_M,MATCH($Q17,PANO_ID,0)) | J17: =IF($P17="","",INDEX(FIYAT_BIRIM,MATCH($P17,FIYAT_KOD,0))) | K17: =IF($P17="","",INDEX(FIYAT_MARKA,MATCH($P17,FIYAT_KOD,0))) | L17: =IF($H17="","",$H17) | M17: =IF($P17="","",INDEX(DURUM_LIST,MATCH(MAX(INDEX(DURUM_SEV,MATCH(INDEX(FIYAT_DURUM,MATCH($P17,FIYAT_KOD,0)),DURUM_LIST,0)),IF($S17="",0,INDEX(DURUM_SEV,MATCH($S17,DURUM_LIST,0))),$Z17),DURUM_SEV,0))) | N17: perforeli lоток EKT 280300704 (kalıcı kural) · MÜHENDİS ONAYI GEREKLİ | O17: =IF($P17="","",INDEX(FIYAT_KAYNAK,MATCH($P17,FIYAT_KOD,0))) | P17: =INDEX(PANO_KANAL_KOD,MATCH($Q17,PANO_ID,0)) | Q17: =$Q16 -> P01 | R17: KANAL_M | S17: MUADIL_ONAY | T17: =IF(OR($R17="",$I17=""),"",$I17*INDEX(NORM_DK,MATCH($R17,NORM_AD,0))) | U17: =IF(OR($P17="",$I17=""),"",IF(IF(INDEX(FIYAT_ALAN,MATCH($P17,FIYAT_KOD,0))="","",INDEX(FIYAT_ALAN,MATCH($P17,FIYAT_KOD,0)))<>"",$I17*IF(INDEX(FIYAT_ALAN,MATCH($P17,FIYAT_KOD,0))="","",INDEX(FIYAT_ALAN,MATCH($P17,FIYAT_KOD,0))),IF(IF(INDEX(FIYAT_MODUL,MATCH($P17,FIYAT_KOD,0))="","",INDEX(FIYAT_MODUL,MATCH($P17,FIYAT_KOD,0)))<>"",$I17*IF(INDEX(FIYAT_MODUL,MATCH($P17,FIYAT_KOD,0))="","",INDEX(FIYAT_MODUL,MATCH($P17,FIYAT_KOD,0))),IF(IF(INDEX(FIYAT_GENISLIK,MATCH($P17,FIYAT_KOD,0))="","",INDEX(FIYAT_GENISLIK,MATCH($P17,FIYAT_KOD,0)))<>"",$I17*IF(INDEX(FIYAT_GENISLIK,MATCH($P17,FIYAT_KOD,0))="","",INDEX(FIYAT_GENISLIK,MATCH($P17,FIYAT_KOD,0)))/MODUL_GENISLIK_MM,"")))) | V17: =IF(OR($C17<>"шина",$I17=""),"",$I17*INDEX(FIYAT_KGM,MATCH($P17,FIYAT_KOD,0))) | W17: =IF($H17="","",$H17) | Y17: OTO:KANAL | Z17: =IF($P17="","",MAX(_xlfn.MAXIFS(DEVRE!$AM:$AM,DEVRE!$A:$A,$Q17,DEVRE!$C:$C,$P17),_xlfn.MAXIFS(DEVRE!$AM:$AM,DEVRE!$A:$A,$Q17,DEVRE!$H:$H,$P17))) | AA17: =IF(OR($I17="",$Q17="",$P17=""),"",$I17*INDEX(PANO_ADET,MATCH($Q17,PANO_ID,0))) | AB17: =IF($P17="",0,IF(AND($U17="",COUNTIF(ALAN_TIP_LIST,$C17)>0),1,0)) -> 0 | AC17: =IF(OR($P17="",$C17<>"kontaktör"),0,IF(IF(INDEX(FIYAT_BOBIN,MATCH($P17,FIYAT_KOD,0))="","",INDEX(FIYAT_BOBIN,MATCH($P17,FIYAT_KOD,0)))="",1,0)) -> 0
A18: =ROW()-1 -> 17 | B18: =$E18 | C18: кабель-канал | D18: =IF($P18="","",IF(INDEX(FIYAT_ARTIKUL,MATCH($P18,FIYAT_KOD,0))="","",INDEX(FIYAT_ARTIKUL,MATCH($P18,FIYAT_KOD,0)))) | E18: =IF($P18="","",INDEX(FIYAT_ACK,MATCH($P18,FIYAT_KOD,0))) | F18: =IF($P18="","",IF(INDEX(FIYAT_LISTE,MATCH($P18,FIYAT_KOD,0))="","",INDEX(FIYAT_LISTE,MATCH($P18,FIYAT_KOD,0)))) | G18: =IF($P18="","",IF(INDEX(FIYAT_NET,MATCH($P18,FIYAT_KOD,0))="","",INDEX(FIYAT_NET,MATCH($P18,FIYAT_KOD,0)))) | H18: =IF(OR($G18="",$I18="",$M18="KONTROL",$M18="KAPSAM_DISI"),"",$G18*$I18) | I18: =INDEX(PANO_KANAL_M,MATCH($Q18,PANO_ID,0)) | J18: =IF($P18="","",INDEX(FIYAT_BIRIM,MATCH($P18,FIYAT_KOD,0))) | K18: =IF($P18="","",INDEX(FIYAT_MARKA,MATCH($P18,FIYAT_KOD,0))) | L18: =IF($H18="","",$H18) | M18: =IF($P18="","",INDEX(DURUM_LIST,MATCH(MAX(INDEX(DURUM_SEV,MATCH(INDEX(FIYAT_DURUM,MATCH($P18,FIYAT_KOD,0)),DURUM_LIST,0)),IF($S18="",0,INDEX(DURUM_SEV,MATCH($S18,DURUM_LIST,0))),$Z18),DURUM_SEV,0))) | N18: lоток kapağı EKT 280300718 · MÜHENDİS ONAYI GEREKLİ | O18: =IF($P18="","",INDEX(FIYAT_KAYNAK,MATCH($P18,FIYAT_KOD,0))) | P18: =INDEX(PANO_KAPAK_KOD,MATCH($Q18,PANO_ID,0)) | Q18: =$Q17 -> P01 | S18: MUADIL_ONAY | T18: =IF(OR($R18="",$I18=""),"",$I18*INDEX(NORM_DK,MATCH($R18,NORM_AD,0))) | U18: =IF(OR($P18="",$I18=""),"",IF(IF(INDEX(FIYAT_ALAN,MATCH($P18,FIYAT_KOD,0))="","",INDEX(FIYAT_ALAN,MATCH($P18,FIYAT_KOD,0)))<>"",$I18*IF(INDEX(FIYAT_ALAN,MATCH($P18,FIYAT_KOD,0))="","",INDEX(FIYAT_ALAN,MATCH($P18,FIYAT_KOD,0))),IF(IF(INDEX(FIYAT_MODUL,MATCH($P18,FIYAT_KOD,0))="","",INDEX(FIYAT_MODUL,MATCH($P18,FIYAT_KOD,0)))<>"",$I18*IF(INDEX(FIYAT_MODUL,MATCH($P18,FIYAT_KOD,0))="","",INDEX(FIYAT_MODUL,MATCH($P18,FIYAT_KOD,0))),IF(IF(INDEX(FIYAT_GENISLIK,MATCH($P18,FIYAT_KOD,0))="","",INDEX(FIYAT_GENISLIK,MATCH($P18,FIYAT_KOD,0)))<>"",$I18*IF(INDEX(FIYAT_GENISLIK,MATCH($P18,FIYAT_KOD,0))="","",INDEX(FIYAT_GENISLIK,MATCH($P18,FIYAT_KOD,0)))/MODUL_GENISLIK_MM,"")))) | V18: =IF(OR($C18<>"шина",$I18=""),"",$I18*INDEX(FIYAT_KGM,MATCH($P18,FIYAT_KOD,0))) | W18: =IF($H18="","",$H18) | Y18: OTO:KANAL | Z18: =IF($P18="","",MAX(_xlfn.MAXIFS(DEVRE!$AM:$AM,DEVRE!$A:$A,$Q18,DEVRE!$C:$C,$P18),_xlfn.MAXIFS(DEVRE!$AM:$AM,DEVRE!$A:$A,$Q18,DEVRE!$H:$H,$P18))) | AA18: =IF(OR($I18="",$Q18="",$P18=""),"",$I18*INDEX(PANO_ADET,MATCH($Q18,PANO_ID,0))) | AB18: =IF($P18="",0,IF(AND($U18="",COUNTIF(ALAN_TIP_LIST,$C18)>0),1,0)) -> 0 | AC18: =IF(OR($P18="",$C18<>"kontaktör"),0,IF(IF(INDEX(FIYAT_BOBIN,MATCH($P18,FIYAT_KOD,0))="","",INDEX(FIYAT_BOBIN,MATCH($P18,FIYAT_KOD,0)))="",1,0)) -> 0
A19: =ROW()-1 -> 18 | B19: =$E19 -> HARMONY ПВ3 1 1,5 | C19: кабель | D19: =IF($P19="","",IF(INDEX(FIYAT_ARTIKUL,MATCH($P19,FIYAT_KOD,0))="","",INDEX(FIYAT_ARTIKUL,MATCH($P19,FIYAT_KOD,0)))) -> 151.01.PV3.01,5 | E19: =IF($P19="","",INDEX(FIYAT_ACK,MATCH($P19,FIYAT_KOD,0))) -> HARMONY ПВ3 1 1,5 | F19: =IF($P19="","",IF(INDEX(FIYAT_LISTE,MATCH($P19,FIYAT_KOD,0))="","",INDEX(FIYAT_LISTE,MATCH($P19,FIYAT_KOD,0)))) -> 105 | G19: =IF($P19="","",IF(INDEX(FIYAT_NET,MATCH($P19,FIYAT_KOD,0))="","",INDEX(FIYAT_NET,MATCH($P19,FIYAT_KOD,0)))) -> 105 | H19: =IF(OR($G19="",$I19="",$M19="KONTROL",$M19="KAPSAM_DISI"),"",$G19*$I19) -> 1449 | I19: =ROUND((SUMIFS(DEVRE!$Z:$Z,DEVRE!$A:$A,$Q19,DEVRE!$V:$V,$X19)+IF($X19=GRUP_BESLEME_KESIT,INDEX(PANO_GRUP_KABLO_M,MATCH($Q19,PANO_ID,0)),0))*KABLO_FIRE,1) -> 13.8 | J19: =IF($P19="","",INDEX(FIYAT_BIRIM,MATCH($P19,FIYAT_KOD,0))) -> м | K19: =IF($P19="","",INDEX(FIYAT_MARKA,MATCH($P19,FIYAT_KOD,0))) -> HARMONY | L19: =IF($H19="","",$H19) -> 1449 | M19: =IF($P19="","",INDEX(DURUM_LIST,MATCH(MAX(INDEX(DURUM_SEV,MATCH(INDEX(FIYAT_DURUM,MATCH($P19,FIYAT_KOD,0)),DURUM_LIST,0)),IF($S19="",0,INDEX(DURUM_SEV,MATCH($S19,DURUM_LIST,0))),$Z19),DURUM_SEV,0))) -> FIYAT_ESKI | N19: ПВ3 1.5 mm² · DEVRE KABLO_M × KABLO_FIRE | O19: =IF($P19="","",INDEX(FIYAT_KAYNAK,MATCH($P19,FIYAT_KOD,0))) -> HARMONY | P19: HARMONY-151.01.PV3.01,5 | Q19: =$Q18 -> P01 | R19: KABLO_IC_M | S19: OTO | T19: =IF(OR($R19="",$I19=""),"",$I19*INDEX(NORM_DK,MATCH($R19,NORM_AD,0))) -> 0 | U19: =IF(OR($P19="",$I19=""),"",IF(IF(INDEX(FIYAT_ALAN,MATCH($P19,FIYAT_KOD,0))="","",INDEX(FIYAT_ALAN,MATCH($P19,FIYAT_KOD,0)))<>"",$I19*IF(INDEX(FIYAT_ALAN,MATCH($P19,FIYAT_KOD,0))="","",INDEX(FIYAT_ALAN,MATCH($P19,FIYAT_KOD,0))),IF(IF(INDEX(FIYAT_MODUL,MATCH($P19,FIYAT_KOD,0))="","",INDEX(FIYAT_MODUL,MATCH($P19,FIYAT_KOD,0)))<>"",$I19*IF(INDEX(FIYAT_MODUL,MATCH($P19,FIYAT_KOD,0))="","",INDEX(FIYAT_MODUL,MATCH($P19,FIYAT_KOD,0))),IF(IF(INDEX(FIYAT_GENISLIK,MATCH($P19,FIYAT_KOD,0))="","",INDEX(FIYAT_GENISLIK,MATCH($P19,FIYAT_KOD,0)))<>"",$I19*IF(INDEX(FIYAT_GENISLIK,MATCH($P19,FIYAT_KOD,0))="","",INDEX(FIYAT_GENISLIK,MATCH($P19,FIYAT_KOD,0)))/MODUL_GENISLIK_MM,"")))) | V19: =IF(OR($C19<>"шина",$I19=""),"",$I19*INDEX(FIYAT_KGM,MATCH($P19,FIYAT_KOD,0))) | W19: =IF($H19="","",$H19) -> 1449 | X19: 1.5 | Y19: OTO:KABLO | Z19: =IF($P19="","",MAX(_xlfn.MAXIFS(DEVRE!$AM:$AM,DEVRE!$A:$A,$Q19,DEVRE!$C:$C,$P19),_xlfn.MAXIFS(DEVRE!$AM:$AM,DEVRE!$A:$A,$Q19,DEVRE!$H:$H,$P19))) -> 0 | AA19: =IF(OR($I19="",$Q19="",$P19=""),"",$I19*INDEX(PANO_ADET,MATCH($Q19,PANO_ID,0))) -> 13.8 | AB19: =IF($P19="",0,IF(AND($U19="",COUNTIF(ALAN_TIP_LIST,$C19)>0),1,0)) -> 0 | AC19: =IF(OR($P19="",$C19<>"kontaktör"),0,IF(IF(INDEX(FIYAT_BOBIN,MATCH($P19,FIYAT_KOD,0))="","",INDEX(FIYAT_BOBIN,MATCH($P19,FIYAT_KOD,0)))="",1,0)) -> 0
A20: =ROW()-1 -> 19 | B20: =$E20 -> HARMONY ПВ3 1 2,5 | C20: кабель | D20: =IF($P20="","",IF(INDEX(FIYAT_ARTIKUL,MATCH($P20,FIYAT_KOD,0))="","",INDEX(FIYAT_ARTIKUL,MATCH($P20,FIYAT_KOD,0)))) -> 151.01.PV3.02,5 | E20: =IF($P20="","",INDEX(FIYAT_ACK,MATCH($P20,FIYAT_KOD,0))) -> HARMONY ПВ3 1 2,5 | F20: =IF($P20="","",IF(INDEX(FIYAT_LISTE,MATCH($P20,FIYAT_KOD,0))="","",INDEX(FIYAT_LISTE,MATCH($P20,FIYAT_KOD,0)))) -> 174 | G20: =IF($P20="","",IF(INDEX(FIYAT_NET,MATCH($P20,FIYAT_KOD,0))="","",INDEX(FIYAT_NET,MATCH($P20,FIYAT_KOD,0)))) -> 174 | H20: =IF(OR($G20="",$I20="",$M20="KONTROL",$M20="KAPSAM_DISI"),"",$G20*$I20) -> 2871 | I20: =ROUND((SUMIFS(DEVRE!$Z:$Z,DEVRE!$A:$A,$Q20,DEVRE!$V:$V,$X20)+IF($X20=GRUP_BESLEME_KESIT,INDEX(PANO_GRUP_KABLO_M,MATCH($Q20,PANO_ID,0)),0))*KABLO_FIRE,1) -> 16.5 | J20: =IF($P20="","",INDEX(FIYAT_BIRIM,MATCH($P20,FIYAT_KOD,0))) -> м | K20: =IF($P20="","",INDEX(FIYAT_MARKA,MATCH($P20,FIYAT_KOD,0))) -> HARMONY | L20: =IF($H20="","",$H20) -> 2871 | M20: =IF($P20="","",INDEX(DURUM_LIST,MATCH(MAX(INDEX(DURUM_SEV,MATCH(INDEX(FIYAT_DURUM,MATCH($P20,FIYAT_KOD,0)),DURUM_LIST,0)),IF($S20="",0,INDEX(DURUM_SEV,MATCH($S20,DURUM_LIST,0))),$Z20),DURUM_SEV,0))) -> FIYAT_ESKI | N20: ПВ3 2.5 mm² · DEVRE KABLO_M × KABLO_FIRE | O20: =IF($P20="","",INDEX(FIYAT_KAYNAK,MATCH($P20,FIYAT_KOD,0))) -> HARMONY | P20: HARMONY-151.01.PV3.02,5 | Q20: =$Q19 -> P01 | R20: KABLO_IC_M | S20: OTO | T20: =IF(OR($R20="",$I20=""),"",$I20*INDEX(NORM_DK,MATCH($R20,NORM_AD,0))) -> 0 | U20: =IF(OR($P20="",$I20=""),"",IF(IF(INDEX(FIYAT_ALAN,MATCH($P20,FIYAT_KOD,0))="","",INDEX(FIYAT_ALAN,MATCH($P20,FIYAT_KOD,0)))<>"",$I20*IF(INDEX(FIYAT_ALAN,MATCH($P20,FIYAT_KOD,0))="","",INDEX(FIYAT_ALAN,MATCH($P20,FIYAT_KOD,0))),IF(IF(INDEX(FIYAT_MODUL,MATCH($P20,FIYAT_KOD,0))="","",INDEX(FIYAT_MODUL,MATCH($P20,FIYAT_KOD,0)))<>"",$I20*IF(INDEX(FIYAT_MODUL,MATCH($P20,FIYAT_KOD,0))="","",INDEX(FIYAT_MODUL,MATCH($P20,FIYAT_KOD,0))),IF(IF(INDEX(FIYAT_GENISLIK,MATCH($P20,FIYAT_KOD,0))="","",INDEX(FIYAT_GENISLIK,MATCH($P20,FIYAT_KOD,0)))<>"",$I20*IF(INDEX(FIYAT_GENISLIK,MATCH($P20,FIYAT_KOD,0))="","",INDEX(FIYAT_GENISLIK,MATCH($P20,FIYAT_KOD,0)))/MODUL_GENISLIK_MM,"")))) | V20: =IF(OR($C20<>"шина",$I20=""),"",$I20*INDEX(FIYAT_KGM,MATCH($P20,FIYAT_KOD,0))) | W20: =IF($H20="","",$H20) -> 2871 | X20: 2.5 | Y20: OTO:KABLO | Z20: =IF($P20="","",MAX(_xlfn.MAXIFS(DEVRE!$AM:$AM,DEVRE!$A:$A,$Q20,DEVRE!$C:$C,$P20),_xlfn.MAXIFS(DEVRE!$AM:$AM,DEVRE!$A:$A,$Q20,DEVRE!$H:$H,$P20))) -> 0 | AA20: =IF(OR($I20="",$Q20="",$P20=""),"",$I20*INDEX(PANO_ADET,MATCH($Q20,PANO_ID,0))) -> 16.5 | AB20: =IF($P20="",0,IF(AND($U20="",COUNTIF(ALAN_TIP_LIST,$C20)>0),1,0)) -> 0 | AC20: =IF(OR($P20="",$C20<>"kontaktör"),0,IF(IF(INDEX(FIYAT_BOBIN,MATCH($P20,FIYAT_KOD,0))="","",INDEX(FIYAT_BOBIN,MATCH($P20,FIYAT_KOD,0)))="",1,0)) -> 0
A21: =ROW()-1 -> 20 | B21: =$E21 -> HARMONY ПВ3 1 25 | C21: кабель | D21: =IF($P21="","",IF(INDEX(FIYAT_ARTIKUL,MATCH($P21,FIYAT_KOD,0))="","",INDEX(FIYAT_ARTIKUL,MATCH($P21,FIYAT_KOD,0)))) -> 151.01.PV3.25 | E21: =IF($P21="","",INDEX(FIYAT_ACK,MATCH($P21,FIYAT_KOD,0))) -> HARMONY ПВ3 1 25 | F21: =IF($P21="","",IF(INDEX(FIYAT_LISTE,MATCH($P21,FIYAT_KOD,0))="","",INDEX(FIYAT_LISTE,MATCH($P21,FIYAT_KOD,0)))) -> 1688 | G21: =IF($P21="","",IF(INDEX(FIYAT_NET,MATCH($P21,FIYAT_KOD,0))="","",INDEX(FIYAT_NET,MATCH($P21,FIYAT_KOD,0)))) -> 1688 | H21: =IF(OR($G21="",$I21="",$M21="KONTROL",$M21="KAPSAM_DISI"),"",$G21*$I21) -> 11140.8 | I21: =ROUND((SUMIFS(DEVRE!$Z:$Z,DEVRE!$A:$A,$Q21,DEVRE!$V:$V,$X21)+IF($X21=GRUP_BESLEME_KESIT,INDEX(PANO_GRUP_KABLO_M,MATCH($Q21,PANO_ID,0)),0))*KABLO_FIRE,1) -> 6.6 | J21: =IF($P21="","",INDEX(FIYAT_BIRIM,MATCH($P21,FIYAT_KOD,0))) -> м | K21: =IF($P21="","",INDEX(FIYAT_MARKA,MATCH($P21,FIYAT_KOD,0))) -> HARMONY | L21: =IF($H21="","",$H21) -> 11140.8 | M21: =IF($P21="","",INDEX(DURUM_LIST,MATCH(MAX(INDEX(DURUM_SEV,MATCH(INDEX(FIYAT_DURUM,MATCH($P21,FIYAT_KOD,0)),DURUM_LIST,0)),IF($S21="",0,INDEX(DURUM_SEV,MATCH($S21,DURUM_LIST,0))),$Z21),DURUM_SEV,0))) -> FIYAT_ESKI | N21: ПВ3 25 mm² · DEVRE KABLO_M × KABLO_FIRE | O21: =IF($P21="","",INDEX(FIYAT_KAYNAK,MATCH($P21,FIYAT_KOD,0))) -> HARMONY | P21: HARMONY-151.01.PV3.25 | Q21: =$Q20 -> P01 | R21: KABLO_IC_M | S21: OTO | T21: =IF(OR($R21="",$I21=""),"",$I21*INDEX(NORM_DK,MATCH($R21,NORM_AD,0))) -> 0 | U21: =IF(OR($P21="",$I21=""),"",IF(IF(INDEX(FIYAT_ALAN,MATCH($P21,FIYAT_KOD,0))="","",INDEX(FIYAT_ALAN,MATCH($P21,FIYAT_KOD,0)))<>"",$I21*IF(INDEX(FIYAT_ALAN,MATCH($P21,FIYAT_KOD,0))="","",INDEX(FIYAT_ALAN,MATCH($P21,FIYAT_KOD,0))),IF(IF(INDEX(FIYAT_MODUL,MATCH($P21,FIYAT_KOD,0))="","",INDEX(FIYAT_MODUL,MATCH($P21,FIYAT_KOD,0)))<>"",$I21*IF(INDEX(FIYAT_MODUL,MATCH($P21,FIYAT_KOD,0))="","",INDEX(FIYAT_MODUL,MATCH($P21,FIYAT_KOD,0))),IF(IF(INDEX(FIYAT_GENISLIK,MATCH($P21,FIYAT_KOD,0))="","",INDEX(FIYAT_GENISLIK,MATCH($P21,FIYAT_KOD,0)))<>"",$I21*IF(INDEX(FIYAT_GENISLIK,MATCH($P21,FIYAT_KOD,0))="","",INDEX(FIYAT_GENISLIK,MATCH($P21,FIYAT_KOD,0)))/MODUL_GENISLIK_MM,"")))) | V21: =IF(OR($C21<>"шина",$I21=""),"",$I21*INDEX(FIYAT_KGM,MATCH($P21,FIYAT_KOD,0))) | W21: =IF($H21="","",$H21) -> 11140.8 | X21: 25 | Y21: OTO:KABLO | Z21: =IF($P21="","",MAX(_xlfn.MAXIFS(DEVRE!$AM:$AM,DEVRE!$A:$A,$Q21,DEVRE!$C:$C,$P21),_xlfn.MAXIFS(DEVRE!$AM:$AM,DEVRE!$A:$A,$Q21,DEVRE!$H:$H,$P21))) -> 0 | AA21: =IF(OR($I21="",$Q21="",$P21=""),"",$I21*INDEX(PANO_ADET,MATCH($Q21,PANO_ID,0))) -> 6.6 | AB21: =IF($P21="",0,IF(AND($U21="",COUNTIF(ALAN_TIP_LIST,$C21)>0),1,0)) -> 0 | AC21: =IF(OR($P21="",$C21<>"kontaktör"),0,IF(IF(INDEX(FIYAT_BOBIN,MATCH($P21,FIYAT_KOD,0))="","",INDEX(FIYAT_BOBIN,MATCH($P21,FIYAT_KOD,0)))="",1,0)) -> 0
A22: =ROW()-1 -> 21 | B22: =$E22 -> HARMONY ПВ3 1 35 | C22: кабель | D22: =IF($P22="","",IF(INDEX(FIYAT_ARTIKUL,MATCH($P22,FIYAT_KOD,0))="","",INDEX(FIYAT_ARTIKUL,MATCH($P22,FIYAT_KOD,0)))) -> 151.01.PV3.35 | E22: =IF($P22="","",INDEX(FIYAT_ACK,MATCH($P22,FIYAT_KOD,0))) -> HARMONY ПВ3 1 35 | F22: =IF($P22="","",IF(INDEX(FIYAT_LISTE,MATCH($P22,FIYAT_KOD,0))="","",INDEX(FIYAT_LISTE,MATCH($P22,FIYAT_KOD,0)))) -> 2399 | G22: =IF($P22="","",IF(INDEX(FIYAT_NET,MATCH($P22,FIYAT_KOD,0))="","",INDEX(FIYAT_NET,MATCH($P22,FIYAT_KOD,0)))) -> 2399 | H22: =IF(OR($G22="",$I22="",$M22="KONTROL",$M22="KAPSAM_DISI"),"",$G22*$I22) -> 12714.7 | I22: =ROUND((SUMIFS(DEVRE!$Z:$Z,DEVRE!$A:$A,$Q22,DEVRE!$V:$V,$X22)+IF($X22=GRUP_BESLEME_KESIT,INDEX(PANO_GRUP_KABLO_M,MATCH($Q22,PANO_ID,0)),0))*KABLO_FIRE,1) -> 5.3 | J22: =IF($P22="","",INDEX(FIYAT_BIRIM,MATCH($P22,FIYAT_KOD,0))) -> м | K22: =IF($P22="","",INDEX(FIYAT_MARKA,MATCH($P22,FIYAT_KOD,0))) -> HARMONY | L22: =IF($H22="","",$H22) -> 12714.7 | M22: =IF($P22="","",INDEX(DURUM_LIST,MATCH(MAX(INDEX(DURUM_SEV,MATCH(INDEX(FIYAT_DURUM,MATCH($P22,FIYAT_KOD,0)),DURUM_LIST,0)),IF($S22="",0,INDEX(DURUM_SEV,MATCH($S22,DURUM_LIST,0))),$Z22),DURUM_SEV,0))) -> FIYAT_ESKI | N22: ПВ3 35 mm² · DEVRE KABLO_M × KABLO_FIRE | O22: =IF($P22="","",INDEX(FIYAT_KAYNAK,MATCH($P22,FIYAT_KOD,0))) -> HARMONY | P22: HARMONY-151.01.PV3.35 | Q22: =$Q21 -> P01 | R22: KABLO_IC_M | S22: OTO | T22: =IF(OR($R22="",$I22=""),"",$I22*INDEX(NORM_DK,MATCH($R22,NORM_AD,0))) -> 0 | U22: =IF(OR($P22="",$I22=""),"",IF(IF(INDEX(FIYAT_ALAN,MATCH($P22,FIYAT_KOD,0))="","",INDEX(FIYAT_ALAN,MATCH($P22,FIYAT_KOD,0)))<>"",$I22*IF(INDEX(FIYAT_ALAN,MATCH($P22,FIYAT_KOD,0))="","",INDEX(FIYAT_ALAN,MATCH($P22,FIYAT_KOD,0))),IF(IF(INDEX(FIYAT_MODUL,MATCH($P22,FIYAT_KOD,0))="","",INDEX(FIYAT_MODUL,MATCH($P22,FIYAT_KOD,0)))<>"",$I22*IF(INDEX(FIYAT_MODUL,MATCH($P22,FIYAT_KOD,0))="","",INDEX(FIYAT_MODUL,MATCH($P22,FIYAT_KOD,0))),IF(IF(INDEX(FIYAT_GENISLIK,MATCH($P22,FIYAT_KOD,0))="","",INDEX(FIYAT_GENISLIK,MATCH($P22,FIYAT_KOD,0)))<>"",$I22*IF(INDEX(FIYAT_GENISLIK,MATCH($P22,FIYAT_KOD,0))="","",INDEX(FIYAT_GENISLIK,MATCH($P22,FIYAT_KOD,0)))/MODUL_GENISLIK_MM,"")))) | V22: =IF(OR($C22<>"шина",$I22=""),"",$I22*INDEX(FIYAT_KGM,MATCH($P22,FIYAT_KOD,0))) | W22: =IF($H22="","",$H22) -> 12714.7 | X22: 35 | Y22: OTO:KABLO | Z22: =IF($P22="","",MAX(_xlfn.MAXIFS(DEVRE!$AM:$AM,DEVRE!$A:$A,$Q22,DEVRE!$C:$C,$P22),_xlfn.MAXIFS(DEVRE!$AM:$AM,DEVRE!$A:$A,$Q22,DEVRE!$H:$H,$P22))) -> 0 | AA22: =IF(OR($I22="",$Q22="",$P22=""),"",$I22*INDEX(PANO_ADET,MATCH($Q22,PANO_ID,0))) -> 5.3 | AB22: =IF($P22="",0,IF(AND($U22="",COUNTIF(ALAN_TIP_LIST,$C22)>0),1,0)) -> 0 | AC22: =IF(OR($P22="",$C22<>"kontaktör"),0,IF(IF(INDEX(FIYAT_BOBIN,MATCH($P22,FIYAT_KOD,0))="","",INDEX(FIYAT_BOBIN,MATCH($P22,FIYAT_KOD,0)))="",1,0)) -> 0
A23: =ROW()-1 -> 22 | B23: =$E23 -> Монтажный материал | C23: монтажный материал | D23: =IF($P23="","",IF(INDEX(FIYAT_ARTIKUL,MATCH($P23,FIYAT_KOD,0))="","",INDEX(FIYAT_ARTIKUL,MATCH($P23,FIYAT_KOD,0)))) -> MONTAJ-MALZ | E23: =IF($P23="","",INDEX(FIYAT_ACK,MATCH($P23,FIYAT_KOD,0))) -> Монтажный материал | F23: =IF($P23="","",IF(INDEX(FIYAT_LISTE,MATCH($P23,FIYAT_KOD,0))="","",INDEX(FIYAT_LISTE,MATCH($P23,FIYAT_KOD,0)))) -> 1 | G23: =IF($P23="","",IF(INDEX(FIYAT_NET,MATCH($P23,FIYAT_KOD,0))="","",INDEX(FIYAT_NET,MATCH($P23,FIYAT_KOD,0)))) -> 1 | H23: =IF(OR($G23="",$I23="",$M23="KONTROL",$M23="KAPSAM_DISI"),"",$G23*$I23) | I23: =IF(MONTAJ_MALZ_ORANI="","",ROUND(SUMIFS($W:$W,$Q:$Q,$Q23)*MONTAJ_MALZ_ORANI,0)) | J23: =IF($P23="","",INDEX(FIYAT_BIRIM,MATCH($P23,FIYAT_KOD,0))) -> тг | K23: =IF($P23="","",INDEX(FIYAT_MARKA,MATCH($P23,FIYAT_KOD,0))) -> HESAP | L23: =IF($H23="","",$H23) | M23: =IF($P23="","",INDEX(DURUM_LIST,MATCH(MAX(INDEX(DURUM_SEV,MATCH(INDEX(FIYAT_DURUM,MATCH($P23,FIYAT_KOD,0)),DURUM_LIST,0)),IF($S23="",0,INDEX(DURUM_SEV,MATCH($S23,DURUM_LIST,0))),$Z23),DURUM_SEV,0))) -> OK | N23: MONTAJ_MALZ_ORANI × malzeme tabanı · oran boş | O23: =IF($P23="","",INDEX(FIYAT_KAYNAK,MATCH($P23,FIYAT_KOD,0))) -> HESAP | P23: MONTAJ-MALZ | Q23: =$Q22 -> P01 | V23: =IF(OR($C23<>"шина",$I23=""),"",$I23*INDEX(FIYAT_KGM,MATCH($P23,FIYAT_KOD,0))) | Y23: HESAP | Z23: =IF($P23="","",MAX(_xlfn.MAXIFS(DEVRE!$AM:$AM,DEVRE!$A:$A,$Q23,DEVRE!$C:$C,$P23),_xlfn.MAXIFS(DEVRE!$AM:$AM,DEVRE!$A:$A,$Q23,DEVRE!$H:$H,$P23))) -> 0 | AA23: =IF(OR($I23="",$Q23="",$P23=""),"",$I23*INDEX(PANO_ADET,MATCH($Q23,PANO_ID,0))) | AB23: =IF($P23="",0,IF(AND($U23="",COUNTIF(ALAN_TIP_LIST,$C23)>0),1,0)) -> 0 | AC23: =IF(OR($P23="",$C23<>"kontaktör"),0,IF(IF(INDEX(FIYAT_BOBIN,MATCH($P23,FIYAT_KOD,0))="","",INDEX(FIYAT_BOBIN,MATCH($P23,FIYAT_KOD,0)))="",1,0)) -> 0
A24: =ROW()-1 -> 23 | B24: =$E24 -> Монтажная работа | C24: монтажная работа | D24: =IF($P24="","",IF(INDEX(FIYAT_ARTIKUL,MATCH($P24,FIYAT_KOD,0))="","",INDEX(FIYAT_ARTIKUL,MATCH($P24,FIYAT_KOD,0)))) -> ISCILIK-MONTAJ | E24: =IF($P24="","",INDEX(FIYAT_ACK,MATCH($P24,FIYAT_KOD,0))) -> Монтажная работа | F24: =IF($I24="","",ROUND($I24/DK_SAAT,2)) -> 5.9 | G24: =IF($P24="","",IF(INDEX(FIYAT_NET,MATCH($P24,FIYAT_KOD,0))="","",INDEX(FIYAT_NET,MATCH($P24,FIYAT_KOD,0)))) -> 100 | H24: =IF(OR($G24="",$I24="",$M24="KONTROL",$M24="KAPSAM_DISI"),"",$G24*$I24) -> 35400 | I24: =ROUND((SUMIFS($T:$T,$Q:$Q,$Q24)+INDEX(NORM_DK,MATCH("PABUC_YUKSUK",NORM_AD,0))*(SUMIFS(DEVRE!$AI:$AI,DEVRE!$A:$A,$Q24)+SUMIFS(DEVRE!$AJ:$AJ,DEVRE!$A:$A,$Q24)))*ISCILIK_CARPANI+INDEX(NORM_DK,MATCH("SABIT_AMBALAJ",NORM_AD,0)),0) -> 354 | J24: =IF($P24="","",INDEX(FIYAT_BIRIM,MATCH($P24,FIYAT_KOD,0))) -> мин | K24: =IF($P24="","",INDEX(FIYAT_MARKA,MATCH($P24,FIYAT_KOD,0))) -> HESAP | L24: =IF($H24="","",$H24) -> 35400 | M24: =IF($P24="","",INDEX(DURUM_LIST,MATCH(MAX(INDEX(DURUM_SEV,MATCH(INDEX(FIYAT_DURUM,MATCH($P24,FIYAT_KOD,0)),DURUM_LIST,0)),IF($S24="",0,INDEX(DURUM_SEV,MATCH($S24,DURUM_LIST,0))),$Z24),DURUM_SEV,0))) -> OK | N24: Σ norm dk × ISCILIK_CARPANI (F = saat) | O24: =IF($P24="","",INDEX(FIYAT_KAYNAK,MATCH($P24,FIYAT_KOD,0))) -> HESAP | P24: ISCILIK-MONTAJ | Q24: =$Q23 -> P01 | V24: =IF(OR($C24<>"шина",$I24=""),"",$I24*INDEX(FIYAT_KGM,MATCH($P24,FIYAT_KOD,0))) | Y24: HESAP | Z24: =IF($P24="","",MAX(_xlfn.MAXIFS(DEVRE!$AM:$AM,DEVRE!$A:$A,$Q24,DEVRE!$C:$C,$P24),_xlfn.MAXIFS(DEVRE!$AM:$AM,DEVRE!$A:$A,$Q24,DEVRE!$H:$H,$P24))) -> 0 | AA24: =IF(OR($I24="",$Q24="",$P24=""),"",$I24*INDEX(PANO_ADET,MATCH($Q24,PANO_ID,0))) -> 354 | AB24: =IF($P24="",0,IF(AND($U24="",COUNTIF(ALAN_TIP_LIST,$C24)>0),1,0)) -> 0 | AC24: =IF(OR($P24="",$C24<>"kontaktör"),0,IF(IF(INDEX(FIYAT_BOBIN,MATCH($P24,FIYAT_KOD,0))="","",INDEX(FIYAT_BOBIN,MATCH($P24,FIYAT_KOD,0)))="",1,0)) -> 0
A25: =ROW()-1 -> 24 | B25: ="Toplam "&$E2 -> Toplam Вводно-распределительное устройство ВРУ-1 (с АВР) | H25: =SUBTOTAL(9,H3:H24) -> 165283.9 | L25: =SUBTOTAL(9,L3:L24) -> 165283.9
A26: =ROW()-1 -> 25 | B26: =$E26 -> Щит распределительный ЩР-1 | E26: =INDEX(PANO_TAMAD,MATCH($Q26,PANO_ID,0)) -> Щит распределительный ЩР-1 | I26: 1 | J26: компл. | Q26: P02
A27: =ROW()-1 -> 26 | B27: =$E27 -> Щит мет.ЩРн-36 б/o (540х310х120) S/U 36 IP54 | C27: korpus | D27: =IF($P27="","",IF(INDEX(FIYAT_ARTIKUL,MATCH($P27,FIYAT_KOD,0))="","",INDEX(FIYAT_ARTIKUL,MATCH($P27,FIYAT_KOD,0)))) -> 714-15070 | E27: =IF($P27="","",INDEX(FIYAT_ACK,MATCH($P27,FIYAT_KOD,0))) -> Щит мет.ЩРн-36 б/o (540х310х120) S/U 36 IP54 | F27: =IF($P27="","",IF(INDEX(FIYAT_LISTE,MATCH($P27,FIYAT_KOD,0))="","",INDEX(FIYAT_LISTE,MATCH($P27,FIYAT_KOD,0)))) -> 16550 | G27: =IF($P27="","",IF(INDEX(FIYAT_NET,MATCH($P27,FIYAT_KOD,0))="","",INDEX(FIYAT_NET,MATCH($P27,FIYAT_KOD,0)))) -> 9930 | H27: =IF(OR($G27="",$I27="",$M27="KONTROL",$M27="KAPSAM_DISI"),"",$G27*$I27) -> 9930 | I27: 1 | J27: =IF($P27="","",INDEX(FIYAT_BIRIM,MATCH($P27,FIYAT_KOD,0))) -> шт | K27: =IF($P27="","",INDEX(FIYAT_MARKA,MATCH($P27,FIYAT_KOD,0))) -> KAZTEK | L27: =IF($H27="","",$H27) -> 9930 | M27: =IF($P27="","",INDEX(DURUM_LIST,MATCH(MAX(INDEX(DURUM_SEV,MATCH(INDEX(FIYAT_DURUM,MATCH($P27,FIYAT_KOD,0)),DURUM_LIST,0)),IF($S27="",0,INDEX(DURUM_SEV,MATCH($S27,DURUM_LIST,0))),$Z27),DURUM_SEV,0))) -> OK | N27: şema ЩРн-36з → KAZTEK ЩРн-36 540х310х120 IP54 | O27: =IF($P27="","",INDEX(FIYAT_KAYNAK,MATCH($P27,FIYAT_KOD,0))) -> KAZTEK2607 | P27: =INDEX(PANO_KORPUS,MATCH($Q27,PANO_ID,0)) -> KAZTEK-714-15070 | Q27: =$Q26 -> P02 | R27: KORPUS_ORTA | T27: =IF(OR($R27="",$I27=""),"",$I27*INDEX(NORM_DK,MATCH($R27,NORM_AD,0))) -> 30 | U27: =IF(OR($P27="",$I27=""),"",IF(IF(INDEX(FIYAT_ALAN,MATCH($P27,FIYAT_KOD,0))="","",INDEX(FIYAT_ALAN,MATCH($P27,FIYAT_KOD,0)))<>"",$I27*IF(INDEX(FIYAT_ALAN,MATCH($P27,FIYAT_KOD,0))="","",INDEX(FIYAT_ALAN,MATCH($P27,FIYAT_KOD,0))),IF(IF(INDEX(FIYAT_MODUL,MATCH($P27,FIYAT_KOD,0))="","",INDEX(FIYAT_MODUL,MATCH($P27,FIYAT_KOD,0)))<>"",$I27*IF(INDEX(FIYAT_MODUL,MATCH($P27,FIYAT_KOD,0))="","",INDEX(FIYAT_MODUL,MATCH($P27,FIYAT_KOD,0))),IF(IF(INDEX(FIYAT_GENISLIK,MATCH($P27,FIYAT_KOD,0))="","",INDEX(FIYAT_GENISLIK,MATCH($P27,FIYAT_KOD,0)))<>"",$I27*IF(INDEX(FIYAT_GENISLIK,MATCH($P27,FIYAT_KOD,0))="","",INDEX(FIYAT_GENISLIK,MATCH($P27,FIYAT_KOD,0)))/MODUL_GENISLIK_MM,"")))) | V27: =IF(OR($C27<>"шина",$I27=""),"",$I27*INDEX(FIYAT_KGM,MATCH($P27,FIYAT_KOD,0))) | W27: =IF($H27="","",$H27) -> 9930 | Y27: KORPUS | Z27: =IF($P27="","",MAX(_xlfn.MAXIFS(DEVRE!$AM:$AM,DEVRE!$A:$A,$Q27,DEVRE!$C:$C,$P27),_xlfn.MAXIFS(DEVRE!$AM:$AM,DEVRE!$A:$A,$Q27,DEVRE!$H:$H,$P27))) -> 0 | AA27: =IF(OR($I27="",$Q27="",$P27=""),"",$I27*INDEX(PANO_ADET,MATCH($Q27,PANO_ID,0))) -> 1 | AB27: =IF($P27="",0,IF(AND($U27="",COUNTIF(ALAN_TIP_LIST,$C27)>0),1,0)) -> 0 | AC27: =IF(OR($P27="",$C27<>"kontaktör"),0,IF(IF(INDEX(FIYAT_BOBIN,MATCH($P27,FIYAT_KOD,0))="","",INDEX(FIYAT_BOBIN,MATCH($P27,FIYAT_KOD,0)))="",1,0)) -> 0
A28: =ROW()-1 -> 27 | B28: =$E28 -> Выключатель нагрузки NXHB-125 3P 100A | C28: rubilnik | D28: =IF($P28="","",IF(INDEX(FIYAT_ARTIKUL,MATCH($P28,FIYAT_KOD,0))="","",INDEX(FIYAT_ARTIKUL,MATCH($P28,FIYAT_KOD,0)))) -> 193185 | E28: =IF($P28="","",INDEX(FIYAT_ACK,MATCH($P28,FIYAT_KOD,0))) -> Выключатель нагрузки NXHB-125 3P 100A | F28: =IF($P28="","",IF(INDEX(FIYAT_LISTE,MATCH($P28,FIYAT_KOD,0))="","",INDEX(FIYAT_LISTE,MATCH($P28,FIYAT_KOD,0)))) -> 4334 | G28: =IF($P28="","",IF(INDEX(FIYAT_NET,MATCH($P28,FIYAT_KOD,0))="","",INDEX(FIYAT_NET,MATCH($P28,FIYAT_KOD,0)))) -> 2600.4 | H28: =IF(OR($G28="",$I28="",$M28="KONTROL",$M28="KAPSAM_DISI"),"",$G28*$I28) -> 2600.4 | I28: =SUMIFS(DEVRE!$T:$T,DEVRE!$A:$A,$Q28,DEVRE!$C:$C,$P28)+SUMIFS(DEVRE!$U:$U,DEVRE!$A:$A,$Q28,DEVRE!$H:$H,$P28) -> 1 | J28: =IF($P28="","",INDEX(FIYAT_BIRIM,MATCH($P28,FIYAT_KOD,0))) -> шт | K28: =IF($P28="","",INDEX(FIYAT_MARKA,MATCH($P28,FIYAT_KOD,0))) -> CHINT | L28: =IF($H28="","",$H28) -> 2600.4 | M28: =IF($P28="","",INDEX(DURUM_LIST,MATCH(MAX(INDEX(DURUM_SEV,MATCH(INDEX(FIYAT_DURUM,MATCH($P28,FIYAT_KOD,0)),DURUM_LIST,0)),IF($S28="",0,INDEX(DURUM_SEV,MATCH($S28,DURUM_LIST,0))),$Z28),DURUM_SEV,0))) -> OK | N28: DEVRE: QS · şema 1 | O28: =IF($P28="","",INDEX(FIYAT_KAYNAK,MATCH($P28,FIYAT_KOD,0))) -> CHINT2608 | P28: CHINT-193185 | Q28: =$Q27 -> P02 | R28: MODULER_SALTER | T28: =IF(OR($R28="",$I28=""),"",$I28*INDEX(NORM_DK,MATCH($R28,NORM_AD,0))) -> 45 | U28: =IF(OR($P28="",$I28=""),"",IF(IF(INDEX(FIYAT_ALAN,MATCH($P28,FIYAT_KOD,0))="","",INDEX(FIYAT_ALAN,MATCH($P28,FIYAT_KOD,0)))<>"",$I28*IF(INDEX(FIYAT_ALAN,MATCH($P28,FIYAT_KOD,0))="","",INDEX(FIYAT_ALAN,MATCH($P28,FIYAT_KOD,0))),IF(IF(INDEX(FIYAT_MODUL,MATCH($P28,FIYAT_KOD,0))="","",INDEX(FIYAT_MODUL,MATCH($P28,FIYAT_KOD,0)))<>"",$I28*IF(INDEX(FIYAT_MODUL,MATCH($P28,FIYAT_KOD,0))="","",INDEX(FIYAT_MODUL,MATCH($P28,FIYAT_KOD,0))),IF(IF(INDEX(FIYAT_GENISLIK,MATCH($P28,FIYAT_KOD,0))="","",INDEX(FIYAT_GENISLIK,MATCH($P28,FIYAT_KOD,0)))<>"",$I28*IF(INDEX(FIYAT_GENISLIK,MATCH($P28,FIYAT_KOD,0))="","",INDEX(FIYAT_GENISLIK,MATCH($P28,FIYAT_KOD,0)))/MODUL_GENISLIK_MM,"")))) -> 3 | V28: =IF(OR($C28<>"шина",$I28=""),"",$I28*INDEX(FIYAT_KGM,MATCH($P28,FIYAT_KOD,0))) | W28: =IF($H28="","",$H28) -> 2600.4 | Y28: DEVRE | Z28: =IF($P28="","",MAX(_xlfn.MAXIFS(DEVRE!$AM:$AM,DEVRE!$A:$A,$Q28,DEVRE!$C:$C,$P28),_xlfn.MAXIFS(DEVRE!$AM:$AM,DEVRE!$A:$A,$Q28,DEVRE!$H:$H,$P28))) -> 0 | AA28: =IF(OR($I28="",$Q28="",$P28=""),"",$I28*INDEX(PANO_ADET,MATCH($Q28,PANO_ID,0))) -> 1 | AB28: =IF($P28="",0,IF(AND($U28="",COUNTIF(ALAN_TIP_LIST,$C28)>0),1,0)) -> 0 | AC28: =IF(OR($P28="",$C28<>"kontaktör"),0,IF(IF(INDEX(FIYAT_BOBIN,MATCH($P28,FIYAT_KOD,0))="","",INDEX(FIYAT_BOBIN,MATCH($P28,FIYAT_KOD,0)))="",1,0)) -> 0
A29: =ROW()-1 -> 28 | B29: =$E29 -> Авт. выкл. NXB-63 3P 40A 6кА х-ка C | C29: OTO | D29: =IF($P29="","",IF(INDEX(FIYAT_ARTIKUL,MATCH($P29,FIYAT_KOD,0))="","",INDEX(FIYAT_ARTIKUL,MATCH($P29,FIYAT_KOD,0)))) -> 814174 | E29: =IF($P29="","",INDEX(FIYAT_ACK,MATCH($P29,FIYAT_KOD,0))) -> Авт. выкл. NXB-63 3P 40A 6кА х-ка C | F29: =IF($P29="","",IF(INDEX(FIYAT_LISTE,MATCH($P29,FIYAT_KOD,0))="","",INDEX(FIYAT_LISTE,MATCH($P29,FIYAT_KOD,0)))) -> 5647 | G29: =IF($P29="","",IF(INDEX(FIYAT_NET,MATCH($P29,FIYAT_KOD,0))="","",INDEX(FIYAT_NET,MATCH($P29,FIYAT_KOD,0)))) -> 3388.2 | H29: =IF(OR($G29="",$I29="",$M29="KONTROL",$M29="KAPSAM_DISI"),"",$G29*$I29) -> 6776.4 | I29: =SUMIFS(DEVRE!$T:$T,DEVRE!$A:$A,$Q29,DEVRE!$C:$C,$P29)+SUMIFS(DEVRE!$U:$U,DEVRE!$A:$A,$Q29,DEVRE!$H:$H,$P29) -> 2 | J29: =IF($P29="","",INDEX(FIYAT_BIRIM,MATCH($P29,FIYAT_KOD,0))) -> шт | K29: =IF($P29="","",INDEX(FIYAT_MARKA,MATCH($P29,FIYAT_KOD,0))) -> CHINT | L29: =IF($H29="","",$H29) -> 6776.4 | M29: =IF($P29="","",INDEX(DURUM_LIST,MATCH(MAX(INDEX(DURUM_SEV,MATCH(INDEX(FIYAT_DURUM,MATCH($P29,FIYAT_KOD,0)),DURUM_LIST,0)),IF($S29="",0,INDEX(DURUM_SEV,MATCH($S29,DURUM_LIST,0))),$Z29),DURUM_SEV,0))) -> OK | N29: DEVRE: МС-1, МВ-1 · şema 2 | O29: =IF($P29="","",INDEX(FIYAT_KAYNAK,MATCH($P29,FIYAT_KOD,0))) -> CHINT2608 | P29: CHINT-814174 | Q29: =$Q28 -> P02 | R29: MCB_3P | T29: =IF(OR($R29="",$I29=""),"",$I29*INDEX(NORM_DK,MATCH($R29,NORM_AD,0))) -> 16 | U29: =IF(OR($P29="",$I29=""),"",IF(IF(INDEX(FIYAT_ALAN,MATCH($P29,FIYAT_KOD,0))="","",INDEX(FIYAT_ALAN,MATCH($P29,FIYAT_KOD,0)))<>"",$I29*IF(INDEX(FIYAT_ALAN,MATCH($P29,FIYAT_KOD,0))="","",INDEX(FIYAT_ALAN,MATCH($P29,FIYAT_KOD,0))),IF(IF(INDEX(FIYAT_MODUL,MATCH($P29,FIYAT_KOD,0))="","",INDEX(FIYAT_MODUL,MATCH($P29,FIYAT_KOD,0)))<>"",$I29*IF(INDEX(FIYAT_MODUL,MATCH($P29,FIYAT_KOD,0))="","",INDEX(FIYAT_MODUL,MATCH($P29,FIYAT_KOD,0))),IF(IF(INDEX(FIYAT_GENISLIK,MATCH($P29,FIYAT_KOD,0))="","",INDEX(FIYAT_GENISLIK,MATCH($P29,FIYAT_KOD,0)))<>"",$I29*IF(INDEX(FIYAT_GENISLIK,MATCH($P29,FIYAT_KOD,0))="","",INDEX(FIYAT_GENISLIK,MATCH($P29,FIYAT_KOD,0)))/MODUL_GENISLIK_MM,"")))) -> 6 | V29: =IF(OR($C29<>"шина",$I29=""),"",$I29*INDEX(FIYAT_KGM,MATCH($P29,FIYAT_KOD,0))) | W29: =IF($H29="","",$H29) -> 6776.4 | Y29: DEVRE | Z29: =IF($P29="","",MAX(_xlfn.MAXIFS(DEVRE!$AM:$AM,DEVRE!$A:$A,$Q29,DEVRE!$C:$C,$P29),_xlfn.MAXIFS(DEVRE!$AM:$AM,DEVRE!$A:$A,$Q29,DEVRE!$H:$H,$P29))) -> 0 | AA29: =IF(OR($I29="",$Q29="",$P29=""),"",$I29*INDEX(PANO_ADET,MATCH($Q29,PANO_ID,0))) -> 2 | AB29: =IF($P29="",0,IF(AND($U29="",COUNTIF(ALAN_TIP_LIST,$C29)>0),1,0)) -> 0 | AC29: =IF(OR($P29="",$C29<>"kontaktör"),0,IF(IF(INDEX(FIYAT_BOBIN,MATCH($P29,FIYAT_KOD,0))="","",INDEX(FIYAT_BOBIN,MATCH($P29,FIYAT_KOD,0)))="",1,0)) -> 0
A30: =ROW()-1 -> 29 | B30: =$E30 -> Авт. выкл. NXB-63 3P 50A 6кА х-ка C | C30: OTO | D30: =IF($P30="","",IF(INDEX(FIYAT_ARTIKUL,MATCH($P30,FIYAT_KOD,0))="","",INDEX(FIYAT_ARTIKUL,MATCH($P30,FIYAT_KOD,0)))) -> 814175 | E30: =IF($P30="","",INDEX(FIYAT_ACK,MATCH($P30,FIYAT_KOD,0))) -> Авт. выкл. NXB-63 3P 50A 6кА х-ка C | F30: =IF($P30="","",IF(INDEX(FIYAT_LISTE,MATCH($P30,FIYAT_KOD,0))="","",INDEX(FIYAT_LISTE,MATCH($P30,FIYAT_KOD,0)))) -> 5719 | G30: =IF($P30="","",IF(INDEX(FIYAT_NET,MATCH($P30,FIYAT_KOD,0))="","",INDEX(FIYAT_NET,MATCH($P30,FIYAT_KOD,0)))) -> 3431.4 | H30: =IF(OR($G30="",$I30="",$M30="KONTROL",$M30="KAPSAM_DISI"),"",$G30*$I30) -> 3431.4 | I30: =SUMIFS(DEVRE!$T:$T,DEVRE!$A:$A,$Q30,DEVRE!$C:$C,$P30)+SUMIFS(DEVRE!$U:$U,DEVRE!$A:$A,$Q30,DEVRE!$H:$H,$P30) -> 1 | J30: =IF($P30="","",INDEX(FIYAT_BIRIM,MATCH($P30,FIYAT_KOD,0))) -> шт | K30: =IF($P30="","",INDEX(FIYAT_MARKA,MATCH($P30,FIYAT_KOD,0))) -> CHINT | L30: =IF($H30="","",$H30) -> 3431.4 | M30: =IF($P30="","",INDEX(DURUM_LIST,MATCH(MAX(INDEX(DURUM_SEV,MATCH(INDEX(FIYAT_DURUM,MATCH($P30,FIYAT_KOD,0)),DURUM_LIST,0)),IF($S30="",0,INDEX(DURUM_SEV,MATCH($S30,DURUM_LIST,0))),$Z30),DURUM_SEV,0))) -> OK | N30: DEVRE: МС-2 · şema 1 | O30: =IF($P30="","",INDEX(FIYAT_KAYNAK,MATCH($P30,FIYAT_KOD,0))) -> CHINT2608 | P30: CHINT-814175 | Q30: =$Q29 -> P02 | R30: MCB_3P | T30: =IF(OR($R30="",$I30=""),"",$I30*INDEX(NORM_DK,MATCH($R30,NORM_AD,0))) -> 8 | U30: =IF(OR($P30="",$I30=""),"",IF(IF(INDEX(FIYAT_ALAN,MATCH($P30,FIYAT_KOD,0))="","",INDEX(FIYAT_ALAN,MATCH($P30,FIYAT_KOD,0)))<>"",$I30*IF(INDEX(FIYAT_ALAN,MATCH($P30,FIYAT_KOD,0))="","",INDEX(FIYAT_ALAN,MATCH($P30,FIYAT_KOD,0))),IF(IF(INDEX(FIYAT_MODUL,MATCH($P30,FIYAT_KOD,0))="","",INDEX(FIYAT_MODUL,MATCH($P30,FIYAT_KOD,0)))<>"",$I30*IF(INDEX(FIYAT_MODUL,MATCH($P30,FIYAT_KOD,0))="","",INDEX(FIYAT_MODUL,MATCH($P30,FIYAT_KOD,0))),IF(IF(INDEX(FIYAT_GENISLIK,MATCH($P30,FIYAT_KOD,0))="","",INDEX(FIYAT_GENISLIK,MATCH($P30,FIYAT_KOD,0)))<>"",$I30*IF(INDEX(FIYAT_GENISLIK,MATCH($P30,FIYAT_KOD,0))="","",INDEX(FIYAT_GENISLIK,MATCH($P30,FIYAT_KOD,0)))/MODUL_GENISLIK_MM,"")))) -> 3 | V30: =IF(OR($C30<>"шина",$I30=""),"",$I30*INDEX(FIYAT_KGM,MATCH($P30,FIYAT_KOD,0))) | W30: =IF($H30="","",$H30) -> 3431.4 | Y30: DEVRE | Z30: =IF($P30="","",MAX(_xlfn.MAXIFS(DEVRE!$AM:$AM,DEVRE!$A:$A,$Q30,DEVRE!$C:$C,$P30),_xlfn.MAXIFS(DEVRE!$AM:$AM,DEVRE!$A:$A,$Q30,DEVRE!$H:$H,$P30))) -> 0 | AA30: =IF(OR($I30="",$Q30="",$P30=""),"",$I30*INDEX(PANO_ADET,MATCH($Q30,PANO_ID,0))) -> 1 | AB30: =IF($P30="",0,IF(AND($U30="",COUNTIF(ALAN_TIP_LIST,$C30)>0),1,0)) -> 0 | AC30: =IF(OR($P30="",$C30<>"kontaktör"),0,IF(IF(INDEX(FIYAT_BOBIN,MATCH($P30,FIYAT_KOD,0))="","",INDEX(FIYAT_BOBIN,MATCH($P30,FIYAT_KOD,0)))="",1,0)) -> 0
A31: =ROW()-1 -> 30 | B31: =$E31 -> Авт. выкл. NXB-63 3P 32A 6кА х-ка C | C31: OTO | D31: =IF($P31="","",IF(INDEX(FIYAT_ARTIKUL,MATCH($P31,FIYAT_KOD,0))="","",INDEX(FIYAT_ARTIKUL,MATCH($P31,FIYAT_KOD,0)))) -> 814173 | E31: =IF($P31="","",INDEX(FIYAT_ACK,MATCH($P31,FIYAT_KOD,0))) -> Авт. выкл. NXB-63 3P 32A 6кА х-ка C | F31: =IF($P31="","",IF(INDEX(FIYAT_LISTE,MATCH($P31,FIYAT_KOD,0))="","",INDEX(FIYAT_LISTE,MATCH($P31,FIYAT_KOD,0)))) -> 6060 | G31: =IF($P31="","",IF(INDEX(FIYAT_NET,MATCH($P31,FIYAT_KOD,0))="","",INDEX(FIYAT_NET,MATCH($P31,FIYAT_KOD,0)))) -> 3636 | H31: =IF(OR($G31="",$I31="",$M31="KONTROL",$M31="KAPSAM_DISI"),"",$G31*$I31) -> 3636 | I31: =SUMIFS(DEVRE!$T:$T,DEVRE!$A:$A,$Q31,DEVRE!$C:$C,$P31)+SUMIFS(DEVRE!$U:$U,DEVRE!$A:$A,$Q31,DEVRE!$H:$H,$P31) -> 1 | J31: =IF($P31="","",INDEX(FIYAT_BIRIM,MATCH($P31,FIYAT_KOD,0))) -> шт | K31: =IF($P31="","",INDEX(FIYAT_MARKA,MATCH($P31,FIYAT_KOD,0))) -> CHINT | L31: =IF($H31="","",$H31) -> 3636 | M31: =IF($P31="","",INDEX(DURUM_LIST,MATCH(MAX(INDEX(DURUM_SEV,MATCH(INDEX(FIYAT_DURUM,MATCH($P31,FIYAT_KOD,0)),DURUM_LIST,0)),IF($S31="",0,INDEX(DURUM_SEV,MATCH($S31,DURUM_LIST,0))),$Z31),DURUM_SEV,0))) -> OK | N31: DEVRE: МО-1 · şema 1 | O31: =IF($P31="","",INDEX(FIYAT_KAYNAK,MATCH($P31,FIYAT_KOD,0))) -> CHINT2608 | P31: CHINT-814173 | Q31: =$Q30 -> P02 | R31: MCB_3P | T31: =IF(OR($R31="",$I31=""),"",$I31*INDEX(NORM_DK,MATCH($R31,NORM_AD,0))) -> 8 | U31: =IF(OR($P31="",$I31=""),"",IF(IF(INDEX(FIYAT_ALAN,MATCH($P31,FIYAT_KOD,0))="","",INDEX(FIYAT_ALAN,MATCH($P31,FIYAT_KOD,0)))<>"",$I31*IF(INDEX(FIYAT_ALAN,MATCH($P31,FIYAT_KOD,0))="","",INDEX(FIYAT_ALAN,MATCH($P31,FIYAT_KOD,0))),IF(IF(INDEX(FIYAT_MODUL,MATCH($P31,FIYAT_KOD,0))="","",INDEX(FIYAT_MODUL,MATCH($P31,FIYAT_KOD,0)))<>"",$I31*IF(INDEX(FIYAT_MODUL,MATCH($P31,FIYAT_KOD,0))="","",INDEX(FIYAT_MODUL,MATCH($P31,FIYAT_KOD,0))),IF(IF(INDEX(FIYAT_GENISLIK,MATCH($P31,FIYAT_KOD,0))="","",INDEX(FIYAT_GENISLIK,MATCH($P31,FIYAT_KOD,0)))<>"",$I31*IF(INDEX(FIYAT_GENISLIK,MATCH($P31,FIYAT_KOD,0))="","",INDEX(FIYAT_GENISLIK,MATCH($P31,FIYAT_KOD,0)))/MODUL_GENISLIK_MM,"")))) -> 3 | V31: =IF(OR($C31<>"шина",$I31=""),"",$I31*INDEX(FIYAT_KGM,MATCH($P31,FIYAT_KOD,0))) | W31: =IF($H31="","",$H31) -> 3636 | Y31: DEVRE | Z31: =IF($P31="","",MAX(_xlfn.MAXIFS(DEVRE!$AM:$AM,DEVRE!$A:$A,$Q31,DEVRE!$C:$C,$P31),_xlfn.MAXIFS(DEVRE!$AM:$AM,DEVRE!$A:$A,$Q31,DEVRE!$H:$H,$P31))) -> 0 | AA31: =IF(OR($I31="",$Q31="",$P31=""),"",$I31*INDEX(PANO_ADET,MATCH($Q31,PANO_ID,0))) -> 1 | AB31: =IF($P31="",0,IF(AND($U31="",COUNTIF(ALAN_TIP_LIST,$C31)>0),1,0)) -> 0 | AC31: =IF(OR($P31="",$C31<>"kontaktör"),0,IF(IF(INDEX(FIYAT_BOBIN,MATCH($P31,FIYAT_KOD,0))="","",INDEX(FIYAT_BOBIN,MATCH($P31,FIYAT_KOD,0)))="",1,0)) -> 0
A32: =ROW()-1 -> 31 | B32: =$E32 -> Авт. выкл. NXB-63 3P 25A 6кА х-ка C | C32: OTO | D32: =IF($P32="","",IF(INDEX(FIYAT_ARTIKUL,MATCH($P32,FIYAT_KOD,0))="","",INDEX(FIYAT_ARTIKUL,MATCH($P32,FIYAT_KOD,0)))) -> 814172 | E32: =IF($P32="","",INDEX(FIYAT_ACK,MATCH($P32,FIYAT_KOD,0))) -> Авт. выкл. NXB-63 3P 25A 6кА х-ка C | F32: =IF($P32="","",IF(INDEX(FIYAT_LISTE,MATCH($P32,FIYAT_KOD,0))="","",INDEX(FIYAT_LISTE,MATCH($P32,FIYAT_KOD,0)))) -> 5334 | G32: =IF($P32="","",IF(INDEX(FIYAT_NET,MATCH($P32,FIYAT_KOD,0))="","",INDEX(FIYAT_NET,MATCH($P32,FIYAT_KOD,0)))) -> 3200.4 | H32: =IF(OR($G32="",$I32="",$M32="KONTROL",$M32="KAPSAM_DISI"),"",$G32*$I32) -> 6400.8 | I32: =SUMIFS(DEVRE!$T:$T,DEVRE!$A:$A,$Q32,DEVRE!$C:$C,$P32)+SUMIFS(DEVRE!$U:$U,DEVRE!$A:$A,$Q32,DEVRE!$H:$H,$P32) -> 2 | J32: =IF($P32="","",INDEX(FIYAT_BIRIM,MATCH($P32,FIYAT_KOD,0))) -> шт | K32: =IF($P32="","",INDEX(FIYAT_MARKA,MATCH($P32,FIYAT_KOD,0))) -> CHINT | L32: =IF($H32="","",$H32) -> 6400.8 | M32: =IF($P32="","",INDEX(DURUM_LIST,MATCH(MAX(INDEX(DURUM_SEV,MATCH(INDEX(FIYAT_DURUM,MATCH($P32,FIYAT_KOD,0)),DURUM_LIST,0)),IF($S32="",0,INDEX(DURUM_SEV,MATCH($S32,DURUM_LIST,0))),$Z32),DURUM_SEV,0))) -> VARSAYIM | N32: DEVRE: МАО-1, МСН-1 · şema 2 | O32: =IF($P32="","",INDEX(FIYAT_KAYNAK,MATCH($P32,FIYAT_KOD,0))) -> CHINT2608 | P32: CHINT-814172 | Q32: =$Q31 -> P02 | R32: MCB_3P | T32: =IF(OR($R32="",$I32=""),"",$I32*INDEX(NORM_DK,MATCH($R32,NORM_AD,0))) -> 16 | U32: =IF(OR($P32="",$I32=""),"",IF(IF(INDEX(FIYAT_ALAN,MATCH($P32,FIYAT_KOD,0))="","",INDEX(FIYAT_ALAN,MATCH($P32,FIYAT_KOD,0)))<>"",$I32*IF(INDEX(FIYAT_ALAN,MATCH($P32,FIYAT_KOD,0))="","",INDEX(FIYAT_ALAN,MATCH($P32,FIYAT_KOD,0))),IF(IF(INDEX(FIYAT_MODUL,MATCH($P32,FIYAT_KOD,0))="","",INDEX(FIYAT_MODUL,MATCH($P32,FIYAT_KOD,0)))<>"",$I32*IF(INDEX(FIYAT_MODUL,MATCH($P32,FIYAT_KOD,0))="","",INDEX(FIYAT_MODUL,MATCH($P32,FIYAT_KOD,0))),IF(IF(INDEX(FIYAT_GENISLIK,MATCH($P32,FIYAT_KOD,0))="","",INDEX(FIYAT_GENISLIK,MATCH($P32,FIYAT_KOD,0)))<>"",$I32*IF(INDEX(FIYAT_GENISLIK,MATCH($P32,FIYAT_KOD,0))="","",INDEX(FIYAT_GENISLIK,MATCH($P32,FIYAT_KOD,0)))/MODUL_GENISLIK_MM,"")))) -> 6 | V32: =IF(OR($C32<>"шина",$I32=""),"",$I32*INDEX(FIYAT_KGM,MATCH($P32,FIYAT_KOD,0))) | W32: =IF($H32="","",$H32) -> 6400.8 | Y32: DEVRE | Z32: =IF($P32="","",MAX(_xlfn.MAXIFS(DEVRE!$AM:$AM,DEVRE!$A:$A,$Q32,DEVRE!$C:$C,$P32),_xlfn.MAXIFS(DEVRE!$AM:$AM,DEVRE!$A:$A,$Q32,DEVRE!$H:$H,$P32))) -> 3 | AA32: =IF(OR($I32="",$Q32="",$P32=""),"",$I32*INDEX(PANO_ADET,MATCH($Q32,PANO_ID,0))) -> 2 | AB32: =IF($P32="",0,IF(AND($U32="",COUNTIF(ALAN_TIP_LIST,$C32)>0),1,0)) -> 0 | AC32: =IF(OR($P32="",$C32<>"kontaktör"),0,IF(IF(INDEX(FIYAT_BOBIN,MATCH($P32,FIYAT_KOD,0))="","",INDEX(FIYAT_BOBIN,MATCH($P32,FIYAT_KOD,0)))="",1,0)) -> 0
A33: =ROW()-1 -> 32 | B33: =$E33 -> Шина соединительная типа PIN 3P, 63А, L=1000мм | C33: LOOBAR | D33: =IF($P33="","",IF(INDEX(FIYAT_ARTIKUL,MATCH($P33,FIYAT_KOD,0))="","",INDEX(FIYAT_ARTIKUL,MATCH($P33,FIYAT_KOD,0)))) -> 811002 | E33: =IF($P33="","",INDEX(FIYAT_ACK,MATCH($P33,FIYAT_KOD,0))) -> Шина соединительная типа PIN 3P, 63А, L=1000мм | F33: =IF($P33="","",IF(INDEX(FIYAT_LISTE,MATCH($P33,FIYAT_KOD,0))="","",INDEX(FIYAT_LISTE,MATCH($P33,FIYAT_KOD,0)))) -> 12699 | G33: =IF($P33="","",IF(INDEX(FIYAT_NET,MATCH($P33,FIYAT_KOD,0))="","",INDEX(FIYAT_NET,MATCH($P33,FIYAT_KOD,0)))) -> 7619.4 | H33: =IF(OR($G33="",$I33="",$M33="KONTROL",$M33="KAPSAM_DISI"),"",$G33*$I33) | I33: =IF(COUNTIFS(DEVRE!$A:$A,$Q33,DEVRE!$D:$D,"CIKIS",DEVRE!$AO:$AO,$X33,DEVRE!$Q:$Q,"<="&TARAK_MAX_A,DEVRE!$P:$P,"OTO")+COUNTIFS(DEVRE!$A:$A,$Q33,DEVRE!$D:$D,"CIKIS",DEVRE!$AO:$AO,$X33,DEVRE!$Q:$Q,"<="&TARAK_MAX_A,DEVRE!$P:$P,"DİF")<TARAK_MIN_CIHAZ,"",ROUNDUP((SUMIFS(DEVRE!$AH:$AH,DEVRE!$A:$A,$Q33,DEVRE!$D:$D,"CIKIS",DEVRE!$AO:$AO,$X33,DEVRE!$Q:$Q,"<="&TARAK_MAX_A,DEVRE!$P:$P,"OTO")+SUMIFS(DEVRE!$AH:$AH,DEVRE!$A:$A,$Q33,DEVRE!$D:$D,"CIKIS",DEVRE!$AO:$AO,$X33,DEVRE!$Q:$Q,"<="&TARAK_MAX_A,DEVRE!$P:$P,"DİF"))/TARAK_MOD_ADET,0)) -> 2 | J33: =IF($P33="","",INDEX(FIYAT_BIRIM,MATCH($P33,FIYAT_KOD,0))) -> шт | K33: =IF($P33="","",INDEX(FIYAT_MARKA,MATCH($P33,FIYAT_KOD,0))) -> CHINT | L33: =IF($H33="","",$H33) | M33: =IF($P33="","",INDEX(DURUM_LIST,MATCH(MAX(INDEX(DURUM_SEV,MATCH(INDEX(FIYAT_DURUM,MATCH($P33,FIYAT_KOD,0)),DURUM_LIST,0)),IF($S33="",0,INDEX(DURUM_SEV,MATCH($S33,DURUM_LIST,0))),$Z33),DURUM_SEV,0))) -> KONTROL | N33: CHINT tarak L=1000 mm (≈57 mod) · TARAK_MOD_ADET=12 → adet/birim uyuşmazlığı · besleme 100А > tarak 63А | O33: =IF($P33="","",INDEX(FIYAT_KAYNAK,MATCH($P33,FIYAT_KOD,0))) -> CHINT2608 | P33: CHINT-811002 | Q33: =$Q32 -> P02 | R33: TARAK_BARA | S33: KONTROL | T33: =IF(OR($R33="",$I33=""),"",$I33*INDEX(NORM_DK,MATCH($R33,NORM_AD,0))) -> 20 | U33: =IF(OR($P33="",$I33=""),"",IF(IF(INDEX(FIYAT_ALAN,MATCH($P33,FIYAT_KOD,0))="","",INDEX(FIYAT_ALAN,MATCH($P33,FIYAT_KOD,0)))<>"",$I33*IF(INDEX(FIYAT_ALAN,MATCH($P33,FIYAT_KOD,0))="","",INDEX(FIYAT_ALAN,MATCH($P33,FIYAT_KOD,0))),IF(IF(INDEX(FIYAT_MODUL,MATCH($P33,FIYAT_KOD,0))="","",INDEX(FIYAT_MODUL,MATCH($P33,FIYAT_KOD,0)))<>"",$I33*IF(INDEX(FIYAT_MODUL,MATCH($P33,FIYAT_KOD,0))="","",INDEX(FIYAT_MODUL,MATCH($P33,FIYAT_KOD,0))),IF(IF(INDEX(FIYAT_GENISLIK,MATCH($P33,FIYAT_KOD,0))="","",INDEX(FIYAT_GENISLIK,MATCH($P33,FIYAT_KOD,0)))<>"",$I33*IF(INDEX(FIYAT_GENISLIK,MATCH($P33,FIYAT_KOD,0))="","",INDEX(FIYAT_GENISLIK,MATCH($P33,FIYAT_KOD,0)))/MODUL_GENISLIK_MM,"")))) | V33: =IF(OR($C33<>"шина",$I33=""),"",$I33*INDEX(FIYAT_KGM,MATCH($P33,FIYAT_KOD,0))) | W33: =IF($H33="","",$H33) | X33: 3P | Y33: OTO:TARAK | Z33: =IF($P33="","",MAX(_xlfn.MAXIFS(DEVRE!$AM:$AM,DEVRE!$A:$A,$Q33,DEVRE!$C:$C,$P33),_xlfn.MAXIFS(DEVRE!$AM:$AM,DEVRE!$A:$A,$Q33,DEVRE!$H:$H,$P33))) -> 0 | AA33: =IF(OR($I33="",$Q33="",$P33=""),"",$I33*INDEX(PANO_ADET,MATCH($Q33,PANO_ID,0))) -> 2 | AB33: =IF($P33="",0,IF(AND($U33="",COUNTIF(ALAN_TIP_LIST,$C33)>0),1,0)) -> 0 | AC33: =IF(OR($P33="",$C33<>"kontaktör"),0,IF(IF(INDEX(FIYAT_BOBIN,MATCH($P33,FIYAT_KOD,0))="","",INDEX(FIYAT_BOBIN,MATCH($P33,FIYAT_KOD,0)))="",1,0)) -> 0
A34: =ROW()-1 -> 33 | B34: =$E34 | C34: аксессуар | D34: =IF($P34="","",IF(INDEX(FIYAT_ARTIKUL,MATCH($P34,FIYAT_KOD,0))="","",INDEX(FIYAT_ARTIKUL,MATCH($P34,FIYAT_KOD,0)))) | E34: =IF($P34="","",INDEX(FIYAT_ACK,MATCH($P34,FIYAT_KOD,0))) | F34: =IF($P34="","",IF(INDEX(FIYAT_LISTE,MATCH($P34,FIYAT_KOD,0))="","",INDEX(FIYAT_LISTE,MATCH($P34,FIYAT_KOD,0)))) | G34: =IF($P34="","",IF(INDEX(FIYAT_NET,MATCH($P34,FIYAT_KOD,0))="","",INDEX(FIYAT_NET,MATCH($P34,FIYAT_KOD,0)))) | H34: =IF(OR($G34="",$I34="",$M34="KONTROL",$M34="KAPSAM_DISI"),"",$G34*$I34) | I34: =IF(INDEX(PANO_BARA_GEREK,MATCH($Q34,PANO_ID,0))="HAYIR",2,"") -> 2 | J34: =IF($P34="","",INDEX(FIYAT_BIRIM,MATCH($P34,FIYAT_KOD,0))) | K34: =IF($P34="","",INDEX(FIYAT_MARKA,MATCH($P34,FIYAT_KOD,0))) | L34: =IF($H34="","",$H34) | M34: =IF($P34="","",INDEX(DURUM_LIST,MATCH(MAX(INDEX(DURUM_SEV,MATCH(INDEX(FIYAT_DURUM,MATCH($P34,FIYAT_KOD,0)),DURUM_LIST,0)),IF($S34="",0,INDEX(DURUM_SEV,MATCH($S34,DURUM_LIST,0))),$Z34),DURUM_SEV,0))) | N34: N/PE barası · NOTR_BARA_KOD boş | O34: =IF($P34="","",INDEX(FIYAT_KAYNAK,MATCH($P34,FIYAT_KOD,0))) | P34: =IF(NOTR_BARA_KOD="","",NOTR_BARA_KOD) | Q34: =$Q33 -> P02 | S34: OTO | T34: =IF(OR($R34="",$I34=""),"",$I34*INDEX(NORM_DK,MATCH($R34,NORM_AD,0))) | U34: =IF(OR($P34="",$I34=""),"",IF(IF(INDEX(FIYAT_ALAN,MATCH($P34,FIYAT_KOD,0))="","",INDEX(FIYAT_ALAN,MATCH($P34,FIYAT_KOD,0)))<>"",$I34*IF(INDEX(FIYAT_ALAN,MATCH($P34,FIYAT_KOD,0))="","",INDEX(FIYAT_ALAN,MATCH($P34,FIYAT_KOD,0))),IF(IF(INDEX(FIYAT_MODUL,MATCH($P34,FIYAT_KOD,0))="","",INDEX(FIYAT_MODUL,MATCH($P34,FIYAT_KOD,0)))<>"",$I34*IF(INDEX(FIYAT_MODUL,MATCH($P34,FIYAT_KOD,0))="","",INDEX(FIYAT_MODUL,MATCH($P34,FIYAT_KOD,0))),IF(IF(INDEX(FIYAT_GENISLIK,MATCH($P34,FIYAT_KOD,0))="","",INDEX(FIYAT_GENISLIK,MATCH($P34,FIYAT_KOD,0)))<>"",$I34*IF(INDEX(FIYAT_GENISLIK,MATCH($P34,FIYAT_KOD,0))="","",INDEX(FIYAT_GENISLIK,MATCH($P34,FIYAT_KOD,0)))/MODUL_GENISLIK_MM,"")))) | V34: =IF(OR($C34<>"шина",$I34=""),"",$I34*INDEX(FIYAT_KGM,MATCH($P34,FIYAT_KOD,0))) | W34: =IF($H34="","",$H34) | Y34: OTO:NPE | Z34: =IF($P34="","",MAX(_xlfn.MAXIFS(DEVRE!$AM:$AM,DEVRE!$A:$A,$Q34,DEVRE!$C:$C,$P34),_xlfn.MAXIFS(DEVRE!$AM:$AM,DEVRE!$A:$A,$Q34,DEVRE!$H:$H,$P34))) | AA34: =IF(OR($I34="",$Q34="",$P34=""),"",$I34*INDEX(PANO_ADET,MATCH($Q34,PANO_ID,0))) | AB34: =IF($P34="",0,IF(AND($U34="",COUNTIF(ALAN_TIP_LIST,$C34)>0),1,0)) -> 0 | AC34: =IF(OR($P34="",$C34<>"kontaktör"),0,IF(IF(INDEX(FIYAT_BOBIN,MATCH($P34,FIYAT_KOD,0))="","",INDEX(FIYAT_BOBIN,MATCH($P34,FIYAT_KOD,0)))="",1,0)) -> 0
A35: =ROW()-1 -> 34 | B35: =$E35 | C35: DIN | D35: =IF($P35="","",IF(INDEX(FIYAT_ARTIKUL,MATCH($P35,FIYAT_KOD,0))="","",INDEX(FIYAT_ARTIKUL,MATCH($P35,FIYAT_KOD,0)))) | E35: =IF($P35="","",INDEX(FIYAT_ACK,MATCH($P35,FIYAT_KOD,0))) | F35: =IF($P35="","",IF(INDEX(FIYAT_LISTE,MATCH($P35,FIYAT_KOD,0))="","",INDEX(FIYAT_LISTE,MATCH($P35,FIYAT_KOD,0)))) | G35: =IF($P35="","",IF(INDEX(FIYAT_NET,MATCH($P35,FIYAT_KOD,0))="","",INDEX(FIYAT_NET,MATCH($P35,FIYAT_KOD,0)))) | H35: =IF(OR($G35="",$I35="",$M35="KONTROL",$M35="KAPSAM_DISI"),"",$G35*$I35) | I35: =INDEX(PANO_DIN_M,MATCH($Q35,PANO_ID,0)) | J35: =IF($P35="","",INDEX(FIYAT_BIRIM,MATCH($P35,FIYAT_KOD,0))) | K35: =IF($P35="","",INDEX(FIYAT_MARKA,MATCH($P35,FIYAT_KOD,0))) | L35: =IF($H35="","",$H35) | M35: =IF($P35="","",INDEX(DURUM_LIST,MATCH(MAX(INDEX(DURUM_SEV,MATCH(INDEX(FIYAT_DURUM,MATCH($P35,FIYAT_KOD,0)),DURUM_LIST,0)),IF($S35="",0,INDEX(DURUM_SEV,MATCH($S35,DURUM_LIST,0))),$Z35),DURUM_SEV,0))) | N35: DIN ray · DINRAY_KOD / SIRA_ARALIK_MM / KORPUS_IC_PAY_M boş | O35: =IF($P35="","",INDEX(FIYAT_KAYNAK,MATCH($P35,FIYAT_KOD,0))) | P35: =IF(DINRAY_KOD="","",DINRAY_KOD) | Q35: =$Q34 -> P02 | R35: DINRAY_M | S35: OTO | T35: =IF(OR($R35="",$I35=""),"",$I35*INDEX(NORM_DK,MATCH($R35,NORM_AD,0))) | U35: =IF(OR($P35="",$I35=""),"",IF(IF(INDEX(FIYAT_ALAN,MATCH($P35,FIYAT_KOD,0))="","",INDEX(FIYAT_ALAN,MATCH($P35,FIYAT_KOD,0)))<>"",$I35*IF(INDEX(FIYAT_ALAN,MATCH($P35,FIYAT_KOD,0))="","",INDEX(FIYAT_ALAN,MATCH($P35,FIYAT_KOD,0))),IF(IF(INDEX(FIYAT_MODUL,MATCH($P35,FIYAT_KOD,0))="","",INDEX(FIYAT_MODUL,MATCH($P35,FIYAT_KOD,0)))<>"",$I35*IF(INDEX(FIYAT_MODUL,MATCH($P35,FIYAT_KOD,0))="","",INDEX(FIYAT_MODUL,MATCH($P35,FIYAT_KOD,0))),IF(IF(INDEX(FIYAT_GENISLIK,MATCH($P35,FIYAT_KOD,0))="","",INDEX(FIYAT_GENISLIK,MATCH($P35,FIYAT_KOD,0)))<>"",$I35*IF(INDEX(FIYAT_GENISLIK,MATCH($P35,FIYAT_KOD,0))="","",INDEX(FIYAT_GENISLIK,MATCH($P35,FIYAT_KOD,0)))/MODUL_GENISLIK_MM,"")))) | V35: =IF(OR($C35<>"шина",$I35=""),"",$I35*INDEX(FIYAT_KGM,MATCH($P35,FIYAT_KOD,0))) | W35: =IF($H35="","",$H35) | Y35: OTO:DIN | Z35: =IF($P35="","",MAX(_xlfn.MAXIFS(DEVRE!$AM:$AM,DEVRE!$A:$A,$Q35,DEVRE!$C:$C,$P35),_xlfn.MAXIFS(DEVRE!$AM:$AM,DEVRE!$A:$A,$Q35,DEVRE!$H:$H,$P35))) | AA35: =IF(OR($I35="",$Q35="",$P35=""),"",$I35*INDEX(PANO_ADET,MATCH($Q35,PANO_ID,0))) | AB35: =IF($P35="",0,IF(AND($U35="",COUNTIF(ALAN_TIP_LIST,$C35)>0),1,0)) -> 0 | AC35: =IF(OR($P35="",$C35<>"kontaktör"),0,IF(IF(INDEX(FIYAT_BOBIN,MATCH($P35,FIYAT_KOD,0))="","",INDEX(FIYAT_BOBIN,MATCH($P35,FIYAT_KOD,0)))="",1,0)) -> 0
A36: =ROW()-1 -> 35 | B36: =$E36 -> Лоток перфорированный 50х 50х3000 (0,7 мм) EKT | C36: кабель-канал | D36: =IF($P36="","",IF(INDEX(FIYAT_ARTIKUL,MATCH($P36,FIYAT_KOD,0))="","",INDEX(FIYAT_ARTIKUL,MATCH($P36,FIYAT_KOD,0)))) -> 280300704 | E36: =IF($P36="","",INDEX(FIYAT_ACK,MATCH($P36,FIYAT_KOD,0))) -> Лоток перфорированный 50х 50х3000 (0,7 мм) EKT | F36: =IF($P36="","",IF(INDEX(FIYAT_LISTE,MATCH($P36,FIYAT_KOD,0))="","",INDEX(FIYAT_LISTE,MATCH($P36,FIYAT_KOD,0)))) -> 1022 | G36: =IF($P36="","",IF(INDEX(FIYAT_NET,MATCH($P36,FIYAT_KOD,0))="","",INDEX(FIYAT_NET,MATCH($P36,FIYAT_KOD,0)))) -> 1022 | H36: =IF(OR($G36="",$I36="",$M36="KONTROL",$M36="KAPSAM_DISI"),"",$G36*$I36) | I36: =INDEX(PANO_KANAL_M,MATCH($Q36,PANO_ID,0)) | J36: =IF($P36="","",INDEX(FIYAT_BIRIM,MATCH($P36,FIYAT_KOD,0))) -> м | K36: =IF($P36="","",INDEX(FIYAT_MARKA,MATCH($P36,FIYAT_KOD,0))) -> EKT | L36: =IF($H36="","",$H36) | M36: =IF($P36="","",INDEX(DURUM_LIST,MATCH(MAX(INDEX(DURUM_SEV,MATCH(INDEX(FIYAT_DURUM,MATCH($P36,FIYAT_KOD,0)),DURUM_LIST,0)),IF($S36="",0,INDEX(DURUM_SEV,MATCH($S36,DURUM_LIST,0))),$Z36),DURUM_SEV,0))) -> MUADIL_ONAY | N36: perforeli lоток EKT 280300704 (kalıcı kural) · MÜHENDİS ONAYI GEREKLİ | O36: =IF($P36="","",INDEX(FIYAT_KAYNAK,MATCH($P36,FIYAT_KOD,0))) -> EKT2506 | P36: =INDEX(PANO_KANAL_KOD,MATCH($Q36,PANO_ID,0)) -> EKT-280300704 | Q36: =$Q35 -> P02 | R36: KANAL_M | S36: MUADIL_ONAY | T36: =IF(OR($R36="",$I36=""),"",$I36*INDEX(NORM_DK,MATCH($R36,NORM_AD,0))) | U36: =IF(OR($P36="",$I36=""),"",IF(IF(INDEX(FIYAT_ALAN,MATCH($P36,FIYAT_KOD,0))="","",INDEX(FIYAT_ALAN,MATCH($P36,FIYAT_KOD,0)))<>"",$I36*IF(INDEX(FIYAT_ALAN,MATCH($P36,FIYAT_KOD,0))="","",INDEX(FIYAT_ALAN,MATCH($P36,FIYAT_KOD,0))),IF(IF(INDEX(FIYAT_MODUL,MATCH($P36,FIYAT_KOD,0))="","",INDEX(FIYAT_MODUL,MATCH($P36,FIYAT_KOD,0)))<>"",$I36*IF(INDEX(FIYAT_MODUL,MATCH($P36,FIYAT_KOD,0))="","",INDEX(FIYAT_MODUL,MATCH($P36,FIYAT_KOD,0))),IF(IF(INDEX(FIYAT_GENISLIK,MATCH($P36,FIYAT_KOD,0))="","",INDEX(FIYAT_GENISLIK,MATCH($P36,FIYAT_KOD,0)))<>"",$I36*IF(INDEX(FIYAT_GENISLIK,MATCH($P36,FIYAT_KOD,0))="","",INDEX(FIYAT_GENISLIK,MATCH($P36,FIYAT_KOD,0)))/MODUL_GENISLIK_MM,"")))) | V36: =IF(OR($C36<>"шина",$I36=""),"",$I36*INDEX(FIYAT_KGM,MATCH($P36,FIYAT_KOD,0))) | W36: =IF($H36="","",$H36) | Y36: OTO:KANAL | Z36: =IF($P36="","",MAX(_xlfn.MAXIFS(DEVRE!$AM:$AM,DEVRE!$A:$A,$Q36,DEVRE!$C:$C,$P36),_xlfn.MAXIFS(DEVRE!$AM:$AM,DEVRE!$A:$A,$Q36,DEVRE!$H:$H,$P36))) -> 0 | AA36: =IF(OR($I36="",$Q36="",$P36=""),"",$I36*INDEX(PANO_ADET,MATCH($Q36,PANO_ID,0))) | AB36: =IF($P36="",0,IF(AND($U36="",COUNTIF(ALAN_TIP_LIST,$C36)>0),1,0)) -> 0 | AC36: =IF(OR($P36="",$C36<>"kontaktör"),0,IF(IF(INDEX(FIYAT_BOBIN,MATCH($P36,FIYAT_KOD,0))="","",INDEX(FIYAT_BOBIN,MATCH($P36,FIYAT_KOD,0)))="",1,0)) -> 0
A37: =ROW()-1 -> 36 | B37: =$E37 -> Крышка на лоток осн. 50мм. (0,6 мм) EKT | C37: кабель-канал | D37: =IF($P37="","",IF(INDEX(FIYAT_ARTIKUL,MATCH($P37,FIYAT_KOD,0))="","",INDEX(FIYAT_ARTIKUL,MATCH($P37,FIYAT_KOD,0)))) -> 280300718 | E37: =IF($P37="","",INDEX(FIYAT_ACK,MATCH($P37,FIYAT_KOD,0))) -> Крышка на лоток осн. 50мм. (0,6 мм) EKT | F37: =IF($P37="","",IF(INDEX(FIYAT_LISTE,MATCH($P37,FIYAT_KOD,0))="","",INDEX(FIYAT_LISTE,MATCH($P37,FIYAT_KOD,0)))) -> 596 | G37: =IF($P37="","",IF(INDEX(FIYAT_NET,MATCH($P37,FIYAT_KOD,0))="","",INDEX(FIYAT_NET,MATCH($P37,FIYAT_KOD,0)))) -> 596 | H37: =IF(OR($G37="",$I37="",$M37="KONTROL",$M37="KAPSAM_DISI"),"",$G37*$I37) | I37: =INDEX(PANO_KANAL_M,MATCH($Q37,PANO_ID,0)) | J37: =IF($P37="","",INDEX(FIYAT_BIRIM,MATCH($P37,FIYAT_KOD,0))) -> м | K37: =IF($P37="","",INDEX(FIYAT_MARKA,MATCH($P37,FIYAT_KOD,0))) -> EKT | L37: =IF($H37="","",$H37) | M37: =IF($P37="","",INDEX(DURUM_LIST,MATCH(MAX(INDEX(DURUM_SEV,MATCH(INDEX(FIYAT_DURUM,MATCH($P37,FIYAT_KOD,0)),DURUM_LIST,0)),IF($S37="",0,INDEX(DURUM_SEV,MATCH($S37,DURUM_LIST,0))),$Z37),DURUM_SEV,0))) -> MUADIL_ONAY | N37: lоток kapağı EKT 280300718 · MÜHENDİS ONAYI GEREKLİ | O37: =IF($P37="","",INDEX(FIYAT_KAYNAK,MATCH($P37,FIYAT_KOD,0))) -> EKT2506 | P37: =INDEX(PANO_KAPAK_KOD,MATCH($Q37,PANO_ID,0)) -> EKT-280300718 | Q37: =$Q36 -> P02 | S37: MUADIL_ONAY | T37: =IF(OR($R37="",$I37=""),"",$I37*INDEX(NORM_DK,MATCH($R37,NORM_AD,0))) | U37: =IF(OR($P37="",$I37=""),"",IF(IF(INDEX(FIYAT_ALAN,MATCH($P37,FIYAT_KOD,0))="","",INDEX(FIYAT_ALAN,MATCH($P37,FIYAT_KOD,0)))<>"",$I37*IF(INDEX(FIYAT_ALAN,MATCH($P37,FIYAT_KOD,0))="","",INDEX(FIYAT_ALAN,MATCH($P37,FIYAT_KOD,0))),IF(IF(INDEX(FIYAT_MODUL,MATCH($P37,FIYAT_KOD,0))="","",INDEX(FIYAT_MODUL,MATCH($P37,FIYAT_KOD,0)))<>"",$I37*IF(INDEX(FIYAT_MODUL,MATCH($P37,FIYAT_KOD,0))="","",INDEX(FIYAT_MODUL,MATCH($P37,FIYAT_KOD,0))),IF(IF(INDEX(FIYAT_GENISLIK,MATCH($P37,FIYAT_KOD,0))="","",INDEX(FIYAT_GENISLIK,MATCH($P37,FIYAT_KOD,0)))<>"",$I37*IF(INDEX(FIYAT_GENISLIK,MATCH($P37,FIYAT_KOD,0))="","",INDEX(FIYAT_GENISLIK,MATCH($P37,FIYAT_KOD,0)))/MODUL_GENISLIK_MM,"")))) | V37: =IF(OR($C37<>"шина",$I37=""),"",$I37*INDEX(FIYAT_KGM,MATCH($P37,FIYAT_KOD,0))) | W37: =IF($H37="","",$H37) | Y37: OTO:KANAL | Z37: =IF($P37="","",MAX(_xlfn.MAXIFS(DEVRE!$AM:$AM,DEVRE!$A:$A,$Q37,DEVRE!$C:$C,$P37),_xlfn.MAXIFS(DEVRE!$AM:$AM,DEVRE!$A:$A,$Q37,DEVRE!$H:$H,$P37))) -> 0 | AA37: =IF(OR($I37="",$Q37="",$P37=""),"",$I37*INDEX(PANO_ADET,MATCH($Q37,PANO_ID,0))) | AB37: =IF($P37="",0,IF(AND($U37="",COUNTIF(ALAN_TIP_LIST,$C37)>0),1,0)) -> 0 | AC37: =IF(OR($P37="",$C37<>"kontaktör"),0,IF(IF(INDEX(FIYAT_BOBIN,MATCH($P37,FIYAT_KOD,0))="","",INDEX(FIYAT_BOBIN,MATCH($P37,FIYAT_KOD,0)))="",1,0)) -> 0
A38: =ROW()-1 -> 37 | B38: =$E38 -> HARMONY ПВ3 1 4 | C38: кабель | D38: =IF($P38="","",IF(INDEX(FIYAT_ARTIKUL,MATCH($P38,FIYAT_KOD,0))="","",INDEX(FIYAT_ARTIKUL,MATCH($P38,FIYAT_KOD,0)))) -> 151.01.PV3.04 | E38: =IF($P38="","",INDEX(FIYAT_ACK,MATCH($P38,FIYAT_KOD,0))) -> HARMONY ПВ3 1 4 | F38: =IF($P38="","",IF(INDEX(FIYAT_LISTE,MATCH($P38,FIYAT_KOD,0))="","",INDEX(FIYAT_LISTE,MATCH($P38,FIYAT_KOD,0)))) -> 274 | G38: =IF($P38="","",IF(INDEX(FIYAT_NET,MATCH($P38,FIYAT_KOD,0))="","",INDEX(FIYAT_NET,MATCH($P38,FIYAT_KOD,0)))) -> 274 | H38: =IF(OR($G38="",$I38="",$M38="KONTROL",$M38="KAPSAM_DISI"),"",$G38*$I38) -> 3616.8 | I38: =ROUND((SUMIFS(DEVRE!$Z:$Z,DEVRE!$A:$A,$Q38,DEVRE!$V:$V,$X38)+IF($X38=GRUP_BESLEME_KESIT,INDEX(PANO_GRUP_KABLO_M,MATCH($Q38,PANO_ID,0)),0))*KABLO_FIRE,1) -> 13.2 | J38: =IF($P38="","",INDEX(FIYAT_BIRIM,MATCH($P38,FIYAT_KOD,0))) -> м | K38: =IF($P38="","",INDEX(FIYAT_MARKA,MATCH($P38,FIYAT_KOD,0))) -> HARMONY | L38: =IF($H38="","",$H38) -> 3616.8 | M38: =IF($P38="","",INDEX(DURUM_LIST,MATCH(MAX(INDEX(DURUM_SEV,MATCH(INDEX(FIYAT_DURUM,MATCH($P38,FIYAT_KOD,0)),DURUM_LIST,0)),IF($S38="",0,INDEX(DURUM_SEV,MATCH($S38,DURUM_LIST,0))),$Z38),DURUM_SEV,0))) -> FIYAT_ESKI | N38: ПВ3 4 mm² · DEVRE KABLO_M × KABLO_FIRE | O38: =IF($P38="","",INDEX(FIYAT_KAYNAK,MATCH($P38,FIYAT_KOD,0))) -> HARMONY | P38: HARMONY-151.01.PV3.04 | Q38: =$Q37 -> P02 | R38: KABLO_IC_M | S38: OTO | T38: =IF(OR($R38="",$I38=""),"",$I38*INDEX(NORM_DK,MATCH($R38,NORM_AD,0))) -> 0 | U38: =IF(OR($P38="",$I38=""),"",IF(IF(INDEX(FIYAT_ALAN,MATCH($P38,FIYAT_KOD,0))="","",INDEX(FIYAT_ALAN,MATCH($P38,FIYAT_KOD,0)))<>"",$I38*IF(INDEX(FIYAT_ALAN,MATCH($P38,FIYAT_KOD,0))="","",INDEX(FIYAT_ALAN,MATCH($P38,FIYAT_KOD,0))),IF(IF(INDEX(FIYAT_MODUL,MATCH($P38,FIYAT_KOD,0))="","",INDEX(FIYAT_MODUL,MATCH($P38,FIYAT_KOD,0)))<>"",$I38*IF(INDEX(FIYAT_MODUL,MATCH($P38,FIYAT_KOD,0))="","",INDEX(FIYAT_MODUL,MATCH($P38,FIYAT_KOD,0))),IF(IF(INDEX(FIYAT_GENISLIK,MATCH($P38,FIYAT_KOD,0))="","",INDEX(FIYAT_GENISLIK,MATCH($P38,FIYAT_KOD,0)))<>"",$I38*IF(INDEX(FIYAT_GENISLIK,MATCH($P38,FIYAT_KOD,0))="","",INDEX(FIYAT_GENISLIK,MATCH($P38,FIYAT_KOD,0)))/MODUL_GENISLIK_MM,"")))) | V38: =IF(OR($C38<>"шина",$I38=""),"",$I38*INDEX(FIYAT_KGM,MATCH($P38,FIYAT_KOD,0))) | W38: =IF($H38="","",$H38) -> 3616.8 | X38: 4 | Y38: OTO:KABLO | Z38: =IF($P38="","",MAX(_xlfn.MAXIFS(DEVRE!$AM:$AM,DEVRE!$A:$A,$Q38,DEVRE!$C:$C,$P38),_xlfn.MAXIFS(DEVRE!$AM:$AM,DEVRE!$A:$A,$Q38,DEVRE!$H:$H,$P38))) -> 0 | AA38: =IF(OR($I38="",$Q38="",$P38=""),"",$I38*INDEX(PANO_ADET,MATCH($Q38,PANO_ID,0))) -> 13.2 | AB38: =IF($P38="",0,IF(AND($U38="",COUNTIF(ALAN_TIP_LIST,$C38)>0),1,0)) -> 0 | AC38: =IF(OR($P38="",$C38<>"kontaktör"),0,IF(IF(INDEX(FIYAT_BOBIN,MATCH($P38,FIYAT_KOD,0))="","",INDEX(FIYAT_BOBIN,MATCH($P38,FIYAT_KOD,0)))="",1,0)) -> 0
A39: =ROW()-1 -> 38 | B39: =$E39 -> HARMONY ПВ3 1 6 | C39: кабель | D39: =IF($P39="","",IF(INDEX(FIYAT_ARTIKUL,MATCH($P39,FIYAT_KOD,0))="","",INDEX(FIYAT_ARTIKUL,MATCH($P39,FIYAT_KOD,0)))) -> 151.01.PV3.06 | E39: =IF($P39="","",INDEX(FIYAT_ACK,MATCH($P39,FIYAT_KOD,0))) -> HARMONY ПВ3 1 6 | F39: =IF($P39="","",IF(INDEX(FIYAT_LISTE,MATCH($P39,FIYAT_KOD,0))="","",INDEX(FIYAT_LISTE,MATCH($P39,FIYAT_KOD,0)))) -> 398 | G39: =IF($P39="","",IF(INDEX(FIYAT_NET,MATCH($P39,FIYAT_KOD,0))="","",INDEX(FIYAT_NET,MATCH($P39,FIYAT_KOD,0)))) -> 398 | H39: =IF(OR($G39="",$I39="",$M39="KONTROL",$M39="KAPSAM_DISI"),"",$G39*$I39) -> 7880.4 | I39: =ROUND((SUMIFS(DEVRE!$Z:$Z,DEVRE!$A:$A,$Q39,DEVRE!$V:$V,$X39)+IF($X39=GRUP_BESLEME_KESIT,INDEX(PANO_GRUP_KABLO_M,MATCH($Q39,PANO_ID,0)),0))*KABLO_FIRE,1) -> 19.8 | J39: =IF($P39="","",INDEX(FIYAT_BIRIM,MATCH($P39,FIYAT_KOD,0))) -> м | K39: =IF($P39="","",INDEX(FIYAT_MARKA,MATCH($P39,FIYAT_KOD,0))) -> HARMONY | L39: =IF($H39="","",$H39) -> 7880.4 | M39: =IF($P39="","",INDEX(DURUM_LIST,MATCH(MAX(INDEX(DURUM_SEV,MATCH(INDEX(FIYAT_DURUM,MATCH($P39,FIYAT_KOD,0)),DURUM_LIST,0)),IF($S39="",0,INDEX(DURUM_SEV,MATCH($S39,DURUM_LIST,0))),$Z39),DURUM_SEV,0))) -> FIYAT_ESKI | N39: ПВ3 6 mm² · DEVRE KABLO_M × KABLO_FIRE | O39: =IF($P39="","",INDEX(FIYAT_KAYNAK,MATCH($P39,FIYAT_KOD,0))) -> HARMONY | P39: HARMONY-151.01.PV3.06 | Q39: =$Q38 -> P02 | R39: KABLO_IC_M | S39: OTO | T39: =IF(OR($R39="",$I39=""),"",$I39*INDEX(NORM_DK,MATCH($R39,NORM_AD,0))) -> 0 | U39: =IF(OR($P39="",$I39=""),"",IF(IF(INDEX(FIYAT_ALAN,MATCH($P39,FIYAT_KOD,0))="","",INDEX(FIYAT_ALAN,MATCH($P39,FIYAT_KOD,0)))<>"",$I39*IF(INDEX(FIYAT_ALAN,MATCH($P39,FIYAT_KOD,0))="","",INDEX(FIYAT_ALAN,MATCH($P39,FIYAT_KOD,0))),IF(IF(INDEX(FIYAT_MODUL,MATCH($P39,FIYAT_KOD,0))="","",INDEX(FIYAT_MODUL,MATCH($P39,FIYAT_KOD,0)))<>"",$I39*IF(INDEX(FIYAT_MODUL,MATCH($P39,FIYAT_KOD,0))="","",INDEX(FIYAT_MODUL,MATCH($P39,FIYAT_KOD,0))),IF(IF(INDEX(FIYAT_GENISLIK,MATCH($P39,FIYAT_KOD,0))="","",INDEX(FIYAT_GENISLIK,MATCH($P39,FIYAT_KOD,0)))<>"",$I39*IF(INDEX(FIYAT_GENISLIK,MATCH($P39,FIYAT_KOD,0))="","",INDEX(FIYAT_GENISLIK,MATCH($P39,FIYAT_KOD,0)))/MODUL_GENISLIK_MM,"")))) | V39: =IF(OR($C39<>"шина",$I39=""),"",$I39*INDEX(FIYAT_KGM,MATCH($P39,FIYAT_KOD,0))) | W39: =IF($H39="","",$H39) -> 7880.4 | X39: 6 | Y39: OTO:KABLO | Z39: =IF($P39="","",MAX(_xlfn.MAXIFS(DEVRE!$AM:$AM,DEVRE!$A:$A,$Q39,DEVRE!$C:$C,$P39),_xlfn.MAXIFS(DEVRE!$AM:$AM,DEVRE!$A:$A,$Q39,DEVRE!$H:$H,$P39))) -> 0 | AA39: =IF(OR($I39="",$Q39="",$P39=""),"",$I39*INDEX(PANO_ADET,MATCH($Q39,PANO_ID,0))) -> 19.8 | AB39: =IF($P39="",0,IF(AND($U39="",COUNTIF(ALAN_TIP_LIST,$C39)>0),1,0)) -> 0 | AC39: =IF(OR($P39="",$C39<>"kontaktör"),0,IF(IF(INDEX(FIYAT_BOBIN,MATCH($P39,FIYAT_KOD,0))="","",INDEX(FIYAT_BOBIN,MATCH($P39,FIYAT_KOD,0)))="",1,0)) -> 0
A40: =ROW()-1 -> 39 | B40: =$E40 -> HARMONY ПВ3 1 10 | C40: кабель | D40: =IF($P40="","",IF(INDEX(FIYAT_ARTIKUL,MATCH($P40,FIYAT_KOD,0))="","",INDEX(FIYAT_ARTIKUL,MATCH($P40,FIYAT_KOD,0)))) -> 151.01.PV3.10 | E40: =IF($P40="","",INDEX(FIYAT_ACK,MATCH($P40,FIYAT_KOD,0))) -> HARMONY ПВ3 1 10 | F40: =IF($P40="","",IF(INDEX(FIYAT_LISTE,MATCH($P40,FIYAT_KOD,0))="","",INDEX(FIYAT_LISTE,MATCH($P40,FIYAT_KOD,0)))) -> 697 | G40: =IF($P40="","",IF(INDEX(FIYAT_NET,MATCH($P40,FIYAT_KOD,0))="","",INDEX(FIYAT_NET,MATCH($P40,FIYAT_KOD,0)))) -> 697 | H40: =IF(OR($G40="",$I40="",$M40="KONTROL",$M40="KAPSAM_DISI"),"",$G40*$I40) -> 4600.2 | I40: =ROUND((SUMIFS(DEVRE!$Z:$Z,DEVRE!$A:$A,$Q40,DEVRE!$V:$V,$X40)+IF($X40=GRUP_BESLEME_KESIT,INDEX(PANO_GRUP_KABLO_M,MATCH($Q40,PANO_ID,0)),0))*KABLO_FIRE,1) -> 6.6 | J40: =IF($P40="","",INDEX(FIYAT_BIRIM,MATCH($P40,FIYAT_KOD,0))) -> м | K40: =IF($P40="","",INDEX(FIYAT_MARKA,MATCH($P40,FIYAT_KOD,0))) -> HARMONY | L40: =IF($H40="","",$H40) -> 4600.2 | M40: =IF($P40="","",INDEX(DURUM_LIST,MATCH(MAX(INDEX(DURUM_SEV,MATCH(INDEX(FIYAT_DURUM,MATCH($P40,FIYAT_KOD,0)),DURUM_LIST,0)),IF($S40="",0,INDEX(DURUM_SEV,MATCH($S40,DURUM_LIST,0))),$Z40),DURUM_SEV,0))) -> FIYAT_ESKI | N40: ПВ3 10 mm² · DEVRE KABLO_M × KABLO_FIRE | O40: =IF($P40="","",INDEX(FIYAT_KAYNAK,MATCH($P40,FIYAT_KOD,0))) -> HARMONY | P40: HARMONY-151.01.PV3.10 | Q40: =$Q39 -> P02 | R40: KABLO_IC_M | S40: OTO | T40: =IF(OR($R40="",$I40=""),"",$I40*INDEX(NORM_DK,MATCH($R40,NORM_AD,0))) -> 0 | U40: =IF(OR($P40="",$I40=""),"",IF(IF(INDEX(FIYAT_ALAN,MATCH($P40,FIYAT_KOD,0))="","",INDEX(FIYAT_ALAN,MATCH($P40,FIYAT_KOD,0)))<>"",$I40*IF(INDEX(FIYAT_ALAN,MATCH($P40,FIYAT_KOD,0))="","",INDEX(FIYAT_ALAN,MATCH($P40,FIYAT_KOD,0))),IF(IF(INDEX(FIYAT_MODUL,MATCH($P40,FIYAT_KOD,0))="","",INDEX(FIYAT_MODUL,MATCH($P40,FIYAT_KOD,0)))<>"",$I40*IF(INDEX(FIYAT_MODUL,MATCH($P40,FIYAT_KOD,0))="","",INDEX(FIYAT_MODUL,MATCH($P40,FIYAT_KOD,0))),IF(IF(INDEX(FIYAT_GENISLIK,MATCH($P40,FIYAT_KOD,0))="","",INDEX(FIYAT_GENISLIK,MATCH($P40,FIYAT_KOD,0)))<>"",$I40*IF(INDEX(FIYAT_GENISLIK,MATCH($P40,FIYAT_KOD,0))="","",INDEX(FIYAT_GENISLIK,MATCH($P40,FIYAT_KOD,0)))/MODUL_GENISLIK_MM,"")))) | V40: =IF(OR($C40<>"шина",$I40=""),"",$I40*INDEX(FIYAT_KGM,MATCH($P40,FIYAT_KOD,0))) | W40: =IF($H40="","",$H40) -> 4600.2 | X40: 10 | Y40: OTO:KABLO | Z40: =IF($P40="","",MAX(_xlfn.MAXIFS(DEVRE!$AM:$AM,DEVRE!$A:$A,$Q40,DEVRE!$C:$C,$P40),_xlfn.MAXIFS(DEVRE!$AM:$AM,DEVRE!$A:$A,$Q40,DEVRE!$H:$H,$P40))) -> 0 | AA40: =IF(OR($I40="",$Q40="",$P40=""),"",$I40*INDEX(PANO_ADET,MATCH($Q40,PANO_ID,0))) -> 6.6 | AB40: =IF($P40="",0,IF(AND($U40="",COUNTIF(ALAN_TIP_LIST,$C40)>0),1,0)) -> 0 | AC40: =IF(OR($P40="",$C40<>"kontaktör"),0,IF(IF(INDEX(FIYAT_BOBIN,MATCH($P40,FIYAT_KOD,0))="","",INDEX(FIYAT_BOBIN,MATCH($P40,FIYAT_KOD,0)))="",1,0)) -> 0
A41: =ROW()-1 -> 40 | B41: =$E41 -> HARMONY ПВ3 1 25 | C41: кабель | D41: =IF($P41="","",IF(INDEX(FIYAT_ARTIKUL,MATCH($P41,FIYAT_KOD,0))="","",INDEX(FIYAT_ARTIKUL,MATCH($P41,FIYAT_KOD,0)))) -> 151.01.PV3.25 | E41: =IF($P41="","",INDEX(FIYAT_ACK,MATCH($P41,FIYAT_KOD,0))) -> HARMONY ПВ3 1 25 | F41: =IF($P41="","",IF(INDEX(FIYAT_LISTE,MATCH($P41,FIYAT_KOD,0))="","",INDEX(FIYAT_LISTE,MATCH($P41,FIYAT_KOD,0)))) -> 1688 | G41: =IF($P41="","",IF(INDEX(FIYAT_NET,MATCH($P41,FIYAT_KOD,0))="","",INDEX(FIYAT_NET,MATCH($P41,FIYAT_KOD,0)))) -> 1688 | H41: =IF(OR($G41="",$I41="",$M41="KONTROL",$M41="KAPSAM_DISI"),"",$G41*$I41) -> 6752 | I41: =ROUND((SUMIFS(DEVRE!$Z:$Z,DEVRE!$A:$A,$Q41,DEVRE!$V:$V,$X41)+IF($X41=GRUP_BESLEME_KESIT,INDEX(PANO_GRUP_KABLO_M,MATCH($Q41,PANO_ID,0)),0))*KABLO_FIRE,1) -> 4 | J41: =IF($P41="","",INDEX(FIYAT_BIRIM,MATCH($P41,FIYAT_KOD,0))) -> м | K41: =IF($P41="","",INDEX(FIYAT_MARKA,MATCH($P41,FIYAT_KOD,0))) -> HARMONY | L41: =IF($H41="","",$H41) -> 6752 | M41: =IF($P41="","",INDEX(DURUM_LIST,MATCH(MAX(INDEX(DURUM_SEV,MATCH(INDEX(FIYAT_DURUM,MATCH($P41,FIYAT_KOD,0)),DURUM_LIST,0)),IF($S41="",0,INDEX(DURUM_SEV,MATCH($S41,DURUM_LIST,0))),$Z41),DURUM_SEV,0))) -> FIYAT_ESKI | N41: ПВ3 25 mm² · DEVRE KABLO_M × KABLO_FIRE | O41: =IF($P41="","",INDEX(FIYAT_KAYNAK,MATCH($P41,FIYAT_KOD,0))) -> HARMONY | P41: HARMONY-151.01.PV3.25 | Q41: =$Q40 -> P02 | R41: KABLO_IC_M | S41: OTO | T41: =IF(OR($R41="",$I41=""),"",$I41*INDEX(NORM_DK,MATCH($R41,NORM_AD,0))) -> 0 | U41: =IF(OR($P41="",$I41=""),"",IF(IF(INDEX(FIYAT_ALAN,MATCH($P41,FIYAT_KOD,0))="","",INDEX(FIYAT_ALAN,MATCH($P41,FIYAT_KOD,0)))<>"",$I41*IF(INDEX(FIYAT_ALAN,MATCH($P41,FIYAT_KOD,0))="","",INDEX(FIYAT_ALAN,MATCH($P41,FIYAT_KOD,0))),IF(IF(INDEX(FIYAT_MODUL,MATCH($P41,FIYAT_KOD,0))="","",INDEX(FIYAT_MODUL,MATCH($P41,FIYAT_KOD,0)))<>"",$I41*IF(INDEX(FIYAT_MODUL,MATCH($P41,FIYAT_KOD,0))="","",INDEX(FIYAT_MODUL,MATCH($P41,FIYAT_KOD,0))),IF(IF(INDEX(FIYAT_GENISLIK,MATCH($P41,FIYAT_KOD,0))="","",INDEX(FIYAT_GENISLIK,MATCH($P41,FIYAT_KOD,0)))<>"",$I41*IF(INDEX(FIYAT_GENISLIK,MATCH($P41,FIYAT_KOD,0))="","",INDEX(FIYAT_GENISLIK,MATCH($P41,FIYAT_KOD,0)))/MODUL_GENISLIK_MM,"")))) | V41: =IF(OR($C41<>"шина",$I41=""),"",$I41*INDEX(FIYAT_KGM,MATCH($P41,FIYAT_KOD,0))) | W41: =IF($H41="","",$H41) -> 6752 | X41: 25 | Y41: OTO:KABLO | Z41: =IF($P41="","",MAX(_xlfn.MAXIFS(DEVRE!$AM:$AM,DEVRE!$A:$A,$Q41,DEVRE!$C:$C,$P41),_xlfn.MAXIFS(DEVRE!$AM:$AM,DEVRE!$A:$A,$Q41,DEVRE!$H:$H,$P41))) -> 0 | AA41: =IF(OR($I41="",$Q41="",$P41=""),"",$I41*INDEX(PANO_ADET,MATCH($Q41,PANO_ID,0))) -> 4 | AB41: =IF($P41="",0,IF(AND($U41="",COUNTIF(ALAN_TIP_LIST,$C41)>0),1,0)) -> 0 | AC41: =IF(OR($P41="",$C41<>"kontaktör"),0,IF(IF(INDEX(FIYAT_BOBIN,MATCH($P41,FIYAT_KOD,0))="","",INDEX(FIYAT_BOBIN,MATCH($P41,FIYAT_KOD,0)))="",1,0)) -> 0
A42: =ROW()-1 -> 41 | B42: =$E42 -> ЗНИ 4мм ² (35А) серый IEK | C42: Klemens | D42: =IF($P42="","",IF(INDEX(FIYAT_ARTIKUL,MATCH($P42,FIYAT_KOD,0))="","",INDEX(FIYAT_ARTIKUL,MATCH($P42,FIYAT_KOD,0)))) -> 130300041 | E42: =IF($P42="","",INDEX(FIYAT_ACK,MATCH($P42,FIYAT_KOD,0))) -> ЗНИ 4мм ² (35А) серый IEK | F42: =IF($P42="","",IF(INDEX(FIYAT_LISTE,MATCH($P42,FIYAT_KOD,0))="","",INDEX(FIYAT_LISTE,MATCH($P42,FIYAT_KOD,0)))) -> 98 | G42: =IF($P42="","",IF(INDEX(FIYAT_NET,MATCH($P42,FIYAT_KOD,0))="","",INDEX(FIYAT_NET,MATCH($P42,FIYAT_KOD,0)))) -> 98 | H42: =IF(OR($G42="",$I42="",$M42="KONTROL",$M42="KAPSAM_DISI"),"",$G42*$I42) -> 1176 | I42: =IF(SUMIFS(DEVRE!$AA:$AA,DEVRE!$A:$A,$Q42,DEVRE!$AD:$AD,$X42)+IF($X42=SINYAL_KLEMENS_KESIT,SUMIFS(DEVRE!$I:$I,DEVRE!$A:$A,$Q42),0)=0,"",MAX(SUMIFS(DEVRE!$AA:$AA,DEVRE!$A:$A,$Q42,DEVRE!$AD:$AD,$X42)+IF($X42=SINYAL_KLEMENS_KESIT,SUMIFS(DEVRE!$I:$I,DEVRE!$A:$A,$Q42),0)+KLEMENS_MIN_YEDEK,ROUNDUP((SUMIFS(DEVRE!$AA:$AA,DEVRE!$A:$A,$Q42,DEVRE!$AD:$AD,$X42)+IF($X42=SINYAL_KLEMENS_KESIT,SUMIFS(DEVRE!$I:$I,DEVRE!$A:$A,$Q42),0))*KLEMENS_YEDEK,0))) -> 12 | J42: =IF($P42="","",INDEX(FIYAT_BIRIM,MATCH($P42,FIYAT_KOD,0))) -> шт | K42: =IF($P42="","",INDEX(FIYAT_MARKA,MATCH($P42,FIYAT_KOD,0))) -> EKT | L42: =IF($H42="","",$H42) -> 1176 | M42: =IF($P42="","",INDEX(DURUM_LIST,MATCH(MAX(INDEX(DURUM_SEV,MATCH(INDEX(FIYAT_DURUM,MATCH($P42,FIYAT_KOD,0)),DURUM_LIST,0)),IF($S42="",0,INDEX(DURUM_SEV,MATCH($S42,DURUM_LIST,0))),$Z42),DURUM_SEV,0))) -> FIYAT_ESKI | N42: L/N klemens 4 mm² · max(x+4, x×1.1) | O42: =IF($P42="","",INDEX(FIYAT_KAYNAK,MATCH($P42,FIYAT_KOD,0))) -> EKT2506 | P42: EKT-130300041 | Q42: =$Q41 -> P02 | R42: KLEMENS | S42: OTO | T42: =IF(OR($R42="",$I42=""),"",$I42*INDEX(NORM_DK,MATCH($R42,NORM_AD,0))) -> 48 | U42: =IF(OR($P42="",$I42=""),"",IF(IF(INDEX(FIYAT_ALAN,MATCH($P42,FIYAT_KOD,0))="","",INDEX(FIYAT_ALAN,MATCH($P42,FIYAT_KOD,0)))<>"",$I42*IF(INDEX(FIYAT_ALAN,MATCH($P42,FIYAT_KOD,0))="","",INDEX(FIYAT_ALAN,MATCH($P42,FIYAT_KOD,0))),IF(IF(INDEX(FIYAT_MODUL,MATCH($P42,FIYAT_KOD,0))="","",INDEX(FIYAT_MODUL,MATCH($P42,FIYAT_KOD,0)))<>"",$I42*IF(INDEX(FIYAT_MODUL,MATCH($P42,FIYAT_KOD,0))="","",INDEX(FIYAT_MODUL,MATCH($P42,FIYAT_KOD,0))),IF(IF(INDEX(FIYAT_GENISLIK,MATCH($P42,FIYAT_KOD,0))="","",INDEX(FIYAT_GENISLIK,MATCH($P42,FIYAT_KOD,0)))<>"",$I42*IF(INDEX(FIYAT_GENISLIK,MATCH($P42,FIYAT_KOD,0))="","",INDEX(FIYAT_GENISLIK,MATCH($P42,FIYAT_KOD,0)))/MODUL_GENISLIK_MM,"")))) -> 4.2514286 | V42: =IF(OR($C42<>"шина",$I42=""),"",$I42*INDEX(FIYAT_KGM,MATCH($P42,FIYAT_KOD,0))) | W42: =IF($H42="","",$H42) -> 1176 | X42: 4 | Y42: OTO:KLEMENS | Z42: =IF($P42="","",MAX(_xlfn.MAXIFS(DEVRE!$AM:$AM,DEVRE!$A:$A,$Q42,DEVRE!$C:$C,$P42),_xlfn.MAXIFS(DEVRE!$AM:$AM,DEVRE!$A:$A,$Q42,DEVRE!$H:$H,$P42))) -> 0 | AA42: =IF(OR($I42="",$Q42="",$P42=""),"",$I42*INDEX(PANO_ADET,MATCH($Q42,PANO_ID,0))) -> 12 | AB42: =IF($P42="",0,IF(AND($U42="",COUNTIF(ALAN_TIP_LIST,$C42)>0),1,0)) -> 0 | AC42: =IF(OR($P42="",$C42<>"kontaktör"),0,IF(IF(INDEX(FIYAT_BOBIN,MATCH($P42,FIYAT_KOD,0))="","",INDEX(FIYAT_BOBIN,MATCH($P42,FIYAT_KOD,0)))="",1,0)) -> 0
A43: =ROW()-1 -> 42 | B43: =$E43 -> Зажим наборный ЗНИ - 4PEN 4мм2 (JXB-земля) IEK | C43: Klemens | D43: =IF($P43="","",IF(INDEX(FIYAT_ARTIKUL,MATCH($P43,FIYAT_KOD,0))="","",INDEX(FIYAT_ARTIKUL,MATCH($P43,FIYAT_KOD,0)))) -> 5130300225 | E43: =IF($P43="","",INDEX(FIYAT_ACK,MATCH($P43,FIYAT_KOD,0))) -> Зажим наборный ЗНИ - 4PEN 4мм2 (JXB-земля) IEK | F43: =IF($P43="","",IF(INDEX(FIYAT_LISTE,MATCH($P43,FIYAT_KOD,0))="","",INDEX(FIYAT_LISTE,MATCH($P43,FIYAT_KOD,0)))) -> 283 | G43: =IF($P43="","",IF(INDEX(FIYAT_NET,MATCH($P43,FIYAT_KOD,0))="","",INDEX(FIYAT_NET,MATCH($P43,FIYAT_KOD,0)))) -> 283 | H43: =IF(OR($G43="",$I43="",$M43="KONTROL",$M43="KAPSAM_DISI"),"",$G43*$I43) -> 849 | I43: =IF(SUMIFS(DEVRE!$AB:$AB,DEVRE!$A:$A,$Q43,DEVRE!$AD:$AD,$X43)=0,"",ROUNDUP(SUMIFS(DEVRE!$AB:$AB,DEVRE!$A:$A,$Q43,DEVRE!$AD:$AD,$X43)*KLEMENS_YEDEK,0)) -> 3 | J43: =IF($P43="","",INDEX(FIYAT_BIRIM,MATCH($P43,FIYAT_KOD,0))) -> шт | K43: =IF($P43="","",INDEX(FIYAT_MARKA,MATCH($P43,FIYAT_KOD,0))) -> EKT | L43: =IF($H43="","",$H43) -> 849 | M43: =IF($P43="","",INDEX(DURUM_LIST,MATCH(MAX(INDEX(DURUM_SEV,MATCH(INDEX(FIYAT_DURUM,MATCH($P43,FIYAT_KOD,0)),DURUM_LIST,0)),IF($S43="",0,INDEX(DURUM_SEV,MATCH($S43,DURUM_LIST,0))),$Z43),DURUM_SEV,0))) -> FIYAT_ESKI | N43: PE klemens 4 mm² | O43: =IF($P43="","",INDEX(FIYAT_KAYNAK,MATCH($P43,FIYAT_KOD,0))) -> EKT2506 | P43: EKT-5130300225 | Q43: =$Q42 -> P02 | R43: KLEMENS | S43: OTO | T43: =IF(OR($R43="",$I43=""),"",$I43*INDEX(NORM_DK,MATCH($R43,NORM_AD,0))) -> 12 | U43: =IF(OR($P43="",$I43=""),"",IF(IF(INDEX(FIYAT_ALAN,MATCH($P43,FIYAT_KOD,0))="","",INDEX(FIYAT_ALAN,MATCH($P43,FIYAT_KOD,0)))<>"",$I43*IF(INDEX(FIYAT_ALAN,MATCH($P43,FIYAT_KOD,0))="","",INDEX(FIYAT_ALAN,MATCH($P43,FIYAT_KOD,0))),IF(IF(INDEX(FIYAT_MODUL,MATCH($P43,FIYAT_KOD,0))="","",INDEX(FIYAT_MODUL,MATCH($P43,FIYAT_KOD,0)))<>"",$I43*IF(INDEX(FIYAT_MODUL,MATCH($P43,FIYAT_KOD,0))="","",INDEX(FIYAT_MODUL,MATCH($P43,FIYAT_KOD,0))),IF(IF(INDEX(FIYAT_GENISLIK,MATCH($P43,FIYAT_KOD,0))="","",INDEX(FIYAT_GENISLIK,MATCH($P43,FIYAT_KOD,0)))<>"",$I43*IF(INDEX(FIYAT_GENISLIK,MATCH($P43,FIYAT_KOD,0))="","",INDEX(FIYAT_GENISLIK,MATCH($P43,FIYAT_KOD,0)))/MODUL_GENISLIK_MM,"")))) -> 1.0628571 | V43: =IF(OR($C43<>"шина",$I43=""),"",$I43*INDEX(FIYAT_KGM,MATCH($P43,FIYAT_KOD,0))) | W43: =IF($H43="","",$H43) -> 849 | X43: 4 | Y43: OTO:KLEMENS | Z43: =IF($P43="","",MAX(_xlfn.MAXIFS(DEVRE!$AM:$AM,DEVRE!$A:$A,$Q43,DEVRE!$C:$C,$P43),_xlfn.MAXIFS(DEVRE!$AM:$AM,DEVRE!$A:$A,$Q43,DEVRE!$H:$H,$P43))) -> 0 | AA43: =IF(OR($I43="",$Q43="",$P43=""),"",$I43*INDEX(PANO_ADET,MATCH($Q43,PANO_ID,0))) -> 3 | AB43: =IF($P43="",0,IF(AND($U43="",COUNTIF(ALAN_TIP_LIST,$C43)>0),1,0)) -> 0 | AC43: =IF(OR($P43="",$C43<>"kontaktör"),0,IF(IF(INDEX(FIYAT_BOBIN,MATCH($P43,FIYAT_KOD,0))="","",INDEX(FIYAT_BOBIN,MATCH($P43,FIYAT_KOD,0)))="",1,0)) -> 0
A44: =ROW()-1 -> 43 | B44: =$E44 -> ЗНИ 10мм ² (70А) серый IEK | C44: Klemens | D44: =IF($P44="","",IF(INDEX(FIYAT_ARTIKUL,MATCH($P44,FIYAT_KOD,0))="","",INDEX(FIYAT_ARTIKUL,MATCH($P44,FIYAT_KOD,0)))) -> 130300039 | E44: =IF($P44="","",INDEX(FIYAT_ACK,MATCH($P44,FIYAT_KOD,0))) -> ЗНИ 10мм ² (70А) серый IEK | F44: =IF($P44="","",IF(INDEX(FIYAT_LISTE,MATCH($P44,FIYAT_KOD,0))="","",INDEX(FIYAT_LISTE,MATCH($P44,FIYAT_KOD,0)))) -> 163 | G44: =IF($P44="","",IF(INDEX(FIYAT_NET,MATCH($P44,FIYAT_KOD,0))="","",INDEX(FIYAT_NET,MATCH($P44,FIYAT_KOD,0)))) -> 163 | H44: =IF(OR($G44="",$I44="",$M44="KONTROL",$M44="KAPSAM_DISI"),"",$G44*$I44) -> 3260 | I44: =IF(SUMIFS(DEVRE!$AA:$AA,DEVRE!$A:$A,$Q44,DEVRE!$AD:$AD,$X44)+IF($X44=SINYAL_KLEMENS_KESIT,SUMIFS(DEVRE!$I:$I,DEVRE!$A:$A,$Q44),0)=0,"",MAX(SUMIFS(DEVRE!$AA:$AA,DEVRE!$A:$A,$Q44,DEVRE!$AD:$AD,$X44)+IF($X44=SINYAL_KLEMENS_KESIT,SUMIFS(DEVRE!$I:$I,DEVRE!$A:$A,$Q44),0)+KLEMENS_MIN_YEDEK,ROUNDUP((SUMIFS(DEVRE!$AA:$AA,DEVRE!$A:$A,$Q44,DEVRE!$AD:$AD,$X44)+IF($X44=SINYAL_KLEMENS_KESIT,SUMIFS(DEVRE!$I:$I,DEVRE!$A:$A,$Q44),0))*KLEMENS_YEDEK,0))) -> 20 | J44: =IF($P44="","",INDEX(FIYAT_BIRIM,MATCH($P44,FIYAT_KOD,0))) -> шт | K44: =IF($P44="","",INDEX(FIYAT_MARKA,MATCH($P44,FIYAT_KOD,0))) -> EKT | L44: =IF($H44="","",$H44) -> 3260 | M44: =IF($P44="","",INDEX(DURUM_LIST,MATCH(MAX(INDEX(DURUM_SEV,MATCH(INDEX(FIYAT_DURUM,MATCH($P44,FIYAT_KOD,0)),DURUM_LIST,0)),IF($S44="",0,INDEX(DURUM_SEV,MATCH($S44,DURUM_LIST,0))),$Z44),DURUM_SEV,0))) -> FIYAT_ESKI | N44: L/N klemens 10 mm² · max(x+4, x×1.1) | O44: =IF($P44="","",INDEX(FIYAT_KAYNAK,MATCH($P44,FIYAT_KOD,0))) -> EKT2506 | P44: EKT-130300039 | Q44: =$Q43 -> P02 | R44: KLEMENS | S44: OTO | T44: =IF(OR($R44="",$I44=""),"",$I44*INDEX(NORM_DK,MATCH($R44,NORM_AD,0))) -> 80 | U44: =IF(OR($P44="",$I44=""),"",IF(IF(INDEX(FIYAT_ALAN,MATCH($P44,FIYAT_KOD,0))="","",INDEX(FIYAT_ALAN,MATCH($P44,FIYAT_KOD,0)))<>"",$I44*IF(INDEX(FIYAT_ALAN,MATCH($P44,FIYAT_KOD,0))="","",INDEX(FIYAT_ALAN,MATCH($P44,FIYAT_KOD,0))),IF(IF(INDEX(FIYAT_MODUL,MATCH($P44,FIYAT_KOD,0))="","",INDEX(FIYAT_MODUL,MATCH($P44,FIYAT_KOD,0)))<>"",$I44*IF(INDEX(FIYAT_MODUL,MATCH($P44,FIYAT_KOD,0))="","",INDEX(FIYAT_MODUL,MATCH($P44,FIYAT_KOD,0))),IF(IF(INDEX(FIYAT_GENISLIK,MATCH($P44,FIYAT_KOD,0))="","",INDEX(FIYAT_GENISLIK,MATCH($P44,FIYAT_KOD,0)))<>"",$I44*IF(INDEX(FIYAT_GENISLIK,MATCH($P44,FIYAT_KOD,0))="","",INDEX(FIYAT_GENISLIK,MATCH($P44,FIYAT_KOD,0)))/MODUL_GENISLIK_MM,"")))) -> 11.657143 | V44: =IF(OR($C44<>"шина",$I44=""),"",$I44*INDEX(FIYAT_KGM,MATCH($P44,FIYAT_KOD,0))) | W44: =IF($H44="","",$H44) -> 3260 | X44: 10 | Y44: OTO:KLEMENS | Z44: =IF($P44="","",MAX(_xlfn.MAXIFS(DEVRE!$AM:$AM,DEVRE!$A:$A,$Q44,DEVRE!$C:$C,$P44),_xlfn.MAXIFS(DEVRE!$AM:$AM,DEVRE!$A:$A,$Q44,DEVRE!$H:$H,$P44))) -> 0 | AA44: =IF(OR($I44="",$Q44="",$P44=""),"",$I44*INDEX(PANO_ADET,MATCH($Q44,PANO_ID,0))) -> 20 | AB44: =IF($P44="",0,IF(AND($U44="",COUNTIF(ALAN_TIP_LIST,$C44)>0),1,0)) -> 0 | AC44: =IF(OR($P44="",$C44<>"kontaktör"),0,IF(IF(INDEX(FIYAT_BOBIN,MATCH($P44,FIYAT_KOD,0))="","",INDEX(FIYAT_BOBIN,MATCH($P44,FIYAT_KOD,0)))="",1,0)) -> 0
A45: =ROW()-1 -> 44 | B45: =$E45 -> ЗНИ 10PEN 10мм2 (JXB-земля) IEK E-PRO | C45: Klemens | D45: =IF($P45="","",IF(INDEX(FIYAT_ARTIKUL,MATCH($P45,FIYAT_KOD,0))="","",INDEX(FIYAT_ARTIKUL,MATCH($P45,FIYAT_KOD,0)))) -> 130300227 | E45: =IF($P45="","",INDEX(FIYAT_ACK,MATCH($P45,FIYAT_KOD,0))) -> ЗНИ 10PEN 10мм2 (JXB-земля) IEK E-PRO | F45: =IF($P45="","",IF(INDEX(FIYAT_LISTE,MATCH($P45,FIYAT_KOD,0))="","",INDEX(FIYAT_LISTE,MATCH($P45,FIYAT_KOD,0)))) -> 367 | G45: =IF($P45="","",IF(INDEX(FIYAT_NET,MATCH($P45,FIYAT_KOD,0))="","",INDEX(FIYAT_NET,MATCH($P45,FIYAT_KOD,0)))) -> 367 | H45: =IF(OR($G45="",$I45="",$M45="KONTROL",$M45="KAPSAM_DISI"),"",$G45*$I45) -> 1835 | I45: =IF(SUMIFS(DEVRE!$AB:$AB,DEVRE!$A:$A,$Q45,DEVRE!$AD:$AD,$X45)=0,"",ROUNDUP(SUMIFS(DEVRE!$AB:$AB,DEVRE!$A:$A,$Q45,DEVRE!$AD:$AD,$X45)*KLEMENS_YEDEK,0)) -> 5 | J45: =IF($P45="","",INDEX(FIYAT_BIRIM,MATCH($P45,FIYAT_KOD,0))) -> шт | K45: =IF($P45="","",INDEX(FIYAT_MARKA,MATCH($P45,FIYAT_KOD,0))) -> EKT | L45: =IF($H45="","",$H45) -> 1835 | M45: =IF($P45="","",INDEX(DURUM_LIST,MATCH(MAX(INDEX(DURUM_SEV,MATCH(INDEX(FIYAT_DURUM,MATCH($P45,FIYAT_KOD,0)),DURUM_LIST,0)),IF($S45="",0,INDEX(DURUM_SEV,MATCH($S45,DURUM_LIST,0))),$Z45),DURUM_SEV,0))) -> FIYAT_ESKI | N45: PE klemens 10 mm² | O45: =IF($P45="","",INDEX(FIYAT_KAYNAK,MATCH($P45,FIYAT_KOD,0))) -> EKT2506 | P45: EKT-130300227 | Q45: =$Q44 -> P02 | R45: KLEMENS | S45: OTO | T45: =IF(OR($R45="",$I45=""),"",$I45*INDEX(NORM_DK,MATCH($R45,NORM_AD,0))) -> 20 | U45: =IF(OR($P45="",$I45=""),"",IF(IF(INDEX(FIYAT_ALAN,MATCH($P45,FIYAT_KOD,0))="","",INDEX(FIYAT_ALAN,MATCH($P45,FIYAT_KOD,0)))<>"",$I45*IF(INDEX(FIYAT_ALAN,MATCH($P45,FIYAT_KOD,0))="","",INDEX(FIYAT_ALAN,MATCH($P45,FIYAT_KOD,0))),IF(IF(INDEX(FIYAT_MODUL,MATCH($P45,FIYAT_KOD,0))="","",INDEX(FIYAT_MODUL,MATCH($P45,FIYAT_KOD,0)))<>"",$I45*IF(INDEX(FIYAT_MODUL,MATCH($P45,FIYAT_KOD,0))="","",INDEX(FIYAT_MODUL,MATCH($P45,FIYAT_KOD,0))),IF(IF(INDEX(FIYAT_GENISLIK,MATCH($P45,FIYAT_KOD,0))="","",INDEX(FIYAT_GENISLIK,MATCH($P45,FIYAT_KOD,0)))<>"",$I45*IF(INDEX(FIYAT_GENISLIK,MATCH($P45,FIYAT_KOD,0))="","",INDEX(FIYAT_GENISLIK,MATCH($P45,FIYAT_KOD,0)))/MODUL_GENISLIK_MM,"")))) -> 2.9142857 | V45: =IF(OR($C45<>"шина",$I45=""),"",$I45*INDEX(FIYAT_KGM,MATCH($P45,FIYAT_KOD,0))) | W45: =IF($H45="","",$H45) -> 1835 | X45: 10 | Y45: OTO:KLEMENS | Z45: =IF($P45="","",MAX(_xlfn.MAXIFS(DEVRE!$AM:$AM,DEVRE!$A:$A,$Q45,DEVRE!$C:$C,$P45),_xlfn.MAXIFS(DEVRE!$AM:$AM,DEVRE!$A:$A,$Q45,DEVRE!$H:$H,$P45))) -> 0 | AA45: =IF(OR($I45="",$Q45="",$P45=""),"",$I45*INDEX(PANO_ADET,MATCH($Q45,PANO_ID,0))) -> 5 | AB45: =IF($P45="",0,IF(AND($U45="",COUNTIF(ALAN_TIP_LIST,$C45)>0),1,0)) -> 0 | AC45: =IF(OR($P45="",$C45<>"kontaktör"),0,IF(IF(INDEX(FIYAT_BOBIN,MATCH($P45,FIYAT_KOD,0))="","",INDEX(FIYAT_BOBIN,MATCH($P45,FIYAT_KOD,0)))="",1,0)) -> 0
A46: =ROW()-1 -> 45 | B46: =$E46 -> Монтажный материал | C46: монтажный материал | D46: =IF($P46="","",IF(INDEX(FIYAT_ARTIKUL,MATCH($P46,FIYAT_KOD,0))="","",INDEX(FIYAT_ARTIKUL,MATCH($P46,FIYAT_KOD,0)))) -> MONTAJ-MALZ | E46: =IF($P46="","",INDEX(FIYAT_ACK,MATCH($P46,FIYAT_KOD,0))) -> Монтажный материал | F46: =IF($P46="","",IF(INDEX(FIYAT_LISTE,MATCH($P46,FIYAT_KOD,0))="","",INDEX(FIYAT_LISTE,MATCH($P46,FIYAT_KOD,0)))) -> 1 | G46: =IF($P46="","",IF(INDEX(FIYAT_NET,MATCH($P46,FIYAT_KOD,0))="","",INDEX(FIYAT_NET,MATCH($P46,FIYAT_KOD,0)))) -> 1 | H46: =IF(OR($G46="",$I46="",$M46="KONTROL",$M46="KAPSAM_DISI"),"",$G46*$I46) | I46: =IF(MONTAJ_MALZ_ORANI="","",ROUND(SUMIFS($W:$W,$Q:$Q,$Q46)*MONTAJ_MALZ_ORANI,0)) | J46: =IF($P46="","",INDEX(FIYAT_BIRIM,MATCH($P46,FIYAT_KOD,0))) -> тг | K46: =IF($P46="","",INDEX(FIYAT_MARKA,MATCH($P46,FIYAT_KOD,0))) -> HESAP | L46: =IF($H46="","",$H46) | M46: =IF($P46="","",INDEX(DURUM_LIST,MATCH(MAX(INDEX(DURUM_SEV,MATCH(INDEX(FIYAT_DURUM,MATCH($P46,FIYAT_KOD,0)),DURUM_LIST,0)),IF($S46="",0,INDEX(DURUM_SEV,MATCH($S46,DURUM_LIST,0))),$Z46),DURUM_SEV,0))) -> OK | N46: MONTAJ_MALZ_ORANI × malzeme tabanı · oran boş | O46: =IF($P46="","",INDEX(FIYAT_KAYNAK,MATCH($P46,FIYAT_KOD,0))) -> HESAP | P46: MONTAJ-MALZ | Q46: =$Q45 -> P02 | V46: =IF(OR($C46<>"шина",$I46=""),"",$I46*INDEX(FIYAT_KGM,MATCH($P46,FIYAT_KOD,0))) | Y46: HESAP | Z46: =IF($P46="","",MAX(_xlfn.MAXIFS(DEVRE!$AM:$AM,DEVRE!$A:$A,$Q46,DEVRE!$C:$C,$P46),_xlfn.MAXIFS(DEVRE!$AM:$AM,DEVRE!$A:$A,$Q46,DEVRE!$H:$H,$P46))) -> 0 | AA46: =IF(OR($I46="",$Q46="",$P46=""),"",$I46*INDEX(PANO_ADET,MATCH($Q46,PANO_ID,0))) | AB46: =IF($P46="",0,IF(AND($U46="",COUNTIF(ALAN_TIP_LIST,$C46)>0),1,0)) -> 0 | AC46: =IF(OR($P46="",$C46<>"kontaktör"),0,IF(IF(INDEX(FIYAT_BOBIN,MATCH($P46,FIYAT_KOD,0))="","",INDEX(FIYAT_BOBIN,MATCH($P46,FIYAT_KOD,0)))="",1,0)) -> 0
A47: =ROW()-1 -> 46 | B47: =$E47 -> Монтажная работа | C47: монтажная работа | D47: =IF($P47="","",IF(INDEX(FIYAT_ARTIKUL,MATCH($P47,FIYAT_KOD,0))="","",INDEX(FIYAT_ARTIKUL,MATCH($P47,FIYAT_KOD,0)))) -> ISCILIK-MONTAJ | E47: =IF($P47="","",INDEX(FIYAT_ACK,MATCH($P47,FIYAT_KOD,0))) -> Монтажная работа | F47: =IF($I47="","",ROUND($I47/DK_SAAT,2)) -> 5.8 | G47: =IF($P47="","",IF(INDEX(FIYAT_NET,MATCH($P47,FIYAT_KOD,0))="","",INDEX(FIYAT_NET,MATCH($P47,FIYAT_KOD,0)))) -> 100 | H47: =IF(OR($G47="",$I47="",$M47="KONTROL",$M47="KAPSAM_DISI"),"",$G47*$I47) -> 34800 | I47: =ROUND((SUMIFS($T:$T,$Q:$Q,$Q47)+INDEX(NORM_DK,MATCH("PABUC_YUKSUK",NORM_AD,0))*(SUMIFS(DEVRE!$AI:$AI,DEVRE!$A:$A,$Q47)+SUMIFS(DEVRE!$AJ:$AJ,DEVRE!$A:$A,$Q47)))*ISCILIK_CARPANI+INDEX(NORM_DK,MATCH("SABIT_AMBALAJ",NORM_AD,0)),0) -> 348 | J47: =IF($P47="","",INDEX(FIYAT_BIRIM,MATCH($P47,FIYAT_KOD,0))) -> мин | K47: =IF($P47="","",INDEX(FIYAT_MARKA,MATCH($P47,FIYAT_KOD,0))) -> HESAP | L47: =IF($H47="","",$H47) -> 34800 | M47: =IF($P47="","",INDEX(DURUM_LIST,MATCH(MAX(INDEX(DURUM_SEV,MATCH(INDEX(FIYAT_DURUM,MATCH($P47,FIYAT_KOD,0)),DURUM_LIST,0)),IF($S47="",0,INDEX(DURUM_SEV,MATCH($S47,DURUM_LIST,0))),$Z47),DURUM_SEV,0))) -> OK | N47: Σ norm dk × ISCILIK_CARPANI (F = saat) | O47: =IF($P47="","",INDEX(FIYAT_KAYNAK,MATCH($P47,FIYAT_KOD,0))) -> HESAP | P47: ISCILIK-MONTAJ | Q47: =$Q46 -> P02 | V47: =IF(OR($C47<>"шина",$I47=""),"",$I47*INDEX(FIYAT_KGM,MATCH($P47,FIYAT_KOD,0))) | Y47: HESAP | Z47: =IF($P47="","",MAX(_xlfn.MAXIFS(DEVRE!$AM:$AM,DEVRE!$A:$A,$Q47,DEVRE!$C:$C,$P47),_xlfn.MAXIFS(DEVRE!$AM:$AM,DEVRE!$A:$A,$Q47,DEVRE!$H:$H,$P47))) -> 0 | AA47: =IF(OR($I47="",$Q47="",$P47=""),"",$I47*INDEX(PANO_ADET,MATCH($Q47,PANO_ID,0))) -> 348 | AB47: =IF($P47="",0,IF(AND($U47="",COUNTIF(ALAN_TIP_LIST,$C47)>0),1,0)) -> 0 | AC47: =IF(OR($P47="",$C47<>"kontaktör"),0,IF(IF(INDEX(FIYAT_BOBIN,MATCH($P47,FIYAT_KOD,0))="","",INDEX(FIYAT_BOBIN,MATCH($P47,FIYAT_KOD,0)))="",1,0)) -> 0
A48: =ROW()-1 -> 47 | B48: ="Toplam "&$E26 -> Toplam Щит распределительный ЩР-1 | H48: =SUBTOTAL(9,H27:H47) -> 97544.4 | L48: =SUBTOTAL(9,L27:L47) -> 97544.4
A49: =ROW()-1 -> 48 | B49: =$E49 -> Щит силовой ЩС-1 | E49: =INDEX(PANO_TAMAD,MATCH($Q49,PANO_ID,0)) -> Щит силовой ЩС-1 | I49: 1 | J49: компл. | Q49: P03
A50: =ROW()-1 -> 49 | B50: =$E50 -> Met. Щит Щит ЩРв инд (1000х500х180mm) S/A IP31 | C50: korpus | D50: =IF($P50="","",IF(INDEX(FIYAT_ARTIKUL,MATCH($P50,FIYAT_KOD,0))="","",INDEX(FIYAT_ARTIKUL,MATCH($P50,FIYAT_KOD,0)))) -> 713-15050 | E50: =IF($P50="","",INDEX(FIYAT_ACK,MATCH($P50,FIYAT_KOD,0))) -> Met. Щит Щит ЩРв инд (1000х500х180mm) S/A IP31 | F50: =IF($P50="","",IF(INDEX(FIYAT_LISTE,MATCH($P50,FIYAT_KOD,0))="","",INDEX(FIYAT_LISTE,MATCH($P50,FIYAT_KOD,0)))) -> 26470 | G50: =IF($P50="","",IF(INDEX(FIYAT_NET,MATCH($P50,FIYAT_KOD,0))="","",INDEX(FIYAT_NET,MATCH($P50,FIYAT_KOD,0)))) -> 15882 | H50: =IF(OR($G50="",$I50="",$M50="KONTROL",$M50="KAPSAM_DISI"),"",$G50*$I50) -> 15882 | I50: 1 | J50: =IF($P50="","",INDEX(FIYAT_BIRIM,MATCH($P50,FIYAT_KOD,0))) -> шт | K50: =IF($P50="","",INDEX(FIYAT_MARKA,MATCH($P50,FIYAT_KOD,0))) -> KAZTEK | L50: =IF($H50="","",$H50) -> 15882 | M50: =IF($P50="","",INDEX(DURUM_LIST,MATCH(MAX(INDEX(DURUM_SEV,MATCH(INDEX(FIYAT_DURUM,MATCH($P50,FIYAT_KOD,0)),DURUM_LIST,0)),IF($S50="",0,INDEX(DURUM_SEV,MATCH($S50,DURUM_LIST,0))),$Z50),DURUM_SEV,0))) -> VARSAYIM | N50: şema ЩРв-18з modül yetersiz → KAZTEK ЩРв 1000х500х180 IP31 | O50: =IF($P50="","",INDEX(FIYAT_KAYNAK,MATCH($P50,FIYAT_KOD,0))) -> KAZTEK2607 | P50: =INDEX(PANO_KORPUS,MATCH($Q50,PANO_ID,0)) -> KAZTEK-713-15050 | Q50: =$Q49 -> P03 | R50: KORPUS_ORTA | S50: VARSAYIM | T50: =IF(OR($R50="",$I50=""),"",$I50*INDEX(NORM_DK,MATCH($R50,NORM_AD,0))) -> 30 | U50: =IF(OR($P50="",$I50=""),"",IF(IF(INDEX(FIYAT_ALAN,MATCH($P50,FIYAT_KOD,0))="","",INDEX(FIYAT_ALAN,MATCH($P50,FIYAT_KOD,0)))<>"",$I50*IF(INDEX(FIYAT_ALAN,MATCH($P50,FIYAT_KOD,0))="","",INDEX(FIYAT_ALAN,MATCH($P50,FIYAT_KOD,0))),IF(IF(INDEX(FIYAT_MODUL,MATCH($P50,FIYAT_KOD,0))="","",INDEX(FIYAT_MODUL,MATCH($P50,FIYAT_KOD,0)))<>"",$I50*IF(INDEX(FIYAT_MODUL,MATCH($P50,FIYAT_KOD,0))="","",INDEX(FIYAT_MODUL,MATCH($P50,FIYAT_KOD,0))),IF(IF(INDEX(FIYAT_GENISLIK,MATCH($P50,FIYAT_KOD,0))="","",INDEX(FIYAT_GENISLIK,MATCH($P50,FIYAT_KOD,0)))<>"",$I50*IF(INDEX(FIYAT_GENISLIK,MATCH($P50,FIYAT_KOD,0))="","",INDEX(FIYAT_GENISLIK,MATCH($P50,FIYAT_KOD,0)))/MODUL_GENISLIK_MM,"")))) | V50: =IF(OR($C50<>"шина",$I50=""),"",$I50*INDEX(FIYAT_KGM,MATCH($P50,FIYAT_KOD,0))) | W50: =IF($H50="","",$H50) -> 15882 | Y50: KORPUS | Z50: =IF($P50="","",MAX(_xlfn.MAXIFS(DEVRE!$AM:$AM,DEVRE!$A:$A,$Q50,DEVRE!$C:$C,$P50),_xlfn.MAXIFS(DEVRE!$AM:$AM,DEVRE!$A:$A,$Q50,DEVRE!$H:$H,$P50))) -> 0 | AA50: =IF(OR($I50="",$Q50="",$P50=""),"",$I50*INDEX(PANO_ADET,MATCH($Q50,PANO_ID,0))) -> 1 | AB50: =IF($P50="",0,IF(AND($U50="",COUNTIF(ALAN_TIP_LIST,$C50)>0),1,0)) -> 0 | AC50: =IF(OR($P50="",$C50<>"kontaktör"),0,IF(IF(INDEX(FIYAT_BOBIN,MATCH($P50,FIYAT_KOD,0))="","",INDEX(FIYAT_BOBIN,MATCH($P50,FIYAT_KOD,0)))="",1,0)) -> 0
A51: =ROW()-1 -> 50 | B51: =$E51 -> Выключатель нагрузки NXHB-125 3P 63A | C51: rubilnik | D51: =IF($P51="","",IF(INDEX(FIYAT_ARTIKUL,MATCH($P51,FIYAT_KOD,0))="","",INDEX(FIYAT_ARTIKUL,MATCH($P51,FIYAT_KOD,0)))) -> 193183 | E51: =IF($P51="","",INDEX(FIYAT_ACK,MATCH($P51,FIYAT_KOD,0))) -> Выключатель нагрузки NXHB-125 3P 63A | F51: =IF($P51="","",IF(INDEX(FIYAT_LISTE,MATCH($P51,FIYAT_KOD,0))="","",INDEX(FIYAT_LISTE,MATCH($P51,FIYAT_KOD,0)))) -> 4217 | G51: =IF($P51="","",IF(INDEX(FIYAT_NET,MATCH($P51,FIYAT_KOD,0))="","",INDEX(FIYAT_NET,MATCH($P51,FIYAT_KOD,0)))) -> 2530.2 | H51: =IF(OR($G51="",$I51="",$M51="KONTROL",$M51="KAPSAM_DISI"),"",$G51*$I51) -> 2530.2 | I51: =SUMIFS(DEVRE!$T:$T,DEVRE!$A:$A,$Q51,DEVRE!$C:$C,$P51)+SUMIFS(DEVRE!$U:$U,DEVRE!$A:$A,$Q51,DEVRE!$H:$H,$P51) -> 1 | J51: =IF($P51="","",INDEX(FIYAT_BIRIM,MATCH($P51,FIYAT_KOD,0))) -> шт | K51: =IF($P51="","",INDEX(FIYAT_MARKA,MATCH($P51,FIYAT_KOD,0))) -> CHINT | L51: =IF($H51="","",$H51) -> 2530.2 | M51: =IF($P51="","",INDEX(DURUM_LIST,MATCH(MAX(INDEX(DURUM_SEV,MATCH(INDEX(FIYAT_DURUM,MATCH($P51,FIYAT_KOD,0)),DURUM_LIST,0)),IF($S51="",0,INDEX(DURUM_SEV,MATCH($S51,DURUM_LIST,0))),$Z51),DURUM_SEV,0))) -> OK | N51: DEVRE: QS · şema 1 | O51: =IF($P51="","",INDEX(FIYAT_KAYNAK,MATCH($P51,FIYAT_KOD,0))) -> CHINT2608 | P51: CHINT-193183 | Q51: =$Q50 -> P03 | R51: MODULER_SALTER | T51: =IF(OR($R51="",$I51=""),"",$I51*INDEX(NORM_DK,MATCH($R51,NORM_AD,0))) -> 45 | U51: =IF(OR($P51="",$I51=""),"",IF(IF(INDEX(FIYAT_ALAN,MATCH($P51,FIYAT_KOD,0))="","",INDEX(FIYAT_ALAN,MATCH($P51,FIYAT_KOD,0)))<>"",$I51*IF(INDEX(FIYAT_ALAN,MATCH($P51,FIYAT_KOD,0))="","",INDEX(FIYAT_ALAN,MATCH($P51,FIYAT_KOD,0))),IF(IF(INDEX(FIYAT_MODUL,MATCH($P51,FIYAT_KOD,0))="","",INDEX(FIYAT_MODUL,MATCH($P51,FIYAT_KOD,0)))<>"",$I51*IF(INDEX(FIYAT_MODUL,MATCH($P51,FIYAT_KOD,0))="","",INDEX(FIYAT_MODUL,MATCH($P51,FIYAT_KOD,0))),IF(IF(INDEX(FIYAT_GENISLIK,MATCH($P51,FIYAT_KOD,0))="","",INDEX(FIYAT_GENISLIK,MATCH($P51,FIYAT_KOD,0)))<>"",$I51*IF(INDEX(FIYAT_GENISLIK,MATCH($P51,FIYAT_KOD,0))="","",INDEX(FIYAT_GENISLIK,MATCH($P51,FIYAT_KOD,0)))/MODUL_GENISLIK_MM,"")))) -> 3 | V51: =IF(OR($C51<>"шина",$I51=""),"",$I51*INDEX(FIYAT_KGM,MATCH($P51,FIYAT_KOD,0))) | W51: =IF($H51="","",$H51) -> 2530.2 | Y51: DEVRE | Z51: =IF($P51="","",MAX(_xlfn.MAXIFS(DEVRE!$AM:$AM,DEVRE!$A:$A,$Q51,DEVRE!$C:$C,$P51),_xlfn.MAXIFS(DEVRE!$AM:$AM,DEVRE!$A:$A,$Q51,DEVRE!$H:$H,$P51))) -> 0 | AA51: =IF(OR($I51="",$Q51="",$P51=""),"",$I51*INDEX(PANO_ADET,MATCH($Q51,PANO_ID,0))) -> 1 | AB51: =IF($P51="",0,IF(AND($U51="",COUNTIF(ALAN_TIP_LIST,$C51)>0),1,0)) -> 0 | AC51: =IF(OR($P51="",$C51<>"kontaktör"),0,IF(IF(INDEX(FIYAT_BOBIN,MATCH($P51,FIYAT_KOD,0))="","",INDEX(FIYAT_BOBIN,MATCH($P51,FIYAT_KOD,0)))="",1,0)) -> 0
A52: =ROW()-1 -> 51 | B52: =$E52 -> Диф. авт. выкл. NXBLE-63 2P C16 30mA тип AC 6kA | C52: DİF | D52: =IF($P52="","",IF(INDEX(FIYAT_ARTIKUL,MATCH($P52,FIYAT_KOD,0))="","",INDEX(FIYAT_ARTIKUL,MATCH($P52,FIYAT_KOD,0)))) -> 819977 | E52: =IF($P52="","",INDEX(FIYAT_ACK,MATCH($P52,FIYAT_KOD,0))) -> Диф. авт. выкл. NXBLE-63 2P C16 30mA тип AC 6kA | F52: =IF($P52="","",IF(INDEX(FIYAT_LISTE,MATCH($P52,FIYAT_KOD,0))="","",INDEX(FIYAT_LISTE,MATCH($P52,FIYAT_KOD,0)))) -> 5934 | G52: =IF($P52="","",IF(INDEX(FIYAT_NET,MATCH($P52,FIYAT_KOD,0))="","",INDEX(FIYAT_NET,MATCH($P52,FIYAT_KOD,0)))) -> 3560.4 | H52: =IF(OR($G52="",$I52="",$M52="KONTROL",$M52="KAPSAM_DISI"),"",$G52*$I52) -> 46285.2 | I52: =SUMIFS(DEVRE!$T:$T,DEVRE!$A:$A,$Q52,DEVRE!$C:$C,$P52)+SUMIFS(DEVRE!$U:$U,DEVRE!$A:$A,$Q52,DEVRE!$H:$H,$P52) -> 13 | J52: =IF($P52="","",INDEX(FIYAT_BIRIM,MATCH($P52,FIYAT_KOD,0))) -> шт | K52: =IF($P52="","",INDEX(FIYAT_MARKA,MATCH($P52,FIYAT_KOD,0))) -> CHINT | L52: =IF($H52="","",$H52) -> 46285.2 | M52: =IF($P52="","",INDEX(DURUM_LIST,MATCH(MAX(INDEX(DURUM_SEV,MATCH(INDEX(FIYAT_DURUM,MATCH($P52,FIYAT_KOD,0)),DURUM_LIST,0)),IF($S52="",0,INDEX(DURUM_SEV,MATCH($S52,DURUM_LIST,0))),$Z52),DURUM_SEV,0))) -> OK | N52: DEVRE: А1, А2.1, А3.1, А4.1, А5.1, А6 … · şema 13 | O52: =IF($P52="","",INDEX(FIYAT_KAYNAK,MATCH($P52,FIYAT_KOD,0))) -> CHINT2608 | P52: CHINT-819977 | Q52: =$Q51 -> P03 | R52: DIF_1PN | T52: =IF(OR($R52="",$I52=""),"",$I52*INDEX(NORM_DK,MATCH($R52,NORM_AD,0))) -> 0 | U52: =IF(OR($P52="",$I52=""),"",IF(IF(INDEX(FIYAT_ALAN,MATCH($P52,FIYAT_KOD,0))="","",INDEX(FIYAT_ALAN,MATCH($P52,FIYAT_KOD,0)))<>"",$I52*IF(INDEX(FIYAT_ALAN,MATCH($P52,FIYAT_KOD,0))="","",INDEX(FIYAT_ALAN,MATCH($P52,FIYAT_KOD,0))),IF(IF(INDEX(FIYAT_MODUL,MATCH($P52,FIYAT_KOD,0))="","",INDEX(FIYAT_MODUL,MATCH($P52,FIYAT_KOD,0)))<>"",$I52*IF(INDEX(FIYAT_MODUL,MATCH($P52,FIYAT_KOD,0))="","",INDEX(FIYAT_MODUL,MATCH($P52,FIYAT_KOD,0))),IF(IF(INDEX(FIYAT_GENISLIK,MATCH($P52,FIYAT_KOD,0))="","",INDEX(FIYAT_GENISLIK,MATCH($P52,FIYAT_KOD,0)))<>"",$I52*IF(INDEX(FIYAT_GENISLIK,MATCH($P52,FIYAT_KOD,0))="","",INDEX(FIYAT_GENISLIK,MATCH($P52,FIYAT_KOD,0)))/MODUL_GENISLIK_MM,"")))) -> 26 | V52: =IF(OR($C52<>"шина",$I52=""),"",$I52*INDEX(FIYAT_KGM,MATCH($P52,FIYAT_KOD,0))) | W52: =IF($H52="","",$H52) -> 46285.2 | Y52: DEVRE | Z52: =IF($P52="","",MAX(_xlfn.MAXIFS(DEVRE!$AM:$AM,DEVRE!$A:$A,$Q52,DEVRE!$C:$C,$P52),_xlfn.MAXIFS(DEVRE!$AM:$AM,DEVRE!$A:$A,$Q52,DEVRE!$H:$H,$P52))) -> 0 | AA52: =IF(OR($I52="",$Q52="",$P52=""),"",$I52*INDEX(PANO_ADET,MATCH($Q52,PANO_ID,0))) -> 13 | AB52: =IF($P52="",0,IF(AND($U52="",COUNTIF(ALAN_TIP_LIST,$C52)>0),1,0)) -> 0 | AC52: =IF(OR($P52="",$C52<>"kontaktör"),0,IF(IF(INDEX(FIYAT_BOBIN,MATCH($P52,FIYAT_KOD,0))="","",INDEX(FIYAT_BOBIN,MATCH($P52,FIYAT_KOD,0)))="",1,0)) -> 0
A53: =ROW()-1 -> 52 | B53: =$E53 -> Шина соединительная типа PIN 2P, 63А, L=1000мм | C53: LOOBAR | D53: =IF($P53="","",IF(INDEX(FIYAT_ARTIKUL,MATCH($P53,FIYAT_KOD,0))="","",INDEX(FIYAT_ARTIKUL,MATCH($P53,FIYAT_KOD,0)))) -> 811001 | E53: =IF($P53="","",INDEX(FIYAT_ACK,MATCH($P53,FIYAT_KOD,0))) -> Шина соединительная типа PIN 2P, 63А, L=1000мм | F53: =IF($P53="","",IF(INDEX(FIYAT_LISTE,MATCH($P53,FIYAT_KOD,0))="","",INDEX(FIYAT_LISTE,MATCH($P53,FIYAT_KOD,0)))) -> 8819 | G53: =IF($P53="","",IF(INDEX(FIYAT_NET,MATCH($P53,FIYAT_KOD,0))="","",INDEX(FIYAT_NET,MATCH($P53,FIYAT_KOD,0)))) -> 5291.4 | H53: =IF(OR($G53="",$I53="",$M53="KONTROL",$M53="KAPSAM_DISI"),"",$G53*$I53) | I53: =IF(COUNTIFS(DEVRE!$A:$A,$Q53,DEVRE!$D:$D,"CIKIS",DEVRE!$AO:$AO,$X53,DEVRE!$Q:$Q,"<="&TARAK_MAX_A,DEVRE!$P:$P,"OTO")+COUNTIFS(DEVRE!$A:$A,$Q53,DEVRE!$D:$D,"CIKIS",DEVRE!$AO:$AO,$X53,DEVRE!$Q:$Q,"<="&TARAK_MAX_A,DEVRE!$P:$P,"DİF")<TARAK_MIN_CIHAZ,"",ROUNDUP((SUMIFS(DEVRE!$AH:$AH,DEVRE!$A:$A,$Q53,DEVRE!$D:$D,"CIKIS",DEVRE!$AO:$AO,$X53,DEVRE!$Q:$Q,"<="&TARAK_MAX_A,DEVRE!$P:$P,"OTO")+SUMIFS(DEVRE!$AH:$AH,DEVRE!$A:$A,$Q53,DEVRE!$D:$D,"CIKIS",DEVRE!$AO:$AO,$X53,DEVRE!$Q:$Q,"<="&TARAK_MAX_A,DEVRE!$P:$P,"DİF"))/TARAK_MOD_ADET,0)) -> 3 | J53: =IF($P53="","",INDEX(FIYAT_BIRIM,MATCH($P53,FIYAT_KOD,0))) -> шт | K53: =IF($P53="","",INDEX(FIYAT_MARKA,MATCH($P53,FIYAT_KOD,0))) -> CHINT | L53: =IF($H53="","",$H53) | M53: =IF($P53="","",INDEX(DURUM_LIST,MATCH(MAX(INDEX(DURUM_SEV,MATCH(INDEX(FIYAT_DURUM,MATCH($P53,FIYAT_KOD,0)),DURUM_LIST,0)),IF($S53="",0,INDEX(DURUM_SEV,MATCH($S53,DURUM_LIST,0))),$Z53),DURUM_SEV,0))) -> KONTROL | N53: CHINT tarak L=1000 mm (≈57 mod) · TARAK_MOD_ADET=12 → adet/birim uyuşmazlığı · 2P tarak tek faza bağlar | O53: =IF($P53="","",INDEX(FIYAT_KAYNAK,MATCH($P53,FIYAT_KOD,0))) -> CHINT2608 | P53: CHINT-811001 | Q53: =$Q52 -> P03 | R53: TARAK_BARA | S53: KONTROL | T53: =IF(OR($R53="",$I53=""),"",$I53*INDEX(NORM_DK,MATCH($R53,NORM_AD,0))) -> 30 | U53: =IF(OR($P53="",$I53=""),"",IF(IF(INDEX(FIYAT_ALAN,MATCH($P53,FIYAT_KOD,0))="","",INDEX(FIYAT_ALAN,MATCH($P53,FIYAT_KOD,0)))<>"",$I53*IF(INDEX(FIYAT_ALAN,MATCH($P53,FIYAT_KOD,0))="","",INDEX(FIYAT_ALAN,MATCH($P53,FIYAT_KOD,0))),IF(IF(INDEX(FIYAT_MODUL,MATCH($P53,FIYAT_KOD,0))="","",INDEX(FIYAT_MODUL,MATCH($P53,FIYAT_KOD,0)))<>"",$I53*IF(INDEX(FIYAT_MODUL,MATCH($P53,FIYAT_KOD,0))="","",INDEX(FIYAT_MODUL,MATCH($P53,FIYAT_KOD,0))),IF(IF(INDEX(FIYAT_GENISLIK,MATCH($P53,FIYAT_KOD,0))="","",INDEX(FIYAT_GENISLIK,MATCH($P53,FIYAT_KOD,0)))<>"",$I53*IF(INDEX(FIYAT_GENISLIK,MATCH($P53,FIYAT_KOD,0))="","",INDEX(FIYAT_GENISLIK,MATCH($P53,FIYAT_KOD,0)))/MODUL_GENISLIK_MM,"")))) | V53: =IF(OR($C53<>"шина",$I53=""),"",$I53*INDEX(FIYAT_KGM,MATCH($P53,FIYAT_KOD,0))) | W53: =IF($H53="","",$H53) | X53: 2P | Y53: OTO:TARAK | Z53: =IF($P53="","",MAX(_xlfn.MAXIFS(DEVRE!$AM:$AM,DEVRE!$A:$A,$Q53,DEVRE!$C:$C,$P53),_xlfn.MAXIFS(DEVRE!$AM:$AM,DEVRE!$A:$A,$Q53,DEVRE!$H:$H,$P53))) -> 0 | AA53: =IF(OR($I53="",$Q53="",$P53=""),"",$I53*INDEX(PANO_ADET,MATCH($Q53,PANO_ID,0))) -> 3 | AB53: =IF($P53="",0,IF(AND($U53="",COUNTIF(ALAN_TIP_LIST,$C53)>0),1,0)) -> 0 | AC53: =IF(OR($P53="",$C53<>"kontaktör"),0,IF(IF(INDEX(FIYAT_BOBIN,MATCH($P53,FIYAT_KOD,0))="","",INDEX(FIYAT_BOBIN,MATCH($P53,FIYAT_KOD,0)))="",1,0)) -> 0
A54: =ROW()-1 -> 53 | B54: =$E54 | C54: аксессуар | D54: =IF($P54="","",IF(INDEX(FIYAT_ARTIKUL,MATCH($P54,FIYAT_KOD,0))="","",INDEX(FIYAT_ARTIKUL,MATCH($P54,FIYAT_KOD,0)))) | E54: =IF($P54="","",INDEX(FIYAT_ACK,MATCH($P54,FIYAT_KOD,0))) | F54: =IF($P54="","",IF(INDEX(FIYAT_LISTE,MATCH($P54,FIYAT_KOD,0))="","",INDEX(FIYAT_LISTE,MATCH($P54,FIYAT_KOD,0)))) | G54: =IF($P54="","",IF(INDEX(FIYAT_NET,MATCH($P54,FIYAT_KOD,0))="","",INDEX(FIYAT_NET,MATCH($P54,FIYAT_KOD,0)))) | H54: =IF(OR($G54="",$I54="",$M54="KONTROL",$M54="KAPSAM_DISI"),"",$G54*$I54) | I54: =IF(INDEX(PANO_BARA_GEREK,MATCH($Q54,PANO_ID,0))="HAYIR",2,"") -> 2 | J54: =IF($P54="","",INDEX(FIYAT_BIRIM,MATCH($P54,FIYAT_KOD,0))) | K54: =IF($P54="","",INDEX(FIYAT_MARKA,MATCH($P54,FIYAT_KOD,0))) | L54: =IF($H54="","",$H54) | M54: =IF($P54="","",INDEX(DURUM_LIST,MATCH(MAX(INDEX(DURUM_SEV,MATCH(INDEX(FIYAT_DURUM,MATCH($P54,FIYAT_KOD,0)),DURUM_LIST,0)),IF($S54="",0,INDEX(DURUM_SEV,MATCH($S54,DURUM_LIST,0))),$Z54),DURUM_SEV,0))) | N54: N/PE barası · NOTR_BARA_KOD boş | O54: =IF($P54="","",INDEX(FIYAT_KAYNAK,MATCH($P54,FIYAT_KOD,0))) | P54: =IF(NOTR_BARA_KOD="","",NOTR_BARA_KOD) | Q54: =$Q53 -> P03 | S54: OTO | T54: =IF(OR($R54="",$I54=""),"",$I54*INDEX(NORM_DK,MATCH($R54,NORM_AD,0))) | U54: =IF(OR($P54="",$I54=""),"",IF(IF(INDEX(FIYAT_ALAN,MATCH($P54,FIYAT_KOD,0))="","",INDEX(FIYAT_ALAN,MATCH($P54,FIYAT_KOD,0)))<>"",$I54*IF(INDEX(FIYAT_ALAN,MATCH($P54,FIYAT_KOD,0))="","",INDEX(FIYAT_ALAN,MATCH($P54,FIYAT_KOD,0))),IF(IF(INDEX(FIYAT_MODUL,MATCH($P54,FIYAT_KOD,0))="","",INDEX(FIYAT_MODUL,MATCH($P54,FIYAT_KOD,0)))<>"",$I54*IF(INDEX(FIYAT_MODUL,MATCH($P54,FIYAT_KOD,0))="","",INDEX(FIYAT_MODUL,MATCH($P54,FIYAT_KOD,0))),IF(IF(INDEX(FIYAT_GENISLIK,MATCH($P54,FIYAT_KOD,0))="","",INDEX(FIYAT_GENISLIK,MATCH($P54,FIYAT_KOD,0)))<>"",$I54*IF(INDEX(FIYAT_GENISLIK,MATCH($P54,FIYAT_KOD,0))="","",INDEX(FIYAT_GENISLIK,MATCH($P54,FIYAT_KOD,0)))/MODUL_GENISLIK_MM,"")))) | V54: =IF(OR($C54<>"шина",$I54=""),"",$I54*INDEX(FIYAT_KGM,MATCH($P54,FIYAT_KOD,0))) | W54: =IF($H54="","",$H54) | Y54: OTO:NPE | Z54: =IF($P54="","",MAX(_xlfn.MAXIFS(DEVRE!$AM:$AM,DEVRE!$A:$A,$Q54,DEVRE!$C:$C,$P54),_xlfn.MAXIFS(DEVRE!$AM:$AM,DEVRE!$A:$A,$Q54,DEVRE!$H:$H,$P54))) | AA54: =IF(OR($I54="",$Q54="",$P54=""),"",$I54*INDEX(PANO_ADET,MATCH($Q54,PANO_ID,0))) | AB54: =IF($P54="",0,IF(AND($U54="",COUNTIF(ALAN_TIP_LIST,$C54)>0),1,0)) -> 0 | AC54: =IF(OR($P54="",$C54<>"kontaktör"),0,IF(IF(INDEX(FIYAT_BOBIN,MATCH($P54,FIYAT_KOD,0))="","",INDEX(FIYAT_BOBIN,MATCH($P54,FIYAT_KOD,0)))="",1,0)) -> 0
A55: =ROW()-1 -> 54 | B55: =$E55 | C55: DIN | D55: =IF($P55="","",IF(INDEX(FIYAT_ARTIKUL,MATCH($P55,FIYAT_KOD,0))="","",INDEX(FIYAT_ARTIKUL,MATCH($P55,FIYAT_KOD,0)))) | E55: =IF($P55="","",INDEX(FIYAT_ACK,MATCH($P55,FIYAT_KOD,0))) | F55: =IF($P55="","",IF(INDEX(FIYAT_LISTE,MATCH($P55,FIYAT_KOD,0))="","",INDEX(FIYAT_LISTE,MATCH($P55,FIYAT_KOD,0)))) | G55: =IF($P55="","",IF(INDEX(FIYAT_NET,MATCH($P55,FIYAT_KOD,0))="","",INDEX(FIYAT_NET,MATCH($P55,FIYAT_KOD,0)))) | H55: =IF(OR($G55="",$I55="",$M55="KONTROL",$M55="KAPSAM_DISI"),"",$G55*$I55) | I55: =INDEX(PANO_DIN_M,MATCH($Q55,PANO_ID,0)) | J55: =IF($P55="","",INDEX(FIYAT_BIRIM,MATCH($P55,FIYAT_KOD,0))) | K55: =IF($P55="","",INDEX(FIYAT_MARKA,MATCH($P55,FIYAT_KOD,0))) | L55: =IF($H55="","",$H55) | M55: =IF($P55="","",INDEX(DURUM_LIST,MATCH(MAX(INDEX(DURUM_SEV,MATCH(INDEX(FIYAT_DURUM,MATCH($P55,FIYAT_KOD,0)),DURUM_LIST,0)),IF($S55="",0,INDEX(DURUM_SEV,MATCH($S55,DURUM_LIST,0))),$Z55),DURUM_SEV,0))) | N55: DIN ray · DINRAY_KOD / SIRA_ARALIK_MM / KORPUS_IC_PAY_M boş | O55: =IF($P55="","",INDEX(FIYAT_KAYNAK,MATCH($P55,FIYAT_KOD,0))) | P55: =IF(DINRAY_KOD="","",DINRAY_KOD) | Q55: =$Q54 -> P03 | R55: DINRAY_M | S55: OTO | T55: =IF(OR($R55="",$I55=""),"",$I55*INDEX(NORM_DK,MATCH($R55,NORM_AD,0))) | U55: =IF(OR($P55="",$I55=""),"",IF(IF(INDEX(FIYAT_ALAN,MATCH($P55,FIYAT_KOD,0))="","",INDEX(FIYAT_ALAN,MATCH($P55,FIYAT_KOD,0)))<>"",$I55*IF(INDEX(FIYAT_ALAN,MATCH($P55,FIYAT_KOD,0))="","",INDEX(FIYAT_ALAN,MATCH($P55,FIYAT_KOD,0))),IF(IF(INDEX(FIYAT_MODUL,MATCH($P55,FIYAT_KOD,0))="","",INDEX(FIYAT_MODUL,MATCH($P55,FIYAT_KOD,0)))<>"",$I55*IF(INDEX(FIYAT_MODUL,MATCH($P55,FIYAT_KOD,0))="","",INDEX(FIYAT_MODUL,MATCH($P55,FIYAT_KOD,0))),IF(IF(INDEX(FIYAT_GENISLIK,MATCH($P55,FIYAT_KOD,0))="","",INDEX(FIYAT_GENISLIK,MATCH($P55,FIYAT_KOD,0)))<>"",$I55*IF(INDEX(FIYAT_GENISLIK,MATCH($P55,FIYAT_KOD,0))="","",INDEX(FIYAT_GENISLIK,MATCH($P55,FIYAT_KOD,0)))/MODUL_GENISLIK_MM,"")))) | V55: =IF(OR($C55<>"шина",$I55=""),"",$I55*INDEX(FIYAT_KGM,MATCH($P55,FIYAT_KOD,0))) | W55: =IF($H55="","",$H55) | Y55: OTO:DIN | Z55: =IF($P55="","",MAX(_xlfn.MAXIFS(DEVRE!$AM:$AM,DEVRE!$A:$A,$Q55,DEVRE!$C:$C,$P55),_xlfn.MAXIFS(DEVRE!$AM:$AM,DEVRE!$A:$A,$Q55,DEVRE!$H:$H,$P55))) | AA55: =IF(OR($I55="",$Q55="",$P55=""),"",$I55*INDEX(PANO_ADET,MATCH($Q55,PANO_ID,0))) | AB55: =IF($P55="",0,IF(AND($U55="",COUNTIF(ALAN_TIP_LIST,$C55)>0),1,0)) -> 0 | AC55: =IF(OR($P55="",$C55<>"kontaktör"),0,IF(IF(INDEX(FIYAT_BOBIN,MATCH($P55,FIYAT_KOD,0))="","",INDEX(FIYAT_BOBIN,MATCH($P55,FIYAT_KOD,0)))="",1,0)) -> 0
A56: =ROW()-1 -> 55 | B56: =$E56 | C56: кабель-канал | D56: =IF($P56="","",IF(INDEX(FIYAT_ARTIKUL,MATCH($P56,FIYAT_KOD,0))="","",INDEX(FIYAT_ARTIKUL,MATCH($P56,FIYAT_KOD,0)))) | E56: =IF($P56="","",INDEX(FIYAT_ACK,MATCH($P56,FIYAT_KOD,0))) | F56: =IF($P56="","",IF(INDEX(FIYAT_LISTE,MATCH($P56,FIYAT_KOD,0))="","",INDEX(FIYAT_LISTE,MATCH($P56,FIYAT_KOD,0)))) | G56: =IF($P56="","",IF(INDEX(FIYAT_NET,MATCH($P56,FIYAT_KOD,0))="","",INDEX(FIYAT_NET,MATCH($P56,FIYAT_KOD,0)))) | H56: =IF(OR($G56="",$I56="",$M56="KONTROL",$M56="KAPSAM_DISI"),"",$G56*$I56) | I56: =INDEX(PANO_KANAL_M,MATCH($Q56,PANO_ID,0)) | J56: =IF($P56="","",INDEX(FIYAT_BIRIM,MATCH($P56,FIYAT_KOD,0))) | K56: =IF($P56="","",INDEX(FIYAT_MARKA,MATCH($P56,FIYAT_KOD,0))) | L56: =IF($H56="","",$H56) | M56: =IF($P56="","",INDEX(DURUM_LIST,MATCH(MAX(INDEX(DURUM_SEV,MATCH(INDEX(FIYAT_DURUM,MATCH($P56,FIYAT_KOD,0)),DURUM_LIST,0)),IF($S56="",0,INDEX(DURUM_SEV,MATCH($S56,DURUM_LIST,0))),$Z56),DURUM_SEV,0))) | N56: perforeli lоток EKT 280300704 (kalıcı kural) · MÜHENDİS ONAYI GEREKLİ | O56: =IF($P56="","",INDEX(FIYAT_KAYNAK,MATCH($P56,FIYAT_KOD,0))) | P56: =INDEX(PANO_KANAL_KOD,MATCH($Q56,PANO_ID,0)) | Q56: =$Q55 -> P03 | R56: KANAL_M | S56: MUADIL_ONAY | T56: =IF(OR($R56="",$I56=""),"",$I56*INDEX(NORM_DK,MATCH($R56,NORM_AD,0))) | U56: =IF(OR($P56="",$I56=""),"",IF(IF(INDEX(FIYAT_ALAN,MATCH($P56,FIYAT_KOD,0))="","",INDEX(FIYAT_ALAN,MATCH($P56,FIYAT_KOD,0)))<>"",$I56*IF(INDEX(FIYAT_ALAN,MATCH($P56,FIYAT_KOD,0))="","",INDEX(FIYAT_ALAN,MATCH($P56,FIYAT_KOD,0))),IF(IF(INDEX(FIYAT_MODUL,MATCH($P56,FIYAT_KOD,0))="","",INDEX(FIYAT_MODUL,MATCH($P56,FIYAT_KOD,0)))<>"",$I56*IF(INDEX(FIYAT_MODUL,MATCH($P56,FIYAT_KOD,0))="","",INDEX(FIYAT_MODUL,MATCH($P56,FIYAT_KOD,0))),IF(IF(INDEX(FIYAT_GENISLIK,MATCH($P56,FIYAT_KOD,0))="","",INDEX(FIYAT_GENISLIK,MATCH($P56,FIYAT_KOD,0)))<>"",$I56*IF(INDEX(FIYAT_GENISLIK,MATCH($P56,FIYAT_KOD,0))="","",INDEX(FIYAT_GENISLIK,MATCH($P56,FIYAT_KOD,0)))/MODUL_GENISLIK_MM,"")))) | V56: =IF(OR($C56<>"шина",$I56=""),"",$I56*INDEX(FIYAT_KGM,MATCH($P56,FIYAT_KOD,0))) | W56: =IF($H56="","",$H56) | Y56: OTO:KANAL | Z56: =IF($P56="","",MAX(_xlfn.MAXIFS(DEVRE!$AM:$AM,DEVRE!$A:$A,$Q56,DEVRE!$C:$C,$P56),_xlfn.MAXIFS(DEVRE!$AM:$AM,DEVRE!$A:$A,$Q56,DEVRE!$H:$H,$P56))) | AA56: =IF(OR($I56="",$Q56="",$P56=""),"",$I56*INDEX(PANO_ADET,MATCH($Q56,PANO_ID,0))) | AB56: =IF($P56="",0,IF(AND($U56="",COUNTIF(ALAN_TIP_LIST,$C56)>0),1,0)) -> 0 | AC56: =IF(OR($P56="",$C56<>"kontaktör"),0,IF(IF(INDEX(FIYAT_BOBIN,MATCH($P56,FIYAT_KOD,0))="","",INDEX(FIYAT_BOBIN,MATCH($P56,FIYAT_KOD,0)))="",1,0)) -> 0
A57: =ROW()-1 -> 56 | B57: =$E57 | C57: кабель-канал | D57: =IF($P57="","",IF(INDEX(FIYAT_ARTIKUL,MATCH($P57,FIYAT_KOD,0))="","",INDEX(FIYAT_ARTIKUL,MATCH($P57,FIYAT_KOD,0)))) | E57: =IF($P57="","",INDEX(FIYAT_ACK,MATCH($P57,FIYAT_KOD,0))) | F57: =IF($P57="","",IF(INDEX(FIYAT_LISTE,MATCH($P57,FIYAT_KOD,0))="","",INDEX(FIYAT_LISTE,MATCH($P57,FIYAT_KOD,0)))) | G57: =IF($P57="","",IF(INDEX(FIYAT_NET,MATCH($P57,FIYAT_KOD,0))="","",INDEX(FIYAT_NET,MATCH($P57,FIYAT_KOD,0)))) | H57: =IF(OR($G57="",$I57="",$M57="KONTROL",$M57="KAPSAM_DISI"),"",$G57*$I57) | I57: =INDEX(PANO_KANAL_M,MATCH($Q57,PANO_ID,0)) | J57: =IF($P57="","",INDEX(FIYAT_BIRIM,MATCH($P57,FIYAT_KOD,0))) | K57: =IF($P57="","",INDEX(FIYAT_MARKA,MATCH($P57,FIYAT_KOD,0))) | L57: =IF($H57="","",$H57) | M57: =IF($P57="","",INDEX(DURUM_LIST,MATCH(MAX(INDEX(DURUM_SEV,MATCH(INDEX(FIYAT_DURUM,MATCH($P57,FIYAT_KOD,0)),DURUM_LIST,0)),IF($S57="",0,INDEX(DURUM_SEV,MATCH($S57,DURUM_LIST,0))),$Z57),DURUM_SEV,0))) | N57: lоток kapağı EKT 280300718 · MÜHENDİS ONAYI GEREKLİ | O57: =IF($P57="","",INDEX(FIYAT_KAYNAK,MATCH($P57,FIYAT_KOD,0))) | P57: =INDEX(PANO_KAPAK_KOD,MATCH($Q57,PANO_ID,0)) | Q57: =$Q56 -> P03 | S57: MUADIL_ONAY | T57: =IF(OR($R57="",$I57=""),"",$I57*INDEX(NORM_DK,MATCH($R57,NORM_AD,0))) | U57: =IF(OR($P57="",$I57=""),"",IF(IF(INDEX(FIYAT_ALAN,MATCH($P57,FIYAT_KOD,0))="","",INDEX(FIYAT_ALAN,MATCH($P57,FIYAT_KOD,0)))<>"",$I57*IF(INDEX(FIYAT_ALAN,MATCH($P57,FIYAT_KOD,0))="","",INDEX(FIYAT_ALAN,MATCH($P57,FIYAT_KOD,0))),IF(IF(INDEX(FIYAT_MODUL,MATCH($P57,FIYAT_KOD,0))="","",INDEX(FIYAT_MODUL,MATCH($P57,FIYAT_KOD,0)))<>"",$I57*IF(INDEX(FIYAT_MODUL,MATCH($P57,FIYAT_KOD,0))="","",INDEX(FIYAT_MODUL,MATCH($P57,FIYAT_KOD,0))),IF(IF(INDEX(FIYAT_GENISLIK,MATCH($P57,FIYAT_KOD,0))="","",INDEX(FIYAT_GENISLIK,MATCH($P57,FIYAT_KOD,0)))<>"",$I57*IF(INDEX(FIYAT_GENISLIK,MATCH($P57,FIYAT_KOD,0))="","",INDEX(FIYAT_GENISLIK,MATCH($P57,FIYAT_KOD,0)))/MODUL_GENISLIK_MM,"")))) | V57: =IF(OR($C57<>"шина",$I57=""),"",$I57*INDEX(FIYAT_KGM,MATCH($P57,FIYAT_KOD,0))) | W57: =IF($H57="","",$H57) | Y57: OTO:KANAL | Z57: =IF($P57="","",MAX(_xlfn.MAXIFS(DEVRE!$AM:$AM,DEVRE!$A:$A,$Q57,DEVRE!$C:$C,$P57),_xlfn.MAXIFS(DEVRE!$AM:$AM,DEVRE!$A:$A,$Q57,DEVRE!$H:$H,$P57))) | AA57: =IF(OR($I57="",$Q57="",$P57=""),"",$I57*INDEX(PANO_ADET,MATCH($Q57,PANO_ID,0))) | AB57: =IF($P57="",0,IF(AND($U57="",COUNTIF(ALAN_TIP_LIST,$C57)>0),1,0)) -> 0 | AC57: =IF(OR($P57="",$C57<>"kontaktör"),0,IF(IF(INDEX(FIYAT_BOBIN,MATCH($P57,FIYAT_KOD,0))="","",INDEX(FIYAT_BOBIN,MATCH($P57,FIYAT_KOD,0)))="",1,0)) -> 0
A58: =ROW()-1 -> 57 | B58: =$E58 -> HARMONY ПВ3 1 2,5 | C58: кабель | D58: =IF($P58="","",IF(INDEX(FIYAT_ARTIKUL,MATCH($P58,FIYAT_KOD,0))="","",INDEX(FIYAT_ARTIKUL,MATCH($P58,FIYAT_KOD,0)))) -> 151.01.PV3.02,5 | E58: =IF($P58="","",INDEX(FIYAT_ACK,MATCH($P58,FIYAT_KOD,0))) -> HARMONY ПВ3 1 2,5 | F58: =IF($P58="","",IF(INDEX(FIYAT_LISTE,MATCH($P58,FIYAT_KOD,0))="","",INDEX(FIYAT_LISTE,MATCH($P58,FIYAT_KOD,0)))) -> 174 | G58: =IF($P58="","",IF(INDEX(FIYAT_NET,MATCH($P58,FIYAT_KOD,0))="","",INDEX(FIYAT_NET,MATCH($P58,FIYAT_KOD,0)))) -> 174 | H58: =IF(OR($G58="",$I58="",$M58="KONTROL",$M58="KAPSAM_DISI"),"",$G58*$I58) -> 8961 | I58: =ROUND((SUMIFS(DEVRE!$Z:$Z,DEVRE!$A:$A,$Q58,DEVRE!$V:$V,$X58)+IF($X58=GRUP_BESLEME_KESIT,INDEX(PANO_GRUP_KABLO_M,MATCH($Q58,PANO_ID,0)),0))*KABLO_FIRE,1) -> 51.5 | J58: =IF($P58="","",INDEX(FIYAT_BIRIM,MATCH($P58,FIYAT_KOD,0))) -> м | K58: =IF($P58="","",INDEX(FIYAT_MARKA,MATCH($P58,FIYAT_KOD,0))) -> HARMONY | L58: =IF($H58="","",$H58) -> 8961 | M58: =IF($P58="","",INDEX(DURUM_LIST,MATCH(MAX(INDEX(DURUM_SEV,MATCH(INDEX(FIYAT_DURUM,MATCH($P58,FIYAT_KOD,0)),DURUM_LIST,0)),IF($S58="",0,INDEX(DURUM_SEV,MATCH($S58,DURUM_LIST,0))),$Z58),DURUM_SEV,0))) -> FIYAT_ESKI | N58: ПВ3 2.5 mm² · DEVRE KABLO_M × KABLO_FIRE | O58: =IF($P58="","",INDEX(FIYAT_KAYNAK,MATCH($P58,FIYAT_KOD,0))) -> HARMONY | P58: HARMONY-151.01.PV3.02,5 | Q58: =$Q57 -> P03 | R58: KABLO_IC_M | S58: OTO | T58: =IF(OR($R58="",$I58=""),"",$I58*INDEX(NORM_DK,MATCH($R58,NORM_AD,0))) -> 0 | U58: =IF(OR($P58="",$I58=""),"",IF(IF(INDEX(FIYAT_ALAN,MATCH($P58,FIYAT_KOD,0))="","",INDEX(FIYAT_ALAN,MATCH($P58,FIYAT_KOD,0)))<>"",$I58*IF(INDEX(FIYAT_ALAN,MATCH($P58,FIYAT_KOD,0))="","",INDEX(FIYAT_ALAN,MATCH($P58,FIYAT_KOD,0))),IF(IF(INDEX(FIYAT_MODUL,MATCH($P58,FIYAT_KOD,0))="","",INDEX(FIYAT_MODUL,MATCH($P58,FIYAT_KOD,0)))<>"",$I58*IF(INDEX(FIYAT_MODUL,MATCH($P58,FIYAT_KOD,0))="","",INDEX(FIYAT_MODUL,MATCH($P58,FIYAT_KOD,0))),IF(IF(INDEX(FIYAT_GENISLIK,MATCH($P58,FIYAT_KOD,0))="","",INDEX(FIYAT_GENISLIK,MATCH($P58,FIYAT_KOD,0)))<>"",$I58*IF(INDEX(FIYAT_GENISLIK,MATCH($P58,FIYAT_KOD,0))="","",INDEX(FIYAT_GENISLIK,MATCH($P58,FIYAT_KOD,0)))/MODUL_GENISLIK_MM,"")))) | V58: =IF(OR($C58<>"шина",$I58=""),"",$I58*INDEX(FIYAT_KGM,MATCH($P58,FIYAT_KOD,0))) | W58: =IF($H58="","",$H58) -> 8961 | X58: 2.5 | Y58: OTO:KABLO | Z58: =IF($P58="","",MAX(_xlfn.MAXIFS(DEVRE!$AM:$AM,DEVRE!$A:$A,$Q58,DEVRE!$C:$C,$P58),_xlfn.MAXIFS(DEVRE!$AM:$AM,DEVRE!$A:$A,$Q58,DEVRE!$H:$H,$P58))) -> 0 | AA58: =IF(OR($I58="",$Q58="",$P58=""),"",$I58*INDEX(PANO_ADET,MATCH($Q58,PANO_ID,0))) -> 51.5 | AB58: =IF($P58="",0,IF(AND($U58="",COUNTIF(ALAN_TIP_LIST,$C58)>0),1,0)) -> 0 | AC58: =IF(OR($P58="",$C58<>"kontaktör"),0,IF(IF(INDEX(FIYAT_BOBIN,MATCH($P58,FIYAT_KOD,0))="","",INDEX(FIYAT_BOBIN,MATCH($P58,FIYAT_KOD,0)))="",1,0)) -> 0
A59: =ROW()-1 -> 58 | B59: =$E59 -> HARMONY ПВ3 1 16 | C59: кабель | D59: =IF($P59="","",IF(INDEX(FIYAT_ARTIKUL,MATCH($P59,FIYAT_KOD,0))="","",INDEX(FIYAT_ARTIKUL,MATCH($P59,FIYAT_KOD,0)))) -> 151.01.PV3.16 | E59: =IF($P59="","",INDEX(FIYAT_ACK,MATCH($P59,FIYAT_KOD,0))) -> HARMONY ПВ3 1 16 | F59: =IF($P59="","",IF(INDEX(FIYAT_LISTE,MATCH($P59,FIYAT_KOD,0))="","",INDEX(FIYAT_LISTE,MATCH($P59,FIYAT_KOD,0)))) -> 1084 | G59: =IF($P59="","",IF(INDEX(FIYAT_NET,MATCH($P59,FIYAT_KOD,0))="","",INDEX(FIYAT_NET,MATCH($P59,FIYAT_KOD,0)))) -> 1084 | H59: =IF(OR($G59="",$I59="",$M59="KONTROL",$M59="KAPSAM_DISI"),"",$G59*$I59) -> 4336 | I59: =ROUND((SUMIFS(DEVRE!$Z:$Z,DEVRE!$A:$A,$Q59,DEVRE!$V:$V,$X59)+IF($X59=GRUP_BESLEME_KESIT,INDEX(PANO_GRUP_KABLO_M,MATCH($Q59,PANO_ID,0)),0))*KABLO_FIRE,1) -> 4 | J59: =IF($P59="","",INDEX(FIYAT_BIRIM,MATCH($P59,FIYAT_KOD,0))) -> м | K59: =IF($P59="","",INDEX(FIYAT_MARKA,MATCH($P59,FIYAT_KOD,0))) -> HARMONY | L59: =IF($H59="","",$H59) -> 4336 | M59: =IF($P59="","",INDEX(DURUM_LIST,MATCH(MAX(INDEX(DURUM_SEV,MATCH(INDEX(FIYAT_DURUM,MATCH($P59,FIYAT_KOD,0)),DURUM_LIST,0)),IF($S59="",0,INDEX(DURUM_SEV,MATCH($S59,DURUM_LIST,0))),$Z59),DURUM_SEV,0))) -> FIYAT_ESKI | N59: ПВ3 16 mm² · DEVRE KABLO_M × KABLO_FIRE | O59: =IF($P59="","",INDEX(FIYAT_KAYNAK,MATCH($P59,FIYAT_KOD,0))) -> HARMONY | P59: HARMONY-151.01.PV3.16 | Q59: =$Q58 -> P03 | R59: KABLO_IC_M | S59: OTO | T59: =IF(OR($R59="",$I59=""),"",$I59*INDEX(NORM_DK,MATCH($R59,NORM_AD,0))) -> 0 | U59: =IF(OR($P59="",$I59=""),"",IF(IF(INDEX(FIYAT_ALAN,MATCH($P59,FIYAT_KOD,0))="","",INDEX(FIYAT_ALAN,MATCH($P59,FIYAT_KOD,0)))<>"",$I59*IF(INDEX(FIYAT_ALAN,MATCH($P59,FIYAT_KOD,0))="","",INDEX(FIYAT_ALAN,MATCH($P59,FIYAT_KOD,0))),IF(IF(INDEX(FIYAT_MODUL,MATCH($P59,FIYAT_KOD,0))="","",INDEX(FIYAT_MODUL,MATCH($P59,FIYAT_KOD,0)))<>"",$I59*IF(INDEX(FIYAT_MODUL,MATCH($P59,FIYAT_KOD,0))="","",INDEX(FIYAT_MODUL,MATCH($P59,FIYAT_KOD,0))),IF(IF(INDEX(FIYAT_GENISLIK,MATCH($P59,FIYAT_KOD,0))="","",INDEX(FIYAT_GENISLIK,MATCH($P59,FIYAT_KOD,0)))<>"",$I59*IF(INDEX(FIYAT_GENISLIK,MATCH($P59,FIYAT_KOD,0))="","",INDEX(FIYAT_GENISLIK,MATCH($P59,FIYAT_KOD,0)))/MODUL_GENISLIK_MM,"")))) | V59: =IF(OR($C59<>"шина",$I59=""),"",$I59*INDEX(FIYAT_KGM,MATCH($P59,FIYAT_KOD,0))) | W59: =IF($H59="","",$H59) -> 4336 | X59: 16 | Y59: OTO:KABLO | Z59: =IF($P59="","",MAX(_xlfn.MAXIFS(DEVRE!$AM:$AM,DEVRE!$A:$A,$Q59,DEVRE!$C:$C,$P59),_xlfn.MAXIFS(DEVRE!$AM:$AM,DEVRE!$A:$A,$Q59,DEVRE!$H:$H,$P59))) -> 0 | AA59: =IF(OR($I59="",$Q59="",$P59=""),"",$I59*INDEX(PANO_ADET,MATCH($Q59,PANO_ID,0))) -> 4 | AB59: =IF($P59="",0,IF(AND($U59="",COUNTIF(ALAN_TIP_LIST,$C59)>0),1,0)) -> 0 | AC59: =IF(OR($P59="",$C59<>"kontaktör"),0,IF(IF(INDEX(FIYAT_BOBIN,MATCH($P59,FIYAT_KOD,0))="","",INDEX(FIYAT_BOBIN,MATCH($P59,FIYAT_KOD,0)))="",1,0)) -> 0
A60: =ROW()-1 -> 59 | B60: =$E60 -> ЗНИ 4мм ² (35А) серый IEK | C60: Klemens | D60: =IF($P60="","",IF(INDEX(FIYAT_ARTIKUL,MATCH($P60,FIYAT_KOD,0))="","",INDEX(FIYAT_ARTIKUL,MATCH($P60,FIYAT_KOD,0)))) -> 130300041 | E60: =IF($P60="","",INDEX(FIYAT_ACK,MATCH($P60,FIYAT_KOD,0))) -> ЗНИ 4мм ² (35А) серый IEK | F60: =IF($P60="","",IF(INDEX(FIYAT_LISTE,MATCH($P60,FIYAT_KOD,0))="","",INDEX(FIYAT_LISTE,MATCH($P60,FIYAT_KOD,0)))) -> 98 | G60: =IF($P60="","",IF(INDEX(FIYAT_NET,MATCH($P60,FIYAT_KOD,0))="","",INDEX(FIYAT_NET,MATCH($P60,FIYAT_KOD,0)))) -> 98 | H60: =IF(OR($G60="",$I60="",$M60="KONTROL",$M60="KAPSAM_DISI"),"",$G60*$I60) -> 2940 | I60: =IF(SUMIFS(DEVRE!$AA:$AA,DEVRE!$A:$A,$Q60,DEVRE!$AD:$AD,$X60)+IF($X60=SINYAL_KLEMENS_KESIT,SUMIFS(DEVRE!$I:$I,DEVRE!$A:$A,$Q60),0)=0,"",MAX(SUMIFS(DEVRE!$AA:$AA,DEVRE!$A:$A,$Q60,DEVRE!$AD:$AD,$X60)+IF($X60=SINYAL_KLEMENS_KESIT,SUMIFS(DEVRE!$I:$I,DEVRE!$A:$A,$Q60),0)+KLEMENS_MIN_YEDEK,ROUNDUP((SUMIFS(DEVRE!$AA:$AA,DEVRE!$A:$A,$Q60,DEVRE!$AD:$AD,$X60)+IF($X60=SINYAL_KLEMENS_KESIT,SUMIFS(DEVRE!$I:$I,DEVRE!$A:$A,$Q60),0))*KLEMENS_YEDEK,0))) -> 30 | J60: =IF($P60="","",INDEX(FIYAT_BIRIM,MATCH($P60,FIYAT_KOD,0))) -> шт | K60: =IF($P60="","",INDEX(FIYAT_MARKA,MATCH($P60,FIYAT_KOD,0))) -> EKT | L60: =IF($H60="","",$H60) -> 2940 | M60: =IF($P60="","",INDEX(DURUM_LIST,MATCH(MAX(INDEX(DURUM_SEV,MATCH(INDEX(FIYAT_DURUM,MATCH($P60,FIYAT_KOD,0)),DURUM_LIST,0)),IF($S60="",0,INDEX(DURUM_SEV,MATCH($S60,DURUM_LIST,0))),$Z60),DURUM_SEV,0))) -> FIYAT_ESKI | N60: L/N klemens 4 mm² · max(x+4, x×1.1) | O60: =IF($P60="","",INDEX(FIYAT_KAYNAK,MATCH($P60,FIYAT_KOD,0))) -> EKT2506 | P60: EKT-130300041 | Q60: =$Q59 -> P03 | R60: KLEMENS | S60: OTO | T60: =IF(OR($R60="",$I60=""),"",$I60*INDEX(NORM_DK,MATCH($R60,NORM_AD,0))) -> 120 | U60: =IF(OR($P60="",$I60=""),"",IF(IF(INDEX(FIYAT_ALAN,MATCH($P60,FIYAT_KOD,0))="","",INDEX(FIYAT_ALAN,MATCH($P60,FIYAT_KOD,0)))<>"",$I60*IF(INDEX(FIYAT_ALAN,MATCH($P60,FIYAT_KOD,0))="","",INDEX(FIYAT_ALAN,MATCH($P60,FIYAT_KOD,0))),IF(IF(INDEX(FIYAT_MODUL,MATCH($P60,FIYAT_KOD,0))="","",INDEX(FIYAT_MODUL,MATCH($P60,FIYAT_KOD,0)))<>"",$I60*IF(INDEX(FIYAT_MODUL,MATCH($P60,FIYAT_KOD,0))="","",INDEX(FIYAT_MODUL,MATCH($P60,FIYAT_KOD,0))),IF(IF(INDEX(FIYAT_GENISLIK,MATCH($P60,FIYAT_KOD,0))="","",INDEX(FIYAT_GENISLIK,MATCH($P60,FIYAT_KOD,0)))<>"",$I60*IF(INDEX(FIYAT_GENISLIK,MATCH($P60,FIYAT_KOD,0))="","",INDEX(FIYAT_GENISLIK,MATCH($P60,FIYAT_KOD,0)))/MODUL_GENISLIK_MM,"")))) -> 10.628571 | V60: =IF(OR($C60<>"шина",$I60=""),"",$I60*INDEX(FIYAT_KGM,MATCH($P60,FIYAT_KOD,0))) | W60: =IF($H60="","",$H60) -> 2940 | X60: 4 | Y60: OTO:KLEMENS | Z60: =IF($P60="","",MAX(_xlfn.MAXIFS(DEVRE!$AM:$AM,DEVRE!$A:$A,$Q60,DEVRE!$C:$C,$P60),_xlfn.MAXIFS(DEVRE!$AM:$AM,DEVRE!$A:$A,$Q60,DEVRE!$H:$H,$P60))) -> 0 | AA60: =IF(OR($I60="",$Q60="",$P60=""),"",$I60*INDEX(PANO_ADET,MATCH($Q60,PANO_ID,0))) -> 30 | AB60: =IF($P60="",0,IF(AND($U60="",COUNTIF(ALAN_TIP_LIST,$C60)>0),1,0)) -> 0 | AC60: =IF(OR($P60="",$C60<>"kontaktör"),0,IF(IF(INDEX(FIYAT_BOBIN,MATCH($P60,FIYAT_KOD,0))="","",INDEX(FIYAT_BOBIN,MATCH($P60,FIYAT_KOD,0)))="",1,0)) -> 0
A61: =ROW()-1 -> 60 | B61: =$E61 -> Зажим наборный ЗНИ - 4PEN 4мм2 (JXB-земля) IEK | C61: Klemens | D61: =IF($P61="","",IF(INDEX(FIYAT_ARTIKUL,MATCH($P61,FIYAT_KOD,0))="","",INDEX(FIYAT_ARTIKUL,MATCH($P61,FIYAT_KOD,0)))) -> 5130300225 | E61: =IF($P61="","",INDEX(FIYAT_ACK,MATCH($P61,FIYAT_KOD,0))) -> Зажим наборный ЗНИ - 4PEN 4мм2 (JXB-земля) IEK | F61: =IF($P61="","",IF(INDEX(FIYAT_LISTE,MATCH($P61,FIYAT_KOD,0))="","",INDEX(FIYAT_LISTE,MATCH($P61,FIYAT_KOD,0)))) -> 283 | G61: =IF($P61="","",IF(INDEX(FIYAT_NET,MATCH($P61,FIYAT_KOD,0))="","",INDEX(FIYAT_NET,MATCH($P61,FIYAT_KOD,0)))) -> 283 | H61: =IF(OR($G61="",$I61="",$M61="KONTROL",$M61="KAPSAM_DISI"),"",$G61*$I61) -> 4245 | I61: =IF(SUMIFS(DEVRE!$AB:$AB,DEVRE!$A:$A,$Q61,DEVRE!$AD:$AD,$X61)=0,"",ROUNDUP(SUMIFS(DEVRE!$AB:$AB,DEVRE!$A:$A,$Q61,DEVRE!$AD:$AD,$X61)*KLEMENS_YEDEK,0)) -> 15 | J61: =IF($P61="","",INDEX(FIYAT_BIRIM,MATCH($P61,FIYAT_KOD,0))) -> шт | K61: =IF($P61="","",INDEX(FIYAT_MARKA,MATCH($P61,FIYAT_KOD,0))) -> EKT | L61: =IF($H61="","",$H61) -> 4245 | M61: =IF($P61="","",INDEX(DURUM_LIST,MATCH(MAX(INDEX(DURUM_SEV,MATCH(INDEX(FIYAT_DURUM,MATCH($P61,FIYAT_KOD,0)),DURUM_LIST,0)),IF($S61="",0,INDEX(DURUM_SEV,MATCH($S61,DURUM_LIST,0))),$Z61),DURUM_SEV,0))) -> FIYAT_ESKI | N61: PE klemens 4 mm² | O61: =IF($P61="","",INDEX(FIYAT_KAYNAK,MATCH($P61,FIYAT_KOD,0))) -> EKT2506 | P61: EKT-5130300225 | Q61: =$Q60 -> P03 | R61: KLEMENS | S61: OTO | T61: =IF(OR($R61="",$I61=""),"",$I61*INDEX(NORM_DK,MATCH($R61,NORM_AD,0))) -> 60 | U61: =IF(OR($P61="",$I61=""),"",IF(IF(INDEX(FIYAT_ALAN,MATCH($P61,FIYAT_KOD,0))="","",INDEX(FIYAT_ALAN,MATCH($P61,FIYAT_KOD,0)))<>"",$I61*IF(INDEX(FIYAT_ALAN,MATCH($P61,FIYAT_KOD,0))="","",INDEX(FIYAT_ALAN,MATCH($P61,FIYAT_KOD,0))),IF(IF(INDEX(FIYAT_MODUL,MATCH($P61,FIYAT_KOD,0))="","",INDEX(FIYAT_MODUL,MATCH($P61,FIYAT_KOD,0)))<>"",$I61*IF(INDEX(FIYAT_MODUL,MATCH($P61,FIYAT_KOD,0))="","",INDEX(FIYAT_MODUL,MATCH($P61,FIYAT_KOD,0))),IF(IF(INDEX(FIYAT_GENISLIK,MATCH($P61,FIYAT_KOD,0))="","",INDEX(FIYAT_GENISLIK,MATCH($P61,FIYAT_KOD,0)))<>"",$I61*IF(INDEX(FIYAT_GENISLIK,MATCH($P61,FIYAT_KOD,0))="","",INDEX(FIYAT_GENISLIK,MATCH($P61,FIYAT_KOD,0)))/MODUL_GENISLIK_MM,"")))) -> 5.3142857 | V61: =IF(OR($C61<>"шина",$I61=""),"",$I61*INDEX(FIYAT_KGM,MATCH($P61,FIYAT_KOD,0))) | W61: =IF($H61="","",$H61) -> 4245 | X61: 4 | Y61: OTO:KLEMENS | Z61: =IF($P61="","",MAX(_xlfn.MAXIFS(DEVRE!$AM:$AM,DEVRE!$A:$A,$Q61,DEVRE!$C:$C,$P61),_xlfn.MAXIFS(DEVRE!$AM:$AM,DEVRE!$A:$A,$Q61,DEVRE!$H:$H,$P61))) -> 0 | AA61: =IF(OR($I61="",$Q61="",$P61=""),"",$I61*INDEX(PANO_ADET,MATCH($Q61,PANO_ID,0))) -> 15 | AB61: =IF($P61="",0,IF(AND($U61="",COUNTIF(ALAN_TIP_LIST,$C61)>0),1,0)) -> 0 | AC61: =IF(OR($P61="",$C61<>"kontaktör"),0,IF(IF(INDEX(FIYAT_BOBIN,MATCH($P61,FIYAT_KOD,0))="","",INDEX(FIYAT_BOBIN,MATCH($P61,FIYAT_KOD,0)))="",1,0)) -> 0
A62: =ROW()-1 -> 61 | B62: =$E62 -> Монтажный материал | C62: монтажный материал | D62: =IF($P62="","",IF(INDEX(FIYAT_ARTIKUL,MATCH($P62,FIYAT_KOD,0))="","",INDEX(FIYAT_ARTIKUL,MATCH($P62,FIYAT_KOD,0)))) -> MONTAJ-MALZ | E62: =IF($P62="","",INDEX(FIYAT_ACK,MATCH($P62,FIYAT_KOD,0))) -> Монтажный материал | F62: =IF($P62="","",IF(INDEX(FIYAT_LISTE,MATCH($P62,FIYAT_KOD,0))="","",INDEX(FIYAT_LISTE,MATCH($P62,FIYAT_KOD,0)))) -> 1 | G62: =IF($P62="","",IF(INDEX(FIYAT_NET,MATCH($P62,FIYAT_KOD,0))="","",INDEX(FIYAT_NET,MATCH($P62,FIYAT_KOD,0)))) -> 1 | H62: =IF(OR($G62="",$I62="",$M62="KONTROL",$M62="KAPSAM_DISI"),"",$G62*$I62) | I62: =IF(MONTAJ_MALZ_ORANI="","",ROUND(SUMIFS($W:$W,$Q:$Q,$Q62)*MONTAJ_MALZ_ORANI,0)) | J62: =IF($P62="","",INDEX(FIYAT_BIRIM,MATCH($P62,FIYAT_KOD,0))) -> тг | K62: =IF($P62="","",INDEX(FIYAT_MARKA,MATCH($P62,FIYAT_KOD,0))) -> HESAP | L62: =IF($H62="","",$H62) | M62: =IF($P62="","",INDEX(DURUM_LIST,MATCH(MAX(INDEX(DURUM_SEV,MATCH(INDEX(FIYAT_DURUM,MATCH($P62,FIYAT_KOD,0)),DURUM_LIST,0)),IF($S62="",0,INDEX(DURUM_SEV,MATCH($S62,DURUM_LIST,0))),$Z62),DURUM_SEV,0))) -> OK | N62: MONTAJ_MALZ_ORANI × malzeme tabanı · oran boş | O62: =IF($P62="","",INDEX(FIYAT_KAYNAK,MATCH($P62,FIYAT_KOD,0))) -> HESAP | P62: MONTAJ-MALZ | Q62: =$Q61 -> P03 | V62: =IF(OR($C62<>"шина",$I62=""),"",$I62*INDEX(FIYAT_KGM,MATCH($P62,FIYAT_KOD,0))) | Y62: HESAP | Z62: =IF($P62="","",MAX(_xlfn.MAXIFS(DEVRE!$AM:$AM,DEVRE!$A:$A,$Q62,DEVRE!$C:$C,$P62),_xlfn.MAXIFS(DEVRE!$AM:$AM,DEVRE!$A:$A,$Q62,DEVRE!$H:$H,$P62))) -> 0 | AA62: =IF(OR($I62="",$Q62="",$P62=""),"",$I62*INDEX(PANO_ADET,MATCH($Q62,PANO_ID,0))) | AB62: =IF($P62="",0,IF(AND($U62="",COUNTIF(ALAN_TIP_LIST,$C62)>0),1,0)) -> 0 | AC62: =IF(OR($P62="",$C62<>"kontaktör"),0,IF(IF(INDEX(FIYAT_BOBIN,MATCH($P62,FIYAT_KOD,0))="","",INDEX(FIYAT_BOBIN,MATCH($P62,FIYAT_KOD,0)))="",1,0)) -> 0
A63: =ROW()-1 -> 62 | B63: =$E63 -> Монтажная работа | C63: монтажная работа | D63: =IF($P63="","",IF(INDEX(FIYAT_ARTIKUL,MATCH($P63,FIYAT_KOD,0))="","",INDEX(FIYAT_ARTIKUL,MATCH($P63,FIYAT_KOD,0)))) -> ISCILIK-MONTAJ | E63: =IF($P63="","",INDEX(FIYAT_ACK,MATCH($P63,FIYAT_KOD,0))) -> Монтажная работа | F63: =IF($I63="","",ROUND($I63/DK_SAAT,2)) -> 5.47 | G63: =IF($P63="","",IF(INDEX(FIYAT_NET,MATCH($P63,FIYAT_KOD,0))="","",INDEX(FIYAT_NET,MATCH($P63,FIYAT_KOD,0)))) -> 100 | H63: =IF(OR($G63="",$I63="",$M63="KONTROL",$M63="KAPSAM_DISI"),"",$G63*$I63) -> 32800 | I63: =ROUND((SUMIFS($T:$T,$Q:$Q,$Q63)+INDEX(NORM_DK,MATCH("PABUC_YUKSUK",NORM_AD,0))*(SUMIFS(DEVRE!$AI:$AI,DEVRE!$A:$A,$Q63)+SUMIFS(DEVRE!$AJ:$AJ,DEVRE!$A:$A,$Q63)))*ISCILIK_CARPANI+INDEX(NORM_DK,MATCH("SABIT_AMBALAJ",NORM_AD,0)),0) -> 328 | J63: =IF($P63="","",INDEX(FIYAT_BIRIM,MATCH($P63,FIYAT_KOD,0))) -> мин | K63: =IF($P63="","",INDEX(FIYAT_MARKA,MATCH($P63,FIYAT_KOD,0))) -> HESAP | L63: =IF($H63="","",$H63) -> 32800 | M63: =IF($P63="","",INDEX(DURUM_LIST,MATCH(MAX(INDEX(DURUM_SEV,MATCH(INDEX(FIYAT_DURUM,MATCH($P63,FIYAT_KOD,0)),DURUM_LIST,0)),IF($S63="",0,INDEX(DURUM_SEV,MATCH($S63,DURUM_LIST,0))),$Z63),DURUM_SEV,0))) -> OK | N63: Σ norm dk × ISCILIK_CARPANI (F = saat) | O63: =IF($P63="","",INDEX(FIYAT_KAYNAK,MATCH($P63,FIYAT_KOD,0))) -> HESAP | P63: ISCILIK-MONTAJ | Q63: =$Q62 -> P03 | V63: =IF(OR($C63<>"шина",$I63=""),"",$I63*INDEX(FIYAT_KGM,MATCH($P63,FIYAT_KOD,0))) | Y63: HESAP | Z63: =IF($P63="","",MAX(_xlfn.MAXIFS(DEVRE!$AM:$AM,DEVRE!$A:$A,$Q63,DEVRE!$C:$C,$P63),_xlfn.MAXIFS(DEVRE!$AM:$AM,DEVRE!$A:$A,$Q63,DEVRE!$H:$H,$P63))) -> 0 | AA63: =IF(OR($I63="",$Q63="",$P63=""),"",$I63*INDEX(PANO_ADET,MATCH($Q63,PANO_ID,0))) -> 328 | AB63: =IF($P63="",0,IF(AND($U63="",COUNTIF(ALAN_TIP_LIST,$C63)>0),1,0)) -> 0 | AC63: =IF(OR($P63="",$C63<>"kontaktör"),0,IF(IF(INDEX(FIYAT_BOBIN,MATCH($P63,FIYAT_KOD,0))="","",INDEX(FIYAT_BOBIN,MATCH($P63,FIYAT_KOD,0)))="",1,0)) -> 0
A64: =ROW()-1 -> 63 | B64: ="Toplam "&$E49 -> Toplam Щит силовой ЩС-1 | H64: =SUBTOTAL(9,H50:H63) -> 117979.4 | L64: =SUBTOTAL(9,L50:L63) -> 117979.4
A65: =ROW()-1 -> 64 | B65: =$E65 -> Щит силовой ЩС-2 | E65: =INDEX(PANO_TAMAD,MATCH($Q65,PANO_ID,0)) -> Щит силовой ЩС-2 | I65: 1 | J65: компл. | Q65: P04
A66: =ROW()-1 -> 65 | B66: =$E66 -> Met. Щит Щит ЩРв инд (1150х500х180mm) S/A IP31 | C66: korpus | D66: =IF($P66="","",IF(INDEX(FIYAT_ARTIKUL,MATCH($P66,FIYAT_KOD,0))="","",INDEX(FIYAT_ARTIKUL,MATCH($P66,FIYAT_KOD,0)))) -> 713-15052 | E66: =IF($P66="","",INDEX(FIYAT_ACK,MATCH($P66,FIYAT_KOD,0))) -> Met. Щит Щит ЩРв инд (1150х500х180mm) S/A IP31 | F66: =IF($P66="","",IF(INDEX(FIYAT_LISTE,MATCH($P66,FIYAT_KOD,0))="","",INDEX(FIYAT_LISTE,MATCH($P66,FIYAT_KOD,0)))) -> 27290 | G66: =IF($P66="","",IF(INDEX(FIYAT_NET,MATCH($P66,FIYAT_KOD,0))="","",INDEX(FIYAT_NET,MATCH($P66,FIYAT_KOD,0)))) -> 16374 | H66: =IF(OR($G66="",$I66="",$M66="KONTROL",$M66="KAPSAM_DISI"),"",$G66*$I66) -> 16374 | I66: 1 | J66: =IF($P66="","",INDEX(FIYAT_BIRIM,MATCH($P66,FIYAT_KOD,0))) -> шт | K66: =IF($P66="","",INDEX(FIYAT_MARKA,MATCH($P66,FIYAT_KOD,0))) -> KAZTEK | L66: =IF($H66="","",$H66) -> 16374 | M66: =IF($P66="","",INDEX(DURUM_LIST,MATCH(MAX(INDEX(DURUM_SEV,MATCH(INDEX(FIYAT_DURUM,MATCH($P66,FIYAT_KOD,0)),DURUM_LIST,0)),IF($S66="",0,INDEX(DURUM_SEV,MATCH($S66,DURUM_LIST,0))),$Z66),DURUM_SEV,0))) -> VARSAYIM | N66: şema ЩРв-36з modül yetersiz → KAZTEK ЩРв 1150х500х180 IP31 | O66: =IF($P66="","",INDEX(FIYAT_KAYNAK,MATCH($P66,FIYAT_KOD,0))) -> KAZTEK2607 | P66: =INDEX(PANO_KORPUS,MATCH($Q66,PANO_ID,0)) -> KAZTEK-713-15052 | Q66: =$Q65 -> P04 | R66: KORPUS_ORTA | S66: VARSAYIM | T66: =IF(OR($R66="",$I66=""),"",$I66*INDEX(NORM_DK,MATCH($R66,NORM_AD,0))) -> 30 | U66: =IF(OR($P66="",$I66=""),"",IF(IF(INDEX(FIYAT_ALAN,MATCH($P66,FIYAT_KOD,0))="","",INDEX(FIYAT_ALAN,MATCH($P66,FIYAT_KOD,0)))<>"",$I66*IF(INDEX(FIYAT_ALAN,MATCH($P66,FIYAT_KOD,0))="","",INDEX(FIYAT_ALAN,MATCH($P66,FIYAT_KOD,0))),IF(IF(INDEX(FIYAT_MODUL,MATCH($P66,FIYAT_KOD,0))="","",INDEX(FIYAT_MODUL,MATCH($P66,FIYAT_KOD,0)))<>"",$I66*IF(INDEX(FIYAT_MODUL,MATCH($P66,FIYAT_KOD,0))="","",INDEX(FIYAT_MODUL,MATCH($P66,FIYAT_KOD,0))),IF(IF(INDEX(FIYAT_GENISLIK,MATCH($P66,FIYAT_KOD,0))="","",INDEX(FIYAT_GENISLIK,MATCH($P66,FIYAT_KOD,0)))<>"",$I66*IF(INDEX(FIYAT_GENISLIK,MATCH($P66,FIYAT_KOD,0))="","",INDEX(FIYAT_GENISLIK,MATCH($P66,FIYAT_KOD,0)))/MODUL_GENISLIK_MM,"")))) | V66: =IF(OR($C66<>"шина",$I66=""),"",$I66*INDEX(FIYAT_KGM,MATCH($P66,FIYAT_KOD,0))) | W66: =IF($H66="","",$H66) -> 16374 | Y66: KORPUS | Z66: =IF($P66="","",MAX(_xlfn.MAXIFS(DEVRE!$AM:$AM,DEVRE!$A:$A,$Q66,DEVRE!$C:$C,$P66),_xlfn.MAXIFS(DEVRE!$AM:$AM,DEVRE!$A:$A,$Q66,DEVRE!$H:$H,$P66))) -> 0 | AA66: =IF(OR($I66="",$Q66="",$P66=""),"",$I66*INDEX(PANO_ADET,MATCH($Q66,PANO_ID,0))) -> 1 | AB66: =IF($P66="",0,IF(AND($U66="",COUNTIF(ALAN_TIP_LIST,$C66)>0),1,0)) -> 0 | AC66: =IF(OR($P66="",$C66<>"kontaktör"),0,IF(IF(INDEX(FIYAT_BOBIN,MATCH($P66,FIYAT_KOD,0))="","",INDEX(FIYAT_BOBIN,MATCH($P66,FIYAT_KOD,0)))="",1,0)) -> 0
A67: =ROW()-1 -> 66 | B67: =$E67 -> Выключатель нагрузки NXHB-125 3P 63A | C67: rubilnik | D67: =IF($P67="","",IF(INDEX(FIYAT_ARTIKUL,MATCH($P67,FIYAT_KOD,0))="","",INDEX(FIYAT_ARTIKUL,MATCH($P67,FIYAT_KOD,0)))) -> 193183 | E67: =IF($P67="","",INDEX(FIYAT_ACK,MATCH($P67,FIYAT_KOD,0))) -> Выключатель нагрузки NXHB-125 3P 63A | F67: =IF($P67="","",IF(INDEX(FIYAT_LISTE,MATCH($P67,FIYAT_KOD,0))="","",INDEX(FIYAT_LISTE,MATCH($P67,FIYAT_KOD,0)))) -> 4217 | G67: =IF($P67="","",IF(INDEX(FIYAT_NET,MATCH($P67,FIYAT_KOD,0))="","",INDEX(FIYAT_NET,MATCH($P67,FIYAT_KOD,0)))) -> 2530.2 | H67: =IF(OR($G67="",$I67="",$M67="KONTROL",$M67="KAPSAM_DISI"),"",$G67*$I67) -> 2530.2 | I67: =SUMIFS(DEVRE!$T:$T,DEVRE!$A:$A,$Q67,DEVRE!$C:$C,$P67)+SUMIFS(DEVRE!$U:$U,DEVRE!$A:$A,$Q67,DEVRE!$H:$H,$P67) -> 1 | J67: =IF($P67="","",INDEX(FIYAT_BIRIM,MATCH($P67,FIYAT_KOD,0))) -> шт | K67: =IF($P67="","",INDEX(FIYAT_MARKA,MATCH($P67,FIYAT_KOD,0))) -> CHINT | L67: =IF($H67="","",$H67) -> 2530.2 | M67: =IF($P67="","",INDEX(DURUM_LIST,MATCH(MAX(INDEX(DURUM_SEV,MATCH(INDEX(FIYAT_DURUM,MATCH($P67,FIYAT_KOD,0)),DURUM_LIST,0)),IF($S67="",0,INDEX(DURUM_SEV,MATCH($S67,DURUM_LIST,0))),$Z67),DURUM_SEV,0))) -> OK | N67: DEVRE: QS · şema 1 | O67: =IF($P67="","",INDEX(FIYAT_KAYNAK,MATCH($P67,FIYAT_KOD,0))) -> CHINT2608 | P67: CHINT-193183 | Q67: =$Q66 -> P04 | R67: MODULER_SALTER | T67: =IF(OR($R67="",$I67=""),"",$I67*INDEX(NORM_DK,MATCH($R67,NORM_AD,0))) -> 45 | U67: =IF(OR($P67="",$I67=""),"",IF(IF(INDEX(FIYAT_ALAN,MATCH($P67,FIYAT_KOD,0))="","",INDEX(FIYAT_ALAN,MATCH($P67,FIYAT_KOD,0)))<>"",$I67*IF(INDEX(FIYAT_ALAN,MATCH($P67,FIYAT_KOD,0))="","",INDEX(FIYAT_ALAN,MATCH($P67,FIYAT_KOD,0))),IF(IF(INDEX(FIYAT_MODUL,MATCH($P67,FIYAT_KOD,0))="","",INDEX(FIYAT_MODUL,MATCH($P67,FIYAT_KOD,0)))<>"",$I67*IF(INDEX(FIYAT_MODUL,MATCH($P67,FIYAT_KOD,0))="","",INDEX(FIYAT_MODUL,MATCH($P67,FIYAT_KOD,0))),IF(IF(INDEX(FIYAT_GENISLIK,MATCH($P67,FIYAT_KOD,0))="","",INDEX(FIYAT_GENISLIK,MATCH($P67,FIYAT_KOD,0)))<>"",$I67*IF(INDEX(FIYAT_GENISLIK,MATCH($P67,FIYAT_KOD,0))="","",INDEX(FIYAT_GENISLIK,MATCH($P67,FIYAT_KOD,0)))/MODUL_GENISLIK_MM,"")))) -> 3 | V67: =IF(OR($C67<>"шина",$I67=""),"",$I67*INDEX(FIYAT_KGM,MATCH($P67,FIYAT_KOD,0))) | W67: =IF($H67="","",$H67) -> 2530.2 | Y67: DEVRE | Z67: =IF($P67="","",MAX(_xlfn.MAXIFS(DEVRE!$AM:$AM,DEVRE!$A:$A,$Q67,DEVRE!$C:$C,$P67),_xlfn.MAXIFS(DEVRE!$AM:$AM,DEVRE!$A:$A,$Q67,DEVRE!$H:$H,$P67))) -> 0 | AA67: =IF(OR($I67="",$Q67="",$P67=""),"",$I67*INDEX(PANO_ADET,MATCH($Q67,PANO_ID,0))) -> 1 | AB67: =IF($P67="",0,IF(AND($U67="",COUNTIF(ALAN_TIP_LIST,$C67)>0),1,0)) -> 0 | AC67: =IF(OR($P67="",$C67<>"kontaktör"),0,IF(IF(INDEX(FIYAT_BOBIN,MATCH($P67,FIYAT_KOD,0))="","",INDEX(FIYAT_BOBIN,MATCH($P67,FIYAT_KOD,0)))="",1,0)) -> 0
A68: =ROW()-1 -> 67 | B68: =$E68 -> Авт. выкл. NXB-63 3P 10A 6кА х-ка C | C68: OTO | D68: =IF($P68="","",IF(INDEX(FIYAT_ARTIKUL,MATCH($P68,FIYAT_KOD,0))="","",INDEX(FIYAT_ARTIKUL,MATCH($P68,FIYAT_KOD,0)))) -> 814169 | E68: =IF($P68="","",INDEX(FIYAT_ACK,MATCH($P68,FIYAT_KOD,0))) -> Авт. выкл. NXB-63 3P 10A 6кА х-ка C | F68: =IF($P68="","",IF(INDEX(FIYAT_LISTE,MATCH($P68,FIYAT_KOD,0))="","",INDEX(FIYAT_LISTE,MATCH($P68,FIYAT_KOD,0)))) -> 5878 | G68: =IF($P68="","",IF(INDEX(FIYAT_NET,MATCH($P68,FIYAT_KOD,0))="","",INDEX(FIYAT_NET,MATCH($P68,FIYAT_KOD,0)))) -> 3526.8 | H68: =IF(OR($G68="",$I68="",$M68="KONTROL",$M68="KAPSAM_DISI"),"",$G68*$I68) -> 3526.8 | I68: =SUMIFS(DEVRE!$T:$T,DEVRE!$A:$A,$Q68,DEVRE!$C:$C,$P68)+SUMIFS(DEVRE!$U:$U,DEVRE!$A:$A,$Q68,DEVRE!$H:$H,$P68) -> 1 | J68: =IF($P68="","",INDEX(FIYAT_BIRIM,MATCH($P68,FIYAT_KOD,0))) -> шт | K68: =IF($P68="","",INDEX(FIYAT_MARKA,MATCH($P68,FIYAT_KOD,0))) -> CHINT | L68: =IF($H68="","",$H68) -> 3526.8 | M68: =IF($P68="","",INDEX(DURUM_LIST,MATCH(MAX(INDEX(DURUM_SEV,MATCH(INDEX(FIYAT_DURUM,MATCH($P68,FIYAT_KOD,0)),DURUM_LIST,0)),IF($S68="",0,INDEX(DURUM_SEV,MATCH($S68,DURUM_LIST,0))),$Z68),DURUM_SEV,0))) -> VARSAYIM | N68: DEVRE: НДА1 · şema 1 | O68: =IF($P68="","",INDEX(FIYAT_KAYNAK,MATCH($P68,FIYAT_KOD,0))) -> CHINT2608 | P68: CHINT-814169 | Q68: =$Q67 -> P04 | R68: MCB_3P | T68: =IF(OR($R68="",$I68=""),"",$I68*INDEX(NORM_DK,MATCH($R68,NORM_AD,0))) -> 8 | U68: =IF(OR($P68="",$I68=""),"",IF(IF(INDEX(FIYAT_ALAN,MATCH($P68,FIYAT_KOD,0))="","",INDEX(FIYAT_ALAN,MATCH($P68,FIYAT_KOD,0)))<>"",$I68*IF(INDEX(FIYAT_ALAN,MATCH($P68,FIYAT_KOD,0))="","",INDEX(FIYAT_ALAN,MATCH($P68,FIYAT_KOD,0))),IF(IF(INDEX(FIYAT_MODUL,MATCH($P68,FIYAT_KOD,0))="","",INDEX(FIYAT_MODUL,MATCH($P68,FIYAT_KOD,0)))<>"",$I68*IF(INDEX(FIYAT_MODUL,MATCH($P68,FIYAT_KOD,0))="","",INDEX(FIYAT_MODUL,MATCH($P68,FIYAT_KOD,0))),IF(IF(INDEX(FIYAT_GENISLIK,MATCH($P68,FIYAT_KOD,0))="","",INDEX(FIYAT_GENISLIK,MATCH($P68,FIYAT_KOD,0)))<>"",$I68*IF(INDEX(FIYAT_GENISLIK,MATCH($P68,FIYAT_KOD,0))="","",INDEX(FIYAT_GENISLIK,MATCH($P68,FIYAT_KOD,0)))/MODUL_GENISLIK_MM,"")))) -> 3 | V68: =IF(OR($C68<>"шина",$I68=""),"",$I68*INDEX(FIYAT_KGM,MATCH($P68,FIYAT_KOD,0))) | W68: =IF($H68="","",$H68) -> 3526.8 | Y68: DEVRE | Z68: =IF($P68="","",MAX(_xlfn.MAXIFS(DEVRE!$AM:$AM,DEVRE!$A:$A,$Q68,DEVRE!$C:$C,$P68),_xlfn.MAXIFS(DEVRE!$AM:$AM,DEVRE!$A:$A,$Q68,DEVRE!$H:$H,$P68))) -> 3 | AA68: =IF(OR($I68="",$Q68="",$P68=""),"",$I68*INDEX(PANO_ADET,MATCH($Q68,PANO_ID,0))) -> 1 | AB68: =IF($P68="",0,IF(AND($U68="",COUNTIF(ALAN_TIP_LIST,$C68)>0),1,0)) -> 0 | AC68: =IF(OR($P68="",$C68<>"kontaktör"),0,IF(IF(INDEX(FIYAT_BOBIN,MATCH($P68,FIYAT_KOD,0))="","",INDEX(FIYAT_BOBIN,MATCH($P68,FIYAT_KOD,0)))="",1,0)) -> 0
A69: =ROW()-1 -> 68 | B69: =$E69 -> Диф. авт. выкл. NXBLE-63 2P C16 30mA тип AC 6kA | C69: DİF | D69: =IF($P69="","",IF(INDEX(FIYAT_ARTIKUL,MATCH($P69,FIYAT_KOD,0))="","",INDEX(FIYAT_ARTIKUL,MATCH($P69,FIYAT_KOD,0)))) -> 819977 | E69: =IF($P69="","",INDEX(FIYAT_ACK,MATCH($P69,FIYAT_KOD,0))) -> Диф. авт. выкл. NXBLE-63 2P C16 30mA тип AC 6kA | F69: =IF($P69="","",IF(INDEX(FIYAT_LISTE,MATCH($P69,FIYAT_KOD,0))="","",INDEX(FIYAT_LISTE,MATCH($P69,FIYAT_KOD,0)))) -> 5934 | G69: =IF($P69="","",IF(INDEX(FIYAT_NET,MATCH($P69,FIYAT_KOD,0))="","",INDEX(FIYAT_NET,MATCH($P69,FIYAT_KOD,0)))) -> 3560.4 | H69: =IF(OR($G69="",$I69="",$M69="KONTROL",$M69="KAPSAM_DISI"),"",$G69*$I69) -> 64087.2 | I69: =SUMIFS(DEVRE!$T:$T,DEVRE!$A:$A,$Q69,DEVRE!$C:$C,$P69)+SUMIFS(DEVRE!$U:$U,DEVRE!$A:$A,$Q69,DEVRE!$H:$H,$P69) -> 18 | J69: =IF($P69="","",INDEX(FIYAT_BIRIM,MATCH($P69,FIYAT_KOD,0))) -> шт | K69: =IF($P69="","",INDEX(FIYAT_MARKA,MATCH($P69,FIYAT_KOD,0))) -> CHINT | L69: =IF($H69="","",$H69) -> 64087.2 | M69: =IF($P69="","",INDEX(DURUM_LIST,MATCH(MAX(INDEX(DURUM_SEV,MATCH(INDEX(FIYAT_DURUM,MATCH($P69,FIYAT_KOD,0)),DURUM_LIST,0)),IF($S69="",0,INDEX(DURUM_SEV,MATCH($S69,DURUM_LIST,0))),$Z69),DURUM_SEV,0))) -> OK | N69: DEVRE: НА1, НА2, НА3, НА4, НА5, НА6 … · şema 18 | O69: =IF($P69="","",INDEX(FIYAT_KAYNAK,MATCH($P69,FIYAT_KOD,0))) -> CHINT2608 | P69: CHINT-819977 | Q69: =$Q68 -> P04 | R69: DIF_1PN | T69: =IF(OR($R69="",$I69=""),"",$I69*INDEX(NORM_DK,MATCH($R69,NORM_AD,0))) -> 0 | U69: =IF(OR($P69="",$I69=""),"",IF(IF(INDEX(FIYAT_ALAN,MATCH($P69,FIYAT_KOD,0))="","",INDEX(FIYAT_ALAN,MATCH($P69,FIYAT_KOD,0)))<>"",$I69*IF(INDEX(FIYAT_ALAN,MATCH($P69,FIYAT_KOD,0))="","",INDEX(FIYAT_ALAN,MATCH($P69,FIYAT_KOD,0))),IF(IF(INDEX(FIYAT_MODUL,MATCH($P69,FIYAT_KOD,0))="","",INDEX(FIYAT_MODUL,MATCH($P69,FIYAT_KOD,0)))<>"",$I69*IF(INDEX(FIYAT_MODUL,MATCH($P69,FIYAT_KOD,0))="","",INDEX(FIYAT_MODUL,MATCH($P69,FIYAT_KOD,0))),IF(IF(INDEX(FIYAT_GENISLIK,MATCH($P69,FIYAT_KOD,0))="","",INDEX(FIYAT_GENISLIK,MATCH($P69,FIYAT_KOD,0)))<>"",$I69*IF(INDEX(FIYAT_GENISLIK,MATCH($P69,FIYAT_KOD,0))="","",INDEX(FIYAT_GENISLIK,MATCH($P69,FIYAT_KOD,0)))/MODUL_GENISLIK_MM,"")))) -> 36 | V69: =IF(OR($C69<>"шина",$I69=""),"",$I69*INDEX(FIYAT_KGM,MATCH($P69,FIYAT_KOD,0))) | W69: =IF($H69="","",$H69) -> 64087.2 | Y69: DEVRE | Z69: =IF($P69="","",MAX(_xlfn.MAXIFS(DEVRE!$AM:$AM,DEVRE!$A:$A,$Q69,DEVRE!$C:$C,$P69),_xlfn.MAXIFS(DEVRE!$AM:$AM,DEVRE!$A:$A,$Q69,DEVRE!$H:$H,$P69))) -> 0 | AA69: =IF(OR($I69="",$Q69="",$P69=""),"",$I69*INDEX(PANO_ADET,MATCH($Q69,PANO_ID,0))) -> 18 | AB69: =IF($P69="",0,IF(AND($U69="",COUNTIF(ALAN_TIP_LIST,$C69)>0),1,0)) -> 0 | AC69: =IF(OR($P69="",$C69<>"kontaktör"),0,IF(IF(INDEX(FIYAT_BOBIN,MATCH($P69,FIYAT_KOD,0))="","",INDEX(FIYAT_BOBIN,MATCH($P69,FIYAT_KOD,0)))="",1,0)) -> 0
A70: =ROW()-1 -> 69 | B70: =$E70 -> Шина соединительная типа PIN 2P, 63А, L=1000мм | C70: LOOBAR | D70: =IF($P70="","",IF(INDEX(FIYAT_ARTIKUL,MATCH($P70,FIYAT_KOD,0))="","",INDEX(FIYAT_ARTIKUL,MATCH($P70,FIYAT_KOD,0)))) -> 811001 | E70: =IF($P70="","",INDEX(FIYAT_ACK,MATCH($P70,FIYAT_KOD,0))) -> Шина соединительная типа PIN 2P, 63А, L=1000мм | F70: =IF($P70="","",IF(INDEX(FIYAT_LISTE,MATCH($P70,FIYAT_KOD,0))="","",INDEX(FIYAT_LISTE,MATCH($P70,FIYAT_KOD,0)))) -> 8819 | G70: =IF($P70="","",IF(INDEX(FIYAT_NET,MATCH($P70,FIYAT_KOD,0))="","",INDEX(FIYAT_NET,MATCH($P70,FIYAT_KOD,0)))) -> 5291.4 | H70: =IF(OR($G70="",$I70="",$M70="KONTROL",$M70="KAPSAM_DISI"),"",$G70*$I70) | I70: =IF(COUNTIFS(DEVRE!$A:$A,$Q70,DEVRE!$D:$D,"CIKIS",DEVRE!$AO:$AO,$X70,DEVRE!$Q:$Q,"<="&TARAK_MAX_A,DEVRE!$P:$P,"OTO")+COUNTIFS(DEVRE!$A:$A,$Q70,DEVRE!$D:$D,"CIKIS",DEVRE!$AO:$AO,$X70,DEVRE!$Q:$Q,"<="&TARAK_MAX_A,DEVRE!$P:$P,"DİF")<TARAK_MIN_CIHAZ,"",ROUNDUP((SUMIFS(DEVRE!$AH:$AH,DEVRE!$A:$A,$Q70,DEVRE!$D:$D,"CIKIS",DEVRE!$AO:$AO,$X70,DEVRE!$Q:$Q,"<="&TARAK_MAX_A,DEVRE!$P:$P,"OTO")+SUMIFS(DEVRE!$AH:$AH,DEVRE!$A:$A,$Q70,DEVRE!$D:$D,"CIKIS",DEVRE!$AO:$AO,$X70,DEVRE!$Q:$Q,"<="&TARAK_MAX_A,DEVRE!$P:$P,"DİF"))/TARAK_MOD_ADET,0)) -> 3 | J70: =IF($P70="","",INDEX(FIYAT_BIRIM,MATCH($P70,FIYAT_KOD,0))) -> шт | K70: =IF($P70="","",INDEX(FIYAT_MARKA,MATCH($P70,FIYAT_KOD,0))) -> CHINT | L70: =IF($H70="","",$H70) | M70: =IF($P70="","",INDEX(DURUM_LIST,MATCH(MAX(INDEX(DURUM_SEV,MATCH(INDEX(FIYAT_DURUM,MATCH($P70,FIYAT_KOD,0)),DURUM_LIST,0)),IF($S70="",0,INDEX(DURUM_SEV,MATCH($S70,DURUM_LIST,0))),$Z70),DURUM_SEV,0))) -> KONTROL | N70: CHINT tarak L=1000 mm (≈57 mod) · TARAK_MOD_ADET=12 → adet/birim uyuşmazlığı · 2P tarak tek faza bağlar | O70: =IF($P70="","",INDEX(FIYAT_KAYNAK,MATCH($P70,FIYAT_KOD,0))) -> CHINT2608 | P70: CHINT-811001 | Q70: =$Q69 -> P04 | R70: TARAK_BARA | S70: KONTROL | T70: =IF(OR($R70="",$I70=""),"",$I70*INDEX(NORM_DK,MATCH($R70,NORM_AD,0))) -> 30 | U70: =IF(OR($P70="",$I70=""),"",IF(IF(INDEX(FIYAT_ALAN,MATCH($P70,FIYAT_KOD,0))="","",INDEX(FIYAT_ALAN,MATCH($P70,FIYAT_KOD,0)))<>"",$I70*IF(INDEX(FIYAT_ALAN,MATCH($P70,FIYAT_KOD,0))="","",INDEX(FIYAT_ALAN,MATCH($P70,FIYAT_KOD,0))),IF(IF(INDEX(FIYAT_MODUL,MATCH($P70,FIYAT_KOD,0))="","",INDEX(FIYAT_MODUL,MATCH($P70,FIYAT_KOD,0)))<>"",$I70*IF(INDEX(FIYAT_MODUL,MATCH($P70,FIYAT_KOD,0))="","",INDEX(FIYAT_MODUL,MATCH($P70,FIYAT_KOD,0))),IF(IF(INDEX(FIYAT_GENISLIK,MATCH($P70,FIYAT_KOD,0))="","",INDEX(FIYAT_GENISLIK,MATCH($P70,FIYAT_KOD,0)))<>"",$I70*IF(INDEX(FIYAT_GENISLIK,MATCH($P70,FIYAT_KOD,0))="","",INDEX(FIYAT_GENISLIK,MATCH($P70,FIYAT_KOD,0)))/MODUL_GENISLIK_MM,"")))) | V70: =IF(OR($C70<>"шина",$I70=""),"",$I70*INDEX(FIYAT_KGM,MATCH($P70,FIYAT_KOD,0))) | W70: =IF($H70="","",$H70) | X70: 2P | Y70: OTO:TARAK | Z70: =IF($P70="","",MAX(_xlfn.MAXIFS(DEVRE!$AM:$AM,DEVRE!$A:$A,$Q70,DEVRE!$C:$C,$P70),_xlfn.MAXIFS(DEVRE!$AM:$AM,DEVRE!$A:$A,$Q70,DEVRE!$H:$H,$P70))) -> 0 | AA70: =IF(OR($I70="",$Q70="",$P70=""),"",$I70*INDEX(PANO_ADET,MATCH($Q70,PANO_ID,0))) -> 3 | AB70: =IF($P70="",0,IF(AND($U70="",COUNTIF(ALAN_TIP_LIST,$C70)>0),1,0)) -> 0 | AC70: =IF(OR($P70="",$C70<>"kontaktör"),0,IF(IF(INDEX(FIYAT_BOBIN,MATCH($P70,FIYAT_KOD,0))="","",INDEX(FIYAT_BOBIN,MATCH($P70,FIYAT_KOD,0)))="",1,0)) -> 0
A71: =ROW()-1 -> 70 | B71: =$E71 | C71: аксессуар | D71: =IF($P71="","",IF(INDEX(FIYAT_ARTIKUL,MATCH($P71,FIYAT_KOD,0))="","",INDEX(FIYAT_ARTIKUL,MATCH($P71,FIYAT_KOD,0)))) | E71: =IF($P71="","",INDEX(FIYAT_ACK,MATCH($P71,FIYAT_KOD,0))) | F71: =IF($P71="","",IF(INDEX(FIYAT_LISTE,MATCH($P71,FIYAT_KOD,0))="","",INDEX(FIYAT_LISTE,MATCH($P71,FIYAT_KOD,0)))) | G71: =IF($P71="","",IF(INDEX(FIYAT_NET,MATCH($P71,FIYAT_KOD,0))="","",INDEX(FIYAT_NET,MATCH($P71,FIYAT_KOD,0)))) | H71: =IF(OR($G71="",$I71="",$M71="KONTROL",$M71="KAPSAM_DISI"),"",$G71*$I71) | I71: =IF(INDEX(PANO_BARA_GEREK,MATCH($Q71,PANO_ID,0))="HAYIR",2,"") -> 2 | J71: =IF($P71="","",INDEX(FIYAT_BIRIM,MATCH($P71,FIYAT_KOD,0))) | K71: =IF($P71="","",INDEX(FIYAT_MARKA,MATCH($P71,FIYAT_KOD,0))) | L71: =IF($H71="","",$H71) | M71: =IF($P71="","",INDEX(DURUM_LIST,MATCH(MAX(INDEX(DURUM_SEV,MATCH(INDEX(FIYAT_DURUM,MATCH($P71,FIYAT_KOD,0)),DURUM_LIST,0)),IF($S71="",0,INDEX(DURUM_SEV,MATCH($S71,DURUM_LIST,0))),$Z71),DURUM_SEV,0))) | N71: N/PE barası · NOTR_BARA_KOD boş | O71: =IF($P71="","",INDEX(FIYAT_KAYNAK,MATCH($P71,FIYAT_KOD,0))) | P71: =IF(NOTR_BARA_KOD="","",NOTR_BARA_KOD) | Q71: =$Q70 -> P04 | S71: OTO | T71: =IF(OR($R71="",$I71=""),"",$I71*INDEX(NORM_DK,MATCH($R71,NORM_AD,0))) | U71: =IF(OR($P71="",$I71=""),"",IF(IF(INDEX(FIYAT_ALAN,MATCH($P71,FIYAT_KOD,0))="","",INDEX(FIYAT_ALAN,MATCH($P71,FIYAT_KOD,0)))<>"",$I71*IF(INDEX(FIYAT_ALAN,MATCH($P71,FIYAT_KOD,0))="","",INDEX(FIYAT_ALAN,MATCH($P71,FIYAT_KOD,0))),IF(IF(INDEX(FIYAT_MODUL,MATCH($P71,FIYAT_KOD,0))="","",INDEX(FIYAT_MODUL,MATCH($P71,FIYAT_KOD,0)))<>"",$I71*IF(INDEX(FIYAT_MODUL,MATCH($P71,FIYAT_KOD,0))="","",INDEX(FIYAT_MODUL,MATCH($P71,FIYAT_KOD,0))),IF(IF(INDEX(FIYAT_GENISLIK,MATCH($P71,FIYAT_KOD,0))="","",INDEX(FIYAT_GENISLIK,MATCH($P71,FIYAT_KOD,0)))<>"",$I71*IF(INDEX(FIYAT_GENISLIK,MATCH($P71,FIYAT_KOD,0))="","",INDEX(FIYAT_GENISLIK,MATCH($P71,FIYAT_KOD,0)))/MODUL_GENISLIK_MM,"")))) | V71: =IF(OR($C71<>"шина",$I71=""),"",$I71*INDEX(FIYAT_KGM,MATCH($P71,FIYAT_KOD,0))) | W71: =IF($H71="","",$H71) | Y71: OTO:NPE | Z71: =IF($P71="","",MAX(_xlfn.MAXIFS(DEVRE!$AM:$AM,DEVRE!$A:$A,$Q71,DEVRE!$C:$C,$P71),_xlfn.MAXIFS(DEVRE!$AM:$AM,DEVRE!$A:$A,$Q71,DEVRE!$H:$H,$P71))) | AA71: =IF(OR($I71="",$Q71="",$P71=""),"",$I71*INDEX(PANO_ADET,MATCH($Q71,PANO_ID,0))) | AB71: =IF($P71="",0,IF(AND($U71="",COUNTIF(ALAN_TIP_LIST,$C71)>0),1,0)) -> 0 | AC71: =IF(OR($P71="",$C71<>"kontaktör"),0,IF(IF(INDEX(FIYAT_BOBIN,MATCH($P71,FIYAT_KOD,0))="","",INDEX(FIYAT_BOBIN,MATCH($P71,FIYAT_KOD,0)))="",1,0)) -> 0
A72: =ROW()-1 -> 71 | B72: =$E72 | C72: DIN | D72: =IF($P72="","",IF(INDEX(FIYAT_ARTIKUL,MATCH($P72,FIYAT_KOD,0))="","",INDEX(FIYAT_ARTIKUL,MATCH($P72,FIYAT_KOD,0)))) | E72: =IF($P72="","",INDEX(FIYAT_ACK,MATCH($P72,FIYAT_KOD,0))) | F72: =IF($P72="","",IF(INDEX(FIYAT_LISTE,MATCH($P72,FIYAT_KOD,0))="","",INDEX(FIYAT_LISTE,MATCH($P72,FIYAT_KOD,0)))) | G72: =IF($P72="","",IF(INDEX(FIYAT_NET,MATCH($P72,FIYAT_KOD,0))="","",INDEX(FIYAT_NET,MATCH($P72,FIYAT_KOD,0)))) | H72: =IF(OR($G72="",$I72="",$M72="KONTROL",$M72="KAPSAM_DISI"),"",$G72*$I72) | I72: =INDEX(PANO_DIN_M,MATCH($Q72,PANO_ID,0)) | J72: =IF($P72="","",INDEX(FIYAT_BIRIM,MATCH($P72,FIYAT_KOD,0))) | K72: =IF($P72="","",INDEX(FIYAT_MARKA,MATCH($P72,FIYAT_KOD,0))) | L72: =IF($H72="","",$H72) | M72: =IF($P72="","",INDEX(DURUM_LIST,MATCH(MAX(INDEX(DURUM_SEV,MATCH(INDEX(FIYAT_DURUM,MATCH($P72,FIYAT_KOD,0)),DURUM_LIST,0)),IF($S72="",0,INDEX(DURUM_SEV,MATCH($S72,DURUM_LIST,0))),$Z72),DURUM_SEV,0))) | N72: DIN ray · DINRAY_KOD / SIRA_ARALIK_MM / KORPUS_IC_PAY_M boş | O72: =IF($P72="","",INDEX(FIYAT_KAYNAK,MATCH($P72,FIYAT_KOD,0))) | P72: =IF(DINRAY_KOD="","",DINRAY_KOD) | Q72: =$Q71 -> P04 | R72: DINRAY_M | S72: OTO | T72: =IF(OR($R72="",$I72=""),"",$I72*INDEX(NORM_DK,MATCH($R72,NORM_AD,0))) | U72: =IF(OR($P72="",$I72=""),"",IF(IF(INDEX(FIYAT_ALAN,MATCH($P72,FIYAT_KOD,0))="","",INDEX(FIYAT_ALAN,MATCH($P72,FIYAT_KOD,0)))<>"",$I72*IF(INDEX(FIYAT_ALAN,MATCH($P72,FIYAT_KOD,0))="","",INDEX(FIYAT_ALAN,MATCH($P72,FIYAT_KOD,0))),IF(IF(INDEX(FIYAT_MODUL,MATCH($P72,FIYAT_KOD,0))="","",INDEX(FIYAT_MODUL,MATCH($P72,FIYAT_KOD,0)))<>"",$I72*IF(INDEX(FIYAT_MODUL,MATCH($P72,FIYAT_KOD,0))="","",INDEX(FIYAT_MODUL,MATCH($P72,FIYAT_KOD,0))),IF(IF(INDEX(FIYAT_GENISLIK,MATCH($P72,FIYAT_KOD,0))="","",INDEX(FIYAT_GENISLIK,MATCH($P72,FIYAT_KOD,0)))<>"",$I72*IF(INDEX(FIYAT_GENISLIK,MATCH($P72,FIYAT_KOD,0))="","",INDEX(FIYAT_GENISLIK,MATCH($P72,FIYAT_KOD,0)))/MODUL_GENISLIK_MM,"")))) | V72: =IF(OR($C72<>"шина",$I72=""),"",$I72*INDEX(FIYAT_KGM,MATCH($P72,FIYAT_KOD,0))) | W72: =IF($H72="","",$H72) | Y72: OTO:DIN | Z72: =IF($P72="","",MAX(_xlfn.MAXIFS(DEVRE!$AM:$AM,DEVRE!$A:$A,$Q72,DEVRE!$C:$C,$P72),_xlfn.MAXIFS(DEVRE!$AM:$AM,DEVRE!$A:$A,$Q72,DEVRE!$H:$H,$P72))) | AA72: =IF(OR($I72="",$Q72="",$P72=""),"",$I72*INDEX(PANO_ADET,MATCH($Q72,PANO_ID,0))) | AB72: =IF($P72="",0,IF(AND($U72="",COUNTIF(ALAN_TIP_LIST,$C72)>0),1,0)) -> 0 | AC72: =IF(OR($P72="",$C72<>"kontaktör"),0,IF(IF(INDEX(FIYAT_BOBIN,MATCH($P72,FIYAT_KOD,0))="","",INDEX(FIYAT_BOBIN,MATCH($P72,FIYAT_KOD,0)))="",1,0)) -> 0
A73: =ROW()-1 -> 72 | B73: =$E73 | C73: кабель-канал | D73: =IF($P73="","",IF(INDEX(FIYAT_ARTIKUL,MATCH($P73,FIYAT_KOD,0))="","",INDEX(FIYAT_ARTIKUL,MATCH($P73,FIYAT_KOD,0)))) | E73: =IF($P73="","",INDEX(FIYAT_ACK,MATCH($P73,FIYAT_KOD,0))) | F73: =IF($P73="","",IF(INDEX(FIYAT_LISTE,MATCH($P73,FIYAT_KOD,0))="","",INDEX(FIYAT_LISTE,MATCH($P73,FIYAT_KOD,0)))) | G73: =IF($P73="","",IF(INDEX(FIYAT_NET,MATCH($P73,FIYAT_KOD,0))="","",INDEX(FIYAT_NET,MATCH($P73,FIYAT_KOD,0)))) | H73: =IF(OR($G73="",$I73="",$M73="KONTROL",$M73="KAPSAM_DISI"),"",$G73*$I73) | I73: =INDEX(PANO_KANAL_M,MATCH($Q73,PANO_ID,0)) | J73: =IF($P73="","",INDEX(FIYAT_BIRIM,MATCH($P73,FIYAT_KOD,0))) | K73: =IF($P73="","",INDEX(FIYAT_MARKA,MATCH($P73,FIYAT_KOD,0))) | L73: =IF($H73="","",$H73) | M73: =IF($P73="","",INDEX(DURUM_LIST,MATCH(MAX(INDEX(DURUM_SEV,MATCH(INDEX(FIYAT_DURUM,MATCH($P73,FIYAT_KOD,0)),DURUM_LIST,0)),IF($S73="",0,INDEX(DURUM_SEV,MATCH($S73,DURUM_LIST,0))),$Z73),DURUM_SEV,0))) | N73: perforeli lоток EKT 280300704 (kalıcı kural) · MÜHENDİS ONAYI GEREKLİ | O73: =IF($P73="","",INDEX(FIYAT_KAYNAK,MATCH($P73,FIYAT_KOD,0))) | P73: =INDEX(PANO_KANAL_KOD,MATCH($Q73,PANO_ID,0)) | Q73: =$Q72 -> P04 | R73: KANAL_M | S73: MUADIL_ONAY | T73: =IF(OR($R73="",$I73=""),"",$I73*INDEX(NORM_DK,MATCH($R73,NORM_AD,0))) | U73: =IF(OR($P73="",$I73=""),"",IF(IF(INDEX(FIYAT_ALAN,MATCH($P73,FIYAT_KOD,0))="","",INDEX(FIYAT_ALAN,MATCH($P73,FIYAT_KOD,0)))<>"",$I73*IF(INDEX(FIYAT_ALAN,MATCH($P73,FIYAT_KOD,0))="","",INDEX(FIYAT_ALAN,MATCH($P73,FIYAT_KOD,0))),IF(IF(INDEX(FIYAT_MODUL,MATCH($P73,FIYAT_KOD,0))="","",INDEX(FIYAT_MODUL,MATCH($P73,FIYAT_KOD,0)))<>"",$I73*IF(INDEX(FIYAT_MODUL,MATCH($P73,FIYAT_KOD,0))="","",INDEX(FIYAT_MODUL,MATCH($P73,FIYAT_KOD,0))),IF(IF(INDEX(FIYAT_GENISLIK,MATCH($P73,FIYAT_KOD,0))="","",INDEX(FIYAT_GENISLIK,MATCH($P73,FIYAT_KOD,0)))<>"",$I73*IF(INDEX(FIYAT_GENISLIK,MATCH($P73,FIYAT_KOD,0))="","",INDEX(FIYAT_GENISLIK,MATCH($P73,FIYAT_KOD,0)))/MODUL_GENISLIK_MM,"")))) | V73: =IF(OR($C73<>"шина",$I73=""),"",$I73*INDEX(FIYAT_KGM,MATCH($P73,FIYAT_KOD,0))) | W73: =IF($H73="","",$H73) | Y73: OTO:KANAL | Z73: =IF($P73="","",MAX(_xlfn.MAXIFS(DEVRE!$AM:$AM,DEVRE!$A:$A,$Q73,DEVRE!$C:$C,$P73),_xlfn.MAXIFS(DEVRE!$AM:$AM,DEVRE!$A:$A,$Q73,DEVRE!$H:$H,$P73))) | AA73: =IF(OR($I73="",$Q73="",$P73=""),"",$I73*INDEX(PANO_ADET,MATCH($Q73,PANO_ID,0))) | AB73: =IF($P73="",0,IF(AND($U73="",COUNTIF(ALAN_TIP_LIST,$C73)>0),1,0)) -> 0 | AC73: =IF(OR($P73="",$C73<>"kontaktör"),0,IF(IF(INDEX(FIYAT_BOBIN,MATCH($P73,FIYAT_KOD,0))="","",INDEX(FIYAT_BOBIN,MATCH($P73,FIYAT_KOD,0)))="",1,0)) -> 0
A74: =ROW()-1 -> 73 | B74: =$E74 | C74: кабель-канал | D74: =IF($P74="","",IF(INDEX(FIYAT_ARTIKUL,MATCH($P74,FIYAT_KOD,0))="","",INDEX(FIYAT_ARTIKUL,MATCH($P74,FIYAT_KOD,0)))) | E74: =IF($P74="","",INDEX(FIYAT_ACK,MATCH($P74,FIYAT_KOD,0))) | F74: =IF($P74="","",IF(INDEX(FIYAT_LISTE,MATCH($P74,FIYAT_KOD,0))="","",INDEX(FIYAT_LISTE,MATCH($P74,FIYAT_KOD,0)))) | G74: =IF($P74="","",IF(INDEX(FIYAT_NET,MATCH($P74,FIYAT_KOD,0))="","",INDEX(FIYAT_NET,MATCH($P74,FIYAT_KOD,0)))) | H74: =IF(OR($G74="",$I74="",$M74="KONTROL",$M74="KAPSAM_DISI"),"",$G74*$I74) | I74: =INDEX(PANO_KANAL_M,MATCH($Q74,PANO_ID,0)) | J74: =IF($P74="","",INDEX(FIYAT_BIRIM,MATCH($P74,FIYAT_KOD,0))) | K74: =IF($P74="","",INDEX(FIYAT_MARKA,MATCH($P74,FIYAT_KOD,0))) | L74: =IF($H74="","",$H74) | M74: =IF($P74="","",INDEX(DURUM_LIST,MATCH(MAX(INDEX(DURUM_SEV,MATCH(INDEX(FIYAT_DURUM,MATCH($P74,FIYAT_KOD,0)),DURUM_LIST,0)),IF($S74="",0,INDEX(DURUM_SEV,MATCH($S74,DURUM_LIST,0))),$Z74),DURUM_SEV,0))) | N74: lоток kapağı EKT 280300718 · MÜHENDİS ONAYI GEREKLİ | O74: =IF($P74="","",INDEX(FIYAT_KAYNAK,MATCH($P74,FIYAT_KOD,0))) | P74: =INDEX(PANO_KAPAK_KOD,MATCH($Q74,PANO_ID,0)) | Q74: =$Q73 -> P04 | S74: MUADIL_ONAY | T74: =IF(OR($R74="",$I74=""),"",$I74*INDEX(NORM_DK,MATCH($R74,NORM_AD,0))) | U74: =IF(OR($P74="",$I74=""),"",IF(IF(INDEX(FIYAT_ALAN,MATCH($P74,FIYAT_KOD,0))="","",INDEX(FIYAT_ALAN,MATCH($P74,FIYAT_KOD,0)))<>"",$I74*IF(INDEX(FIYAT_ALAN,MATCH($P74,FIYAT_KOD,0))="","",INDEX(FIYAT_ALAN,MATCH($P74,FIYAT_KOD,0))),IF(IF(INDEX(FIYAT_MODUL,MATCH($P74,FIYAT_KOD,0))="","",INDEX(FIYAT_MODUL,MATCH($P74,FIYAT_KOD,0)))<>"",$I74*IF(INDEX(FIYAT_MODUL,MATCH($P74,FIYAT_KOD,0))="","",INDEX(FIYAT_MODUL,MATCH($P74,FIYAT_KOD,0))),IF(IF(INDEX(FIYAT_GENISLIK,MATCH($P74,FIYAT_KOD,0))="","",INDEX(FIYAT_GENISLIK,MATCH($P74,FIYAT_KOD,0)))<>"",$I74*IF(INDEX(FIYAT_GENISLIK,MATCH($P74,FIYAT_KOD,0))="","",INDEX(FIYAT_GENISLIK,MATCH($P74,FIYAT_KOD,0)))/MODUL_GENISLIK_MM,"")))) | V74: =IF(OR($C74<>"шина",$I74=""),"",$I74*INDEX(FIYAT_KGM,MATCH($P74,FIYAT_KOD,0))) | W74: =IF($H74="","",$H74) | Y74: OTO:KANAL | Z74: =IF($P74="","",MAX(_xlfn.MAXIFS(DEVRE!$AM:$AM,DEVRE!$A:$A,$Q74,DEVRE!$C:$C,$P74),_xlfn.MAXIFS(DEVRE!$AM:$AM,DEVRE!$A:$A,$Q74,DEVRE!$H:$H,$P74))) | AA74: =IF(OR($I74="",$Q74="",$P74=""),"",$I74*INDEX(PANO_ADET,MATCH($Q74,PANO_ID,0))) | AB74: =IF($P74="",0,IF(AND($U74="",COUNTIF(ALAN_TIP_LIST,$C74)>0),1,0)) -> 0 | AC74: =IF(OR($P74="",$C74<>"kontaktör"),0,IF(IF(INDEX(FIYAT_BOBIN,MATCH($P74,FIYAT_KOD,0))="","",INDEX(FIYAT_BOBIN,MATCH($P74,FIYAT_KOD,0)))="",1,0)) -> 0
A75: =ROW()-1 -> 74 | B75: =$E75 -> HARMONY ПВ3 1 1,5 | C75: кабель | D75: =IF($P75="","",IF(INDEX(FIYAT_ARTIKUL,MATCH($P75,FIYAT_KOD,0))="","",INDEX(FIYAT_ARTIKUL,MATCH($P75,FIYAT_KOD,0)))) -> 151.01.PV3.01,5 | E75: =IF($P75="","",INDEX(FIYAT_ACK,MATCH($P75,FIYAT_KOD,0))) -> HARMONY ПВ3 1 1,5 | F75: =IF($P75="","",IF(INDEX(FIYAT_LISTE,MATCH($P75,FIYAT_KOD,0))="","",INDEX(FIYAT_LISTE,MATCH($P75,FIYAT_KOD,0)))) -> 105 | G75: =IF($P75="","",IF(INDEX(FIYAT_NET,MATCH($P75,FIYAT_KOD,0))="","",INDEX(FIYAT_NET,MATCH($P75,FIYAT_KOD,0)))) -> 105 | H75: =IF(OR($G75="",$I75="",$M75="KONTROL",$M75="KAPSAM_DISI"),"",$G75*$I75) -> 556.5 | I75: =ROUND((SUMIFS(DEVRE!$Z:$Z,DEVRE!$A:$A,$Q75,DEVRE!$V:$V,$X75)+IF($X75=GRUP_BESLEME_KESIT,INDEX(PANO_GRUP_KABLO_M,MATCH($Q75,PANO_ID,0)),0))*KABLO_FIRE,1) -> 5.3 | J75: =IF($P75="","",INDEX(FIYAT_BIRIM,MATCH($P75,FIYAT_KOD,0))) -> м | K75: =IF($P75="","",INDEX(FIYAT_MARKA,MATCH($P75,FIYAT_KOD,0))) -> HARMONY | L75: =IF($H75="","",$H75) -> 556.5 | M75: =IF($P75="","",INDEX(DURUM_LIST,MATCH(MAX(INDEX(DURUM_SEV,MATCH(INDEX(FIYAT_DURUM,MATCH($P75,FIYAT_KOD,0)),DURUM_LIST,0)),IF($S75="",0,INDEX(DURUM_SEV,MATCH($S75,DURUM_LIST,0))),$Z75),DURUM_SEV,0))) -> FIYAT_ESKI | N75: ПВ3 1.5 mm² · DEVRE KABLO_M × KABLO_FIRE | O75: =IF($P75="","",INDEX(FIYAT_KAYNAK,MATCH($P75,FIYAT_KOD,0))) -> HARMONY | P75: HARMONY-151.01.PV3.01,5 | Q75: =$Q74 -> P04 | R75: KABLO_IC_M | S75: OTO | T75: =IF(OR($R75="",$I75=""),"",$I75*INDEX(NORM_DK,MATCH($R75,NORM_AD,0))) -> 0 | U75: =IF(OR($P75="",$I75=""),"",IF(IF(INDEX(FIYAT_ALAN,MATCH($P75,FIYAT_KOD,0))="","",INDEX(FIYAT_ALAN,MATCH($P75,FIYAT_KOD,0)))<>"",$I75*IF(INDEX(FIYAT_ALAN,MATCH($P75,FIYAT_KOD,0))="","",INDEX(FIYAT_ALAN,MATCH($P75,FIYAT_KOD,0))),IF(IF(INDEX(FIYAT_MODUL,MATCH($P75,FIYAT_KOD,0))="","",INDEX(FIYAT_MODUL,MATCH($P75,FIYAT_KOD,0)))<>"",$I75*IF(INDEX(FIYAT_MODUL,MATCH($P75,FIYAT_KOD,0))="","",INDEX(FIYAT_MODUL,MATCH($P75,FIYAT_KOD,0))),IF(IF(INDEX(FIYAT_GENISLIK,MATCH($P75,FIYAT_KOD,0))="","",INDEX(FIYAT_GENISLIK,MATCH($P75,FIYAT_KOD,0)))<>"",$I75*IF(INDEX(FIYAT_GENISLIK,MATCH($P75,FIYAT_KOD,0))="","",INDEX(FIYAT_GENISLIK,MATCH($P75,FIYAT_KOD,0)))/MODUL_GENISLIK_MM,"")))) | V75: =IF(OR($C75<>"шина",$I75=""),"",$I75*INDEX(FIYAT_KGM,MATCH($P75,FIYAT_KOD,0))) | W75: =IF($H75="","",$H75) -> 556.5 | X75: 1.5 | Y75: OTO:KABLO | Z75: =IF($P75="","",MAX(_xlfn.MAXIFS(DEVRE!$AM:$AM,DEVRE!$A:$A,$Q75,DEVRE!$C:$C,$P75),_xlfn.MAXIFS(DEVRE!$AM:$AM,DEVRE!$A:$A,$Q75,DEVRE!$H:$H,$P75))) -> 0 | AA75: =IF(OR($I75="",$Q75="",$P75=""),"",$I75*INDEX(PANO_ADET,MATCH($Q75,PANO_ID,0))) -> 5.3 | AB75: =IF($P75="",0,IF(AND($U75="",COUNTIF(ALAN_TIP_LIST,$C75)>0),1,0)) -> 0 | AC75: =IF(OR($P75="",$C75<>"kontaktör"),0,IF(IF(INDEX(FIYAT_BOBIN,MATCH($P75,FIYAT_KOD,0))="","",INDEX(FIYAT_BOBIN,MATCH($P75,FIYAT_KOD,0)))="",1,0)) -> 0
A76: =ROW()-1 -> 75 | B76: =$E76 -> HARMONY ПВ3 1 2,5 | C76: кабель | D76: =IF($P76="","",IF(INDEX(FIYAT_ARTIKUL,MATCH($P76,FIYAT_KOD,0))="","",INDEX(FIYAT_ARTIKUL,MATCH($P76,FIYAT_KOD,0)))) -> 151.01.PV3.02,5 | E76: =IF($P76="","",INDEX(FIYAT_ACK,MATCH($P76,FIYAT_KOD,0))) -> HARMONY ПВ3 1 2,5 | F76: =IF($P76="","",IF(INDEX(FIYAT_LISTE,MATCH($P76,FIYAT_KOD,0))="","",INDEX(FIYAT_LISTE,MATCH($P76,FIYAT_KOD,0)))) -> 174 | G76: =IF($P76="","",IF(INDEX(FIYAT_NET,MATCH($P76,FIYAT_KOD,0))="","",INDEX(FIYAT_NET,MATCH($P76,FIYAT_KOD,0)))) -> 174 | H76: =IF(OR($G76="",$I76="",$M76="KONTROL",$M76="KAPSAM_DISI"),"",$G76*$I76) -> 12406.2 | I76: =ROUND((SUMIFS(DEVRE!$Z:$Z,DEVRE!$A:$A,$Q76,DEVRE!$V:$V,$X76)+IF($X76=GRUP_BESLEME_KESIT,INDEX(PANO_GRUP_KABLO_M,MATCH($Q76,PANO_ID,0)),0))*KABLO_FIRE,1) -> 71.3 | J76: =IF($P76="","",INDEX(FIYAT_BIRIM,MATCH($P76,FIYAT_KOD,0))) -> м | K76: =IF($P76="","",INDEX(FIYAT_MARKA,MATCH($P76,FIYAT_KOD,0))) -> HARMONY | L76: =IF($H76="","",$H76) -> 12406.2 | M76: =IF($P76="","",INDEX(DURUM_LIST,MATCH(MAX(INDEX(DURUM_SEV,MATCH(INDEX(FIYAT_DURUM,MATCH($P76,FIYAT_KOD,0)),DURUM_LIST,0)),IF($S76="",0,INDEX(DURUM_SEV,MATCH($S76,DURUM_LIST,0))),$Z76),DURUM_SEV,0))) -> FIYAT_ESKI | N76: ПВ3 2.5 mm² · DEVRE KABLO_M × KABLO_FIRE | O76: =IF($P76="","",INDEX(FIYAT_KAYNAK,MATCH($P76,FIYAT_KOD,0))) -> HARMONY | P76: HARMONY-151.01.PV3.02,5 | Q76: =$Q75 -> P04 | R76: KABLO_IC_M | S76: OTO | T76: =IF(OR($R76="",$I76=""),"",$I76*INDEX(NORM_DK,MATCH($R76,NORM_AD,0))) -> 0 | U76: =IF(OR($P76="",$I76=""),"",IF(IF(INDEX(FIYAT_ALAN,MATCH($P76,FIYAT_KOD,0))="","",INDEX(FIYAT_ALAN,MATCH($P76,FIYAT_KOD,0)))<>"",$I76*IF(INDEX(FIYAT_ALAN,MATCH($P76,FIYAT_KOD,0))="","",INDEX(FIYAT_ALAN,MATCH($P76,FIYAT_KOD,0))),IF(IF(INDEX(FIYAT_MODUL,MATCH($P76,FIYAT_KOD,0))="","",INDEX(FIYAT_MODUL,MATCH($P76,FIYAT_KOD,0)))<>"",$I76*IF(INDEX(FIYAT_MODUL,MATCH($P76,FIYAT_KOD,0))="","",INDEX(FIYAT_MODUL,MATCH($P76,FIYAT_KOD,0))),IF(IF(INDEX(FIYAT_GENISLIK,MATCH($P76,FIYAT_KOD,0))="","",INDEX(FIYAT_GENISLIK,MATCH($P76,FIYAT_KOD,0)))<>"",$I76*IF(INDEX(FIYAT_GENISLIK,MATCH($P76,FIYAT_KOD,0))="","",INDEX(FIYAT_GENISLIK,MATCH($P76,FIYAT_KOD,0)))/MODUL_GENISLIK_MM,"")))) | V76: =IF(OR($C76<>"шина",$I76=""),"",$I76*INDEX(FIYAT_KGM,MATCH($P76,FIYAT_KOD,0))) | W76: =IF($H76="","",$H76) -> 12406.2 | X76: 2.5 | Y76: OTO:KABLO | Z76: =IF($P76="","",MAX(_xlfn.MAXIFS(DEVRE!$AM:$AM,DEVRE!$A:$A,$Q76,DEVRE!$C:$C,$P76),_xlfn.MAXIFS(DEVRE!$AM:$AM,DEVRE!$A:$A,$Q76,DEVRE!$H:$H,$P76))) -> 0 | AA76: =IF(OR($I76="",$Q76="",$P76=""),"",$I76*INDEX(PANO_ADET,MATCH($Q76,PANO_ID,0))) -> 71.3 | AB76: =IF($P76="",0,IF(AND($U76="",COUNTIF(ALAN_TIP_LIST,$C76)>0),1,0)) -> 0 | AC76: =IF(OR($P76="",$C76<>"kontaktör"),0,IF(IF(INDEX(FIYAT_BOBIN,MATCH($P76,FIYAT_KOD,0))="","",INDEX(FIYAT_BOBIN,MATCH($P76,FIYAT_KOD,0)))="",1,0)) -> 0
A77: =ROW()-1 -> 76 | B77: =$E77 -> HARMONY ПВ3 1 16 | C77: кабель | D77: =IF($P77="","",IF(INDEX(FIYAT_ARTIKUL,MATCH($P77,FIYAT_KOD,0))="","",INDEX(FIYAT_ARTIKUL,MATCH($P77,FIYAT_KOD,0)))) -> 151.01.PV3.16 | E77: =IF($P77="","",INDEX(FIYAT_ACK,MATCH($P77,FIYAT_KOD,0))) -> HARMONY ПВ3 1 16 | F77: =IF($P77="","",IF(INDEX(FIYAT_LISTE,MATCH($P77,FIYAT_KOD,0))="","",INDEX(FIYAT_LISTE,MATCH($P77,FIYAT_KOD,0)))) -> 1084 | G77: =IF($P77="","",IF(INDEX(FIYAT_NET,MATCH($P77,FIYAT_KOD,0))="","",INDEX(FIYAT_NET,MATCH($P77,FIYAT_KOD,0)))) -> 1084 | H77: =IF(OR($G77="",$I77="",$M77="KONTROL",$M77="KAPSAM_DISI"),"",$G77*$I77) -> 4336 | I77: =ROUND((SUMIFS(DEVRE!$Z:$Z,DEVRE!$A:$A,$Q77,DEVRE!$V:$V,$X77)+IF($X77=GRUP_BESLEME_KESIT,INDEX(PANO_GRUP_KABLO_M,MATCH($Q77,PANO_ID,0)),0))*KABLO_FIRE,1) -> 4 | J77: =IF($P77="","",INDEX(FIYAT_BIRIM,MATCH($P77,FIYAT_KOD,0))) -> м | K77: =IF($P77="","",INDEX(FIYAT_MARKA,MATCH($P77,FIYAT_KOD,0))) -> HARMONY | L77: =IF($H77="","",$H77) -> 4336 | M77: =IF($P77="","",INDEX(DURUM_LIST,MATCH(MAX(INDEX(DURUM_SEV,MATCH(INDEX(FIYAT_DURUM,MATCH($P77,FIYAT_KOD,0)),DURUM_LIST,0)),IF($S77="",0,INDEX(DURUM_SEV,MATCH($S77,DURUM_LIST,0))),$Z77),DURUM_SEV,0))) -> FIYAT_ESKI | N77: ПВ3 16 mm² · DEVRE KABLO_M × KABLO_FIRE | O77: =IF($P77="","",INDEX(FIYAT_KAYNAK,MATCH($P77,FIYAT_KOD,0))) -> HARMONY | P77: HARMONY-151.01.PV3.16 | Q77: =$Q76 -> P04 | R77: KABLO_IC_M | S77: OTO | T77: =IF(OR($R77="",$I77=""),"",$I77*INDEX(NORM_DK,MATCH($R77,NORM_AD,0))) -> 0 | U77: =IF(OR($P77="",$I77=""),"",IF(IF(INDEX(FIYAT_ALAN,MATCH($P77,FIYAT_KOD,0))="","",INDEX(FIYAT_ALAN,MATCH($P77,FIYAT_KOD,0)))<>"",$I77*IF(INDEX(FIYAT_ALAN,MATCH($P77,FIYAT_KOD,0))="","",INDEX(FIYAT_ALAN,MATCH($P77,FIYAT_KOD,0))),IF(IF(INDEX(FIYAT_MODUL,MATCH($P77,FIYAT_KOD,0))="","",INDEX(FIYAT_MODUL,MATCH($P77,FIYAT_KOD,0)))<>"",$I77*IF(INDEX(FIYAT_MODUL,MATCH($P77,FIYAT_KOD,0))="","",INDEX(FIYAT_MODUL,MATCH($P77,FIYAT_KOD,0))),IF(IF(INDEX(FIYAT_GENISLIK,MATCH($P77,FIYAT_KOD,0))="","",INDEX(FIYAT_GENISLIK,MATCH($P77,FIYAT_KOD,0)))<>"",$I77*IF(INDEX(FIYAT_GENISLIK,MATCH($P77,FIYAT_KOD,0))="","",INDEX(FIYAT_GENISLIK,MATCH($P77,FIYAT_KOD,0)))/MODUL_GENISLIK_MM,"")))) | V77: =IF(OR($C77<>"шина",$I77=""),"",$I77*INDEX(FIYAT_KGM,MATCH($P77,FIYAT_KOD,0))) | W77: =IF($H77="","",$H77) -> 4336 | X77: 16 | Y77: OTO:KABLO | Z77: =IF($P77="","",MAX(_xlfn.MAXIFS(DEVRE!$AM:$AM,DEVRE!$A:$A,$Q77,DEVRE!$C:$C,$P77),_xlfn.MAXIFS(DEVRE!$AM:$AM,DEVRE!$A:$A,$Q77,DEVRE!$H:$H,$P77))) -> 0 | AA77: =IF(OR($I77="",$Q77="",$P77=""),"",$I77*INDEX(PANO_ADET,MATCH($Q77,PANO_ID,0))) -> 4 | AB77: =IF($P77="",0,IF(AND($U77="",COUNTIF(ALAN_TIP_LIST,$C77)>0),1,0)) -> 0 | AC77: =IF(OR($P77="",$C77<>"kontaktör"),0,IF(IF(INDEX(FIYAT_BOBIN,MATCH($P77,FIYAT_KOD,0))="","",INDEX(FIYAT_BOBIN,MATCH($P77,FIYAT_KOD,0)))="",1,0)) -> 0
A78: =ROW()-1 -> 77 | B78: =$E78 -> ЗНИ 4мм ² (35А) серый IEK | C78: Klemens | D78: =IF($P78="","",IF(INDEX(FIYAT_ARTIKUL,MATCH($P78,FIYAT_KOD,0))="","",INDEX(FIYAT_ARTIKUL,MATCH($P78,FIYAT_KOD,0)))) -> 130300041 | E78: =IF($P78="","",INDEX(FIYAT_ACK,MATCH($P78,FIYAT_KOD,0))) -> ЗНИ 4мм ² (35А) серый IEK | F78: =IF($P78="","",IF(INDEX(FIYAT_LISTE,MATCH($P78,FIYAT_KOD,0))="","",INDEX(FIYAT_LISTE,MATCH($P78,FIYAT_KOD,0)))) -> 98 | G78: =IF($P78="","",IF(INDEX(FIYAT_NET,MATCH($P78,FIYAT_KOD,0))="","",INDEX(FIYAT_NET,MATCH($P78,FIYAT_KOD,0)))) -> 98 | H78: =IF(OR($G78="",$I78="",$M78="KONTROL",$M78="KAPSAM_DISI"),"",$G78*$I78) -> 4214 | I78: =IF(SUMIFS(DEVRE!$AA:$AA,DEVRE!$A:$A,$Q78,DEVRE!$AD:$AD,$X78)+IF($X78=SINYAL_KLEMENS_KESIT,SUMIFS(DEVRE!$I:$I,DEVRE!$A:$A,$Q78),0)=0,"",MAX(SUMIFS(DEVRE!$AA:$AA,DEVRE!$A:$A,$Q78,DEVRE!$AD:$AD,$X78)+IF($X78=SINYAL_KLEMENS_KESIT,SUMIFS(DEVRE!$I:$I,DEVRE!$A:$A,$Q78),0)+KLEMENS_MIN_YEDEK,ROUNDUP((SUMIFS(DEVRE!$AA:$AA,DEVRE!$A:$A,$Q78,DEVRE!$AD:$AD,$X78)+IF($X78=SINYAL_KLEMENS_KESIT,SUMIFS(DEVRE!$I:$I,DEVRE!$A:$A,$Q78),0))*KLEMENS_YEDEK,0))) -> 43 | J78: =IF($P78="","",INDEX(FIYAT_BIRIM,MATCH($P78,FIYAT_KOD,0))) -> шт | K78: =IF($P78="","",INDEX(FIYAT_MARKA,MATCH($P78,FIYAT_KOD,0))) -> EKT | L78: =IF($H78="","",$H78) -> 4214 | M78: =IF($P78="","",INDEX(DURUM_LIST,MATCH(MAX(INDEX(DURUM_SEV,MATCH(INDEX(FIYAT_DURUM,MATCH($P78,FIYAT_KOD,0)),DURUM_LIST,0)),IF($S78="",0,INDEX(DURUM_SEV,MATCH($S78,DURUM_LIST,0))),$Z78),DURUM_SEV,0))) -> FIYAT_ESKI | N78: L/N klemens 4 mm² · max(x+4, x×1.1) | O78: =IF($P78="","",INDEX(FIYAT_KAYNAK,MATCH($P78,FIYAT_KOD,0))) -> EKT2506 | P78: EKT-130300041 | Q78: =$Q77 -> P04 | R78: KLEMENS | S78: OTO | T78: =IF(OR($R78="",$I78=""),"",$I78*INDEX(NORM_DK,MATCH($R78,NORM_AD,0))) -> 172 | U78: =IF(OR($P78="",$I78=""),"",IF(IF(INDEX(FIYAT_ALAN,MATCH($P78,FIYAT_KOD,0))="","",INDEX(FIYAT_ALAN,MATCH($P78,FIYAT_KOD,0)))<>"",$I78*IF(INDEX(FIYAT_ALAN,MATCH($P78,FIYAT_KOD,0))="","",INDEX(FIYAT_ALAN,MATCH($P78,FIYAT_KOD,0))),IF(IF(INDEX(FIYAT_MODUL,MATCH($P78,FIYAT_KOD,0))="","",INDEX(FIYAT_MODUL,MATCH($P78,FIYAT_KOD,0)))<>"",$I78*IF(INDEX(FIYAT_MODUL,MATCH($P78,FIYAT_KOD,0))="","",INDEX(FIYAT_MODUL,MATCH($P78,FIYAT_KOD,0))),IF(IF(INDEX(FIYAT_GENISLIK,MATCH($P78,FIYAT_KOD,0))="","",INDEX(FIYAT_GENISLIK,MATCH($P78,FIYAT_KOD,0)))<>"",$I78*IF(INDEX(FIYAT_GENISLIK,MATCH($P78,FIYAT_KOD,0))="","",INDEX(FIYAT_GENISLIK,MATCH($P78,FIYAT_KOD,0)))/MODUL_GENISLIK_MM,"")))) -> 15.234286 | V78: =IF(OR($C78<>"шина",$I78=""),"",$I78*INDEX(FIYAT_KGM,MATCH($P78,FIYAT_KOD,0))) | W78: =IF($H78="","",$H78) -> 4214 | X78: 4 | Y78: OTO:KLEMENS | Z78: =IF($P78="","",MAX(_xlfn.MAXIFS(DEVRE!$AM:$AM,DEVRE!$A:$A,$Q78,DEVRE!$C:$C,$P78),_xlfn.MAXIFS(DEVRE!$AM:$AM,DEVRE!$A:$A,$Q78,DEVRE!$H:$H,$P78))) -> 0 | AA78: =IF(OR($I78="",$Q78="",$P78=""),"",$I78*INDEX(PANO_ADET,MATCH($Q78,PANO_ID,0))) -> 43 | AB78: =IF($P78="",0,IF(AND($U78="",COUNTIF(ALAN_TIP_LIST,$C78)>0),1,0)) -> 0 | AC78: =IF(OR($P78="",$C78<>"kontaktör"),0,IF(IF(INDEX(FIYAT_BOBIN,MATCH($P78,FIYAT_KOD,0))="","",INDEX(FIYAT_BOBIN,MATCH($P78,FIYAT_KOD,0)))="",1,0)) -> 0
A79: =ROW()-1 -> 78 | B79: =$E79 -> Зажим наборный ЗНИ - 4PEN 4мм2 (JXB-земля) IEK | C79: Klemens | D79: =IF($P79="","",IF(INDEX(FIYAT_ARTIKUL,MATCH($P79,FIYAT_KOD,0))="","",INDEX(FIYAT_ARTIKUL,MATCH($P79,FIYAT_KOD,0)))) -> 5130300225 | E79: =IF($P79="","",INDEX(FIYAT_ACK,MATCH($P79,FIYAT_KOD,0))) -> Зажим наборный ЗНИ - 4PEN 4мм2 (JXB-земля) IEK | F79: =IF($P79="","",IF(INDEX(FIYAT_LISTE,MATCH($P79,FIYAT_KOD,0))="","",INDEX(FIYAT_LISTE,MATCH($P79,FIYAT_KOD,0)))) -> 283 | G79: =IF($P79="","",IF(INDEX(FIYAT_NET,MATCH($P79,FIYAT_KOD,0))="","",INDEX(FIYAT_NET,MATCH($P79,FIYAT_KOD,0)))) -> 283 | H79: =IF(OR($G79="",$I79="",$M79="KONTROL",$M79="KAPSAM_DISI"),"",$G79*$I79) -> 5943 | I79: =IF(SUMIFS(DEVRE!$AB:$AB,DEVRE!$A:$A,$Q79,DEVRE!$AD:$AD,$X79)=0,"",ROUNDUP(SUMIFS(DEVRE!$AB:$AB,DEVRE!$A:$A,$Q79,DEVRE!$AD:$AD,$X79)*KLEMENS_YEDEK,0)) -> 21 | J79: =IF($P79="","",INDEX(FIYAT_BIRIM,MATCH($P79,FIYAT_KOD,0))) -> шт | K79: =IF($P79="","",INDEX(FIYAT_MARKA,MATCH($P79,FIYAT_KOD,0))) -> EKT | L79: =IF($H79="","",$H79) -> 5943 | M79: =IF($P79="","",INDEX(DURUM_LIST,MATCH(MAX(INDEX(DURUM_SEV,MATCH(INDEX(FIYAT_DURUM,MATCH($P79,FIYAT_KOD,0)),DURUM_LIST,0)),IF($S79="",0,INDEX(DURUM_SEV,MATCH($S79,DURUM_LIST,0))),$Z79),DURUM_SEV,0))) -> FIYAT_ESKI | N79: PE klemens 4 mm² | O79: =IF($P79="","",INDEX(FIYAT_KAYNAK,MATCH($P79,FIYAT_KOD,0))) -> EKT2506 | P79: EKT-5130300225 | Q79: =$Q78 -> P04 | R79: KLEMENS | S79: OTO | T79: =IF(OR($R79="",$I79=""),"",$I79*INDEX(NORM_DK,MATCH($R79,NORM_AD,0))) -> 84 | U79: =IF(OR($P79="",$I79=""),"",IF(IF(INDEX(FIYAT_ALAN,MATCH($P79,FIYAT_KOD,0))="","",INDEX(FIYAT_ALAN,MATCH($P79,FIYAT_KOD,0)))<>"",$I79*IF(INDEX(FIYAT_ALAN,MATCH($P79,FIYAT_KOD,0))="","",INDEX(FIYAT_ALAN,MATCH($P79,FIYAT_KOD,0))),IF(IF(INDEX(FIYAT_MODUL,MATCH($P79,FIYAT_KOD,0))="","",INDEX(FIYAT_MODUL,MATCH($P79,FIYAT_KOD,0)))<>"",$I79*IF(INDEX(FIYAT_MODUL,MATCH($P79,FIYAT_KOD,0))="","",INDEX(FIYAT_MODUL,MATCH($P79,FIYAT_KOD,0))),IF(IF(INDEX(FIYAT_GENISLIK,MATCH($P79,FIYAT_KOD,0))="","",INDEX(FIYAT_GENISLIK,MATCH($P79,FIYAT_KOD,0)))<>"",$I79*IF(INDEX(FIYAT_GENISLIK,MATCH($P79,FIYAT_KOD,0))="","",INDEX(FIYAT_GENISLIK,MATCH($P79,FIYAT_KOD,0)))/MODUL_GENISLIK_MM,"")))) -> 7.44 | V79: =IF(OR($C79<>"шина",$I79=""),"",$I79*INDEX(FIYAT_KGM,MATCH($P79,FIYAT_KOD,0))) | W79: =IF($H79="","",$H79) -> 5943 | X79: 4 | Y79: OTO:KLEMENS | Z79: =IF($P79="","",MAX(_xlfn.MAXIFS(DEVRE!$AM:$AM,DEVRE!$A:$A,$Q79,DEVRE!$C:$C,$P79),_xlfn.MAXIFS(DEVRE!$AM:$AM,DEVRE!$A:$A,$Q79,DEVRE!$H:$H,$P79))) -> 0 | AA79: =IF(OR($I79="",$Q79="",$P79=""),"",$I79*INDEX(PANO_ADET,MATCH($Q79,PANO_ID,0))) -> 21 | AB79: =IF($P79="",0,IF(AND($U79="",COUNTIF(ALAN_TIP_LIST,$C79)>0),1,0)) -> 0 | AC79: =IF(OR($P79="",$C79<>"kontaktör"),0,IF(IF(INDEX(FIYAT_BOBIN,MATCH($P79,FIYAT_KOD,0))="","",INDEX(FIYAT_BOBIN,MATCH($P79,FIYAT_KOD,0)))="",1,0)) -> 0
A80: =ROW()-1 -> 79 | B80: =$E80 -> Монтажный материал | C80: монтажный материал | D80: =IF($P80="","",IF(INDEX(FIYAT_ARTIKUL,MATCH($P80,FIYAT_KOD,0))="","",INDEX(FIYAT_ARTIKUL,MATCH($P80,FIYAT_KOD,0)))) -> MONTAJ-MALZ | E80: =IF($P80="","",INDEX(FIYAT_ACK,MATCH($P80,FIYAT_KOD,0))) -> Монтажный материал | F80: =IF($P80="","",IF(INDEX(FIYAT_LISTE,MATCH($P80,FIYAT_KOD,0))="","",INDEX(FIYAT_LISTE,MATCH($P80,FIYAT_KOD,0)))) -> 1 | G80: =IF($P80="","",IF(INDEX(FIYAT_NET,MATCH($P80,FIYAT_KOD,0))="","",INDEX(FIYAT_NET,MATCH($P80,FIYAT_KOD,0)))) -> 1 | H80: =IF(OR($G80="",$I80="",$M80="KONTROL",$M80="KAPSAM_DISI"),"",$G80*$I80) | I80: =IF(MONTAJ_MALZ_ORANI="","",ROUND(SUMIFS($W:$W,$Q:$Q,$Q80)*MONTAJ_MALZ_ORANI,0)) | J80: =IF($P80="","",INDEX(FIYAT_BIRIM,MATCH($P80,FIYAT_KOD,0))) -> тг | K80: =IF($P80="","",INDEX(FIYAT_MARKA,MATCH($P80,FIYAT_KOD,0))) -> HESAP | L80: =IF($H80="","",$H80) | M80: =IF($P80="","",INDEX(DURUM_LIST,MATCH(MAX(INDEX(DURUM_SEV,MATCH(INDEX(FIYAT_DURUM,MATCH($P80,FIYAT_KOD,0)),DURUM_LIST,0)),IF($S80="",0,INDEX(DURUM_SEV,MATCH($S80,DURUM_LIST,0))),$Z80),DURUM_SEV,0))) -> OK | N80: MONTAJ_MALZ_ORANI × malzeme tabanı · oran boş | O80: =IF($P80="","",INDEX(FIYAT_KAYNAK,MATCH($P80,FIYAT_KOD,0))) -> HESAP | P80: MONTAJ-MALZ | Q80: =$Q79 -> P04 | V80: =IF(OR($C80<>"шина",$I80=""),"",$I80*INDEX(FIYAT_KGM,MATCH($P80,FIYAT_KOD,0))) | Y80: HESAP | Z80: =IF($P80="","",MAX(_xlfn.MAXIFS(DEVRE!$AM:$AM,DEVRE!$A:$A,$Q80,DEVRE!$C:$C,$P80),_xlfn.MAXIFS(DEVRE!$AM:$AM,DEVRE!$A:$A,$Q80,DEVRE!$H:$H,$P80))) -> 0 | AA80: =IF(OR($I80="",$Q80="",$P80=""),"",$I80*INDEX(PANO_ADET,MATCH($Q80,PANO_ID,0))) | AB80: =IF($P80="",0,IF(AND($U80="",COUNTIF(ALAN_TIP_LIST,$C80)>0),1,0)) -> 0 | AC80: =IF(OR($P80="",$C80<>"kontaktör"),0,IF(IF(INDEX(FIYAT_BOBIN,MATCH($P80,FIYAT_KOD,0))="","",INDEX(FIYAT_BOBIN,MATCH($P80,FIYAT_KOD,0)))="",1,0)) -> 0
A81: =ROW()-1 -> 80 | B81: =$E81 -> Монтажная работа | C81: монтажная работа | D81: =IF($P81="","",IF(INDEX(FIYAT_ARTIKUL,MATCH($P81,FIYAT_KOD,0))="","",INDEX(FIYAT_ARTIKUL,MATCH($P81,FIYAT_KOD,0)))) -> ISCILIK-MONTAJ | E81: =IF($P81="","",INDEX(FIYAT_ACK,MATCH($P81,FIYAT_KOD,0))) -> Монтажная работа | F81: =IF($I81="","",ROUND($I81/DK_SAAT,2)) -> 7.07 | G81: =IF($P81="","",IF(INDEX(FIYAT_NET,MATCH($P81,FIYAT_KOD,0))="","",INDEX(FIYAT_NET,MATCH($P81,FIYAT_KOD,0)))) -> 100 | H81: =IF(OR($G81="",$I81="",$M81="KONTROL",$M81="KAPSAM_DISI"),"",$G81*$I81) -> 42400 | I81: =ROUND((SUMIFS($T:$T,$Q:$Q,$Q81)+INDEX(NORM_DK,MATCH("PABUC_YUKSUK",NORM_AD,0))*(SUMIFS(DEVRE!$AI:$AI,DEVRE!$A:$A,$Q81)+SUMIFS(DEVRE!$AJ:$AJ,DEVRE!$A:$A,$Q81)))*ISCILIK_CARPANI+INDEX(NORM_DK,MATCH("SABIT_AMBALAJ",NORM_AD,0)),0) -> 424 | J81: =IF($P81="","",INDEX(FIYAT_BIRIM,MATCH($P81,FIYAT_KOD,0))) -> мин | K81: =IF($P81="","",INDEX(FIYAT_MARKA,MATCH($P81,FIYAT_KOD,0))) -> HESAP | L81: =IF($H81="","",$H81) -> 42400 | M81: =IF($P81="","",INDEX(DURUM_LIST,MATCH(MAX(INDEX(DURUM_SEV,MATCH(INDEX(FIYAT_DURUM,MATCH($P81,FIYAT_KOD,0)),DURUM_LIST,0)),IF($S81="",0,INDEX(DURUM_SEV,MATCH($S81,DURUM_LIST,0))),$Z81),DURUM_SEV,0))) -> OK | N81: Σ norm dk × ISCILIK_CARPANI (F = saat) | O81: =IF($P81="","",INDEX(FIYAT_KAYNAK,MATCH($P81,FIYAT_KOD,0))) -> HESAP | P81: ISCILIK-MONTAJ | Q81: =$Q80 -> P04 | V81: =IF(OR($C81<>"шина",$I81=""),"",$I81*INDEX(FIYAT_KGM,MATCH($P81,FIYAT_KOD,0))) | Y81: HESAP | Z81: =IF($P81="","",MAX(_xlfn.MAXIFS(DEVRE!$AM:$AM,DEVRE!$A:$A,$Q81,DEVRE!$C:$C,$P81),_xlfn.MAXIFS(DEVRE!$AM:$AM,DEVRE!$A:$A,$Q81,DEVRE!$H:$H,$P81))) -> 0 | AA81: =IF(OR($I81="",$Q81="",$P81=""),"",$I81*INDEX(PANO_ADET,MATCH($Q81,PANO_ID,0))) -> 424 | AB81: =IF($P81="",0,IF(AND($U81="",COUNTIF(ALAN_TIP_LIST,$C81)>0),1,0)) -> 0 | AC81: =IF(OR($P81="",$C81<>"kontaktör"),0,IF(IF(INDEX(FIYAT_BOBIN,MATCH($P81,FIYAT_KOD,0))="","",INDEX(FIYAT_BOBIN,MATCH($P81,FIYAT_KOD,0)))="",1,0)) -> 0
A82: =ROW()-1 -> 81 | B82: ="Toplam "&$E65 -> Toplam Щит силовой ЩС-2 | H82: =SUBTOTAL(9,H66:H81) -> 156373.9 | L82: =SUBTOTAL(9,L66:L81) -> 156373.9
A83: =ROW()-1 -> 82 | B83: =$E83 -> Щит вентиляции ЩВ-1 | E83: =INDEX(PANO_TAMAD,MATCH($Q83,PANO_ID,0)) -> Щит вентиляции ЩВ-1 | I83: 1 | J83: компл. | Q83: P05
