Workbook

Sheet BOM
A1: YSF HICH — BOM — Atırau 250 kişilik okul ek bina (24-2024-ЭЛ) — CHINT apparat + TEKSAN korpus
A2: CHINT net kat. (liste ×): | B2: 0.6
A3: Montaj malzeme % (düzenle): | B3: 0.03
A4: Montaj işçilik % (düzenle): | B4: 0.05
A5: TEKSAN net kat. (iskonto teyit): | B5: 1
A6: № | B6: Наименование | C6: Тип | D6: Артикул | E6: Номенклатура | F6: Цена (лист) | G6: Нетто KZT | H6: Сумма KZT | I6: Кол-во | J6: Ед.изм. | K6: Завод
A7: 1 | B7: ВРУ | E7: ВРУ (ВРУ1-11-10 giriş+АВР + ВРУ1-47-00 dağıtım, 2 seksiyon) | I7: 1 | J7: компл. | K7: CHINT+TEKSAN
A8: 2 | C8: korpus | D8: 714-15112 | E8: Щит мет. ЩРн-7-2 PR 1320х750х300 IP54 (TEKSAN) — ВРУ gövde | F8: 71190 | G8: =F8*$B$5 -> 71190 | H8: =G8*I8 -> 71190 | I8: 1 | J8: шт. | K8: TEKSAN
A9: 3 | C9: rubilnik | D9: 420126 | E9: Реверсивный рубильник NH40-125 с блоком АВР, приоритет 1-го ввода, 3P 125А | F9: 444876 | G9: =F9*$B$2 -> 266925.6 | H9: =G9*I9 -> 266925.6 | I9: 1 | J9: шт. | K9: CHINT
A10: 4 | C10: fu | D10: 521260 | E10: Держатель плавк. вставки RT36-00-160 габ.00 160А (1П) | F10: 2038 | G10: =F10*$B$2 -> 1222.8 | H10: =G10*I10 -> 25678.8 | I10: 21 | J10: шт. | K10: CHINT
A11: 5 | C11: fu | D11: 521345 | E11: Плавкая вставка RT36-00-160 габ.00 50А | F11: 1525 | G11: =F11*$B$2 -> 915 | H11: =G11*I11 -> 10980 | I11: 12 | J11: шт. | K11: CHINT
A12: 6 | C12: fu | D12: 521341 | E12: Плавкая вставка RT36-00-160 габ.00 32А | F12: 1510 | G12: =F12*$B$2 -> 906 | H12: =G12*I12 -> 2718 | I12: 3 | J12: шт. | K12: CHINT
A13: 7 | C13: fu | D13: 521340 | E13: Плавкая вставка RT36-00-160 габ.00 25А | F13: 1510 | G13: =F13*$B$2 -> 906 | H13: =G13*I13 -> 5436 | I13: 6 | J13: шт. | K13: CHINT
A14: 8 | C14: fu | D14: 521366 | E14: Держатель плавк. вставки RT36-0-160 габ.0 160А (1П) | F14: 3100 | G14: =F14*$B$2 -> 1860 | H14: =G14*I14 -> 16740 | I14: 9 | J14: шт. | K14: CHINT
A15: 9 | C15: fu | D15: 521223 | E15: Плавкая вставка RT36-0-160 габ.0 40А ⚠stok | F15: 2175 | G15: =F15*$B$2 -> 1305 | H15: =G15*I15 -> 11745 | I15: 9 | J15: шт. | K15: CHINT
A16: 10 | C16: montaj | E16: Монтажный материал | H16: =$B$3*SUM(H8:H15) -> 12342.402 | I16: 1 | J16: компл.
A17: 11 | C17: işçilik | E17: Монтажная работа | H17: =$B$4*SUM(H8:H15) -> 20570.67 | I17: 1 | J17: компл.
B18: Toplam ВРУ | H18: =SUBTOTAL(9,H8:H17) -> 444326.47
A19: 12 | B19: ЩО-1 | E19: Щит осветительный ЩО-1 (ЩРв-24) | I19: 1 | J19: компл. | K19: CHINT+TEKSAN
A20: 13 | C20: korpus | D20: 713-15010 | E20: Щит мет. ЩРв-24 б/о 320х405х120 IP31 (TEKSAN) | F20: 11150 | G20: =F20*$B$5 -> 11150 | H20: =G20*I20 -> 11150 | I20: 1 | J20: шт. | K20: TEKSAN
A21: 14 | C21: OTO | D21: 179703 | E21: Авт. выкл. NB1-63 3P 25А 6кА х-ка C | F21: 7907 | G21: =F21*$B$2 -> 4744.2 | H21: =G21*I21 -> 4744.2 | I21: 1 | J21: шт. | K21: CHINT
A22: 15 | C22: OTO | D22: 179616 | E22: Авт. выкл. NB1-63 1P 16А 6кА х-ка C | F22: 2818 | G22: =F22*$B$2 -> 1690.8 | H22: =G22*I22 -> 20289.6 | I22: 12 | J22: шт. | K22: CHINT
A23: 16 | C23: DİF | D23: 515380 | E23: Диф. авт. NXBLE-63YH 1P+N C16 30mA тип AC 6kA | F23: 5104 | G23: =F23*$B$2 -> 3062.4 | H23: =G23*I23 -> 6124.8 | I23: 2 | J23: шт. | K23: CHINT
A24: 17 | C24: montaj | E24: Монтажный материал | H24: =$B$3*SUM(H20:H23) -> 1269.258 | I24: 1 | J24: компл.
A25: 18 | C25: işçilik | E25: Монтажная работа | H25: =$B$4*SUM(H20:H23) -> 2115.43 | I25: 1 | J25: компл.
B26: Toplam ЩО-1 | H26: =SUBTOTAL(9,H20:H25) -> 45693.288
A27: 19 | B27: ЩО-2 | E27: Щит осветительный ЩО-2 (ЩРв-24) | I27: 1 | J27: компл. | K27: CHINT+TEKSAN
A28: 20 | C28: korpus | D28: 713-15010 | E28: Щит мет. ЩРв-24 б/о 320х405х120 IP31 (TEKSAN) | F28: 11150 | G28: =F28*$B$5 -> 11150 | H28: =G28*I28 -> 11150 | I28: 1 | J28: шт. | K28: TEKSAN
A29: 21 | C29: OTO | D29: 179703 | E29: Авт. выкл. NB1-63 3P 25А 6кА х-ка C | F29: 7907 | G29: =F29*$B$2 -> 4744.2 | H29: =G29*I29 -> 4744.2 | I29: 1 | J29: шт. | K29: CHINT
A30: 22 | C30: OTO | D30: 179616 | E30: Авт. выкл. NB1-63 1P 16А 6кА х-ка C | F30: 2818 | G30: =F30*$B$2 -> 1690.8 | H30: =G30*I30 -> 15217.2 | I30: 9 | J30: шт. | K30: CHINT
A31: 23 | C31: DİF | D31: 515380 | E31: Диф. авт. NXBLE-63YH 1P+N C16 30mA тип AC 6kA | F31: 5104 | G31: =F31*$B$2 -> 3062.4 | H31: =G31*I31 -> 6124.8 | I31: 2 | J31: шт. | K31: CHINT
A32: 24 | C32: montaj | E32: Монтажный материал | H32: =$B$3*SUM(H28:H31) -> 1117.086 | I32: 1 | J32: компл.
A33: 25 | C33: işçilik | E33: Монтажная работа | H33: =$B$4*SUM(H28:H31) -> 1861.81 | I33: 1 | J33: компл.
B34: Toplam ЩО-2 | H34: =SUBTOTAL(9,H28:H33) -> 40215.096
A35: 26 | B35: ЩО-3 | E35: Щит осветительный ЩО-3 (ЩРв-24) | I35: 1 | J35: компл. | K35: CHINT+TEKSAN
A36: 27 | C36: korpus | D36: 713-15010 | E36: Щит мет. ЩРв-24 б/о 320х405х120 IP31 (TEKSAN) | F36: 11150 | G36: =F36*$B$5 -> 11150 | H36: =G36*I36 -> 11150 | I36: 1 | J36: шт. | K36: TEKSAN
A37: 28 | C37: OTO | D37: 179703 | E37: Авт. выкл. NB1-63 3P 25А 6кА х-ка C | F37: 7907 | G37: =F37*$B$2 -> 4744.2 | H37: =G37*I37 -> 4744.2 | I37: 1 | J37: шт. | K37: CHINT
A38: 29 | C38: OTO | D38: 179616 | E38: Авт. выкл. NB1-63 1P 16А 6кА х-ка C | F38: 2818 | G38: =F38*$B$2 -> 1690.8 | H38: =G38*I38 -> 20289.6 | I38: 12 | J38: шт. | K38: CHINT
A39: 30 | C39: DİF | D39: 515380 | E39: Диф. авт. NXBLE-63YH 1P+N C16 30mA тип AC 6kA | F39: 5104 | G39: =F39*$B$2 -> 3062.4 | H39: =G39*I39 -> 6124.8 | I39: 2 | J39: шт. | K39: CHINT
A40: 31 | C40: montaj | E40: Монтажный материал | H40: =$B$3*SUM(H36:H39) -> 1269.258 | I40: 1 | J40: компл.
A41: 32 | C41: işçilik | E41: Монтажная работа | H41: =$B$4*SUM(H36:H39) -> 2115.43 | I41: 1 | J41: компл.
B42: Toplam ЩО-3 | H42: =SUBTOTAL(9,H36:H41) -> 45693.288
A43: 33 | B43: ЩО-4 | E43: Щит осветительный ЩО-4 (ЩРв-24) | I43: 1 | J43: компл. | K43: CHINT+TEKSAN
A44: 34 | C44: korpus | D44: 713-15010 | E44: Щит мет. ЩРв-24 б/о 320х405х120 IP31 (TEKSAN) | F44: 11150 | G44: =F44*$B$5 -> 11150 | H44: =G44*I44 -> 11150 | I44: 1 | J44: шт. | K44: TEKSAN
A45: 35 | C45: OTO | D45: 179703 | E45: Авт. выкл. NB1-63 3P 25А 6кА х-ка C | F45: 7907 | G45: =F45*$B$2 -> 4744.2 | H45: =G45*I45 -> 4744.2 | I45: 1 | J45: шт. | K45: CHINT
A46: 36 | C46: OTO | D46: 179616 | E46: Авт. выкл. NB1-63 1P 16А 6кА х-ка C | F46: 2818 | G46: =F46*$B$2 -> 1690.8 | H46: =G46*I46 -> 21980.4 | I46: 13 | J46: шт. | K46: CHINT
A47: 37 | C47: DİF | D47: 515380 | E47: Диф. авт. NXBLE-63YH 1P+N C16 30mA тип AC 6kA | F47: 5104 | G47: =F47*$B$2 -> 3062.4 | H47: =G47*I47 -> 6124.8 | I47: 2 | J47: шт. | K47: CHINT
A48: 38 | C48: montaj | E48: Монтажный материал | H48: =$B$3*SUM(H44:H47) -> 1319.982 | I48: 1 | J48: компл.
A49: 39 | C49: işçilik | E49: Монтажная работа | H49: =$B$4*SUM(H44:H47) -> 2199.97 | I49: 1 | J49: компл.
B50: Toplam ЩО-4 | H50: =SUBTOTAL(9,H44:H49) -> 47519.352
A51: 40 | B51: ЩАО-1 | E51: Щит авар. освещения ЩАО-1 (ЩРв-9) | I51: 1 | J51: компл. | K51: CHINT+TEKSAN
A52: 41 | C52: korpus | D52: 713-15037 | E52: Щит мет. ЩРв-9 275х320х120 (TEKSAN) | F52: 7590 | G52: =F52*$B$5 -> 7590 | H52: =G52*I52 -> 7590 | I52: 1 | J52: шт. | K52: TEKSAN
A53: 42 | C53: OTO | D53: 179703 | E53: Авт. выкл. NB1-63 3P 25А 6кА х-ка C | F53: 7907 | G53: =F53*$B$2 -> 4744.2 | H53: =G53*I53 -> 4744.2 | I53: 1 | J53: шт. | K53: CHINT
A54: 43 | C54: OTO | D54: 179616 | E54: Авт. выкл. NB1-63 1P 16А 6кА х-ка C | F54: 2818 | G54: =F54*$B$2 -> 1690.8 | H54: =G54*I54 -> 6763.2 | I54: 4 | J54: шт. | K54: CHINT
A55: 44 | C55: montaj | E55: Монтажный материал | H55: =$B$3*SUM(H52:H54) -> 572.922 | I55: 1 | J55: компл.
A56: 45 | C56: işçilik | E56: Монтажная работа | H56: =$B$4*SUM(H52:H54) -> 954.87 | I56: 1 | J56: компл.
B57: Toplam ЩАО-1 | H57: =SUBTOTAL(9,H52:H56) -> 20625.192
A58: 46 | B58: ЩАО-2 | E58: Щит авар. освещения ЩАО-2 (ЩРв-9) | I58: 1 | J58: компл. | K58: CHINT+TEKSAN
A59: 47 | C59: korpus | D59: 713-15037 | E59: Щит мет. ЩРв-9 275х320х120 (TEKSAN) | F59: 7590 | G59: =F59*$B$5 -> 7590 | H59: =G59*I59 -> 7590 | I59: 1 | J59: шт. | K59: TEKSAN
A60: 48 | C60: OTO | D60: 179703 | E60: Авт. выкл. NB1-63 3P 25А 6кА х-ка C | F60: 7907 | G60: =F60*$B$2 -> 4744.2 | H60: =G60*I60 -> 4744.2 | I60: 1 | J60: шт. | K60: CHINT
A61: 49 | C61: OTO | D61: 179616 | E61: Авт. выкл. NB1-63 1P 16А 6кА х-ка C | F61: 2818 | G61: =F61*$B$2 -> 1690.8 | H61: =G61*I61 -> 5072.4 | I61: 3 | J61: шт. | K61: CHINT
A62: 50 | C62: montaj | E62: Монтажный материал | H62: =$B$3*SUM(H59:H61) -> 522.198 | I62: 1 | J62: компл.
A63: 51 | C63: işçilik | E63: Монтажная работа | H63: =$B$4*SUM(H59:H61) -> 870.33 | I63: 1 | J63: компл.
B64: Toplam ЩАО-2 | H64: =SUBTOTAL(9,H59:H63) -> 18799.128
A65: 52 | B65: ЩС-1 | E65: Щит силовой ЩС-1 (ЩРв-36) | I65: 1 | J65: компл. | K65: CHINT+TEKSAN
A66: 53 | C66: korpus | D66: 713-15030 | E66: Щит мет. ЩРв-36 550х320х120 (TEKSAN) | F66: 10170 | G66: =F66*$B$5 -> 10170 | H66: =G66*I66 -> 10170 | I66: 1 | J66: шт. | K66: TEKSAN
A67: 54 | C67: OTO | D67: 179703 | E67: Авт. выкл. NB1-63 3P 25А 6кА х-ка C | F67: 7907 | G67: =F67*$B$2 -> 4744.2 | H67: =G67*I67 -> 4744.2 | I67: 1 | J67: шт. | K67: CHINT
A68: 55 | C68: DİF | D68: 515380 | E68: Диф. авт. NXBLE-63YH 1P+N C16 30mA тип AC 6kA | F68: 5104 | G68: =F68*$B$2 -> 3062.4 | H68: =G68*I68 -> 27561.6 | I68: 9 | J68: шт. | K68: CHINT
A69: 56 | C69: montaj | E69: Монтажный материал | H69: =$B$3*SUM(H66:H68) -> 1274.274 | I69: 1 | J69: компл.
A70: 57 | C70: işçilik | E70: Монтажная работа | H70: =$B$4*SUM(H66:H68) -> 2123.79 | I70: 1 | J70: компл.
B71: Toplam ЩС-1 | H71: =SUBTOTAL(9,H66:H70) -> 45873.864
A72: 58 | B72: ЩС-2 | E72: Щит силовой ЩС-2 (ЩРв-48) | I72: 1 | J72: компл. | K72: CHINT+TEKSAN
A73: 59 | C73: korpus | D73: 719-15925 | E73: Щит мет. ЩРв-48з-3 620х310х120 (TEKSAN) | F73: 16670 | G73: =F73*$B$5 -> 16670 | H73: =G73*I73 -> 16670 | I73: 1 | J73: шт. | K73: TEKSAN
A74: 60 | C74: OTO | D74: 179703 | E74: Авт. выкл. NB1-63 3P 25А 6кА х-ка C | F74: 7907 | G74: =F74*$B$2 -> 4744.2 | H74: =G74*I74 -> 4744.2 | I74: 1 | J74: шт. | K74: CHINT
A75: 61 | C75: DİF | D75: 515387 | E75: Диф. авт. NXBLE-63YH 1P+N C20 30mA тип AC 6kA | F75: 5632 | G75: =F75*$B$2 -> 3379.2 | H75: =G75*I75 -> 3379.2 | I75: 1 | J75: шт. | K75: CHINT
A76: 62 | C76: DİF | D76: 515380 | E76: Диф. авт. NXBLE-63YH 1P+N C16 30mA тип AC 6kA | F76: 5104 | G76: =F76*$B$2 -> 3062.4 | H76: =G76*I76 -> 33686.4 | I76: 11 | J76: шт. | K76: CHINT
A77: 63 | C77: montaj | E77: Монтажный материал | H77: =$B$3*SUM(H73:H76) -> 1754.394 | I77: 1 | J77: компл.
A78: 64 | C78: işçilik | E78: Монтажная работа | H78: =$B$4*SUM(H73:H76) -> 2923.99 | I78: 1 | J78: компл.
B79: Toplam ЩС-2 | H79: =SUBTOTAL(9,H73:H78) -> 63158.184
A80: 65 | B80: ЩС-3 | E80: Щит силовой ЩС-3 (ЩРв-54→72) | I80: 1 | J80: компл. | K80: CHINT+TEKSAN
A81: 66 | C81: korpus | D81: 713-15024 | E81: Щит мет. ЩРв-72 670х450х125 (TEKSAN) | F81: 23650 | G81: =F81*$B$5 -> 23650 | H81: =G81*I81 -> 23650 | I81: 1 | J81: шт. | K81: TEKSAN
A82: 67 | C82: OTO | D82: 179703 | E82: Авт. выкл. NB1-63 3P 25А 6кА х-ка C | F82: 7907 | G82: =F82*$B$2 -> 4744.2 | H82: =G82*I82 -> 4744.2 | I82: 1 | J82: шт. | K82: CHINT
A83: 68 | C83: OTO | D83: 179700 | E83: Авт. выкл. NB1-63 3P 16А 6кА х-ка C | F83: 7697 | G83: =F83*$B$2 -> 4618.2 | H83: =G83*I83 -> 9236.4 | I83: 2 | J83: шт. | K83: CHINT
A84: 69 | C84: DİF | D84: 515387 | E84: Диф. авт. NXBLE-63YH 1P+N C20 30mA тип AC 6kA | F84: 5632 | G84: =F84*$B$2 -> 3379.2 | H84: =G84*I84 -> 3379.2 | I84: 1 | J84: шт. | K84: CHINT
A85: 70 | C85: DİF | D85: 515380 | E85: Диф. авт. NXBLE-63YH 1P+N C16 30mA тип AC 6kA | F85: 5104 | G85: =F85*$B$2 -> 3062.4 | H85: =G85*I85 -> 33686.4 | I85: 11 | J85: шт. | K85: CHINT
A86: 71 | C86: montaj | E86: Монтажный материал | H86: =$B$3*SUM(H81:H85) -> 2240.886 | I86: 1 | J86: компл.
A87: 72 | C87: işçilik | E87: Монтажная работа | H87: =$B$4*SUM(H81:H85) -> 3734.81 | I87: 1 | J87: компл.
B88: Toplam ЩС-3 | H88: =SUBTOTAL(9,H81:H87) -> 80671.896
A89: 73 | B89: ЩС-4 | E89: Щит силовой ЩС-4 (ЩРв-36) | I89: 1 | J89: компл. | K89: CHINT+TEKSAN
A90: 74 | C90: korpus | D90: 713-15030 | E90: Щит мет. ЩРв-36 550х320х120 (TEKSAN) | F90: 10170 | G90: =F90*$B$5 -> 10170 | H90: =G90*I90 -> 10170 | I90: 1 | J90: шт. | K90: TEKSAN
A91: 75 | C91: OTO | D91: 179703 | E91: Авт. выкл. NB1-63 3P 25А 6кА х-ка C | F91: 7907 | G91: =F91*$B$2 -> 4744.2 | H91: =G91*I91 -> 4744.2 | I91: 1 | J91: шт. | K91: CHINT
A92: 76 | C92: OTO | D92: 179700 | E92: Авт. выкл. NB1-63 3P 16А 6кА х-ка C | F92: 7697 | G92: =F92*$B$2 -> 4618.2 | H92: =G92*I92 -> 9236.4 | I92: 2 | J92: шт. | K92: CHINT
A93: 77 | C93: OTO | D93: 179619 | E93: Авт. выкл. NB1-63 1P 25А 6кА х-ка C | F93: 2869 | G93: =F93*$B$2 -> 1721.4 | H93: =G93*I93 -> 1721.4 | I93: 1 | J93: шт. | K93: CHINT
A94: 78 | C94: OTO | D94: 179616 | E94: Авт. выкл. NB1-63 1P 16А 6кА х-ка C | F94: 2818 | G94: =F94*$B$2 -> 1690.8 | H94: =G94*I94 -> 6763.2 | I94: 4 | J94: шт. | K94: CHINT
A95: 79 | C95: DİF | D95: 515380 | E95: Диф. авт. NXBLE-63YH 1P+N C16 30mA тип AC 6kA | F95: 5104 | G95: =F95*$B$2 -> 3062.4 | H95: =G95*I95 -> 15312 | I95: 5 | J95: шт. | K95: CHINT
A96: 80 | C96: montaj | E96: Монтажный материал | H96: =$B$3*SUM(H90:H95) -> 1438.416 | I96: 1 | J96: компл.
A97: 81 | C97: işçilik | E97: Монтажная работа | H97: =$B$4*SUM(H90:H95) -> 2397.36 | I97: 1 | J97: компл.
B98: Toplam ЩС-4 | H98: =SUBTOTAL(9,H90:H97) -> 51782.976
A99: 82 | B99: ЩС-5 | E99: Щит силовой ЩС-5/ЩСВ (ЩРв-36) | I99: 1 | J99: компл. | K99: CHINT+TEKSAN
A100: 83 | C100: korpus | D100: 713-15030 | E100: Щит мет. ЩРв-36 550х320х120 (TEKSAN) | F100: 10170 | G100: =F100*$B$5 -> 10170 | H100: =G100*I100 -> 10170 | I100: 1 | J100: шт. | K100: TEKSAN
...

Sheet СВОД
A1: СВОД — Panolar özeti — Atırau 250 kişilik okul (24-2024-ЭЛ) — CHINT apparat + TEKSAN korpus
A3: № | B3: Пано | C3: Пано tipi / gövde | D3: Cihaz özeti | E3: Tutar KZT (netto+montaj)
A4: 1 | B4: ВРУ | C4: ЩРн-7-2 PR (gövde teyit) | D4: АВР NH40-125 ×1; ППН çıkış 10 (50A×4,40A×3,32A×1,25A×2) fuse-switch | E4: =BOM!H18 -> 444326.47
A5: 2 | B5: ЩО-1 | C5: ЩРв-24 | D5: Ввод 3P25A ×1; 1P16A ×12; RCBO16 ×2 | E5: =BOM!H26 -> 45693.288
A6: 3 | B6: ЩО-2 | C6: ЩРв-24 | D6: Ввод 3P25A ×1; 1P16A ×9; RCBO16 ×2 | E6: =BOM!H34 -> 40215.096
A7: 4 | B7: ЩО-3 | C7: ЩРв-24 | D7: Ввод 3P25A ×1; 1P16A ×12; RCBO16 ×2 | E7: =BOM!H42 -> 45693.288
A8: 5 | B8: ЩО-4 | C8: ЩРв-24 | D8: Ввод 3P25A ×1; 1P16A ×13; RCBO16 ×2 | E8: =BOM!H50 -> 47519.352
A9: 6 | B9: ЩАО-1 | C9: ЩРв-9 | D9: Ввод 3P25A ×1; 1P16A ×4 | E9: =BOM!H57 -> 20625.192
A10: 7 | B10: ЩАО-2 | C10: ЩРв-9 | D10: Ввод 3P25A ×1; 1P16A ×3 | E10: =BOM!H64 -> 18799.128
A11: 8 | B11: ЩС-1 | C11: ЩРв-36 | D11: Ввод 3P25A ×1; RCBO16 ×9 | E11: =BOM!H71 -> 45873.864
A12: 9 | B12: ЩС-2 | C12: ЩРв-48 | D12: Ввод 3P25A ×1; RCBO20 ×1; RCBO16 ×11 | E12: =BOM!H79 -> 63158.184
A13: 10 | B13: ЩС-3 | C13: ЩРв-72 (spec 54) | D13: Ввод 3P25A ×1; 3P16A ×2; RCBO20 ×1; RCBO16 ×11 | E13: =BOM!H88 -> 80671.896
A14: 11 | B14: ЩС-4 | C14: ЩРв-36 | D14: Ввод 3P25A ×1; 3P16A ×2; 1P25A ×1; 1P16A ×4; RCBO16 ×5 | E14: =BOM!H98 -> 51782.976
A15: 12 | B15: ЩС-5 | C15: ЩРв-36 | D15: Ввод 3P25A ×1; 3P16A ×5; RCBO16 ×2 | E15: =BOM!H106 -> 47660.4
A16: 13 | B16: ЩС-6 | C16: ЩРв-18 | D16: Ввод 3P25A ×1; 3P16A ×4 | E16: =BOM!H113 -> 41198.76
B17: GENEL TOPLAM | E17: =SUM(E4:E16) -> 993217.9
A19: Metraj notu: 40A gab0 sigorta stok 3 ad. (9 gerekli) — sipariş; ATS stok 1 — rezerve; sayaç+akım trafosu (СА4У 100/5) ayrı metraj (SAİMAN/şebeke)
A21: Cihaz toplamları (dağıtım panoları)
A22: Cihaz | B22: Артикул | C22: Adet | D22: Liste KZT | E22: Netto KZT | F22: Toplam netto KZT
A23: NB1-63 3P C25 (ввод) | B23: 179703 | C23: 12 | D23: 7907 | E23: =D23*BOM!$B$2 -> 4744.2 | F23: =C23*E23 -> 56930.4
A24: NB1-63 1P C16 | B24: 179616 | C24: 57 | D24: 2818 | E24: =D24*BOM!$B$2 -> 1690.8 | F24: =C24*E24 -> 96375.6
A25: NB1-63 1P C25 | B25: 179619 | C25: 1 | D25: 2869 | E25: =D25*BOM!$B$2 -> 1721.4 | F25: =C25*E25 -> 1721.4
A26: NB1-63 3P C16 | B26: 179700 | C26: 13 | D26: 7697 | E26: =D26*BOM!$B$2 -> 4618.2 | F26: =C26*E26 -> 60036.6
A27: NXBLE-63YH 1P+N C16 30mA | B27: 515380 | C27: 46 | D27: 5104 | E27: =D27*BOM!$B$2 -> 3062.4 | F27: =C27*E27 -> 140870.4
A28: NXBLE-63YH 1P+N C20 30mA | B28: 515387 | C28: 2 | D28: 5632 | E28: =D28*BOM!$B$2 -> 3379.2 | F28: =C28*E28 -> 6758.4
A29: Korpuslar (TEKSAN)
A30: Щит мет. ЩРв-24 б/о 320х405х120 IP31 | B30: 713-15010 | C30: 4 | D30: 11150 | E30: =D30*BOM!$B$5 -> 11150 | F30: =C30*E30 -> 44600
A31: Щит мет. ЩРв-9 275х320х120 | B31: 713-15037 | C31: 2 | D31: 7590 | E31: =D31*BOM!$B$5 -> 7590 | F31: =C31*E31 -> 15180
A32: Щит мет. ЩРв-36 550х320х120 | B32: 713-15030 | C32: 3 | D32: 10170 | E32: =D32*BOM!$B$5 -> 10170 | F32: =C32*E32 -> 30510
A33: Щит мет. ЩРв-48з-3 620х310х120 | B33: 719-15925 | C33: 1 | D33: 16670 | E33: =D33*BOM!$B$5 -> 16670 | F33: =C33*E33 -> 16670
A34: Щит мет. ЩРв-72 670х450х125 | B34: 713-15024 | C34: 1 | D34: 23650 | E34: =D34*BOM!$B$5 -> 23650 | F34: =C34*E34 -> 23650
A35: Щит мет. ЩРв-1/18 277х450х120 IP31 | B35: 713-15007 | C35: 1 | D35: 14930 | E35: =D35*BOM!$B$5 -> 14930 | F35: =C35*E35 -> 14930
A36: Щит мет. ЩРн-7-2 PR 1320х750х300 IP54 | B36: 714-15112 | C36: 1 | D36: 71190 | E36: =D36*BOM!$B$5 -> 71190 | F36: =C36*E36 -> 71190
