Workbook

Sheet ÖZET
A1: AKTÖBE FUTBOL STADI - METAL KONSTRÜKSİYON BOM
A4: Proje | B4: Aktöbe Futbol Stadı (II. etap)
A5: Ana kaynak | B5: №73-ПД-1-КМ, pafta 2 - Спецификация металлопроката
A6: BOM seviyesi | B6: KM tasarım metrajı; KMD kesim/adet listesi değildir
A8: ÖZET | B8: Tasarım miktarı (t) | D8: PLANLAMA PARAMETRESİ | E8: Değer
A9: I profiller | B9: =SUMIF(BOM!$B$7:$B$30,A9,BOM!$L$7:$L$30) -> 530 | D9: Kaynak dikişi payı | E9: 0.015
A10: Bükme kanallar | B10: =SUMIF(BOM!$B$7:$B$30,A10,BOM!$L$7:$L$30) -> 116 | D10: KMD netleştirme payı | E10: 0.03
A11: Kutu profiller | B11: =SUMIF(BOM!$B$7:$B$30,A11,BOM!$L$7:$L$30) -> 34.5 | D11: Toplam planlama katsayısı | E11: =1+E9+E10 -> 1.045
A12: Yuvarlak çelik Ø20 | B12: =SUMIF(BOM!$B$7:$B$30,A12,BOM!$L$7:$L$30) -> 6
A13: Levhalar | B13: =SUMIF(BOM!$B$7:$B$30,A13,BOM!$L$7:$L$30) -> 1546 | D13: Planlama miktarı (t) | E13: =B14*E11 -> 2332.9625
A14: TOPLAM | B14: =SUM(BOM!$L$7:$L$30) -> 2232.5
D15: Kontrol | E15: =B14-2232.5 -> 0
D16: Beklenen kontrol | E16: 0,0 t
A18: ÖNEMLİ: KM albümü toplam tonaj verir. Adet, tekil parça boyu, kesim optimizasyonu ve kaynaklı imalat pozları için KMD çizimleri gereklidir. Bu nedenle BOM’daki “Adet/Boy” alanları bilinçli olarak boş bırakılmıştır; tahmin yapılmamıştır.

Sheet BOM
A1: METAL PROFİL VE LEVHA BOM - №73-ПД-1-КМ
A4: Parametre | B4: Değer | C4: Açıklama
A5: Planlama katsayısı | B5: 1.045 | C5: %1,5 kaynak + %3 KMD netleştirme
A6: Poz | B6: Malzeme grubu | C6: Profil / kalınlık | D6: Çelik sınıfı | E6: Standart | F6: Ramalar ve kirişler (t) | G6: Aşıklar ve bağlar (t) | H6: Çelik karkas (t) | I6: Adet | J6: Tekil boy (mm) | K6: Toplam boy (m) | L6: Tasarım miktarı (t) | M6: Planlama miktarı (t) | N6: Durum | O6: Kaynak
A7: I-01 | B7: I profiller | C7: I25Б1 | D7: C245 | E7: GOST 35087-2024 | F7: 0 | G7: 360 | H7: 0 | L7: 360 | M7: =L7*$B$5 -> 376.2 | N7: KM metrajı | O7: KM p.2
A8: I-02 | B8: I profiller | C8: I35Б1 | D8: C245 | E8: GOST 35087-2024 | F8: 0 | G8: 95 | H8: 0 | L8: 95 | M8: =L8*$B$5 -> 99.275 | N8: KM metrajı | O8: KM p.2
A9: I-03 | B9: I profiller | C9: I40Б1 | D9: C245 | E9: GOST 35087-2024 | F9: 0 | G9: 30 | H9: 0 | L9: 30 | M9: =L9*$B$5 -> 31.35 | N9: KM metrajı | O9: KM p.2
A10: I-04 | B10: I profiller | C10: I25Ш1 | D10: C245 | E10: GOST 35087-2024 | F10: 0 | G10: 45 | H10: 0 | L10: 45 | M10: =L10*$B$5 -> 47.025 | N10: KM metrajı | O10: KM p.2
A11: K-01 | B11: Bükme kanallar | C11: Гн[160x80x5 | D11: C245 | E11: GOST 8278-83 | F11: 0 | G11: 0 | H11: 80 | L11: 80 | M11: =L11*$B$5 -> 83.6 | N11: KM metrajı | O11: KM p.2
A12: K-02 | B12: Bükme kanallar | C12: Гн[220x100x6 | D12: C245 | E12: GOST 8278-83 | F12: 0 | G12: 0 | H12: 26 | L12: 26 | M12: =L12*$B$5 -> 27.17 | N12: KM metrajı | O12: KM p.2
A13: K-03 | B13: Bükme kanallar | C13: Гн[250x80x5 | D13: C245 | E13: GOST 8278-83 | F13: 0 | G13: 10 | H13: 0 | L13: 10 | M13: =L13*$B$5 -> 10.45 | N13: KM metrajı | O13: KM p.2
A14: P-01 | B14: Kutu profiller | C14: Гн□80x80x4 | D14: C245 | E14: GOST 30245-2012 | F14: 0 | G14: 8 | H14: 3 | L14: 11 | M14: =L14*$B$5 -> 11.495 | N14: KM metrajı | O14: KM p.2
A15: P-02 | B15: Kutu profiller | C15: Гн□100x100x4 | D15: C245 | E15: GOST 30245-2012 | F15: 0 | G15: 13 | H15: 0 | L15: 13 | M15: =L15*$B$5 -> 13.585 | N15: KM metrajı | O15: KM p.2
A16: P-03 | B16: Kutu profiller | C16: Гн□120x120x4 | D16: C245 | E16: GOST 30245-2012 | F16: 0 | G16: 2 | H16: 0 | L16: 2 | M16: =L16*$B$5 -> 2.09 | N16: KM metrajı | O16: KM p.2
A17: P-04 | B17: Kutu profiller | C17: Гн□120x120x6 | D17: C245 | E17: GOST 30245-2012 | F17: 0 | G17: 8.5 | H17: 0 | L17: 8.5 | M17: =L17*$B$5 -> 8.8825 | N17: KM metrajı | O17: KM p.2
A18: Y-01 | B18: Yuvarlak çelik Ø20 | C18: Ø20 | D18: C245 | E18: GOST 2590-2006 | F18: 0 | G18: 0 | H18: 6 | L18: 6 | M18: =L18*$B$5 -> 6.27 | N18: KM metrajı | O18: KM p.2
... A30: L-12 | B30: Levhalar | C30: t 40 | D30: C345 | E30: GOST 19903-2015 | F30: 280 | G30: 0 | H30: 0 | L30: 280 | M30: =L30*$B$5 -> 292.6 | N30: KM metrajı | O30: KM p.2
A31: TOPLAM | L31: =SUM(L7:L30) -> 2232.5 | M31: =SUM(M7:M30) -> 2332.9625

Sheet KAPSAM_KAYNAK
A1: KAPSAM, KAYNAK VE KONTROL NOTLARI
A4: Dosya / Pafta | B4: Rol | C4: Kullanılan bilgi | D4: Dahil | E4: Hariç / Not | F4: Durum
A5: 6-ПД-КМ - Kopya.pdf / p.2 | B5: Ana kaynak | C5: Metal hadde ürünleri tonaj spesifikasyonu | D5: I profil, bükme kanal, kutu profil, Ø20, levha | E5: Adet ve kesim boyları yok | F5: Kullanıldı
A6: 6-ПД-КМ - Kopya.pdf / p.3-11 | B6: Geometri kontrolü | C6: Kolon, çatı, kiriş, aşık, kesit, çelik karkas şemaları | D6: BOM kapsamının yapı bölümleri | E6: KMD tekil parça listesi değildir | F6: Kontrol edildi
A7: КЖ Альбом 2 Часть 1 - 03.06.26 - Kopya.pdf | B7: Çapraz referans | C7: Betonarme ve çelik temas detayları | D7: Bu BOM’a doğrudan eklenmedi | E7: Donatı, beton ve gömülü parçalar ayrı disiplin | F7: Referans
A8: КЖ Альбом 2 Часть 2 - 29.05.2026 - Kopya.pdf | B8: Çapraz referans | C8: Betonarme detayları | D8: Bu BOM’a doğrudan eklenmedi | E8: Donatı, beton ve gömülü parçalar ayrı disiplin | F8: Referans
A9: КЖ Альбом 2 Часть 3 - 29.05.2026 - Kopya.pdf | B9: Çapraz referans | C9: Betonarme detayları | D9: Bu BOM’a doğrudan eklenmedi | E9: Donatı, beton ve gömülü parçalar ayrı disiplin | F9: Referans
A12: Kritik konu | B12: Gerekli belge | C12: Neden | D12: Sonraki çıktı | E12: Sorumlu | F12: Durum
A13: Adet ve tekil boy | B13: KMD | C13: Kesim listesi ve üretim pozları için | D13: Parça/adet BOM | E13: Proje/KMD | F13: BEKLENİYOR
A14: Plaka ebatları | B14: KMD | C14: Levha nesting ve fire hesabı için | D14: Sac kesim listesi | E14: Proje/KMD | F14: BEKLENİYOR
A15: Bağlantı elemanları | B15: KMD + düğüm detayları | C15: Cıvata, somun, rondela sınıf/adet için | D15: Bağlantı BOM | E15: Proje/KMD | F15: BEKLENİYOR
A16: Gömülü/ankraj parçaları | B16: KЖ + KMD koordinasyonu | C16: Betonarme kapsam sınırı için | D16: Ankraj/gömülü parça BOM | E16: Proje/KMD | F16: AYRI KAPSAM
