Workbook

Sheet Özet
A1: MALZEME İCMALİ (BOM) — Futbol Stadyumu Aktobe, I. Etap
A2: KJ Albüm 2 / Bölüm 2 — Monolitik diyaframlar (LŞM) ve asansör kuyuları (ŞLM), pafta 93–190
A3: DİKKAT: Miktarlar her çizimdeki BİR eleman içindir. Bina genelindeki toplam için KJ-62 yerleşim planındaki eleman adetleriyle çarpılmalıdır.
A5: 1) DONATI — Çap ve sınıf bazında
A6: Çap (mm) | B6: Sınıf | C6: Standart | D6: Birim kütle (kg/m) | E6: Toplam boy (m) | F6: Kütle-hesap (kg) | G6: Kütle-proje (kg) | H6: Kütle-proje (ton)
A7: 8 | B7: A240 | C7: ГОСТ 34028-2016 | D7: 0.395 | E7: =ROUND(SUMIFS('Detay-Poz Listesi'!$J$5:$J$487,'Detay-Poz Listesi'!$D$5:$D$487,A7,'Detay-Poz Listesi'!$E$5:$E$487,B7),2) -> 5549.61 | F7: =ROUND(SUMIFS('Detay-Poz Listesi'!$K$5:$K$487,'Detay-Poz Listesi'!$D$5:$D$487,A7,'Detay-Poz Listesi'!$E$5:$E$487,B7),2) -> 2192.05 | G7: =ROUND(SUMIFS('Detay-Poz Listesi'!$L$5:$L$487,'Detay-Poz Listesi'!$D$5:$D$487,A7,'Detay-Poz Listesi'!$E$5:$E$487,B7),2) -> 2192.05 | H7: =ROUND(G7/1000,3) -> 2.192
A8: 14 | B8: A400 | C8: ГОСТ 34028-2016 | D8: 1.208 | E8: =ROUND(SUMIFS('Detay-Poz Listesi'!$J$5:$J$487,'Detay-Poz Listesi'!$D$5:$D$487,A8,'Detay-Poz Listesi'!$E$5:$E$487,B8),2) -> 277.34 | F8: =ROUND(SUMIFS('Detay-Poz Listesi'!$K$5:$K$487,'Detay-Poz Listesi'!$D$5:$D$487,A8,'Detay-Poz Listesi'!$E$5:$E$487,B8),2) -> 335.03 | G8: =ROUND(SUMIFS('Detay-Poz Listesi'!$L$5:$L$487,'Detay-Poz Listesi'!$D$5:$D$487,A8,'Detay-Poz Listesi'!$E$5:$E$487,B8),2) -> 856.57 | H8: =ROUND(G8/1000,3) -> 0.857
A9: 14 | B9: A500 | C9: ГОСТ 34028-2016 | D9: 1.208 | E9: =ROUND(SUMIFS('Detay-Poz Listesi'!$J$5:$J$487,'Detay-Poz Listesi'!$D$5:$D$487,A9,'Detay-Poz Listesi'!$E$5:$E$487,B9),2) -> 26787.69 | F9: =ROUND(SUMIFS('Detay-Poz Listesi'!$K$5:$K$487,'Detay-Poz Listesi'!$D$5:$D$487,A9,'Detay-Poz Listesi'!$E$5:$E$487,B9),2) -> 32359.32 | G9: =ROUND(SUMIFS('Detay-Poz Listesi'!$L$5:$L$487,'Detay-Poz Listesi'!$D$5:$D$487,A9,'Detay-Poz Listesi'!$E$5:$E$487,B9),2) -> 32395.64 | H9: =ROUND(G9/1000,3) -> 32.396
A10: 16 | B10: A500 | C10: ГОСТ 34028-2016 | D10: 1.578 | E10: =ROUND(SUMIFS('Detay-Poz Listesi'!$J$5:$J$487,'Detay-Poz Listesi'!$D$5:$D$487,A10,'Detay-Poz Listesi'!$E$5:$E$487,B10),2) -> 2068.39 | F10: =ROUND(SUMIFS('Detay-Poz Listesi'!$K$5:$K$487,'Detay-Poz Listesi'!$D$5:$D$487,A10,'Detay-Poz Listesi'!$E$5:$E$487,B10),2) -> 3263.9 | G10: =ROUND(SUMIFS('Detay-Poz Listesi'!$L$5:$L$487,'Detay-Poz Listesi'!$D$5:$D$487,A10,'Detay-Poz Listesi'!$E$5:$E$487,B10),2) -> 3263.9 | H10: =ROUND(G10/1000,3) -> 3.264
A11: TOPLAM DONATI | E11: =ROUND(SUM(E7:E10),3) -> 34683.03 | F11: =ROUND(SUM(F7:F10),3) -> 38150.3 | G11: =ROUND(SUM(G7:G10),3) -> 38708.16 | H11: =ROUND(SUM(H7:H10),3) -> 38.709
A13: 2) BETON ve YALITIM
A14: Kalem | B14: Şartname | C14: Birim | D14: Miktar
A15: Beton | B15: C25/30 W10 F150 | C15: m³ | D15: ='Eleman Bazında'!H104 -> 652.44
A16: Su yalıtımı | B16: BN 70/30 (ГОСТ 6617-2021) | C16: m² | D16: ='Eleman Bazında'!I104 -> 329.57
A17: Not: Bitüm miktarı '1 kat için m²' olarak verilmiştir; şartname 2 kat ister → satın almada 2× alın.
A18: Beton: 0.000 kotu altındaki tüm elemanlarda sülfata dayanıklı çimento ile, C25/30 W10 F150 (genel notlar, pafta 92). Yalıtım: toprakla temas eden yüzeylerde sıcak bitümle 2 kat.

Sheet Kesim Listesi
A1: KESİM & BÜKÜM LİSTESİ (üretim için) — çap × sınıf × boy bazında konsolide
A2: Adetler BİR eleman içindir. 'mtül' satırları çizimde boy verilmeden metretül olarak tanımlanmıştır — kesim boyu şantiyede bindirmeye göre belirlenir.
A4: Çap (mm) | B4: Sınıf | C4: Boy (mm) | D4: Şekil / Büküm | E4: Toplam adet | F4: Toplam boy (m) | G4: Kütle (kg) | H4: Geçtiği pafta sayısı
A5: 8 | B5: A240 | C5: 630 | D5: Etriye/fikstur: 460 duz + 2x80 kanca (L=630) | E5: =SUMIFS('Detay-Poz Listesi'!$G$5:$G$487,'Detay-Poz Listesi'!$D$5:$D$487,A5,'Detay-Poz Listesi'!$E$5:$E$487,B5,'Detay-Poz Listesi'!$F$5:$F$487,C5) -> 7083 | F5: =ROUND(SUMIFS('Detay-Poz Listesi'!$J$5:$J$487,'Detay-Poz Listesi'!$D$5:$D$487,A5,'Detay-Poz Listesi'!$E$5:$E$487,B5,'Detay-Poz Listesi'!$F$5:$F$487,C5),2) -> 4462.29 | G5: =ROUND(SUMIFS('Detay-Poz Listesi'!$L$5:$L$487,'Detay-Poz Listesi'!$D$5:$D$487,A5,'Detay-Poz Listesi'!$E$5:$E$487,B5,'Detay-Poz Listesi'!$F$5:$F$487,C5),2) -> 1762.61 | H5: 56
A6: 8 | B6: A240 | C6: 390 | D6: Etriye/fikstur: 220 duz + 2x80 kanca (L=390) | E6: =SUMIFS('Detay-Poz Listesi'!$G$5:$G$487,'Detay-Poz Listesi'!$D$5:$D$487,A6,'Detay-Poz Listesi'!$E$5:$E$487,B6,'Detay-Poz Listesi'!$F$5:$F$487,C6) -> 2788 | F6: =ROUND(SUMIFS('Detay-Poz Listesi'!$J$5:$J$487,'Detay-Poz Listesi'!$D$5:$D$487,A6,'Detay-Poz Listesi'!$E$5:$E$487,B6,'Detay-Poz Listesi'!$F$5:$F$487,C6),2) -> 1087.32 | G6: =ROUND(SUMIFS('Detay-Poz Listesi'!$L$5:$L$487,'Detay-Poz Listesi'!$D$5:$D$487,A6,'Detay-Poz Listesi'!$E$5:$E$487,B6,'Detay-Poz Listesi'!$F$5:$F$487,C6),2) -> 429.44 | H6: 43
A7: 14 | B7: A400 | C7: mtül | D7: Yatay dağıtma donatısı | F7: =ROUND(SUMIFS('Detay-Poz Listesi'!$H$5:$H$487,'Detay-Poz Listesi'!$D$5:$D$487,A7,'Detay-Poz Listesi'!$E$5:$E$487,B7,'Detay-Poz Listesi'!$F$5:$F$487,""),2) -> 277.34 | G7: =ROUND(SUMIFS('Detay-Poz Listesi'!$L$5:$L$487,'Detay-Poz Listesi'!$D$5:$D$487,A7,'Detay-Poz Listesi'!$E$5:$E$487,B7,'Detay-Poz Listesi'!$F$5:$F$487,""),2) -> 856.57 | H7: 2
A8: 14 | B8: A500 | C8: 3350 | D8: Düz çubuk | E8: =SUMIFS('Detay-Poz Listesi'!$G$5:$G$487,'Detay-Poz Listesi'!$D$5:$D$487,A8,'Detay-Poz Listesi'!$E$5:$E$487,B8,'Detay-Poz Listesi'!$F$5:$F$487,C8) -> 1949 | F8: =ROUND(SUMIFS('Detay-Poz Listesi'!$J$5:$J$487,'Detay-Poz Listesi'!$D$5:$D$487,A8,'Detay-Poz Listesi'!$E$5:$E$487,B8,'Detay-Poz Listesi'!$F$5:$F$487,C8),2) -> 6529.15 | G8: =ROUND(SUMIFS('Detay-Poz Listesi'!$L$5:$L$487,'Detay-Poz Listesi'!$D$5:$D$487,A8,'Detay-Poz Listesi'!$E$5:$E$487,B8,'Detay-Poz Listesi'!$F$5:$F$487,C8),2) -> 7887.16 | H8: 96
A9: 14 | B9: A500 | C9: 3280 | D9: Düz çubuk | E9: =SUMIFS('Detay-Poz Listesi'!$G$5:$G$487,'Detay-Poz Listesi'!$D$5:$D$487,A9,'Detay-Poz Listesi'!$E$5:$E$487,B9,'Detay-Poz Listesi'!$F$5:$F$487,C9) -> 40 | F9: =ROUND(SUMIFS('Detay-Poz Listesi'!$J$5:$J$487,'Detay-Poz Listesi'!$D$5:$D$487,A9,'Detay-Poz Listesi'!$E$5:$E$487,B9,'Detay-Poz Listesi'!$F$5:$F$487,C9),2) -> 131.2 | G9: =ROUND(SUMIFS('Detay-Poz Listesi'!$L$5:$L$487,'Detay-Poz Listesi'!$D$5:$D$487,A9,'Detay-Poz Listesi'!$E$5:$E$487,B9,'Detay-Poz Listesi'!$F$5:$F$487,C9),2) -> 158.49 | H9: 1
A10: 14 | B10: A500 | C10: 3260 | D10: Düz çubuk | E10: =SUMIFS('Detay-Poz Listesi'!$G$5:$G$487,'Detay-Poz Listesi'!$D$5:$D$487,A10,'Detay-Poz Listesi'!$E$5:$E$487,B10,'Detay-Poz Listesi'!$F$5:$F$487,C10) -> 38 | F10: =ROUND(SUMIFS('Detay-Poz Listesi'!$J$5:$J$487,'Detay-Poz Listesi'!$D$5:$D$487,A10,'Detay-Poz Listesi'!$E$5:$E$487,B10,'Detay-Poz Listesi'!$F$5:$F$487,C10),2) -> 123.88 | G10: =ROUND(SUMIFS('Detay-Poz Listesi'!$L$5:$L$487,'Detay-Poz Listesi'!$D$5:$D$487,A10,'Detay-Poz Listesi'!$E$5:$E$487,B10,'Detay-Poz Listesi'!$F$5:$F$487,C10),2) -> 149.65 | H10: 1
A11: 14 | B11: A500 | C11: 2930 | D11: Düz çubuk | E11: =SUMIFS('Detay-Poz Listesi'!$G$5:$G$487,'Detay-Poz Listesi'!$D$5:$D$487,A11,'Detay-Poz Listesi'!$E$5:$E$487,B11,'Detay-Poz Listesi'!$F$5:$F$487,C11) -> 1955 | F11: =ROUND(SUMIFS('Detay-Poz Listesi'!$J$5:$J$487,'Detay-Poz Listesi'!$D$5:$D$487,A11,'Detay-Poz Listesi'!$E$5:$E$487,B11,'Detay-Poz Listesi'!$F$5:$F$487,C11),2) -> 5728.15 | G11: =ROUND(SUMIFS('Detay-Poz Listesi'!$L$5:$L$487,'Detay-Poz Listesi'!$D$5:$D$487,A11,'Detay-Poz Listesi'!$E$5:$E$487,B11,'Detay-Poz Listesi'!$F$5:$F$487,C11),2) -> 6919.5 | H11: 96
A12: 14 | B12: A500 | C12: 2780 | D12: Düz çubuk | E12: =SUMIFS('Detay-Poz Listesi'!$G$5:$G$487,'Detay-Poz Listesi'!$D$5:$D$487,A12,'Detay-Poz Listesi'!$E$5:$E$487,B12,'Detay-Poz Listesi'!$F$5:$F$487,C12) -> 36 | F12: =ROUND(SUMIFS('Detay-Poz Listesi'!$J$5:$J$487,'Detay-Poz Listesi'!$D$5:$D$487,A12,'Detay-Poz Listesi'!$E$5:$E$487,B12,'Detay-Poz Listesi'!$F$5:$F$487,C12),2) -> 100.08 | G12: =ROUND(SUMIFS('Detay-Poz Listesi'!$L$5:$L$487,'Detay-Poz Listesi'!$D$5:$D$487,A12,'Detay-Poz Listesi'!$E$5:$E$487,B12,'Detay-Poz Listesi'!$F$5:$F$487,C12),2) -> 120.9 | H12: 1
A13: 14 | B13: A500 | C13: 2600 | D13: Düz çubuk | E13: =SUMIFS('Detay-Poz Listesi'!$G$5:$G$487,'Detay-Poz Listesi'!$D$5:$D$487,A13,'Detay-Poz Listesi'!$E$5:$E$487,B13,'Detay-Poz Listesi'!$F$5:$F$487,C13) -> 62 | F13: =ROUND(SUMIFS('Detay-Poz Listesi'!$J$5:$J$487,'Detay-Poz Listesi'!$D$5:$D$487,A13,'Detay-Poz Listesi'!$E$5:$E$487,B13,'Detay-Poz Listesi'!$F$5:$F$487,C13),2) -> 161.2 | G13: =ROUND(SUMIFS('Detay-Poz Listesi'!$L$5:$L$487,'Detay-Poz Listesi'!$D$5:$D$487,A13,'Detay-Poz Listesi'!$E$5:$E$487,B13,'Detay-Poz Listesi'!$F$5:$F$487,C13),2) -> 194.73 | H13: 4
A14: 14 | B14: A500 | C14: 2480 | D14: Düz çubuk | E14: =SUMIFS('Detay-Poz Listesi'!$G$5:$G$487,'Detay-Poz Listesi'!$D$5:$D$487,A14,'Detay-Poz Listesi'!$E$5:$E$487,B14,'Detay-Poz Listesi'!$F$5:$F$487,C14) -> 618 | F14: =ROUND(SUMIFS('Detay-Poz Listesi'!$J$5:$J$487,'Detay-Poz Listesi'!$D$5:$D$487,A14,'Detay-Poz Listesi'!$E$5:$E$487,B14,'Detay-Poz Listesi'!$F$5:$F$487,C14),2) -> 1532.64 | G14: =ROUND(SUMIFS('Detay-Poz Listesi'!$L$5:$L$487,'Detay-Poz Listesi'!$D$5:$D$487,A14,'Detay-Poz Listesi'!$E$5:$E$487,B14,'Detay-Poz Listesi'!$F$5:$F$487,C14),2) -> 1851.41 | H14: 26
A15: 14 | B15: A500 | C15: 2180 | D15: Düz çubuk | E15: =SUMIFS('Detay-Poz Listesi'!$G$5:$G$487,'Detay-Poz Listesi'!$D$5:$D$487,A15,'Detay-Poz Listesi'!$E$5:$E$487,B15,'Detay-Poz Listesi'!$F$5:$F$487,C15) -> 62 | F15: =ROUND(SUMIFS('Detay-Poz Listesi'!$J$5:$J$487,'Detay-Poz Listesi'!$D$5:$D$487,A15,'Detay-Poz Listesi'!$E$5:$E$487,B15,'Detay-Poz Listesi'!$F$5:$F$487,C15),2) -> 135.16 | G15: =ROUND(SUMIFS('Detay-Poz Listesi'!$L$5:$L$487,'Detay-Poz Listesi'!$D$5:$D$487,A15,'Detay-Poz Listesi'!$E$5:$E$487,B15,'Detay-Poz Listesi'!$F$5:$F$487,C15),2) -> 163.27 | H15: 4
A16: 14 | B16: A500 | C16: 1730 | D16: Düz çubuk | E16: =SUMIFS('Detay-Poz Listesi'!$G$5:$G$487,'Detay-Poz Listesi'!$D$5:$D$487,A16,'Detay-Poz Listesi'!$E$5:$E$487,B16,'Detay-Poz Listesi'!$F$5:$F$487,C16) -> 54 | F16: =ROUND(SUMIFS('Detay-Poz Listesi'!$J$5:$J$487,'Detay-Poz Listesi'!$D$5:$D$487,A16,'Detay-Poz Listesi'!$E$5:$E$487,B16,'Detay-Poz Listesi'!$F$5:$F$487,C16),2) -> 93.42 | G16: =ROUND(SUMIFS('Detay-Poz Listesi'!$L$5:$L$487,'Detay-Poz Listesi'!$D$5:$D$487,A16,'Detay-Poz Listesi'!$E$5:$E$487,B16,'Detay-Poz Listesi'!$F$5:$F$487,C16),2) -> 112.85 | H16: 1
A17: 14 | B17: A500 | C17: 560 | D17: Düz çubuk | E17: =SUMIFS('Detay-Poz Listesi'!$G$5:$G$487,'Detay-Poz Listesi'!$D$5:$D$487,A17,'Detay-Poz Listesi'!$E$5:$E$487,B17,'Detay-Poz Listesi'!$F$5:$F$487,C17) -> 104 | F17: =ROUND(SUMIFS('Detay-Poz Listesi'!$J$5:$J$487,'Detay-Poz Listesi'!$D$5:$D$487,A17,'Detay-Poz Listesi'!$E$5:$E$487,B17,'Detay-Poz Listesi'!$F$5:$F$487,C17),2) -> 58.24 | G17: =ROUND(SUMIFS('Detay-Poz Listesi'!$L$5:$L$487,'Detay-Poz Listesi'!$D$5:$D$487,A17,'Detay-Poz Listesi'!$E$5:$E$487,B17,'Detay-Poz Listesi'!$F$5:$F$487,C17),2) -> 70.35 | H17: 6
A18: 14 | B18: A500 | C18: mtül | D18: Yatay dağıtma donatısı | F18: =ROUND(SUMIFS('Detay-Poz Listesi'!$H$5:$H$487,'Detay-Poz Listesi'!$D$5:$D$487,A18,'Detay-Poz Listesi'!$E$5:$E$487,B18,'Detay-Poz Listesi'!$F$5:$F$487,""),2) -> 12194.57 | G18: =ROUND(SUMIFS('Detay-Poz Listesi'!$L$5:$L$487,'Detay-Poz Listesi'!$D$5:$D$487,A18,'Detay-Poz Listesi'!$E$5:$E$487,B18,'Detay-Poz Listesi'!$F$5:$F$487,""),2) -> 14767.33 | H18: 97
A19: 16 | B19: A500 | C19: 1970 | D19: L-cubuk: 950 x 950 (L=1970) | E19: =SUMIFS('Detay-Poz Listesi'!$G$5:$G$487,'Detay-Poz Listesi'!$D$5:$D$487,A19,'Detay-Poz Listesi'!$E$5:$E$487,B19,'Detay-Poz Listesi'!$F$5:$F$487,C19) -> 830 | F19: =ROUND(SUMIFS('Detay-Poz Listesi'!$J$5:$J$487,'Detay-Poz Listesi'!$D$5:$D$487,A19,'Detay-Poz Listesi'!$E$5:$E$487,B19,'Detay-Poz Listesi'!$F$5:$F$487,C19),2) -> 1635.1 | G19: =ROUND(SUMIFS('Detay-Poz Listesi'!$L$5:$L$487,'Detay-Poz Listesi'!$D$5:$D$487,A19,'Detay-Poz Listesi'!$E$5:$E$487,B19,'Detay-Poz Listesi'!$F$5:$F$487,C19),2) -> 2580.2 | H19: 34
A20: 16 | B20: A500 | C20: 1370 | D20: L-cubuk: 650 x 650 (L=1370) | E20: =SUMIFS('Detay-Poz Listesi'!$G$5:$G$487,'Detay-Poz Listesi'!$D$5:$D$487,A20,'Detay-Poz Listesi'!$E$5:$E$487,B20,'Detay-Poz Listesi'!$F$5:$F$487,C20) -> 187 | F20: =ROUND(SUMIFS('Detay-Poz Listesi'!$J$5:$J$487,'Detay-Poz Listesi'!$D$5:$D$487,A20,'Detay-Poz Listesi'!$E$5:$E$487,B20,'Detay-Poz Listesi'!$F$5:$F$487,C20),2) -> 256.19 | G20: =ROUND(SUMIFS('Detay-Poz Listesi'!$L$5:$L$487,'Detay-Poz Listesi'!$D$5:$D$487,A20,'Detay-Poz Listesi'!$E$5:$E$487,B20,'Detay-Poz Listesi'!$F$5:$F$487,C20),2) -> 404.26 | H20: 8
A21: 16 | B21: A500 | C21: 1150 | D21: L-cubuk: 600 x 600 (L=1150) | E21: =SUMIFS('Detay-Poz Listesi'!$G$5:$G$487,'Detay-Poz Listesi'!$D$5:$D$487,A21,'Detay-Poz Listesi'!$E$5:$E$487,B21,'Detay-Poz Listesi'!$F$5:$F$487,C21) -> 154 | F21: =ROUND(SUMIFS('Detay-Poz Listesi'!$J$5:$J$487,'Detay-Poz Listesi'!$D$5:$D$487,A21,'Detay-Poz Listesi'!$E$5:$E$487,B21,'Detay-Poz Listesi'!$F$5:$F$487,C21),2) -> 177.1 | G21: =ROUND(SUMIFS('Detay-Poz Listesi'!$L$5:$L$487,'Detay-Poz Listesi'!$D$5:$D$487,A21,'Detay-Poz Listesi'!$E$5:$E$487,B21,'Detay-Poz Listesi'!$F$5:$F$487,C21),2) -> 279.44 | H21: 7
A22: TOPLAM | E22: =ROUND(SUM(E5:E21),2) -> 15960 | F22: =ROUND(SUM(F5:F21),2) -> 34683.03 | G22: =ROUND(SUM(G5:G21),2) -> 38708.16

Sheet Eleman Bazında
A1: ELEMAN / GÖRÜNÜŞ BAZINDA İCMAL
A2: Sarı sütun: KJ-62 yerleşim planından eleman adedini girin — toplam metraj otomatik hesaplanır.
A4: Pafta | B4: Eleman | C4: Görünüş | D4: Ø8 A240 (kg) | E4: Ø14 (kg) | F4: Ø16 A500 (kg) | G4: Donatı toplam (kg) | H4: Beton C25/30 (m³) | I4: Bitüm BN70/30 (m²) | J4: Eleman adedi | K4: Toplam donatı (kg) | L4: Toplam beton (m³)
A5: 93 | B5: ЛШМ-1 | C5: Вид А | D5: =ROUND(SUMIFS('Detay-Poz Listesi'!$L$5:$L$487,'Detay-Poz Listesi'!$A$5:$A$487,A5,'Detay-Poz Listesi'!$C$5:$C$487,C5,'Detay-Poz Listesi'!$D$5:$D$487,8),2) -> 23.39 | E5: =ROUND(SUMIFS('Detay-Poz Listesi'!$L$5:$L$487,'Detay-Poz Listesi'!$A$5:$A$487,A5,'Detay-Poz Listesi'!$C$5:$C$487,C5,'Detay-Poz Listesi'!$D$5:$D$487,14),2) -> 318.45 | F5: =ROUND(SUMIFS('Detay-Poz Listesi'!$L$5:$L$487,'Detay-Poz Listesi'!$A$5:$A$487,A5,'Detay-Poz Listesi'!$C$5:$C$487,C5,'Detay-Poz Listesi'!$D$5:$D$487,16),2) -> 0 | G5: =ROUND(SUM(D5:F5),2) -> 341.84 | H5: 7.01 | J5: 1 | K5: =ROUND(G5*J5,2) -> 341.84 | L5: =ROUND(H5*J5,2) -> 7.01
A6: 94 | B6: ЛШМ-1 | C6: Вид Б | D6: =ROUND(SUMIFS('Detay-Poz Listesi'!$L$5:$L$487,'Detay-Poz Listesi'!$A$5:$A$487,A6,'Detay-Poz Listesi'!$C$5:$C$487,C6,'Detay-Poz Listesi'!$D$5:$D$487,8),2) -> 23.39 | E6: =ROUND(SUMIFS('Detay-Poz Listesi'!$L$5:$L$487,'Detay-Poz Listesi'!$A$5:$A$487,A6,'Detay-Poz Listesi'!$C$5:$C$487,C6,'Detay-Poz Listesi'!$D$5:$D$487,14),2) -> 332.36 | F6: =ROUND(SUMIFS('Detay-Poz Listesi'!$L$5:$L$487,'Detay-Poz Listesi'!$A$5:$A$487,A6,'Detay-Poz Listesi'!$C$5:$C$487,C6,'Detay-Poz Listesi'!$D$5:$D$487,16),2) -> 0 | G6: =ROUND(SUM(D6:F6),2) -> 355.75 | H6: 7.01 | J6: 1 | K6: =ROUND(G6*J6,2) -> 355.75 | L6: =ROUND(H6*J6,2) -> 7.01
A7: 95 | B7: ЛШМ-1 | C7: Вид В | D7: =ROUND(SUMIFS('Detay-Poz Listesi'!$L$5:$L$487,'Detay-Poz Listesi'!$A$5:$A$487,A7,'Detay-Poz Listesi'!$C$5:$C$487,C7,'Detay-Poz Listesi'!$D$5:$D$487,8),2) -> 36.08 | E7: =ROUND(SUMIFS('Detay-Poz Listesi'!$L$5:$L$487,'Detay-Poz Listesi'!$A$5:$A$487,A7,'Detay-Poz Listesi'!$C$5:$C$487,C7,'Detay-Poz Listesi'!$D$5:$D$487,14),2) -> 500.14 | F7: =ROUND(SUMIFS('Detay-Poz Listesi'!$L$5:$L$487,'Detay-Poz Listesi'!$A$5:$A$487,A7,'Detay-Poz Listesi'!$C$5:$C$487,C7,'Detay-Poz Listesi'!$D$5:$D$487,16),2) -> 0 | G7: =ROUND(SUM(D7:F7),2) -> 536.22 | H7: 10.88 | I7: 22.75 | J7: 1 | K7: =ROUND(G7*J7,2) -> 536.22 | L7: =ROUND(H7*J7,2) -> 10.88
A8: 96 | B8: ЛШМ-1 | C8: Вид Г | D8: =ROUND(SUMIFS('Detay-Poz Listesi'!$L$5:$L$487,'Detay-Poz Listesi'!$A$5:$A$487,A8,'Detay-Poz Listesi'!$C$5:$C$487,C8,'Detay-Poz Listesi'!$D$5:$D$487,8),2) -> 37.83 | E8: =ROUND(SUMIFS('Detay-Poz Listesi'!$L$5:$L$487,'Detay-Poz Listesi'!$A$5:$A$487,A8,'Detay-Poz Listesi'!$C$5:$C$487,C8,'Detay-Poz Listesi'!$D$5:$D$487,14),2) -> 529.75 | F8: =ROUND(SUMIFS('Detay-Poz Listesi'!$L$5:$L$487,'Detay-Poz Listesi'!$A$5:$A$487,A8,'Detay-Poz Listesi'!$C$5:$C$487,C8,'Detay-Poz Listesi'!$D$5:$D$487,16),2) -> 68.39 | G8: =ROUND(SUM(D8:F8),2) -> 635.97 | H8: 13.13 | J8: 1 | K8: =ROUND(G8*J8,2) -> 635.97 | L8: =ROUND(H8*J8,2) -> 13.13
A9: 97 | B9: ЛШМ-2 | C9: Вид А | D9: =ROUND(SUMIFS('Detay-Poz Listesi'!$L$5:$L$487,'Detay-Poz Listesi'!$A$5:$A$487,A9,'Detay-Poz Listesi'!$C$5:$C$487,C9,'Detay-Poz Listesi'!$D$5:$D$487,8),2) -> 22.65 | E9: =ROUND(SUMIFS('Detay-Poz Listesi'!$L$5:$L$487,'Detay-Poz Listesi'!$A$5:$A$487,A9,'Detay-Poz Listesi'!$C$5:$C$487,C9,'Detay-Poz Listesi'!$D$5:$D$487,14),2) -> 317.98 | F9: =ROUND(SUMIFS('Detay-Poz Listesi'!$L$5:$L$487,'Detay-Poz Listesi'!$A$5:$A$487,A9,'Detay-Poz Listesi'!$C$5:$C$487,C9,'Detay-Poz Listesi'!$D$5:$D$487,16),2) -> 0 | G9: =ROUND(SUM(D9:F9),2) -> 340.63 | H9: 6.73 | J9: 1 | K9: =ROUND(G9*J9,2) -> 340.63 | L9: =ROUND(H9*J9,2) -> 6.73
A10: 98 | B10: ЛШМ-2 | C10: Вид Б | D10: =ROUND(SUMIFS('Detay-Poz Listesi'!$L$5:$L$487,'Detay-Poz Listesi'!$A$5:$A$487,A10,'Detay-Poz Listesi'!$C$5:$C$487,C10,'Detay-Poz Listesi'!$D$5:$D$487,8),2) -> 27.87 | E10: =ROUND(SUMIFS('Detay-Poz Listesi'!$L$5:$L$487,'Detay-Poz Listesi'!$A$5:$A$487,A10,'Detay-Poz Listesi'!$C$5:$C$487,C10,'Detay-Poz Listesi'!$D$5:$D$487,14),2) -> 392.51 | F10: =ROUND(SUMIFS('Detay-Poz Listesi'!$L$5:$L$487,'Detay-Poz Listesi'!$A$5:$A$487,A10,'Detay-Poz Listesi'!$C$5:$C$487,C10,'Detay-Poz Listesi'!$D$5:$D$487,16),2) -> 0 | G10: =ROUND(SUM(D10:F10),2) -> 420.38 | H10: 8.38 | J10: 1 | K10: =ROUND(G10*J10,2) -> 420.38 | L10: =ROUND(H10*J10,2) -> 8.38
A11: 99 | B11: ЛШМ-2 | C11: Вид В | D11: =ROUND(SUMIFS('Detay-Poz Listesi'!$L$5:$L$487,'Detay-Poz Listesi'!$A$5:$A$487,A11,'Detay-Poz Listesi'!$C$5:$C$487,C11,'Detay-Poz Listesi'!$D$5:$D$487,8),2) -> 37.83 | E11: =ROUND(SUMIFS('Detay-Poz Listesi'!$L$5:$L$487,'Detay-Poz Listesi'!$A$5:$A$487,A11,'Detay-Poz Listesi'!$C$5:$C$487,C11,'Detay-Poz Listesi'!$D$5:$D$487,14),2) -> 533.73 | F11: =ROUND(SUMIFS('Detay-Poz Listesi'!$L$5:$L$487,'Detay-Poz Listesi'!$A$5:$A$487,A11,'Detay-Poz Listesi'!$C$5:$C$487,C11,'Detay-Poz Listesi'!$D$5:$D$487,16),2) -> 68.39 | G11: =ROUND(SUM(D11:F11),2) -> 639.95 | H11: 13.13 | J11: 1 | K11: =ROUND(G11*J11,2) -> 639.95 | L11: =ROUND(H11*J11,2) -> 13.13
A12: 100 | B12: ЛШМ-2 | C12: Вид Г | D12: =ROUND(SUMIFS('Detay-Poz Listesi'!$L$5:$L$487,'Detay-Poz Listesi'!$A$5:$A$487,A12,'Detay-Poz Listesi'!$C$5:$C$487,C12,'Detay-Poz Listesi'!$D$5:$D$487,8),2) -> 54 | E12: =ROUND(SUMIFS('Detay-Poz Listesi'!$L$5:$L$487,'Detay-Poz Listesi'!$A$5:$A$487,A12,'Detay-Poz Listesi'!$C$5:$C$487,C12,'Detay-Poz Listesi'!$D$5:$D$487,14),2) -> 689.96 | F12: =ROUND(SUMIFS('Detay-Poz Listesi'!$L$5:$L$487,'Detay-Poz Listesi'!$A$5:$A$487,A12,'Detay-Poz Listesi'!$C$5:$C$487,C12,'Detay-Poz Listesi'!$D$5:$D$487,16),2) -> 136.78 | G12: =ROUND(SUM(D12:F12),2) -> 880.74 | H12: 16.05 | I12: 28.03 | J12: 1 | K12: =ROUND(G12*J12,2) -> 880.74 | L12: =ROUND(H12*J12,2) -> 16.05
A13: 101 | B13: ЛШМ-2* | C13: Вид А | D13: =ROUND(SUMIFS('Detay-Poz Listesi'!$L$5:$L$487,'Detay-Poz Listesi'!$A$5:$A$487,A13,'Detay-Poz Listesi'!$C$5:$C$487,C13,'Detay-Poz Listesi'!$D$5:$D$487,8),2) -> 22.65 | E13: =ROUND(SUMIFS('Detay-Poz Listesi'!$L$5:$L$487,'Detay-Poz Listesi'!$A$5:$A$487,A13,'Detay-Poz Listesi'!$C$5:$C$487,C13,'Detay-Poz Listesi'!$D$5:$D$487,14),2) -> 316.5 | F13: =ROUND(SUMIFS('Detay-Poz Listesi'!$L$5:$L$487,'Detay-Poz Listesi'!$A$5:$A$487,A13,'Detay-Poz Listesi'!$C$5:$C$487,C13,'Detay-Poz Listesi'!$D$5:$D$487,16),2) -> 0 | G13: =ROUND(SUM(D13:F13),2) -> 339.15 | H13: 6.76 | J13: 1 | K13: =ROUND(G13*J13,2) -> 339.15 | L13: =ROUND(H13*J13,2) -> 6.76
A14: 102 | B14: ЛШМ-2* | C14: Вид Б | D14: =ROUND(SUMIFS('Detay-Poz Listesi'!$L$5:$L$487,'Detay-Poz Listesi'!$A$5:$A$487,A14,'Detay-Poz Listesi'!$C$5:$C$487,C14,'Detay-Poz Listesi'!$D$5:$D$487,8),2) -> 28.12 | E14: =ROUND(SUMIFS('Detay-Poz Listesi'!$L$5:$L$487,'Detay-Poz Listesi'!$A$5:$A$487,A14,'Detay-Poz Listesi'!$C$5:$C$487,C14,'Detay-Poz Listesi'!$D$5:$D$487,14),2) -> 391 | F14: =ROUND(SUMIFS('Detay-Poz Listesi'!$L$5:$L$487,'Detay-Poz Listesi'!$A$5:$A$487,A14,'Detay-Poz Listesi'!$C$5:$C$487,C14,'Detay-Poz Listesi'!$D$5:$D$487,16),2) -> 0 | G14: =ROUND(SUM(D14:F14),2) -> 419.12 | H14: 8.4 | J14: 1 | K14: =ROUND(G14*J14,2) -> 419.12 | L14: =ROUND(H14*J14,2) -> 8.4
A15: 103 | B15: ЛШМ-2* | C15: Вид В | D15: =ROUND(SUMIFS('Detay-Poz Listesi'!$L$5:$L$487,'Detay-Poz Listesi'!$A$5:$A$487,A15,'Detay-Poz Listesi'!$C$5:$C$487,C15,'Detay-Poz Listesi'!$D$5:$D$487,8),2) -> 37.83 | E15: =ROUND(SUMIFS('Detay-Poz Listesi'!$L$5:$L$487,'Detay-Poz Listesi'!$A$5:$A$487,A15,'Detay-Poz Listesi'!$C$5:$C$487,C15,'Detay-Poz Listesi'!$D$5:$D$487,14),2) -> 587.3 | F15: =ROUND(SUMIFS('Detay-Poz Listesi'!$L$5:$L$487,'Detay-Poz Listesi'!$A$5:$A$487,A15,'Detay-Poz Listesi'!$C$5:$C$487,C15,'Detay-Poz Listesi'!$D$5:$D$487,16),2) -> 68.39 | G15: =ROUND(SUM(D15:F15),2) -> 693.52 | H15: 13.35 | J15: 1 | K15: =ROUND(G15*J15,2) -> 693.52 | L15: =ROUND(H15*J15,2) -> 13.35
A16: 104 | B16: ЛШМ-2* | C16: Вид Г | D16: =ROUND(SUMIFS('Detay-Poz Listesi'!$L$5:$L$487,'Detay-Poz Listesi'!$A$5:$A$487,A16,'Detay-Poz Listesi'!$C$5:$C$487,C16,'Detay-Poz Listesi'!$D$5:$D$487,8),2) -> 53.75 | E16: =ROUND(SUMIFS('Detay-Poz Listesi'!$L$5:$L$487,'Detay-Poz Listesi'!$A$5:$A$487,A16,'Detay-Poz Listesi'!$C$5:$C$487,C16,'Detay-Poz Listesi'!$D$5:$D$487,14),2) -> 684.11 | F16: =ROUND(SUMIFS('Detay-Poz Listesi'!$L$5:$L$487,'Detay-Poz Listesi'!$A$5:$A$487,A16,'Detay-Poz Listesi'!$C$5:$C$487,C16,'Detay-Poz Listesi'!$D$5:$D$487,16),2) -> 136.78 | G16: =ROUND(SUM(D16:F16),2) -> 874.64 | H16: 16.1 | I16: 28.1 | J16: 1 | K16: =ROUND(G16*J16,2) -> 874.64 | L16: =ROUND(H16*J16,2) -> 16.1
A17: 105 | B17: ЛШМ-2-1 | C17: Вид А | D17: =ROUND(SUMIFS('Detay-Poz Listesi'!$L$5:$L$487,'Detay-Poz Listesi'!$A$5:$A$487,A17,'Detay-Poz Listesi'!$C$5:$C$487,C17,'Detay-Poz Listesi'!$D$5:$D$487,8),2) -> 23.39 | E17: =ROUND(SUMIFS('Detay-Poz Listesi'!$L$5:$L$487,'Detay-Poz Listesi'!$A$5:$A$487,A17,'Detay-Poz Listesi'!$C$5:$C$487,C17,'Detay-Poz Listesi'!$D$5:$D$487,14),2) -> 330.27 | F17: =ROUND(SUMIFS('Detay-Poz Listesi'!$L$5:$L$487,'Detay-Poz Listesi'!$A$5:$A$487,A17,'Detay-Poz Listesi'!$C$5:$C$487,C17,'Detay-Poz Listesi'!$D$5:$D$487,16),2) -> 0 | G17: =ROUND(SUM(D17:F17),2) -> 353.66 | H17: 6.99 | J17: 1 | K17: =ROUND(G17*J17,2) -> 353.66 | L17: =ROUND(H17*J17,2) -> 6.99
A18: 106 | B18: ЛШМ-2-1 | C18: Вид Б | D18: =ROUND(SUMIFS('Detay-Poz Listesi'!$L$5:$L$487,'Detay-Poz Listesi'!$A$5:$A$487,A18,'Detay-Poz Listesi'!$C$5:$C$487,C18,'Detay-Poz Listesi'!$D$5:$D$487,8),2) -> 28.12 | E18: =ROUND(SUMIFS('Detay-Poz Listesi'!$L$5:$L$487,'Detay-Poz Listesi'!$A$5:$A$487,A18,'Detay-Poz Listesi'!$C$5:$C$487,C18,'Detay-Poz Listesi'!$D$5:$D$487,14),2) -> 388.08 | F18: =ROUND(SUMIFS('Detay-Poz Listesi'!$L$5:$L$487,'Detay-Poz Listesi'!$A$5:$A$487,A18,'Detay-Poz Listesi'!$C$5:$C$487,C18,'Detay-Poz Listesi'!$D$5:$D$487,16),2) -> 0 | G18: =ROUND(SUM(D18:F18),2) -> 416.2 | H18: 8.44 | J18: 1 | K18: =ROUND(G18*J18,2) -> 416.2 | L18: =ROUND(H18*J18,2) -> 8.44
A19: 107 | B19: ЛШМ-2-1 | C19: Вид В | D19: =ROUND(SUMIFS('Detay-Poz Listesi'!$L$5:$L$487,'Detay-Poz Listesi'!$A$5:$A$487,A19,'Detay-Poz Listesi'!$C$5:$C$487,C19,'Detay-Poz Listesi'!$D$5:$D$487,8),2) -> 37.83 | E19: =ROUND(SUMIFS('Detay-Poz Listesi'!$L$5:$L$487,'Detay-Poz Listesi'!$A$5:$A$487,A19,'Detay-Poz Listesi'!$C$5:$C$487,C19,'Detay-Poz Listesi'!$D$5:$D$487,14),2) -> 541.32 | F19: =ROUND(SUMIFS('Detay-Poz Listesi'!$L$5:$L$487,'Detay-Poz Listesi'!$A$5:$A$487,A19,'Detay-Poz Listesi'!$C$5:$C$487,C19,'Detay-Poz Listesi'!$D$5:$D$487,16),2) -> 68.39 | G19: =ROUND(SUM(D19:F19),2) -> 647.54 | H19: 13.35 | J19: 1 | K19: =ROUND(G19*J19,2) -> 647.54 | L19: =ROUND(H19*J19,2) -> 13.35
A20: 108 | B20: ЛШМ-2-1 | C20: Вид Г | D20: =ROUND(SUMIFS('Detay-Poz Listesi'!$L$5:$L$487,'Detay-Poz Listesi'!$A$5:$A$487,A20,'Detay-Poz Listesi'!$C$5:$C$487,C20,'Detay-Poz Listesi'!$D$5:$D$487,8),2) -> 53.75 | E20: =ROUND(SUMIFS('Detay-Poz Listesi'!$L$5:$L$487,'Detay-Poz Listesi'!$A$5:$A$487,A20,'Detay-Poz Listesi'!$C$5:$C$487,C20,'Detay-Poz Listesi'!$D$5:$D$487,14),2) -> 669.88 | F20: =ROUND(SUMIFS('Detay-Poz Listesi'!$L$5:$L$487,'Detay-Poz Listesi'!$A$5:$A$487,A20,'Detay-Poz Listesi'!$C$5:$C$487,C20,'Detay-Poz Listesi'!$D$5:$D$487,16),2) -> 68.39 | G20: =ROUND(SUM(D20:F20),2) -> 792.02 | H20: 16.17 | I20: 28.05 | J20: 1 | K20: =ROUND(G20*J20,2) -> 792.02 | L20: =ROUND(H20*J20,2) -> 16.17
A21: 109 | B21: ЛШМ-2*-1 | C21: Вид А | D21: =ROUND(SUMIFS('Detay-Poz Listesi'!$L$5:$L$487,'Detay-Poz Listesi'!$A$5:$A$487,A21,'Detay-Poz Listesi'!$C$5:$C$487,C21,'Detay-Poz Listesi'!$D$5:$D$487,8),2) -> 23.39 | E21: =ROUND(SUMIFS('Detay-Poz Listesi'!$L$5:$L$487,'Detay-Poz Listesi'!$A$5:$A$487,A21,'Detay-Poz Listesi'!$C$5:$C$487,C21,'Detay-Poz Listesi'!$D$5:$D$487,14),2) -> 330.27 | F21: =ROUND(SUMIFS('Detay-Poz Listesi'!$L$5:$L$487,'Detay-Poz Listesi'!$A$5:$A$487,A21,'Detay-Poz Listesi'!$C$5:$C$487,C21,'Detay-Poz Listesi'!$D$5:$D$487,16),2) -> 0 | G21: =ROUND(SUM(D21:F21),2) -> 353.66 | H21: 6.99 | J21: 1 | K21: =ROUND(G21*J21,2) -> 353.66 | L21: =ROUND(H21*J21,2) -> 6.99
A22: 110 | B22: ЛШМ-2*-1 | C22: Вид Б | D22: =ROUND(SUMIFS('Detay-Poz Listesi'!$L$5:$L$487,'Detay-Poz Listesi'!$A$5:$A$487,A22,'Detay-Poz Listesi'!$C$5:$C$487,C22,'Detay-Poz Listesi'!$D$5:$D$487,8),2) -> 28.12 | E22: =ROUND(SUMIFS('Detay-Poz Listesi'!$L$5:$L$487,'Detay-Poz Listesi'!$A$5:$A$487,A22,'Detay-Poz Listesi'!$C$5:$C$487,C22,'Detay-Poz Listesi'!$D$5:$D$487,14),2) -> 388.08 | F22: =ROUND(SUMIFS('Detay-Poz Listesi'!$L$5:$L$487,'Detay-Poz Listesi'!$A$5:$A$487,A22,'Detay-Poz Listesi'!$C$5:$C$487,C22,'Detay-Poz Listesi'!$D$5:$D$487,16),2) -> 0 | G22: =ROUND(SUM(D22:F22),2) -> 416.2 | H22: 8.44 | J22: 1 | K22: =ROUND(G22*J22,2) -> 416.2 | L22: =ROUND(H22*J22,2) -> 8.44
A23: 111 | B23: ЛШМ-2*-1 | C23: Вид В | D23: =ROUND(SUMIFS('Detay-Poz Listesi'!$L$5:$L$487,'Detay-Poz Listesi'!$A$5:$A$487,A23,'Detay-Poz Listesi'!$C$5:$C$487,C23,'Detay-Poz Listesi'!$D$5:$D$487,8),2) -> 37.83 | E23: =ROUND(SUMIFS('Detay-Poz Listesi'!$L$5:$L$487,'Detay-Poz Listesi'!$A$5:$A$487,A23,'Detay-Poz Listesi'!$C$5:$C$487,C23,'Detay-Poz Listesi'!$D$5:$D$487,14),2) -> 541.32 | F23: =ROUND(SUMIFS('Detay-Poz Listesi'!$L$5:$L$487,'Detay-Poz Listesi'!$A$5:$A$487,A23,'Detay-Poz Listesi'!$C$5:$C$487,C23,'Detay-Poz Listesi'!$D$5:$D$487,16),2) -> 68.39 | G23: =ROUND(SUM(D23:F23),2) -> 647.54 | H23: 13.35 | J23: 1 | K23: =ROUND(G23*J23,2) -> 647.54 | L23: =ROUND(H23*J23,2) -> 13.35
A24: 112 | B24: ЛШМ-2*-1 | C24: Вид Г | D24: =ROUND(SUMIFS('Detay-Poz Listesi'!$L$5:$L$487,'Detay-Poz Listesi'!$A$5:$A$487,A24,'Detay-Poz Listesi'!$C$5:$C$487,C24,'Detay-Poz Listesi'!$D$5:$D$487,8),2) -> 53.75 | E24: =ROUND(SUMIFS('Detay-Poz Listesi'!$L$5:$L$487,'Detay-Poz Listesi'!$A$5:$A$487,A24,'Detay-Poz Listesi'!$C$5:$C$487,C24,'Detay-Poz Listesi'!$D$5:$D$487,14),2) -> 669.88 | F24: =ROUND(SUMIFS('Detay-Poz Listesi'!$L$5:$L$487,'Detay-Poz Listesi'!$A$5:$A$487,A24,'Detay-Poz Listesi'!$C$5:$C$487,C24,'Detay-Poz Listesi'!$D$5:$D$487,16),2) -> 68.39 | G24: =ROUND(SUM(D24:F24),2) -> 792.02 | H24: 16.17 | I24: 28.05 | J24: 1 | K24: =ROUND(G24*J24,2) -> 792.02 | L24: =ROUND(H24*J24,2) -> 16.17
A25: 113 | B25: ЛШМ-3 | C25: Вид А | D25: =ROUND(SUMIFS('Detay-Poz Listesi'!$L$5:$L$487,'Detay-Poz Listesi'!$A$5:$A$487,A25,'Detay-Poz Listesi'!$C$5:$C$487,C25,'Detay-Poz Listesi'!$D$5:$D$487,8),2) -> 28.12 | E25: =ROUND(SUMIFS('Detay-Poz Listesi'!$L$5:$L$487,'Detay-Poz Listesi'!$A$5:$A$487,A25,'Detay-Poz Listesi'!$C$5:$C$487,C25,'Detay-Poz Listesi'!$D$5:$D$487,14),2) -> 389.03 | F25: =ROUND(SUMIFS('Detay-Poz Listesi'!$L$5:$L$487,'Detay-Poz Listesi'!$A$5:$A$487,A25,'Detay-Poz Listesi'!$C$5:$C$487,C25,'Detay-Poz Listesi'!$D$5:$D$487,16),2) -> 0 | G25: =ROUND(SUM(D25:F25),2) -> 417.15 | H25: 8.49 | J25: 1 | K25: =ROUND(G25*J25,2) -> 417.15 | L25: =ROUND(H25*J25,2) -> 8.49
A26: 114 | B26: ЛШМ-3 | C26: Вид Б | D26: =ROUND(SUMIFS('Detay-Poz Listesi'!$L$5:$L$487,'Detay-Poz Listesi'!$A$5:$A$487,A26,'Detay-Poz Listesi'!$C$5:$C$487,C26,'Detay-Poz Listesi'!$D$5:$D$487,8),2) -> 23.39 | E26: =ROUND(SUMIFS('Detay-Poz Listesi'!$L$5:$L$487,'Detay-Poz Listesi'!$A$5:$A$487,A26,'Detay-Poz Listesi'!$C$5:$C$487,C26,'Detay-Poz Listesi'!$D$5:$D$487,14),2) -> 331.2 | F26: =ROUND(SUMIFS('Detay-Poz Listesi'!$L$5:$L$487,'Detay-Poz Listesi'!$A$5:$A$487,A26,'Detay-Poz Listesi'!$C$5:$C$487,C26,'Detay-Poz Listesi'!$D$5:$D$487,16),2) -> 0 | G26: =ROUND(SUM(D26:F26),2) -> 354.59 | H26: 7.05 | J26: 1 | K26: =ROUND(G26*J26,2) -> 354.59 | L26: =ROUND(H26*J26,2) -> 7.05
A27: 115 | B27: ЛШМ-3 | C27: Вид В | D27: =ROUND(SUMIFS('Detay-Poz Listesi'!$L$5:$L$487,'Detay-Poz Listesi'!$A$5:$A$487,A27,'Detay-Poz Listesi'!$C$5:$C$487,C27,'Detay-Poz Listesi'!$D$5:$D$487,8),2) -> 37.83 | E27: =ROUND(SUMIFS('Detay-Poz Listesi'!$L$5:$L$487,'Detay-Poz Listesi'!$A$5:$A$487,A27,'Detay-Poz Listesi'!$C$5:$C$487,C27,'Detay-Poz Listesi'!$D$5:$D$487,14),2) -> 504.21 | F27: =ROUND(SUMIFS('Detay-Poz Listesi'!$L$5:$L$487,'Detay-Poz Listesi'!$A$5:$A$487,A27,'Detay-Poz Listesi'!$C$5:$C$487,C27,'Detay-Poz Listesi'!$D$5:$D$487,16),2) -> 74.61 | G27: =ROUND(SUM(D27:F27),2) -> 616.65 | H27: 13.35 | J27: 1 | K27: =ROUND(G27*J27,2) -> 616.65 | L27: =ROUND(H27*J27,2) -> 13.35
A28: 116 | B28: ЛШМ-3 | C28: Вид Г | D28: =ROUND(SUMIFS('Detay-Poz Listesi'!$L$5:$L$487,'Detay-Poz Listesi'!$A$5:$A$487,A28,'Detay-Poz Listesi'!$C$5:$C$487,C28,'Detay-Poz Listesi'!$D$5:$D$487,8),2) -> 53.75 | E28: =ROUND(SUMIFS('Detay-Poz Listesi'!$L$5:$L$487,'Detay-Poz Listesi'!$A$5:$A$487,A28,'Detay-Poz Listesi'!$C$5:$C$487,C28,'Detay-Poz Listesi'!$D$5:$D$487,14),2) -> 669.92 | F28: =ROUND(SUMIFS('Detay-Poz Listesi'!$L$5:$L$487,'Detay-Poz Listesi'!$A$5:$A$487,A28,'Detay-Poz Listesi'!$C$5:$C$487,C28,'Detay-Poz Listesi'!$D$5:$D$487,16),2) -> 68.39 | G28: =ROUND(SUM(D28:F28),2) -> 792.06 | H28: 16.17 | I28: 28.03 | J28: 1 | K28: =ROUND(G28*J28,2) -> 792.06 | L28: =ROUND(H28*J28,2) -> 16.17
A29: 117 | B29: ЛШМ-3* | C29: Вид А | D29: =ROUND(SUMIFS('Detay-Poz Listesi'!$L$5:$L$487,'Detay-Poz Listesi'!$A$5:$A$487,A29,'Detay-Poz Listesi'!$C$5:$C$487,C29,'Detay-Poz Listesi'!$D$5:$D$487,8),2) -> 28.12 | E29: =ROUND(SUMIFS('Detay-Poz Listesi'!$L$5:$L$487,'Detay-Poz Listesi'!$A$5:$A$487,A29,'Detay-Poz Listesi'!$C$5:$C$487,C29,'Detay-Poz Listesi'!$D$5:$D$487,14),2) -> 393.97 | F29: =ROUND(SUMIFS('Detay-Poz Listesi'!$L$5:$L$487,'Detay-Poz Listesi'!$A$5:$A$487,A29,'Detay-Poz Listesi'!$C$5:$C$487,C29,'Detay-Poz Listesi'!$D$5:$D$487,16),2) -> 0 | G29: =ROUND(SUM(D29:F29),2) -> 422.09 | H29: 8.45 | J29: 1 | K29: =ROUND(G29*J29,2) -> 422.09 | L29: =ROUND(H29*J29,2) -> 8.45
A30: 118 | B30: ЛШМ-3* | C30: Вид Б | D30: =ROUND(SUMIFS('Detay-Poz Listesi'!$L$5:$L$487,'Detay-Poz Listesi'!$A$5:$A$487,A30,'Detay-Poz Listesi'!$C$5:$C$487,C30,'Detay-Poz Listesi'!$D$5:$D$487,8),2) -> 22.65 | E30: =ROUND(SUMIFS('Detay-Poz Listesi'!$L$5:$L$487,'Detay-Poz Listesi'!$A$5:$A$487,A30,'Detay-Poz Listesi'!$C$5:$C$487,C30,'Detay-Poz Listesi'!$D$5:$D$487,14),2) -> 327.01 | F30: =ROUND(SUMIFS('Detay-Poz Listesi'!$L$5:$L$487,'Detay-Poz Listesi'!$A$5:$A$487,A30,'Detay-Poz Listesi'!$C$5:$C$487,C30,'Detay-Poz Listesi'!$D$5:$D$487,16),2) -> 0 | G30: =ROUND(SUM(D30:F30),2) -> 349.66 | H30: 6.81 | J30: 1 | K30: =ROUND(G30*J30,2) -> 349.66 | L30: =ROUND(H30*J30,2) -> 6.81
A31: 119 | B31: ЛШМ-3* | C31: Вид В | D31: =ROUND(SUMIFS('Detay-Poz Listesi'!$L$5:$L$487,'Detay-Poz Listesi'!$A$5:$A$487,A31,'Detay-Poz Listesi'!$C$5:$C$487,C31,'Detay-Poz Listesi'!$D$5:$D$487,8),2) -> 37.83 | E31: =ROUND(SUMIFS('Detay-Poz Listesi'!$L$5:$L$487,'Detay-Poz Listesi'!$A$5:$A$487,A31,'Detay-Poz Listesi'!$C$5:$C$487,C31,'Detay-Poz Listesi'!$D$5:$D$487,14),2) -> 504.21 | F31: =ROUND(SUMIFS('Detay-Poz Listesi'!$L$5:$L$487,'Detay-Poz Listesi'!$A$5:$A$487,A31,'Detay-Poz Listesi'!$C$5:$C$487,C31,'Detay-Poz Listesi'!$D$5:$D$487,16),2) -> 74.61 | G31: =ROUND(SUM(D31:F31),2) -> 616.65 | H31: 13.35 | J31: 1 | K31: =ROUND(G31*J31,2) -> 616.65 | L31: =ROUND(H31*J31,2) -> 13.35
A32: 120 | B32: ЛШМ-3* | C32: Вид Г | D32: =ROUND(SUMIFS('Detay-Poz Listesi'!$L$5:$L$487,'Detay-Poz Listesi'!$A$5:$A$487,A32,'Detay-Poz Listesi'!$C$5:$C$487,C32,'Detay-Poz Listesi'!$D$5:$D$487,8),2) -> 53.75 | E32: =ROUND(SUMIFS('Detay-Poz Listesi'!$L$5:$L$487,'Detay-Poz Listesi'!$A$5:$A$487,A32,'Detay-Poz Listesi'!$C$5:$C$487,C32,'Detay-Poz Listesi'!$D$5:$D$487,14),2) -> 689.61 | F32: =ROUND(SUMIFS('Detay-Poz Listesi'!$L$5:$L$487,'Detay-Poz Listesi'!$A$5:$A$487,A32,'Detay-Poz Listesi'!$C$5:$C$487,C32,'Detay-Poz Listesi'!$D$5:$D$487,16),2) -> 136.78 | G32: =ROUND(SUM(D32:F32),2) -> 880.14 | H32: 16.17 | I32: 28.03 | J32: 1 | K32: =ROUND(G32*J32,2) -> 880.14 | L32: =ROUND(H32*J32,2) -> 16.17
A33: 121 | B33: ЛШМ-3-1 | C33: Вид А | D33: =ROUND(SUMIFS('Detay-Poz Listesi'!$L$5:$L$487,'Detay-Poz Listesi'!$A$5:$A$487,A33,'Detay-Poz Listesi'!$C$5:$C$487,C33,'Detay-Poz Listesi'!$D$5:$D$487,8),2) -> 22.65 | E33: =ROUND(SUMIFS('Detay-Poz Listesi'!$L$5:$L$487,'Detay-Poz Listesi'!$A$5:$A$487,A33,'Detay-Poz Listesi'!$C$5:$C$487,C33,'Detay-Poz Listesi'!$D$5:$D$487,14),2) -> 327.39 | F33: =ROUND(SUMIFS('Detay-Poz Listesi'!$L$5:$L$487,'Detay-Poz Listesi'!$A$5:$A$487,A33,'Detay-Poz Listesi'!$C$5:$C$487,C33,'Detay-Poz Listesi'!$D$5:$D$487,16),2) -> 0 | G33: =ROUND(SUM(D33:F33),2) -> 350.04 | H33: 6.83 | J33: 1 | K33: =ROUND(G33*J33,2) -> 350.04 | L33: =ROUND(H33*J33,2) -> 6.83
A34: 122 | B34: ЛШМ-3-1 | C34: Вид Б | D34: =ROUND(SUMIFS('Detay-Poz Listesi'!$L$5:$L$487,'Detay-Poz Listesi'!$A$5:$A$487,A34,'Detay-Poz Listesi'!$C$5:$C$487,C34,'Detay-Poz Listesi'!$D$5:$D$487,8),2) -> 28.12 | E34: =ROUND(SUMIFS('Detay-Poz Listesi'!$L$5:$L$487,'Detay-Poz Listesi'!$A$5:$A$487,A34,'Detay-Poz Listesi'!$C$5:$C$487,C34,'Detay-Poz Listesi'!$D$5:$D$487,14),2) -> 393.28 | F34: =ROUND(SUMIFS('Detay-Poz Listesi'!$L$5:$L$487,'Detay-Poz Listesi'!$A$5:$A$487,A34,'Detay-Poz Listesi'!$C$5:$C$487,C34,'Detay-Poz Listesi'!$D$5:$D$487,16),2) -> 0 | G34: =ROUND(SUM(D34:F34),2) -> 421.4 | H34: 8.47 | J34: 1 | K34: =ROUND(G34*J34,2) -> 421.4 | L34: =ROUND(H34*J34,2) -> 8.47
A35: 123 | B35: ЛШМ-3-1 | C35: Вид В | D35: =ROUND(SUMIFS('Detay-Poz Listesi'!$L$5:$L$487,'Detay-Poz Listesi'!$A$5:$A$487,A35,'Detay-Poz Listesi'!$C$5:$C$487,C35,'Detay-Poz Listesi'!$D$5:$D$487,8),2) -> 37.83 | E35: =ROUND(SUMIFS('Detay-Poz Listesi'!$L$5:$L$487,'Detay-Poz Listesi'!$A$5:$A$487,A35,'Detay-Poz Listesi'!$C$5:$C$487,C35,'Detay-Poz Listesi'!$D$5:$D$487,14),2) -> 488.17 | F35: =ROUND(SUMIFS('Detay-Poz Listesi'!$L$5:$L$487,'Detay-Poz Listesi'!$A$5:$A$487,A35,'Detay-Poz Listesi'!$C$5:$C$487,C35,'Detay-Poz Listesi'!$D$5:$D$487,16),2) -> 74.61 | G35: =ROUND(SUM(D35:F35),2) -> 600.61 | H35: 13.35 | J35: 1 | K35: =ROUND(G35*J35,2) -> 600.61 | L35: =ROUND(H35*J35,2) -> 13.35
A36: 124 | B36: ЛШМ-3-1 | C36: Вид Г | D36: =ROUND(SUMIFS('Detay-Poz Listesi'!$L$5:$L$487,'Detay-Poz Listesi'!$A$5:$A$487,A36,'Detay-Poz Listesi'!$C$5:$C$487,C36,'Detay-Poz Listesi'!$D$5:$D$487,8),2) -> 53.75 | E36: =ROUND(SUMIFS('Detay-Poz Listesi'!$L$5:$L$487,'Detay-Poz Listesi'!$A$5:$A$487,A36,'Detay-Poz Listesi'!$C$5:$C$487,C36,'Detay-Poz Listesi'!$D$5:$D$487,14),2) -> 689.61 | F36: =ROUND(SUMIFS('Detay-Poz Listesi'!$L$5:$L$487,'Detay-Poz Listesi'!$A$5:$A$487,A36,'Detay-Poz Listesi'!$C$5:$C$487,C36,'Detay-Poz Listesi'!$D$5:$D$487,16),2) -> 136.78 | G36: =ROUND(SUM(D36:F36),2) -> 880.14 | H36: 16.17 | I36: 28.03 | J36: 1 | K36: =ROUND(G36*J36,2) -> 880.14 | L36: =ROUND(H36*J36,2) -> 16.17
A37: 125 | B37: ЛШМ-4 | C37: Вид А | D37: =ROUND(SUMIFS('Detay-Poz Listesi'!$L$5:$L$487,'Detay-Poz Listesi'!$A$5:$A$487,A37,'Detay-Poz Listesi'!$C$5:$C$487,C37,'Detay-Poz Listesi'!$D$5:$D$487,8),2) -> 31.85 | E37: =ROUND(SUMIFS('Detay-Poz Listesi'!$L$5:$L$487,'Detay-Poz Listesi'!$A$5:$A$487,A37,'Detay-Poz Listesi'!$C$5:$C$487,C37,'Detay-Poz Listesi'!$D$5:$D$487,14),2) -> 358.85 | F37: =ROUND(SUMIFS('Detay-Poz Listesi'!$L$5:$L$487,'Detay-Poz Listesi'!$A$5:$A$487,A37,'Detay-Poz Listesi'!$C$5:$C$487,C37,'Detay-Poz Listesi'!$D$5:$D$487,16),2) -> 74.61 | G37: =ROUND(SUM(D37:F37),2) -> 465.31 | H37: 10.13 | J37: 1 | K37: =ROUND(G37*J37,2) -> 465.31 | L37: =ROUND(H37*J37,2) -> 10.13
A38: 126 | B38: ЛШМ-4 | C38: Вид Б | D38: =ROUND(SUMIFS('Detay-Poz Listesi'!$L$5:$L$487,'Detay-Poz Listesi'!$A$5:$A$487,A38,'Detay-Poz Listesi'!$C$5:$C$487,C38,'Detay-Poz Listesi'!$D$5:$D$487,8),2) -> 31.85 | E38: =ROUND(SUMIFS('Detay-Poz Listesi'!$L$5:$L$487,'Detay-Poz Listesi'!$A$5:$A$487,A38,'Detay-Poz Listesi'!$C$5:$C$487,C38,'Detay-Poz Listesi'!$D$5:$D$487,14),2) -> 461.17 | F38: =ROUND(SUMIFS('Detay-Poz Listesi'!$L$5:$L$487,'Detay-Poz Listesi'!$A$5:$A$487,A38,'Detay-Poz Listesi'!$C$5:$C$487,C38,'Detay-Poz Listesi'!$D$5:$D$487,16),2) -> 74.61 | G38: =ROUND(SUM(D38:F38),2) -> 567.63 | H38: 10.13 | I38: 17.55 | J38: 1 | K38: =ROUND(G38*J38,2) -> 567.63 | L38: =ROUND(H38*J38,2) -> 10.13
A39: 127 | B39: ЛШМ-4 | C39: Вид В | D39: =ROUND(SUMIFS('Detay-Poz Listesi'!$L$5:$L$487,'Detay-Poz Listesi'!$A$5:$A$487,A39,'Detay-Poz Listesi'!$C$5:$C$487,C39,'Detay-Poz Listesi'!$D$5:$D$487,8),2) -> 43.8 | E39: =ROUND(SUMIFS('Detay-Poz Listesi'!$L$5:$L$487,'Detay-Poz Listesi'!$A$5:$A$487,A39,'Detay-Poz Listesi'!$C$5:$C$487,C39,'Detay-Poz Listesi'!$D$5:$D$487,14),2) -> 579.56 | F39: =ROUND(SUMIFS('Detay-Poz Listesi'!$L$5:$L$487,'Detay-Poz Listesi'!$A$5:$A$487,A39,'Detay-Poz Listesi'!$C$5:$C$487,C39,'Detay-Poz Listesi'!$D$5:$D$487,16),2) -> 0 | G39: =ROUND(SUM(D39:F39),2) -> 623.36 | H39: 12.38 | J39: 1 | K39: =ROUND(G39*J39,2) -> 623.36 | L39: =ROUND(H39*J39,2) -> 12.38
A40: 128 | B40: ЛШМ-4 | C40: Вид Д | D40: =ROUND(SUMIFS('Detay-Poz Listesi'!$L$5:$L$487,'Detay-Poz Listesi'!$A$5:$A$487,A40,'Detay-Poz Listesi'!$C$5:$C$487,C40,'Detay-Poz Listesi'!$D$5:$D$487,8),2) -> 43.8 | E40: =ROUND(SUMIFS('Detay-Poz Listesi'!$L$5:$L$487,'Detay-Poz Listesi'!$A$5:$A$487,A40,'Detay-Poz Listesi'!$C$5:$C$487,C40,'Detay-Poz Listesi'!$D$5:$D$487,14),2) -> 571.97 | F40: =ROUND(SUMIFS('Detay-Poz Listesi'!$L$5:$L$487,'Detay-Poz Listesi'!$A$5:$A$487,A40,'Detay-Poz Listesi'!$C$5:$C$487,C40,'Detay-Poz Listesi'!$D$5:$D$487,16),2) -> 0 | G40: =ROUND(SUM(D40:F40),2) -> 615.77 | H40: 12.38 | J40: 1 | K40: =ROUND(G40*J40,2) -> 615.77 | L40: =ROUND(H40*J40,2) -> 12.38
A41: 128.1 | B41: ЛШМ-4 | C41: Вид Г | D41: =ROUND(SUMIFS('Detay-Poz Listesi'!$L$5:$L$487,'Detay-Poz Listesi'!$A$5:$A$487,A41,'Detay-Poz Listesi'!$C$5:$C$487,C41,'Detay-Poz Listesi'!$D$5:$D$487,8),2) -> 41.06 | E41: =ROUND(SUMIFS('Detay-Poz Listesi'!$L$5:$L$487,'Detay-Poz Listesi'!$A$5:$A$487,A41,'Detay-Poz Listesi'!$C$5:$C$487,C41,'Detay-Poz Listesi'!$D$5:$D$487,14),2) -> 571.97 | F41: =ROUND(SUMIFS('Detay-Poz Listesi'!$L$5:$L$487,'Detay-Poz Listesi'!$A$5:$A$487,A41,'Detay-Poz Listesi'!$C$5:$C$487,C41,'Detay-Poz Listesi'!$D$5:$D$487,16),2) -> 0 | G41: =ROUND(SUM(D41:F41),2) -> 613.03 | H41: 12.38 | J41: 1 | K41: =ROUND(G41*J41,2) -> 613.03 | L41: =ROUND(H41*J41,2) -> 12.38
A42: 129 | B42: ЛШМ-5 | C42: Вид А | D42: =ROUND(SUMIFS('Detay-Poz Listesi'!$L$5:$L$487,'Detay-Poz Listesi'!$A$5:$A$487,A42,'Detay-Poz Listesi'!$C$5:$C$487,C42,'Detay-Poz Listesi'!$D$5:$D$487,8),2) -> 20.95 | E42: =ROUND(SUMIFS('Detay-Poz Listesi'!$L$5:$L$487,'Detay-Poz Listesi'!$A$5:$A$487,A42,'Detay-Poz Listesi'!$C$5:$C$487,C42,'Detay-Poz Listesi'!$D$5:$D$487,14),2) -> 496.48 | F42: =ROUND(SUMIFS('Detay-Poz Listesi'!$L$5:$L$487,'Detay-Poz Listesi'!$A$5:$A$487,A42,'Detay-Poz Listesi'!$C$5:$C$487,C42,'Detay-Poz Listesi'!$D$5:$D$487,16),2) -> 74.61 | G42: =ROUND(SUM(D42:F42),2) -> 592.04 | H42: 6.19 | J42: 1 | K42: =ROUND(G42*J42,2) -> 592.04 | L42: =ROUND(H42*J42,2) -> 6.19
A43: 130 | B43: ЛШМ-5 | C43: Вид Б | D43: =ROUND(SUMIFS('Detay-Poz Listesi'!$L$5:$L$487,'Detay-Poz Listesi'!$A$5:$A$487,A43,'Detay-Poz Listesi'!$C$5:$C$487,C43,'Detay-Poz Listesi'!$D$5:$D$487,8),2) -> 31.85 | E43: =ROUND(SUMIFS('Detay-Poz Listesi'!$L$5:$L$487,'Detay-Poz Listesi'!$A$5:$A$487,A43,'Detay-Poz Listesi'!$C$5:$C$487,C43,'Detay-Poz Listesi'!$D$5:$D$487,14),2) -> 476.82 | F43: =ROUND(SUMIFS('Detay-Poz Listesi'!$L$5:$L$487,'Detay-Poz Listesi'!$A$5:$A$487,A43,'Detay-Poz Listesi'!$C$5:$C$487,C43,'Detay-Poz Listesi'!$D$5:$D$487,16),2) -> 0 | G43: =ROUND(SUM(D43:F43),2) -> 508.67 | H43: 10.13 | J43: 1 | K43: =ROUND(G43*J43,2) -> 508.67 | L43: =ROUND(H43*J43,2) -> 10.13
A44: 131 | B44: ЛШМ-5 | C44: Вид В | D44: =ROUND(SUMIFS('Detay-Poz Listesi'!$L$5:$L$487,'Detay-Poz Listesi'!$A$5:$A$487,A44,'Detay-Poz Listesi'!$C$5:$C$487,C44,'Detay-Poz Listesi'!$D$5:$D$487,8),2) -> 18.17 | E44: =ROUND(SUMIFS('Detay-Poz Listesi'!$L$5:$L$487,'Detay-Poz Listesi'!$A$5:$A$487,A44,'Detay-Poz Listesi'!$C$5:$C$487,C44,'Detay-Poz Listesi'!$D$5:$D$487,14),2) -> 269.68 | F44: =ROUND(SUMIFS('Detay-Poz Listesi'!$L$5:$L$487,'Detay-Poz Listesi'!$A$5:$A$487,A44,'Detay-Poz Listesi'!$C$5:$C$487,C44,'Detay-Poz Listesi'!$D$5:$D$487,16),2) -> 0 | G44: =ROUND(SUM(D44:F44),2) -> 287.85 | H44: 5.48 | J44: 1 | K44: =ROUND(G44*J44,2) -> 287.85 | L44: =ROUND(H44*J44,2) -> 5.48
A45: 132 | B45: ЛШМ-5 | C45: Вид Г | D45: =ROUND(SUMIFS('Detay-Poz Listesi'!$L$5:$L$487,'Detay-Poz Listesi'!$A$5:$A$487,A45,'Detay-Poz Listesi'!$C$5:$C$487,C45,'Detay-Poz Listesi'!$D$5:$D$487,8),2) -> 18.17 | E45: =ROUND(SUMIFS('Detay-Poz Listesi'!$L$5:$L$487,'Detay-Poz Listesi'!$A$5:$A$487,A45,'Detay-Poz Listesi'!$C$5:$C$487,C45,'Detay-Poz Listesi'!$D$5:$D$487,14),2) -> 269.68 | F45: =ROUND(SUMIFS('Detay-Poz Listesi'!$L$5:$L$487,'Detay-Poz Listesi'!$A$5:$A$487,A45,'Detay-Poz Listesi'!$C$5:$C$487,C45,'Detay-Poz Listesi'!$D$5:$D$487,16),2) -> 0 | G45: =ROUND(SUM(D45:F45),2) -> 287.85 | H45: 5.48 | J45: 1 | K45: =ROUND(G45*J45,2) -> 287.85 | L45: =ROUND(H45*J45,2) -> 5.48
A46: 133 | B46: ЛШМ-5* | C46: Вид А | D46: =ROUND(SUMIFS('Detay-Poz Listesi'!$L$5:$L$487,'Detay-Poz Listesi'!$A$5:$A$487,A46,'Detay-Poz Listesi'!$C$5:$C$487,C46,'Detay-Poz Listesi'!$D$5:$D$487,8),2) -> 20.95 | E46: =ROUND(SUMIFS('Detay-Poz Listesi'!$L$5:$L$487,'Detay-Poz Listesi'!$A$5:$A$487,A46,'Detay-Poz Listesi'!$C$5:$C$487,C46,'Detay-Poz Listesi'!$D$5:$D$487,14),2) -> 497.31 | F46: =ROUND(SUMIFS('Detay-Poz Listesi'!$L$5:$L$487,'Detay-Poz Listesi'!$A$5:$A$487,A46,'Detay-Poz Listesi'!$C$5:$C$487,C46,'Detay-Poz Listesi'!$D$5:$D$487,16),2) -> 74.61 | G46: =ROUND(SUM(D46:F46),2) -> 592.87 | H46: 6.19 | J46: 1 | K46: =ROUND(G46*J46,2) -> 592.87 | L46: =ROUND(H46*J46,2) -> 6.19
A47: 134 | B47: ЛШМ-5* | C47: Вид Б | D47: =ROUND(SUMIFS('Detay-Poz Listesi'!$L$5:$L$487,'Detay-Poz Listesi'!$A$5:$A$487,A47,'Detay-Poz Listesi'!$C$5:$C$487,C47,'Detay-Poz Listesi'!$D$5:$D$487,8),2) -> 33.59 | E47: =ROUND(SUMIFS('Detay-Poz Listesi'!$L$5:$L$487,'Detay-Poz Listesi'!$A$5:$A$487,A47,'Detay-Poz Listesi'!$C$5:$C$487,C47,'Detay-Poz Listesi'!$D$5:$D$487,14),2) -> 505.57 | F47: =ROUND(SUMIFS('Detay-Poz Listesi'!$L$5:$L$487,'Detay-Poz Listesi'!$A$5:$A$487,A47,'Detay-Poz Listesi'!$C$5:$C$487,C47,'Detay-Poz Listesi'!$D$5:$D$487,16),2) -> 0 | G47: =ROUND(SUM(D47:F47),2) -> 539.16 | H47: 10.13 | J47: 1 | K47: =ROUND(G47*J47,2) -> 539.16 | L47: =ROUND(H47*J47,2) -> 10.13
A48: 135 | B48: ЛШМ-5* | C48: Вид В | D48: =ROUND(SUMIFS('Detay-Poz Listesi'!$L$5:$L$487,'Detay-Poz Listesi'!$A$5:$A$487,A48,'Detay-Poz Listesi'!$C$5:$C$487,C48,'Detay-Poz Listesi'!$D$5:$D$487,8),2) -> 17.92 | E48: =ROUND(SUMIFS('Detay-Poz Listesi'!$L$5:$L$487,'Detay-Poz Listesi'!$A$5:$A$487,A48,'Detay-Poz Listesi'!$C$5:$C$487,C48,'Detay-Poz Listesi'!$D$5:$D$487,14),2) -> 269.68 | F48: =ROUND(SUMIFS('Detay-Poz Listesi'!$L$5:$L$487,'Detay-Poz Listesi'!$A$5:$A$487,A48,'Detay-Poz Listesi'!$C$5:$C$487,C48,'Detay-Poz Listesi'!$D$5:$D$487,16),2) -> 0 | G48: =ROUND(SUM(D48:F48),2) -> 287.6 | H48: 5.48 | J48: 1 | K48: =ROUND(G48*J48,2) -> 287.6 | L48: =ROUND(H48*J48,2) -> 5.48
A49: 136 | B49: ЛШМ-5* | C49: Вид Г | D49: =ROUND(SUMIFS('Detay-Poz Listesi'!$L$5:$L$487,'Detay-Poz Listesi'!$A$5:$A$487,A49,'Detay-Poz Listesi'!$C$5:$C$487,C49,'Detay-Poz Listesi'!$D$5:$D$487,8),2) -> 18.17 | E49: =ROUND(SUMIFS('Detay-Poz Listesi'!$L$5:$L$487,'Detay-Poz Listesi'!$A$5:$A$487,A49,'Detay-Poz Listesi'!$C$5:$C$487,C49,'Detay-Poz Listesi'!$D$5:$D$487,14),2) -> 269.68 | F49: =ROUND(SUMIFS('Detay-Poz Listesi'!$L$5:$L$487,'Detay-Poz Listesi'!$A$5:$A$487,A49,'Detay-Poz Listesi'!$C$5:$C$487,C49,'Detay-Poz Listesi'!$D$5:$D$487,16),2) -> 0 | G49: =ROUND(SUM(D49:F49),2) -> 287.85 | H49: 5.48 | J49: 1 | K49: =ROUND(G49*J49,2) -> 287.85 | L49: =ROUND(H49*J49,2) -> 5.48
A50: 137 | B50: ЛШМ-6 | C50: Вид А | D50: =ROUND(SUMIFS('Detay-Poz Listesi'!$L$5:$L$487,'Detay-Poz Listesi'!$A$5:$A$487,A50,'Detay-Poz Listesi'!$C$5:$C$487,C50,'Detay-Poz Listesi'!$D$5:$D$487,8),2) -> 29.86 | E50: =ROUND(SUMIFS('Detay-Poz Listesi'!$L$5:$L$487,'Detay-Poz Listesi'!$A$5:$A$487,A50,'Detay-Poz Listesi'!$C$5:$C$487,C50,'Detay-Poz Listesi'!$D$5:$D$487,14),2) -> 428.4 | F50: =ROUND(SUMIFS('Detay-Poz Listesi'!$L$5:$L$487,'Detay-Poz Listesi'!$A$5:$A$487,A50,'Detay-Poz Listesi'!$C$5:$C$487,C50,'Detay-Poz Listesi'!$D$5:$D$487,16),2) -> 0 | G50: =ROUND(SUM(D50:F50),2) -> 458.26 | H50: 9.26 | J50: 1 | K50: =ROUND(G50*J50,2) -> 458.26 | L50: =ROUND(H50*J50,2) -> 9.26
... A56: 143 | B56: ЛШМ-1* | C56: Вид В | D56: =ROUND(SUMIFS('Detay-Poz Listesi'!$L$5:$L$487,'Detay-Poz Listesi'!$A$5:$A$487,A56,'Detay-Poz Listesi'!$C$5:$C$487,C56,'Detay-Poz Listesi'!$D$5:$D$487,8),2) -> 41.31 | E56: =ROUND(SUMIFS('Detay-Poz Listesi'!$L$5:$L$487,'Detay-Poz Listesi'!$A$5:$A$487,A56,'Detay-Poz Listesi'!$C$5:$C$487,C56,'Detay-Poz Listesi'!$D$5:$D$487,14),2) -> 962.56 | F56: =ROUND(SUMIFS('Detay-Poz Listesi'!$L$5:$L$487,'Detay-Poz Listesi'!$A$5:$A$487,A56,'Detay-Poz Listesi'!$C$5:$C$487,C56,'Detay-Poz Listesi'!$D$5:$D$487,16),2) -> 0 | G56: =ROUND(SUM(D56:F56),2) -> 1003.87 | H56: 12.45 | J56: 1 | K56: =ROUND(G56*J56,2) -> 1003.87 | L56: =ROUND(H56*J56,2) -> 12.45
A57: 144 | B57: ЛШМ-1* | C57: Вид Г | D57: =ROUND(SUMIFS('Detay-Poz Listesi'!$L$5:$L$487,'Detay-Poz Listesi'!$A$5:$A$487,A57,'Detay-Poz Listesi'!$C$5:$C$487,C57,'Detay-Poz Listesi'!$D$5:$D$487,8),2) -> 14.79 | E57: =ROUND(SUMIFS('Detay-Poz Listesi'!$L$5:$L$487,'Detay-Poz Listesi'!$A$5:$A$487,A57,'Detay-Poz Listesi'!$C$5:$C$487,C57,'Detay-Poz Listesi'!$D$5:$D$487,14),2) -> 359.11 | F57: =ROUND(SUMIFS('Detay-Poz Listesi'!$L$5:$L$487,'Detay-Poz Listesi'!$A$5:$A$487,A57,'Detay-Poz Listesi'!$C$5:$C$487,C57,'Detay-Poz Listesi'!$D$5:$D$487,16),2) -> 49.74 | G57: =ROUND(SUM(D57:F57),2) -> 423.64 | H57: 3.61 | I57: 18.85 | J57: 1 | K57: =ROUND(G57*J57,2) -> 423.64 | L57: =ROUND(H57*J57,2) -> 3.61
A58: 145 | B58: ШЛМ-1 | C58: Вид А | D58: =ROUND(SUMIFS('Detay-Poz Listesi'!$L$5:$L$487,'Detay-Poz Listesi'!$A$5:$A$487,A58,'Detay-Poz Listesi'!$C$5:$C$487,C58,'Detay-Poz Listesi'!$D$5:$D$487,8),2) -> 8.63 | E58: =ROUND(SUMIFS('Detay-Poz Listesi'!$L$5:$L$487,'Detay-Poz Listesi'!$A$5:$A$487,A58,'Detay-Poz Listesi'!$C$5:$C$487,C58,'Detay-Poz Listesi'!$D$5:$D$487,14),2) -> 169.99 | F58: =ROUND(SUMIFS('Detay-Poz Listesi'!$L$5:$L$487,'Detay-Poz Listesi'!$A$5:$A$487,A58,'Detay-Poz Listesi'!$C$5:$C$487,C58,'Detay-Poz Listesi'!$D$5:$D$487,16),2) -> 39.92 | G58: =ROUND(SUM(D58:F58),2) -> 218.54 | H58: 2.1 | J58: 1 | K58: =ROUND(G58*J58,2) -> 218.54 | L58: =ROUND(H58*J58,2) -> 2.1
A59: 146 | B59: ШЛМ-1 | C59: Вид Б | D59: =ROUND(SUMIFS('Detay-Poz Listesi'!$L$5:$L$487,'Detay-Poz Listesi'!$A$5:$A$487,A59,'Detay-Poz Listesi'!$C$5:$C$487,C59,'Detay-Poz Listesi'!$D$5:$D$487,8),2) -> 8.63 | E59: =ROUND(SUMIFS('Detay-Poz Listesi'!$L$5:$L$487,'Detay-Poz Listesi'!$A$5:$A$487,A59,'Detay-Poz Listesi'!$C$5:$C$487,C59,'Detay-Poz Listesi'!$D$5:$D$487,14),2) -> 175.54 | F59: =ROUND(SUMIFS('Detay-Poz Listesi'!$L$5:$L$487,'Detay-Poz Listesi'!$A$5:$A$487,A59,'Detay-Poz Listesi'!$C$5:$C$487,C59,'Detay-Poz Listesi'!$D$5:$D$487,16),2) -> 0 | G59: =ROUND(SUM(D59:F59),2) -> 184.17 | H59: 2.1 | J59: 1 | K59: =ROUND(G59*J59,2) -> 184.17 | L59: =ROUND(H59*J59,2) -> 2.1
A60: 147 | B60: ШЛМ-1 | C60: Вид В | D60: =ROUND(SUMIFS('Detay-Poz Listesi'!$L$5:$L$487,'Detay-Poz Listesi'!$A$5:$A$487,A60,'Detay-Poz Listesi'!$C$5:$C$487,C60,'Detay-Poz Listesi'!$D$5:$D$487,8),2) -> 8.63 | E60: =ROUND(SUMIFS('Detay-Poz Listesi'!$L$5:$L$487,'Detay-Poz Listesi'!$A$5:$A$487,A60,'Detay-Poz Listesi'!$C$5:$C$487,C60,'Detay-Poz Listesi'!$D$5:$D$487,14),2) -> 175.54 | F60: =ROUND(SUMIFS('Detay-Poz Listesi'!$L$5:$L$487,'Detay-Poz Listesi'!$A$5:$A$487,A60,'Detay-Poz Listesi'!$C$5:$C$487,C60,'Detay-Poz Listesi'!$D$5:$D$487,16),2) -> 0 | G60: =ROUND(SUM(D60:F60),2) -> 184.17 | H60: 2.1 | J60: 1 | K60: =ROUND(G60*J60,2) -> 184.17 | L60: =ROUND(H60*J60,2) -> 2.1
A61: 148 | B61: ШЛМ-1* | C61: Вид А | D61: =ROUND(SUMIFS('Detay-Poz Listesi'!$L$5:$L$487,'Detay-Poz Listesi'!$A$5:$A$487,A61,'Detay-Poz Listesi'!$C$5:$C$487,C61,'Detay-Poz Listesi'!$D$5:$D$487,8),2) -> 8.63 | E61: =ROUND(SUMIFS('Detay-Poz Listesi'!$L$5:$L$487,'Detay-Poz Listesi'!$A$5:$A$487,A61,'Detay-Poz Listesi'!$C$5:$C$487,C61,'Detay-Poz Listesi'!$D$5:$D$487,14),2) -> 169.99 | F61: =ROUND(SUMIFS('Detay-Poz Listesi'!$L$5:$L$487,'Detay-Poz Listesi'!$A$5:$A$487,A61,'Detay-Poz Listesi'!$C$5:$C$487,C61,'Detay-Poz Listesi'!$D$5:$D$487,16),2) -> 39.92 | G61: =ROUND(SUM(D61:F61),2) -> 218.54 | H61: 2.18 | J61: 1 | K61: =ROUND(G61*J61,2) -> 218.54 | L61: =ROUND(H61*J61,2) -> 2.18
A62: 149 | B62: ШЛМ-1* | C62: Вид Б | D62: =ROUND(SUMIFS('Detay-Poz Listesi'!$L$5:$L$487,'Detay-Poz Listesi'!$A$5:$A$487,A62,'Detay-Poz Listesi'!$C$5:$C$487,C62,'Detay-Poz Listesi'!$D$5:$D$487,8),2) -> 10.78 | E62: =ROUND(SUMIFS('Detay-Poz Listesi'!$L$5:$L$487,'Detay-Poz Listesi'!$A$5:$A$487,A62,'Detay-Poz Listesi'!$C$5:$C$487,C62,'Detay-Poz Listesi'!$D$5:$D$487,14),2) -> 196.57 | F62: =ROUND(SUMIFS('Detay-Poz Listesi'!$L$5:$L$487,'Detay-Poz Listesi'!$A$5:$A$487,A62,'Detay-Poz Listesi'!$C$5:$C$487,C62,'Detay-Poz Listesi'!$D$5:$D$487,16),2) -> 0 | G62: =ROUND(SUM(D62:F62),2) -> 207.35 | H62: 2.24 | J62: 1 | K62: =ROUND(G62*J62,2) -> 207.35 | L62: =ROUND(H62*J62,2) -> 2.24
A63: 150 | B63: ШЛМ-1* | C63: Вид В | D63: =ROUND(SUMIFS('Detay-Poz Listesi'!$L$5:$L$487,'Detay-Poz Listesi'!$A$5:$A$487,A63,'Detay-Poz Listesi'!$C$5:$C$487,C63,'Detay-Poz Listesi'!$D$5:$D$487,8),2) -> 10.78 | E63: =ROUND(SUMIFS('Detay-Poz Listesi'!$L$5:$L$487,'Detay-Poz Listesi'!$A$5:$A$487,A63,'Detay-Poz Listesi'!$C$5:$C$487,C63,'Detay-Poz Listesi'!$D$5:$D$487,14),2) -> 196.57 | F63: =ROUND(SUMIFS('Detay-Poz Listesi'!$L$5:$L$487,'Detay-Poz Listesi'!$A$5:$A$487,A63,'Detay-Poz Listesi'!$C$5:$C$487,C63,'Detay-Poz Listesi'!$D$5:$D$487,16),2) -> 0 | G63: =ROUND(SUM(D63:F63),2) -> 207.35 | H63: 2.24 | J63: 1 | K63: =ROUND(G63*J63,2) -> 207.35 | L63: =ROUND(H63*J63,2) -> 2.24
A64: 151 | B64: ШЛМ-2 | C64: Вид А | D64: =ROUND(SUMIFS('Detay-Poz Listesi'!$L$5:$L$487,'Detay-Poz Listesi'!$A$5:$A$487,A64,'Detay-Poz Listesi'!$C$5:$C$487,C64,'Detay-Poz Listesi'!$D$5:$D$487,8),2) -> 9.24 | E64: =ROUND(SUMIFS('Detay-Poz Listesi'!$L$5:$L$487,'Detay-Poz Listesi'!$A$5:$A$487,A64,'Detay-Poz Listesi'!$C$5:$C$487,C64,'Detay-Poz Listesi'!$D$5:$D$487,14),2) -> 184.48 | F64: =ROUND(SUMIFS('Detay-Poz Listesi'!$L$5:$L$487,'Detay-Poz Listesi'!$A$5:$A$487,A64,'Detay-Poz Listesi'!$C$5:$C$487,C64,'Detay-Poz Listesi'!$D$5:$D$487,16),2) -> 39.92 | G64: =ROUND(SUM(D64:F64),2) -> 233.64 | H64: 2.34 | I64: 9.75 | J64: 1 | K64: =ROUND(G64*J64,2) -> 233.64 | L64: =ROUND(H64*J64,2) -> 2.34
A65: 152 | B65: ШЛМ-2 | C65: Вид Б | D65: =ROUND(SUMIFS('Detay-Poz Listesi'!$L$5:$L$487,'Detay-Poz Listesi'!$A$5:$A$487,A65,'Detay-Poz Listesi'!$C$5:$C$487,C65,'Detay-Poz Listesi'!$D$5:$D$487,8),2) -> 9.55 | E65: =ROUND(SUMIFS('Detay-Poz Listesi'!$L$5:$L$487,'Detay-Poz Listesi'!$A$5:$A$487,A65,'Detay-Poz Listesi'!$C$5:$C$487,C65,'Detay-Poz Listesi'!$D$5:$D$487,14),2) -> 164.76 | F65: =ROUND(SUMIFS('Detay-Poz Listesi'!$L$5:$L$487,'Detay-Poz Listesi'!$A$5:$A$487,A65,'Detay-Poz Listesi'!$C$5:$C$487,C65,'Detay-Poz Listesi'!$D$5:$D$487,16),2) -> 0 | G65: =ROUND(SUM(D65:F65),2) -> 174.31 | H65: 2.33 | J65: 1 | K65: =ROUND(G65*J65,2) -> 174.31 | L65: =ROUND(H65*J65,2) -> 2.33
A66: 153 | B66: ШЛМ-2 | C66: Вид В | D66: =ROUND(SUMIFS('Detay-Poz Listesi'!$L$5:$L$487,'Detay-Poz Listesi'!$A$5:$A$487,A66,'Detay-Poz Listesi'!$C$5:$C$487,C66,'Detay-Poz Listesi'!$D$5:$D$487,8),2) -> 7.7 | E66: =ROUND(SUMIFS('Detay-Poz Listesi'!$L$5:$L$487,'Detay-Poz Listesi'!$A$5:$A$487,A66,'Detay-Poz Listesi'!$C$5:$C$487,C66,'Detay-Poz Listesi'!$D$5:$D$487,14),2) -> 159.98 | F66: =ROUND(SUMIFS('Detay-Poz Listesi'!$L$5:$L$487,'Detay-Poz Listesi'!$A$5:$A$487,A66,'Detay-Poz Listesi'!$C$5:$C$487,C66,'Detay-Poz Listesi'!$D$5:$D$487,16),2) -> 0 | G66: =ROUND(SUM(D66:F66),2) -> 167.68 | H66: 1.88 | J66: 1 | K66: =ROUND(G66*J66,2) -> 167.68 | L66: =ROUND(H66*J66,2) -> 1.88
A67: 154 | B67: ШЛМ-2 | C67: Вид Г | D67: =ROUND(SUMIFS('Detay-Poz Listesi'!$L$5:$L$487,'Detay-Poz Listesi'!$A$5:$A$487,A67,'Detay-Poz Listesi'!$C$5:$C$487,C67,'Detay-Poz Listesi'!$D$5:$D$487,8),2) -> 18.91 | E67: =ROUND(SUMIFS('Detay-Poz Listesi'!$L$5:$L$487,'Detay-Poz Listesi'!$A$5:$A$487,A67,'Detay-Poz Listesi'!$C$5:$C$487,C67,'Detay-Poz Listesi'!$D$5:$D$487,14),2) -> 265.06 | F67: =ROUND(SUMIFS('Detay-Poz Listesi'!$L$5:$L$487,'Detay-Poz Listesi'!$A$5:$A$487,A67,'Detay-Poz Listesi'!$C$5:$C$487,C67,'Detay-Poz Listesi'!$D$5:$D$487,16),2) -> 68.39 | G67: =ROUND(SUM(D67:F67),2) -> 352.36 | H67: 5.64 | J67: 1 | K67: =ROUND(G67*J67,2) -> 352.36 | L67: =ROUND(H67*J67,2) -> 5.64
A68: 155 | B68: ШЛМ-2* | C68: Вид А | D68: =ROUND(SUMIFS('Detay-Poz Listesi'!$L$5:$L$487,'Detay-Poz Listesi'!$A$5:$A$487,A68,'Detay-Poz Listesi'!$C$5:$C$487,C68,'Detay-Poz Listesi'!$D$5:$D$487,8),2) -> 9.24 | E68: =ROUND(SUMIFS('Detay-Poz Listesi'!$L$5:$L$487,'Detay-Poz Listesi'!$A$5:$A$487,A68,'Detay-Poz Listesi'!$C$5:$C$487,C68,'Detay-Poz Listesi'!$D$5:$D$487,14),2) -> 184.48 | F68: =ROUND(SUMIFS('Detay-Poz Listesi'!$L$5:$L$487,'Detay-Poz Listesi'!$A$5:$A$487,A68,'Detay-Poz Listesi'!$C$5:$C$487,C68,'Detay-Poz Listesi'!$D$5:$D$487,16),2) -> 39.92 | G68: =ROUND(SUM(D68:F68),2) -> 233.64 | H68: 2.34 | I68: 9.75 | J68: 1 | K68: =ROUND(G68*J68,2) -> 233.64 | L68: =ROUND(H68*J68,2) -> 2.34
A69: 156 | B69: ШЛМ-2* | C69: Вид Б | D69: =ROUND(SUMIFS('Detay-Poz Listesi'!$L$5:$L$487,'Detay-Poz Listesi'!$A$5:$A$487,A69,'Detay-Poz Listesi'!$C$5:$C$487,C69,'Detay-Poz Listesi'!$D$5:$D$487,8),2) -> 9.55 | E69: =ROUND(SUMIFS('Detay-Poz Listesi'!$L$5:$L$487,'Detay-Poz Listesi'!$A$5:$A$487,A69,'Detay-Poz Listesi'!$C$5:$C$487,C69,'Detay-Poz Listesi'!$D$5:$D$487,14),2) -> 164.76 | F69: =ROUND(SUMIFS('Detay-Poz Listesi'!$L$5:$L$487,'Detay-Poz Listesi'!$A$5:$A$487,A69,'Detay-Poz Listesi'!$C$5:$C$487,C69,'Detay-Poz Listesi'!$D$5:$D$487,16),2) -> 0 | G69: =ROUND(SUM(D69:F69),2) -> 174.31 | H69: 2.33 | J69: 1 | K69: =ROUND(G69*J69,2) -> 174.31 | L69: =ROUND(H69*J69,2) -> 2.33
A70: 157 | B70: ШЛМ-2* | C70: Вид В | D70: =ROUND(SUMIFS('Detay-Poz Listesi'!$L$5:$L$487,'Detay-Poz Listesi'!$A$5:$A$487,A70,'Detay-Poz Listesi'!$C$5:$C$487,C70,'Detay-Poz Listesi'!$D$5:$D$487,8),2) -> 7.7 | E70: =ROUND(SUMIFS('Detay-Poz Listesi'!$L$5:$L$487,'Detay-Poz Listesi'!$A$5:$A$487,A70,'Detay-Poz Listesi'!$C$5:$C$487,C70,'Detay-Poz Listesi'!$D$5:$D$487,14),2) -> 159.98 | F70: =ROUND(SUMIFS('Detay-Poz Listesi'!$L$5:$L$487,'Detay-Poz Listesi'!$A$5:$A$487,A70,'Detay-Poz Listesi'!$C$5:$C$487,C70,'Detay-Poz Listesi'!$D$5:$D$487,16),2) -> 0 | G70: =ROUND(SUM(D70:F70),2) -> 167.68 | H70: 1.88 | J70: 1 | K70: =ROUND(G70*J70,2) -> 167.68 | L70: =ROUND(H70*J70,2) -> 1.88
A71: 158 | B71: ШЛМ-2* | C71: Вид Г | D71: =ROUND(SUMIFS('Detay-Poz Listesi'!$L$5:$L$487,'Detay-Poz Listesi'!$A$5:$A$487,A71,'Detay-Poz Listesi'!$C$5:$C$487,C71,'Detay-Poz Listesi'!$D$5:$D$487,8),2) -> 18.91 | E71: =ROUND(SUMIFS('Detay-Poz Listesi'!$L$5:$L$487,'Detay-Poz Listesi'!$A$5:$A$487,A71,'Detay-Poz Listesi'!$C$5:$C$487,C71,'Detay-Poz Listesi'!$D$5:$D$487,14),2) -> 265.06 | F71: =ROUND(SUMIFS('Detay-Poz Listesi'!$L$5:$L$487,'Detay-Poz Listesi'!$A$5:$A$487,A71,'Detay-Poz Listesi'!$C$5:$C$487,C71,'Detay-Poz Listesi'!$D$5:$D$487,16),2) -> 68.39 | G71: =ROUND(SUM(D71:F71),2) -> 352.36 | H71: 5.64 | J71: 1 | K71: =ROUND(G71*J71,2) -> 352.36 | L71: =ROUND(H71*J71,2) -> 5.64
A72: 159 | B72: ШЛМ-2-1 | C72: Вид А | D72: =ROUND(SUMIFS('Detay-Poz Listesi'!$L$5:$L$487,'Detay-Poz Listesi'!$A$5:$A$487,A72,'Detay-Poz Listesi'!$C$5:$C$487,C72,'Detay-Poz Listesi'!$D$5:$D$487,8),2) -> 9.24 | E72: =ROUND(SUMIFS('Detay-Poz Listesi'!$L$5:$L$487,'Detay-Poz Listesi'!$A$5:$A$487,A72,'Detay-Poz Listesi'!$C$5:$C$487,C72,'Detay-Poz Listesi'!$D$5:$D$487,14),2) -> 184.48 | F72: =ROUND(SUMIFS('Detay-Poz Listesi'!$L$5:$L$487,'Detay-Poz Listesi'!$A$5:$A$487,A72,'Detay-Poz Listesi'!$C$5:$C$487,C72,'Detay-Poz Listesi'!$D$5:$D$487,16),2) -> 39.92 | G72: =ROUND(SUM(D72:F72),2) -> 233.64 | H72: 2.34 | I72: 9.75 | J72: 1 | K72: =ROUND(G72*J72,2) -> 233.64 | L72: =ROUND(H72*J72,2) -> 2.34
A73: 160 | B73: ШЛМ-2-1 | C73: Вид Б | D73: =ROUND(SUMIFS('Detay-Poz Listesi'!$L$5:$L$487,'Detay-Poz Listesi'!$A$5:$A$487,A73,'Detay-Poz Listesi'!$C$5:$C$487,C73,'Detay-Poz Listesi'!$D$5:$D$487,8),2) -> 9.55 | E73: =ROUND(SUMIFS('Detay-Poz Listesi'!$L$5:$L$487,'Detay-Poz Listesi'!$A$5:$A$487,A73,'Detay-Poz Listesi'!$C$5:$C$487,C73,'Detay-Poz Listesi'!$D$5:$D$487,14),2) -> 164.76 | F73: =ROUND(SUMIFS('Detay-Poz Listesi'!$L$5:$L$487,'Detay-Poz Listesi'!$A$5:$A$487,A73,'Detay-Poz Listesi'!$C$5:$C$487,C73,'Detay-Poz Listesi'!$D$5:$D$487,16),2) -> 0 | G73: =ROUND(SUM(D73:F73),2) -> 174.31 | H73: 1.56 | J73: 1 | K73: =ROUND(G73*J73,2) -> 174.31 | L73: =ROUND(H73*J73,2) -> 1.56
A74: 161 | B74: ШЛМ-2-1 | C74: Вид В | D74: =ROUND(SUMIFS('Detay-Poz Listesi'!$L$5:$L$487,'Detay-Poz Listesi'!$A$5:$A$487,A74,'Detay-Poz Listesi'!$C$5:$C$487,C74,'Detay-Poz Listesi'!$D$5:$D$487,8),2) -> 7.7 | E74: =ROUND(SUMIFS('Detay-Poz Listesi'!$L$5:$L$487,'Detay-Poz Listesi'!$A$5:$A$487,A74,'Detay-Poz Listesi'!$C$5:$C$487,C74,'Detay-Poz Listesi'!$D$5:$D$487,14),2) -> 159.98 | F74: =ROUND(SUMIFS('Detay-Poz Listesi'!$L$5:$L$487,'Detay-Poz Listesi'!$A$5:$A$487,A74,'Detay-Poz Listesi'!$C$5:$C$487,C74,'Detay-Poz Listesi'!$D$5:$D$487,16),2) -> 0 | G74: =ROUND(SUM(D74:F74),2) -> 167.68 | H74: 1.56 | J74: 1 | K74: =ROUND(G74*J74,2) -> 167.68 | L74: =ROUND(H74*J74,2) -> 1.56
A75: 162 | B75: ШЛМ-2-1 | C75: Вид Г | D75: =ROUND(SUMIFS('Detay-Poz Listesi'!$L$5:$L$487,'Detay-Poz Listesi'!$A$5:$A$487,A75,'Detay-Poz Listesi'!$C$5:$C$487,C75,'Detay-Poz Listesi'!$D$5:$D$487,8),2) -> 18.91 | E75: =ROUND(SUMIFS('Detay-Poz Listesi'!$L$5:$L$487,'Detay-Poz Listesi'!$A$5:$A$487,A75,'Detay-Poz Listesi'!$C$5:$C$487,C75,'Detay-Poz Listesi'!$D$5:$D$487,14),2) -> 265.06 | F75: =ROUND(SUMIFS('Detay-Poz Listesi'!$L$5:$L$487,'Detay-Poz Listesi'!$A$5:$A$487,A75,'Detay-Poz Listesi'!$C$5:$C$487,C75,'Detay-Poz Listesi'!$D$5:$D$487,16),2) -> 68.39 | G75: =ROUND(SUM(D75:F75),2) -> 352.36 | H75: 5.85 | I75: 9.75 | J75: 1 | K75: =ROUND(G75*J75,2) -> 352.36 | L75: =ROUND(H75*J75,2) -> 5.85
A76: 163 | B76: ШЛМ-2*-1 | C76: Вид А | D76: =ROUND(SUMIFS('Detay-Poz Listesi'!$L$5:$L$487,'Detay-Poz Listesi'!$A$5:$A$487,A76,'Detay-Poz Listesi'!$C$5:$C$487,C76,'Detay-Poz Listesi'!$D$5:$D$487,8),2) -> 9.24 | E76: =ROUND(SUMIFS('Detay-Poz Listesi'!$L$5:$L$487,'Detay-Poz Listesi'!$A$5:$A$487,A76,'Detay-Poz Listesi'!$C$5:$C$487,C76,'Detay-Poz Listesi'!$D$5:$D$487,14),2) -> 184.48 | F76: =ROUND(SUMIFS('Detay-Poz Listesi'!$L$5:$L$487,'Detay-Poz Listesi'!$A$5:$A$487,A76,'Detay-Poz Listesi'!$C$5:$C$487,C76,'Detay-Poz Listesi'!$D$5:$D$487,16),2) -> 39.92 | G76: =ROUND(SUM(D76:F76),2) -> 233.64 | H76: 2.34 | J76: 1 | K76: =ROUND(G76*J76,2) -> 233.64 | L76: =ROUND(H76*J76,2) -> 2.34
A77: 164 | B77: ШЛМ-2*-1 | C77: Вид Б | D77: =ROUND(SUMIFS('Detay-Poz Listesi'!$L$5:$L$487,'Detay-Poz Listesi'!$A$5:$A$487,A77,'Detay-Poz Listesi'!$C$5:$C$487,C77,'Detay-Poz Listesi'!$D$5:$D$487,8),2) -> 9.55 | E77: =ROUND(SUMIFS('Detay-Poz Listesi'!$L$5:$L$487,'Detay-Poz Listesi'!$A$5:$A$487,A77,'Detay-Poz Listesi'!$C$5:$C$487,C77,'Detay-Poz Listesi'!$D$5:$D$487,14),2) -> 164.76 | F77: =ROUND(SUMIFS('Detay-Poz Listesi'!$L$5:$L$487,'Detay-Poz Listesi'!$A$5:$A$487,A77,'Detay-Poz Listesi'!$C$5:$C$487,C77,'Detay-Poz Listesi'!$D$5:$D$487,16),2) -> 0 | G77: =ROUND(SUM(D77:F77),2) -> 174.31 | H77: 2.33 | J77: 1 | K77: =ROUND(G77*J77,2) -> 174.31 | L77: =ROUND(H77*J77,2) -> 2.33
A78: 165 | B78: ШЛМ-2*-1 | C78: Вид В | D78: =ROUND(SUMIFS('Detay-Poz Listesi'!$L$5:$L$487,'Detay-Poz Listesi'!$A$5:$A$487,A78,'Detay-Poz Listesi'!$C$5:$C$487,C78,'Detay-Poz Listesi'!$D$5:$D$487,8),2) -> 7.7 | E78: =ROUND(SUMIFS('Detay-Poz Listesi'!$L$5:$L$487,'Detay-Poz Listesi'!$A$5:$A$487,A78,'Detay-Poz Listesi'!$C$5:$C$487,C78,'Detay-Poz Listesi'!$D$5:$D$487,14),2) -> 159.98 | F78: =ROUND(SUMIFS('Detay-Poz Listesi'!$L$5:$L$487,'Detay-Poz Listesi'!$A$5:$A$487,A78,'Detay-Poz Listesi'!$C$5:$C$487,C78,'Detay-Poz Listesi'!$D$5:$D$487,16),2) -> 0 | G78: =ROUND(SUM(D78:F78),2) -> 167.68 | H78: 1.88 | J78: 1 | K78: =ROUND(G78*J78,2) -> 167.68 | L78: =ROUND(H78*J78,2) -> 1.88
A79: 166 | B79: ШЛМ-2*-1 | C79: Вид Г | D79: =ROUND(SUMIFS('Detay-Poz Listesi'!$L$5:$L$487,'Detay-Poz Listesi'!$A$5:$A$487,A79,'Detay-Poz Listesi'!$C$5:$C$487,C79,'Detay-Poz Listesi'!$D$5:$D$487,8),2) -> 18.91 | E79: =ROUND(SUMIFS('Detay-Poz Listesi'!$L$5:$L$487,'Detay-Poz Listesi'!$A$5:$A$487,A79,'Detay-Poz Listesi'!$C$5:$C$487,C79,'Detay-Poz Listesi'!$D$5:$D$487,14),2) -> 265.06 | F79: =ROUND(SUMIFS('Detay-Poz Listesi'!$L$5:$L$487,'Detay-Poz Listesi'!$A$5:$A$487,A79,'Detay-Poz Listesi'!$C$5:$C$487,C79,'Detay-Poz Listesi'!$D$5:$D$487,16),2) -> 68.39 | G79: =ROUND(SUM(D79:F79),2) -> 352.36 | H79: 5.64 | J79: 1 | K79: =ROUND(G79*J79,2) -> 352.36 | L79: =ROUND(H79*J79,2) -> 5.64
A80: 167 | B80: ШЛМ-3 | C80: Вид А | D80: =ROUND(SUMIFS('Detay-Poz Listesi'!$L$5:$L$487,'Detay-Poz Listesi'!$A$5:$A$487,A80,'Detay-Poz Listesi'!$C$5:$C$487,C80,'Detay-Poz Listesi'!$D$5:$D$487,8),2) -> 33.59 | E80: =ROUND(SUMIFS('Detay-Poz Listesi'!$L$5:$L$487,'Detay-Poz Listesi'!$A$5:$A$487,A80,'Detay-Poz Listesi'!$C$5:$C$487,C80,'Detay-Poz Listesi'!$D$5:$D$487,14),2) -> 460.88 | F80: =ROUND(SUMIFS('Detay-Poz Listesi'!$L$5:$L$487,'Detay-Poz Listesi'!$A$5:$A$487,A80,'Detay-Poz Listesi'!$C$5:$C$487,C80,'Detay-Poz Listesi'!$D$5:$D$487,16),2) -> 0 | G80: =ROUND(SUM(D80:F80),2) -> 494.47 | H80: 10.13 | I80: 17.55 | J80: 1 | K80: =ROUND(G80*J80,2) -> 494.47 | L80: =ROUND(H80*J80,2) -> 10.13
A81: 168 | B81: ШЛМ-3 | C81: Вид Б | D81: =ROUND(SUMIFS('Detay-Poz Listesi'!$L$5:$L$487,'Detay-Poz Listesi'!$A$5:$A$487,A81,'Detay-Poz Listesi'!$C$5:$C$487,C81,'Detay-Poz Listesi'!$D$5:$D$487,8),2) -> 18.18 | E81: =ROUND(SUMIFS('Detay-Poz Listesi'!$L$5:$L$487,'Detay-Poz Listesi'!$A$5:$A$487,A81,'Detay-Poz Listesi'!$C$5:$C$487,C81,'Detay-Poz Listesi'!$D$5:$D$487,14),2) -> 376.92 | F81: =ROUND(SUMIFS('Detay-Poz Listesi'!$L$5:$L$487,'Detay-Poz Listesi'!$A$5:$A$487,A81,'Detay-Poz Listesi'!$C$5:$C$487,C81,'Detay-Poz Listesi'!$D$5:$D$487,16),2) -> 103.77 | G81: =ROUND(SUM(D81:F81),2) -> 498.87 | H81: 4.28 | J81: 1 | K81: =ROUND(G81*J81,2) -> 498.87 | L81: =ROUND(H81*J81,2) -> 4.28
A82: 169 | B82: ШЛМ-3 | C82: Вид В | D82: =ROUND(SUMIFS('Detay-Poz Listesi'!$L$5:$L$487,'Detay-Poz Listesi'!$A$5:$A$487,A82,'Detay-Poz Listesi'!$C$5:$C$487,C82,'Detay-Poz Listesi'!$D$5:$D$487,8),2) -> 8.93 | E82: =ROUND(SUMIFS('Detay-Poz Listesi'!$L$5:$L$487,'Detay-Poz Listesi'!$A$5:$A$487,A82,'Detay-Poz Listesi'!$C$5:$C$487,C82,'Detay-Poz Listesi'!$D$5:$D$487,14),2) -> 153.95 | F82: =ROUND(SUMIFS('Detay-Poz Listesi'!$L$5:$L$487,'Detay-Poz Listesi'!$A$5:$A$487,A82,'Detay-Poz Listesi'!$C$5:$C$487,C82,'Detay-Poz Listesi'!$D$5:$D$487,16),2) -> 74.61 | G82: =ROUND(SUM(D82:F82),2) -> 237.49 | H82: 2.18 | J82: 1 | K82: =ROUND(G82*J82,2) -> 237.49 | L82: =ROUND(H82*J82,2) -> 2.18
A83: 170 | B83: ШЛМ-3 | C83: Вид Г | D83: =ROUND(SUMIFS('Detay-Poz Listesi'!$L$5:$L$487,'Detay-Poz Listesi'!$A$5:$A$487,A83,'Detay-Poz Listesi'!$C$5:$C$487,C83,'Detay-Poz Listesi'!$D$5:$D$487,8),2) -> 8.93 | E83: =ROUND(SUMIFS('Detay-Poz Listesi'!$L$5:$L$487,'Detay-Poz Listesi'!$A$5:$A$487,A83,'Detay-Poz Listesi'!$C$5:$C$487,C83,'Detay-Poz Listesi'!$D$5:$D$487,14),2) -> 158.78 | F83: =ROUND(SUMIFS('Detay-Poz Listesi'!$L$5:$L$487,'Detay-Poz Listesi'!$A$5:$A$487,A83,'Detay-Poz Listesi'!$C$5:$C$487,C83,'Detay-Poz Listesi'!$D$5:$D$487,16),2) -> 74.61 | G83: =ROUND(SUM(D83:F83),2) -> 242.32 | H83: 2.18 | J83: 1 | K83: =ROUND(G83*J83,2) -> 242.32 | L83: =ROUND(H83*J83,2) -> 2.18
A84: 171 | B84: ШЛМ-3 | C84: Вид Д | D84: =ROUND(SUMIFS('Detay-Poz Listesi'!$L$5:$L$487,'Detay-Poz Listesi'!$A$5:$A$487,A84,'Detay-Poz Listesi'!$C$5:$C$487,C84,'Detay-Poz Listesi'!$D$5:$D$487,8),2) -> 8.93 | E84: =ROUND(SUMIFS('Detay-Poz Listesi'!$L$5:$L$487,'Detay-Poz Listesi'!$A$5:$A$487,A84,'Detay-Poz Listesi'!$C$5:$C$487,C84,'Detay-Poz Listesi'!$D$5:$D$487,14),2) -> 158.78 | F84: =ROUND(SUMIFS('Detay-Poz Listesi'!$L$5:$L$487,'Detay-Poz Listesi'!$A$5:$A$487,A84,'Detay-Poz Listesi'!$C$5:$C$487,C84,'Detay-Poz Listesi'!$D$5:$D$487,16),2) -> 74.61 | G84: =ROUND(SUM(D84:F84),2) -> 242.32 | H84: 2.18 | J84: 1 | K84: =ROUND(G84*J84,2) -> 242.32 | L84: =ROUND(H84*J84,2) -> 2.18
A85: 172 | B85: ШЛМ-3* | C85: Вид А | D85: =ROUND(SUMIFS('Detay-Poz Listesi'!$L$5:$L$487,'Detay-Poz Listesi'!$A$5:$A$487,A85,'Detay-Poz Listesi'!$C$5:$C$487,C85,'Detay-Poz Listesi'!$D$5:$D$487,8),2) -> 33.59 | E85: =ROUND(SUMIFS('Detay-Poz Listesi'!$L$5:$L$487,'Detay-Poz Listesi'!$A$5:$A$487,A85,'Detay-Poz Listesi'!$C$5:$C$487,C85,'Detay-Poz Listesi'!$D$5:$D$487,14),2) -> 460.88 | F85: =ROUND(SUMIFS('Detay-Poz Listesi'!$L$5:$L$487,'Detay-Poz Listesi'!$A$5:$A$487,A85,'Detay-Poz Listesi'!$C$5:$C$487,C85,'Detay-Poz Listesi'!$D$5:$D$487,16),2) -> 0 | G85: =ROUND(SUM(D85:F85),2) -> 494.47 | H85: 10.12 | I85: 17.55 | J85: 1 | K85: =ROUND(G85*J85,2) -> 494.47 | L85: =ROUND(H85*J85,2) -> 10.12
A86: 173 | B86: ШЛМ-3* | C86: Вид Б | D86: =ROUND(SUMIFS('Detay-Poz Listesi'!$L$5:$L$487,'Detay-Poz Listesi'!$A$5:$A$487,A86,'Detay-Poz Listesi'!$C$5:$C$487,C86,'Detay-Poz Listesi'!$D$5:$D$487,8),2) -> 18.18 | E86: =ROUND(SUMIFS('Detay-Poz Listesi'!$L$5:$L$487,'Detay-Poz Listesi'!$A$5:$A$487,A86,'Detay-Poz Listesi'!$C$5:$C$487,C86,'Detay-Poz Listesi'!$D$5:$D$487,14),2) -> 376.92 | F86: =ROUND(SUMIFS('Detay-Poz Listesi'!$L$5:$L$487,'Detay-Poz Listesi'!$A$5:$A$487,A86,'Detay-Poz Listesi'!$C$5:$C$487,C86,'Detay-Poz Listesi'!$D$5:$D$487,16),2) -> 103.77 | G86: =ROUND(SUM(D86:F86),2) -> 498.87 | H86: 4.28 | J86: 1 | K86: =ROUND(G86*J86,2) -> 498.87 | L86: =ROUND(H86*J86,2) -> 4.28
A87: 174 | B87: ШЛМ-3* | C87: Вид В | D87: =ROUND(SUMIFS('Detay-Poz Listesi'!$L$5:$L$487,'Detay-Poz Listesi'!$A$5:$A$487,A87,'Detay-Poz Listesi'!$C$5:$C$487,C87,'Detay-Poz Listesi'!$D$5:$D$487,8),2) -> 8.93 | E87: =ROUND(SUMIFS('Detay-Poz Listesi'!$L$5:$L$487,'Detay-Poz Listesi'!$A$5:$A$487,A87,'Detay-Poz Listesi'!$C$5:$C$487,C87,'Detay-Poz Listesi'!$D$5:$D$487,14),2) -> 153.95 | F87: =ROUND(SUMIFS('Detay-Poz Listesi'!$L$5:$L$487,'Detay-Poz Listesi'!$A$5:$A$487,A87,'Detay-Poz Listesi'!$C$5:$C$487,C87,'Detay-Poz Listesi'!$D$5:$D$487,16),2) -> 74.61 | G87: =ROUND(SUM(D87:F87),2) -> 237.49 | H87: 2.18 | J87: 1 | K87: =ROUND(G87*J87,2) -> 237.49 | L87: =ROUND(H87*J87,2) -> 2.18
A88: 175 | B88: ШЛМ-3* | C88: Вид Г | D88: =ROUND(SUMIFS('Detay-Poz Listesi'!$L$5:$L$487,'Detay-Poz Listesi'!$A$5:$A$487,A88,'Detay-Poz Listesi'!$C$5:$C$487,C88,'Detay-Poz Listesi'!$D$5:$D$487,8),2) -> 8.93 | E88: =ROUND(SUMIFS('Detay-Poz Listesi'!$L$5:$L$487,'Detay-Poz Listesi'!$A$5:$A$487,A88,'Detay-Poz Listesi'!$C$5:$C$487,C88,'Detay-Poz Listesi'!$D$5:$D$487,14),2) -> 158.78 | F88: =ROUND(SUMIFS('Detay-Poz Listesi'!$L$5:$L$487,'Detay-Poz Listesi'!$A$5:$A$487,A88,'Detay-Poz Listesi'!$C$5:$C$487,C88,'Detay-Poz Listesi'!$D$5:$D$487,16),2) -> 74.61 | G88: =ROUND(SUM(D88:F88),2) -> 242.32 | H88: 2.18 | J88: 1 | K88: =ROUND(G88*J88,2) -> 242.32 | L88: =ROUND(H88*J88,2) -> 2.18
A89: 176 | B89: ШЛМ-3* | C89: Вид Д | D89: =ROUND(SUMIFS('Detay-Poz Listesi'!$L$5:$L$487,'Detay-Poz Listesi'!$A$5:$A$487,A89,'Detay-Poz Listesi'!$C$5:$C$487,C89,'Detay-Poz Listesi'!$D$5:$D$487,8),2) -> 8.93 | E89: =ROUND(SUMIFS('Detay-Poz Listesi'!$L$5:$L$487,'Detay-Poz Listesi'!$A$5:$A$487,A89,'Detay-Poz Listesi'!$C$5:$C$487,C89,'Detay-Poz Listesi'!$D$5:$D$487,14),2) -> 158.78 | F89: =ROUND(SUMIFS('Detay-Poz Listesi'!$L$5:$L$487,'Detay-Poz Listesi'!$A$5:$A$487,A89,'Detay-Poz Listesi'!$C$5:$C$487,C89,'Detay-Poz Listesi'!$D$5:$D$487,16),2) -> 74.61 | G89: =ROUND(SUM(D89:F89),2) -> 242.32 | H89: 2.18 | J89: 1 | K89: =ROUND(G89*J89,2) -> 242.32 | L89: =ROUND(H89*J89,2) -> 2.18
A90: 177 | B90: ШЛМ-4 | C90: Вид А | D90: =ROUND(SUMIFS('Detay-Poz Listesi'!$L$5:$L$487,'Detay-Poz Listesi'!$A$5:$A$487,A90,'Detay-Poz Listesi'!$C$5:$C$487,C90,'Detay-Poz Listesi'!$D$5:$D$487,8),2) -> 9.24 | E90: =ROUND(SUMIFS('Detay-Poz Listesi'!$L$5:$L$487,'Detay-Poz Listesi'!$A$5:$A$487,A90,'Detay-Poz Listesi'!$C$5:$C$487,C90,'Detay-Poz Listesi'!$D$5:$D$487,14),2) -> 184.48 | F90: =ROUND(SUMIFS('Detay-Poz Listesi'!$L$5:$L$487,'Detay-Poz Listesi'!$A$5:$A$487,A90,'Detay-Poz Listesi'!$C$5:$C$487,C90,'Detay-Poz Listesi'!$D$5:$D$487,16),2) -> 39.92 | G90: =ROUND(SUM(D90:F90),2) -> 233.64 | H90: 2.25 | J90: 1 | K90: =ROUND(G90*J90,2) -> 233.64 | L90: =ROUND(H90*J90,2) -> 2.25
A91: 178 | B91: ШЛМ-4 | C91: Вид Б | D91: =ROUND(SUMIFS('Detay-Poz Listesi'!$L$5:$L$487,'Detay-Poz Listesi'!$A$5:$A$487,A91,'Detay-Poz Listesi'!$C$5:$C$487,C91,'Detay-Poz Listesi'!$D$5:$D$487,8),2) -> 8.63 | E91: =ROUND(SUMIFS('Detay-Poz Listesi'!$L$5:$L$487,'Detay-Poz Listesi'!$A$5:$A$487,A91,'Detay-Poz Listesi'!$C$5:$C$487,C91,'Detay-Poz Listesi'!$D$5:$D$487,14),2) -> 156.79 | F91: =ROUND(SUMIFS('Detay-Poz Listesi'!$L$5:$L$487,'Detay-Poz Listesi'!$A$5:$A$487,A91,'Detay-Poz Listesi'!$C$5:$C$487,C91,'Detay-Poz Listesi'!$D$5:$D$487,16),2) -> 0 | G91: =ROUND(SUM(D91:F91),2) -> 165.42 | H91: 2.1 | J91: 1 | K91: =ROUND(G91*J91,2) -> 165.42 | L91: =ROUND(H91*J91,2) -> 2.1
A92: 179 | B92: ШЛМ-4 | C92: Вид В | D92: =ROUND(SUMIFS('Detay-Poz Listesi'!$L$5:$L$487,'Detay-Poz Listesi'!$A$5:$A$487,A92,'Detay-Poz Listesi'!$C$5:$C$487,C92,'Detay-Poz Listesi'!$D$5:$D$487,8),2) -> 8.63 | E92: =ROUND(SUMIFS('Detay-Poz Listesi'!$L$5:$L$487,'Detay-Poz Listesi'!$A$5:$A$487,A92,'Detay-Poz Listesi'!$C$5:$C$487,C92,'Detay-Poz Listesi'!$D$5:$D$487,14),2) -> 156.79 | F92: =ROUND(SUMIFS('Detay-Poz Listesi'!$L$5:$L$487,'Detay-Poz Listesi'!$A$5:$A$487,A92,'Detay-Poz Listesi'!$C$5:$C$487,C92,'Detay-Poz Listesi'!$D$5:$D$487,16),2) -> 0 | G92: =ROUND(SUM(D92:F92),2) -> 165.42 | H92: 2.1 | J92: 1 | K92: =ROUND(G92*J92,2) -> 165.42 | L92: =ROUND(H92*J92,2) -> 2.1
A93: 180 | B93: ШЛМ-4 | C93: Вид Г | D93: =ROUND(SUMIFS('Detay-Poz Listesi'!$L$5:$L$487,'Detay-Poz Listesi'!$A$5:$A$487,A93,'Detay-Poz Listesi'!$C$5:$C$487,C93,'Detay-Poz Listesi'!$D$5:$D$487,8),2) -> 9.24 | E93: =ROUND(SUMIFS('Detay-Poz Listesi'!$L$5:$L$487,'Detay-Poz Listesi'!$A$5:$A$487,A93,'Detay-Poz Listesi'!$C$5:$C$487,C93,'Detay-Poz Listesi'!$D$5:$D$487,14),2) -> 192.45 | F93: =ROUND(SUMIFS('Detay-Poz Listesi'!$L$5:$L$487,'Detay-Poz Listesi'!$A$5:$A$487,A93,'Detay-Poz Listesi'!$C$5:$C$487,C93,'Detay-Poz Listesi'!$D$5:$D$487,16),2) -> 47.56 | G93: =ROUND(SUM(D93:F93),2) -> 249.25 | H93: 2.25 | J93: 1 | K93: =ROUND(G93*J93,2) -> 249.25 | L93: =ROUND(H93*J93,2) -> 2.25
A94: 181 | B94: ШЛМ-6 | C94: Вид А | D94: =ROUND(SUMIFS('Detay-Poz Listesi'!$L$5:$L$487,'Detay-Poz Listesi'!$A$5:$A$487,A94,'Detay-Poz Listesi'!$C$5:$C$487,C94,'Detay-Poz Listesi'!$D$5:$D$487,8),2) -> 6.16 | E94: =ROUND(SUMIFS('Detay-Poz Listesi'!$L$5:$L$487,'Detay-Poz Listesi'!$A$5:$A$487,A94,'Detay-Poz Listesi'!$C$5:$C$487,C94,'Detay-Poz Listesi'!$D$5:$D$487,14),2) -> 130.9 | F94: =ROUND(SUMIFS('Detay-Poz Listesi'!$L$5:$L$487,'Detay-Poz Listesi'!$A$5:$A$487,A94,'Detay-Poz Listesi'!$C$5:$C$487,C94,'Detay-Poz Listesi'!$D$5:$D$487,16),2) -> 0 | G94: =ROUND(SUM(D94:F94),2) -> 137.06 | H94: 1.5 | J94: 1 | K94: =ROUND(G94*J94,2) -> 137.06 | L94: =ROUND(H94*J94,2) -> 1.5
A95: 182 | B95: ШЛМ-6 | C95: Вид Б | D95: =ROUND(SUMIFS('Detay-Poz Listesi'!$L$5:$L$487,'Detay-Poz Listesi'!$A$5:$A$487,A95,'Detay-Poz Listesi'!$C$5:$C$487,C95,'Detay-Poz Listesi'!$D$5:$D$487,8),2) -> 9.95 | E95: =ROUND(SUMIFS('Detay-Poz Listesi'!$L$5:$L$487,'Detay-Poz Listesi'!$A$5:$A$487,A95,'Detay-Poz Listesi'!$C$5:$C$487,C95,'Detay-Poz Listesi'!$D$5:$D$487,14),2) -> 137.27 | F95: =ROUND(SUMIFS('Detay-Poz Listesi'!$L$5:$L$487,'Detay-Poz Listesi'!$A$5:$A$487,A95,'Detay-Poz Listesi'!$C$5:$C$487,C95,'Detay-Poz Listesi'!$D$5:$D$487,16),2) -> 0 | G95: =ROUND(SUM(D95:F95),2) -> 147.22 | H95: 3 | J95: 1 | K95: =ROUND(G95*J95,2) -> 147.22 | L95: =ROUND(H95*J95,2) -> 3
A96: 183 | B96: ШЛМ-6 | C96: Вид В | D96: =ROUND(SUMIFS('Detay-Poz Listesi'!$L$5:$L$487,'Detay-Poz Listesi'!$A$5:$A$487,A96,'Detay-Poz Listesi'!$C$5:$C$487,C96,'Detay-Poz Listesi'!$D$5:$D$487,8),2) -> 8.63 | E96: =ROUND(SUMIFS('Detay-Poz Listesi'!$L$5:$L$487,'Detay-Poz Listesi'!$A$5:$A$487,A96,'Detay-Poz Listesi'!$C$5:$C$487,C96,'Detay-Poz Listesi'!$D$5:$D$487,14),2) -> 178.64 | F96: =ROUND(SUMIFS('Detay-Poz Listesi'!$L$5:$L$487,'Detay-Poz Listesi'!$A$5:$A$487,A96,'Detay-Poz Listesi'!$C$5:$C$487,C96,'Detay-Poz Listesi'!$D$5:$D$487,16),2) -> 63.24 | G96: =ROUND(SUM(D96:F96),2) -> 250.51 | H96: 2.1 | J96: 1 | K96: =ROUND(G96*J96,2) -> 250.51 | L96: =ROUND(H96*J96,2) -> 2.1
A97: 184 | B97: ШЛМ-7 | C97: Вид А | D97: =ROUND(SUMIFS('Detay-Poz Listesi'!$L$5:$L$487,'Detay-Poz Listesi'!$A$5:$A$487,A97,'Detay-Poz Listesi'!$C$5:$C$487,C97,'Detay-Poz Listesi'!$D$5:$D$487,8),2) -> 12.32 | E97: =ROUND(SUMIFS('Detay-Poz Listesi'!$L$5:$L$487,'Detay-Poz Listesi'!$A$5:$A$487,A97,'Detay-Poz Listesi'!$C$5:$C$487,C97,'Detay-Poz Listesi'!$D$5:$D$487,14),2) -> 273.53 | F97: =ROUND(SUMIFS('Detay-Poz Listesi'!$L$5:$L$487,'Detay-Poz Listesi'!$A$5:$A$487,A97,'Detay-Poz Listesi'!$C$5:$C$487,C97,'Detay-Poz Listesi'!$D$5:$D$487,16),2) -> 0 | G97: =ROUND(SUM(D97:F97),2) -> 285.85 | H97: 3 | J97: 1 | K97: =ROUND(G97*J97,2) -> 285.85 | L97: =ROUND(H97*J97,2) -> 3
... A103: 190 | B103: ШЛМ-8 | C103: Вид В | D103: =ROUND(SUMIFS('Detay-Poz Listesi'!$L$5:$L$487,'Detay-Poz Listesi'!$A$5:$A$487,A103,'Detay-Poz Listesi'!$C$5:$C$487,C103,'Detay-Poz Listesi'!$D$5:$D$487,8),2) -> 9.24 | E103: =ROUND(SUMIFS('Detay-Poz Listesi'!$L$5:$L$487,'Detay-Poz Listesi'!$A$5:$A$487,A103,'Detay-Poz Listesi'!$C$5:$C$487,C103,'Detay-Poz Listesi'!$D$5:$D$487,14),2) -> 152.54 | F103: =ROUND(SUMIFS('Detay-Poz Listesi'!$L$5:$L$487,'Detay-Poz Listesi'!$A$5:$A$487,A103,'Detay-Poz Listesi'!$C$5:$C$487,C103,'Detay-Poz Listesi'!$D$5:$D$487,16),2) -> 0 | G103: =ROUND(SUM(D103:F103),2) -> 161.78 | H103: 2.34 | J103: 1 | K103: =ROUND(G103*J103,2) -> 161.78 | L103: =ROUND(H103*J103,2) -> 2.34
A104: TOPLAM | D104: =ROUND(SUM(D5:D103),2) -> 2192.05 | E104: =ROUND(SUM(E5:E103),2) -> 33252.21 | F104: =ROUND(SUM(F5:F103),2) -> 3263.9 | G104: =ROUND(SUM(G5:G103),2) -> 38708.16 | H104: =ROUND(SUM(H5:H103),2) -> 652.44 | I104: =ROUND(SUM(I5:I103),2) -> 329.57 | K104: =ROUND(SUM(K5:K103),2) -> 38708.16 | L104: =ROUND(SUM(L5:L103),2) -> 652.44

Sheet Detay-Poz Listesi
A1: POZ LİSTESİ — Betonarme Donatı (kaynak: KJ Albüm 2 / Bölüm 2, pafta 93–190)
A2: Mavi hücreler = çizimden okunan girdi. Siyah hücreler = formül. Adetler BİR eleman içindir.
A4: Pafta | B4: Eleman | C4: Görünüş | D4: Çap (mm) | E4: Sınıf | F4: Boy (mm) | G4: Adet | H4: Uzunluk (mtül) | I4: Birim kütle (kg/m) | J4: Toplam boy (m) | K4: Kütle-hesap (kg) | L4: Kütle-proje (kg) | M4: Fark (kg) | N4: Şekil / Büküm
A5: 93 | B5: ЛШМ-1 | C5: Вид А | D5: 14 | E5: A500 | F5: 2930 | G5: 24 | I5: 1.208 | J5: =IF(F5="",H5,F5/1000*G5) -> 70.32 | K5: =ROUND(J5*I5,2) -> 84.95 | L5: 84.95 | M5: =ROUND(K5-L5,2) -> 0 | N5: Düz çubuk
A6: 93 | B6: ЛШМ-1 | C6: Вид А | D6: 14 | E6: A500 | F6: 3350 | G6: 24 | I6: 1.208 | J6: =IF(F6="",H6,F6/1000*G6) -> 80.4 | K6: =ROUND(J6*I6,2) -> 97.12 | L6: 97.12 | M6: =ROUND(K6-L6,2) -> 0 | N6: Düz çubuk
A7: 93 | B7: ЛШМ-1 | C7: Вид А | D7: 14 | E7: A500 | H7: 112.9 | I7: 1.208 | J7: =IF(F7="",H7,F7/1000*G7) -> 112.9 | K7: =ROUND(J7*I7,2) -> 136.38 | L7: 136.38 | M7: =ROUND(K7-L7,2) -> 0 | N7: Yatay dağıtma (mtül)
A8: 93 | B8: ЛШМ-1 | C8: Вид А | D8: 8 | E8: A240 | F8: 630 | G8: 94 | I8: 0.395 | J8: =IF(F8="",H8,F8/1000*G8) -> 59.22 | K8: =ROUND(J8*I8,2) -> 23.39 | L8: 23.39 | M8: =ROUND(K8-L8,2) -> 0 | N8: Etriye/fikstur: 460 duz + 2x80 kanca (L=630)
A9: 94 | B9: ЛШМ-1 | C9: Вид Б | D9: 14 | E9: A500 | F9: 3350 | G9: 24 | I9: 1.208 | J9: =IF(F9="",H9,F9/1000*G9) -> 80.4 | K9: =ROUND(J9*I9,2) -> 97.12 | L9: 97.12 | M9: =ROUND(K9-L9,2) -> 0 | N9: Düz çubuk
A10: 94 | B10: ЛШМ-1 | C10: Вид Б | D10: 14 | E10: A500 | F10: 2930 | G10: 24 | I10: 1.208 | J10: =IF(F10="",H10,F10/1000*G10) -> 70.32 | K10: =ROUND(J10*I10,2) -> 84.95 | L10: 84.95 | M10: =ROUND(K10-L10,2) -> 0 | N10: Düz çubuk
A11: 94 | B11: ЛШМ-1 | C11: Вид Б | D11: 14 | E11: A500 | H11: 124.41 | I11: 1.208 | J11: =IF(F11="",H11,F11/1000*G11) -> 124.41 | K11: =ROUND(J11*I11,2) -> 150.29 | L11: 150.29 | M11: =ROUND(K11-L11,2) -> 0 | N11: Yatay dağıtma (mtül)
A12: 94 | B12: ЛШМ-1 | C12: Вид Б | D12: 8 | E12: A240 | F12: 630 | G12: 94 | I12: 0.395 | J12: =IF(F12="",H12,F12/1000*G12) -> 59.22 | K12: =ROUND(J12*I12,2) -> 23.39 | L12: 23.39 | M12: =ROUND(K12-L12,2) -> 0 | N12: Etriye/fikstur: 460 duz + 2x80 kanca (L=630)
A13: 95 | B13: ЛШМ-1 | C13: Вид В | D13: 14 | E13: A500 | F13: 3350 | G13: 18 | I13: 1.208 | J13: =IF(F13="",H13,F13/1000*G13) -> 60.3 | K13: =ROUND(J13*I13,2) -> 72.84 | L13: 72.84 | M13: =ROUND(K13-L13,2) -> 0 | N13: Düz çubuk
A14: 95 | B14: ЛШМ-1 | C14: Вид В | D14: 14 | E14: A500 | F14: 2930 | G14: 18 | I14: 1.208 | J14: =IF(F14="",H14,F14/1000*G14) -> 52.74 | K14: =ROUND(J14*I14,2) -> 63.71 | L14: 63.71 | M14: =ROUND(K14-L14,2) -> 0 | N14: Düz çubuk
A15: 95 | B15: ЛШМ-1 | C15: Вид В | D15: 14 | E15: A500 | F15: 3260 | G15: 38 | I15: 1.208 | J15: =IF(F15="",H15,F15/1000*G15) -> 123.88 | K15: =ROUND(J15*I15,2) -> 149.65 | L15: 149.65 | M15: =ROUND(K15-L15,2) -> 0 | N15: Düz çubuk
A16: 95 | B16: ЛШМ-1 | C16: Вид В | D16: 14 | E16: A500 | H16: 177.1 | I16: 1.208 | J16: =IF(F16="",H16,F16/1000*G16) -> 177.1 | K16: =ROUND(J16*I16,2) -> 213.94 | L16: 213.94 | M16: =ROUND(K16-L16,2) -> 0 | N16: Yatay dağıtma (mtül)
A17: 95 | B17: ЛШМ-1 | C17: Вид В | D17: 8 | E17: A240 | F17: 630 | G17: 145 | I17: 0.395 | J17: =IF(F17="",H17,F17/1000*G17) -> 91.35 | K17: =ROUND(J17*I17,2) -> 36.08 | L17: 36.08 | M17: =ROUND(K17-L17,2) -> 0 | N17: Etriye/fikstur: 460 duz + 2x80 kanca (L=630)
A18: 96 | B18: ЛШМ-1 | C18: Вид Г | D18: 14 | E18: A500 | F18: 3350 | G18: 33 | I18: 1.208 | J18: =IF(F18="",H18,F18/1000*G18) -> 110.55 | K18: =ROUND(J18*I18,2) -> 133.54 | L18: 133.54 | M18: =ROUND(K18-L18,2) -> 0 | N18: Düz çubuk
A19: 96 | B19: ЛШМ-1 | C19: Вид Г | D19: 14 | E19: A500 | F19: 2930 | G19: 33 | I19: 1.208 | J19: =IF(F19="",H19,F19/1000*G19) -> 96.69 | K19: =ROUND(J19*I19,2) -> 116.8 | L19: 116.8 | M19: =ROUND(K19-L19,2) -> 0 | N19: Düz çubuk
A20: 96 | B20: ЛШМ-1 | C20: Вид Г | D20: 14 | E20: A500 | F20: 2480 | G20: 16 | I20: 1.208 | J20: =IF(F20="",H20,F20/1000*G20) -> 39.68 | K20: =ROUND(J20*I20,2) -> 47.93 | L20: 47.93 | M20: =ROUND(K20-L20,2) -> 0 | N20: Düz çubuk
A21: 96 | B21: ЛШМ-1 | C21: Вид Г | D21: 14 | E21: A500 | H21: 191.62 | I21: 1.208 | J21: =IF(F21="",H21,F21/1000*G21) -> 191.62 | K21: =ROUND(J21*I21,2) -> 231.48 | L21: 231.48 | M21: =ROUND(K21-L21,2) -> 0 | N21: Yatay dağıtma (mtül)
A22: 96 | B22: ЛШМ-1 | C22: Вид Г | D22: 8 | E22: A240 | F22: 630 | G22: 152 | I22: 0.395 | J22: =IF(F22="",H22,F22/1000*G22) -> 95.76 | K22: =ROUND(J22*I22,2) -> 37.83 | L22: 37.83 | M22: =ROUND(K22-L22,2) -> 0 | N22: Etriye/fikstur: 460 duz + 2x80 kanca (L=630)
A23: 96 | B23: ЛШМ-1 | C23: Вид Г | D23: 16 | E23: A500 | F23: 1970 | G23: 22 | I23: 1.578 | J23: =IF(F23="",H23,F23/1000*G23) -> 43.34 | K23: =ROUND(J23*I23,2) -> 68.39 | L23: 68.39 | M23: =ROUND(K23-L23,2) -> 0 | N23: L-cubuk: 950 x 950 (L=1970)
A24: 97 | B24: ЛШМ-2 | C24: Вид А | D24: 14 | E24: A500 | F24: 3350 | G24: 22 | I24: 1.208 | J24: =IF(F24="",H24,F24/1000*G24) -> 73.7 | K24: =ROUND(J24*I24,2) -> 89.03 | L24: 89.03 | M24: =ROUND(K24-L24,2) -> 0 | N24: Düz çubuk
A25: 97 | B25: ЛШМ-2 | C25: Вид А | D25: 14 | E25: A500 | F25: 2930 | G25: 22 | I25: 1.208 | J25: =IF(F25="",H25,F25/1000*G25) -> 64.46 | K25: =ROUND(J25*I25,2) -> 77.87 | L25: 77.87 | M25: =ROUND(K25-L25,2) -> 0 | N25: Düz çubuk
A26: 97 | B26: ЛШМ-2 | C26: Вид А | D26: 14 | E26: A500 | H26: 125.07 | I26: 1.208 | J26: =IF(F26="",H26,F26/1000*G26) -> 125.07 | K26: =ROUND(J26*I26,2) -> 151.08 | L26: 151.08 | M26: =ROUND(K26-L26,2) -> 0 | N26: Yatay dağıtma (mtül)
A27: 97 | B27: ЛШМ-2 | C27: Вид А | D27: 8 | E27: A240 | F27: 630 | G27: 91 | I27: 0.395 | J27: =IF(F27="",H27,F27/1000*G27) -> 57.33 | K27: =ROUND(J27*I27,2) -> 22.65 | L27: 22.65 | M27: =ROUND(K27-L27,2) -> 0 | N27: Etriye/fikstur: 460 duz + 2x80 kanca (L=630)
A28: 98 | B28: ЛШМ-2 | C28: Вид Б | D28: 14 | E28: A500 | F28: 3350 | G28: 28 | I28: 1.208 | J28: =IF(F28="",H28,F28/1000*G28) -> 93.8 | K28: =ROUND(J28*I28,2) -> 113.31 | L28: 113.31 | M28: =ROUND(K28-L28,2) -> 0 | N28: Düz çubuk
A29: 98 | B29: ЛШМ-2 | C29: Вид Б | D29: 14 | E29: A500 | F29: 2930 | G29: 28 | I29: 1.208 | J29: =IF(F29="",H29,F29/1000*G29) -> 82.04 | K29: =ROUND(J29*I29,2) -> 99.1 | L29: 99.1 | M29: =ROUND(K29-L29,2) -> 0 | N29: Düz çubuk
A30: 98 | B30: ЛШМ-2 | C30: Вид Б | D30: 14 | E30: A500 | H30: 149.09 | I30: 1.208 | J30: =IF(F30="",H30,F30/1000*G30) -> 149.09 | K30: =ROUND(J30*I30,2) -> 180.1 | L30: 180.1 | M30: =ROUND(K30-L30,2) -> 0 | N30: Yatay dağıtma (mtül)
A31: 98 | B31: ЛШМ-2 | C31: Вид Б | D31: 8 | E31: A240 | F31: 630 | G31: 112 | I31: 0.395 | J31: =IF(F31="",H31,F31/1000*G31) -> 70.56 | K31: =ROUND(J31*I31,2) -> 27.87 | L31: 27.87 | M31: =ROUND(K31-L31,2) -> 0 | N31: Etriye/fikstur: 460 duz + 2x80 kanca (L=630)
A32: 99 | B32: ЛШМ-2 | C32: Вид В | D32: 14 | E32: A500 | F32: 3350 | G32: 33 | I32: 1.208 | J32: =IF(F32="",H32,F32/1000*G32) -> 110.55 | K32: =ROUND(J32*I32,2) -> 133.54 | L32: 133.54 | M32: =ROUND(K32-L32,2) -> 0 | N32: Düz çubuk
A33: 99 | B33: ЛШМ-2 | C33: Вид В | D33: 14 | E33: A500 | F33: 2930 | G33: 33 | I33: 1.208 | J33: =IF(F33="",H33,F33/1000*G33) -> 96.69 | K33: =ROUND(J33*I33,2) -> 116.8 | L33: 116.8 | M33: =ROUND(K33-L33,2) -> 0 | N33: Düz çubuk
A34: 99 | B34: ЛШМ-2 | C34: Вид В | D34: 14 | E34: A500 | F34: 2480 | G34: 16 | I34: 1.208 | J34: =IF(F34="",H34,F34/1000*G34) -> 39.68 | K34: =ROUND(J34*I34,2) -> 47.93 | L34: 47.93 | M34: =ROUND(K34-L34,2) -> 0 | N34: Düz çubuk
A35: 99 | B35: ЛШМ-2 | C35: Вид В | D35: 14 | E35: A500 | H35: 194.92 | I35: 1.208 | J35: =IF(F35="",H35,F35/1000*G35) -> 194.92 | K35: =ROUND(J35*I35,2) -> 235.46 | L35: 235.46 | M35: =ROUND(K35-L35,2) -> 0 | N35: Yatay dağıtma (mtül)
A36: 99 | B36: ЛШМ-2 | C36: Вид В | D36: 8 | E36: A240 | F36: 630 | G36: 152 | I36: 0.395 | J36: =IF(F36="",H36,F36/1000*G36) -> 95.76 | K36: =ROUND(J36*I36,2) -> 37.83 | L36: 37.83 | M36: =ROUND(K36-L36,2) -> 0 | N36: Etriye/fikstur: 460 duz + 2x80 kanca (L=630)
A37: 99 | B37: ЛШМ-2 | C37: Вид В | D37: 16 | E37: A500 | F37: 1970 | G37: 22 | I37: 1.578 | J37: =IF(F37="",H37,F37/1000*G37) -> 43.34 | K37: =ROUND(J37*I37,2) -> 68.39 | L37: 68.39 | M37: =ROUND(K37-L37,2) -> 0 | N37: L-cubuk: 950 x 950 (L=1970)
A38: 100 | B38: ЛШМ-2 | C38: Вид Г | D38: 14 | E38: A500 | F38: 3350 | G38: 33 | I38: 1.208 | J38: =IF(F38="",H38,F38/1000*G38) -> 110.55 | K38: =ROUND(J38*I38,2) -> 133.54 | L38: 133.54 | M38: =ROUND(K38-L38,2) -> 0 | N38: Düz çubuk
A39: 100 | B39: ЛШМ-2 | C39: Вид Г | D39: 14 | E39: A500 | F39: 2930 | G39: 33 | I39: 1.208 | J39: =IF(F39="",H39,F39/1000*G39) -> 96.69 | K39: =ROUND(J39*I39,2) -> 116.8 | L39: 116.8 | M39: =ROUND(K39-L39,2) -> 0 | N39: Düz çubuk
A40: 100 | B40: ЛШМ-2 | C40: Вид Г | D40: 14 | E40: A500 | F40: 2480 | G40: 44 | I40: 1.208 | J40: =IF(F40="",H40,F40/1000*G40) -> 109.12 | K40: =ROUND(J40*I40,2) -> 131.82 | L40: 131.82 | M40: =ROUND(K40-L40,2) -> 0 | N40: Düz çubuk
A41: 100 | B41: ЛШМ-2 | C41: Вид Г | D41: 14 | E41: A500 | H41: 254.8 | I41: 1.208 | J41: =IF(F41="",H41,F41/1000*G41) -> 254.8 | K41: =ROUND(J41*I41,2) -> 307.8 | L41: 307.8 | M41: =ROUND(K41-L41,2) -> 0 | N41: Yatay dağıtma (mtül)
A42: 100 | B42: ЛШМ-2 | C42: Вид Г | D42: 8 | E42: A240 | F42: 630 | G42: 217 | I42: 0.395 | J42: =IF(F42="",H42,F42/1000*G42) -> 136.71 | K42: =ROUND(J42*I42,2) -> 54 | L42: 54 | M42: =ROUND(K42-L42,2) -> 0 | N42: Etriye/fikstur: 460 duz + 2x80 kanca (L=630)
A43: 100 | B43: ЛШМ-2 | C43: Вид Г | D43: 16 | E43: A500 | F43: 1970 | G43: 44 | I43: 1.578 | J43: =IF(F43="",H43,F43/1000*G43) -> 86.68 | K43: =ROUND(J43*I43,2) -> 136.78 | L43: 136.78 | M43: =ROUND(K43-L43,2) -> 0 | N43: L-cubuk: 950 x 950 (L=1970)
A44: 101 | B44: ЛШМ-2* | C44: Вид А | D44: 14 | E44: A500 | F44: 3350 | G44: 22 | I44: 1.208 | J44: =IF(F44="",H44,F44/1000*G44) -> 73.7 | K44: =ROUND(J44*I44,2) -> 89.03 | L44: 89.03 | M44: =ROUND(K44-L44,2) -> 0 | N44: Düz çubuk
A45: 101 | B45: ЛШМ-2* | C45: Вид А | D45: 14 | E45: A500 | F45: 2930 | G45: 22 | I45: 1.208 | J45: =IF(F45="",H45,F45/1000*G45) -> 64.46 | K45: =ROUND(J45*I45,2) -> 77.87 | L45: 77.87 | M45: =ROUND(K45-L45,2) -> 0 | N45: Düz çubuk
A46: 101 | B46: ЛШМ-2* | C46: Вид А | D46: 14 | E46: A500 | H46: 123.84 | I46: 1.208 | J46: =IF(F46="",H46,F46/1000*G46) -> 123.84 | K46: =ROUND(J46*I46,2) -> 149.6 | L46: 149.6 | M46: =ROUND(K46-L46,2) -> 0 | N46: Yatay dağıtma (mtül)
A47: 101 | B47: ЛШМ-2* | C47: Вид А | D47: 8 | E47: A240 | F47: 630 | G47: 91 | I47: 0.395 | J47: =IF(F47="",H47,F47/1000*G47) -> 57.33 | K47: =ROUND(J47*I47,2) -> 22.65 | L47: 22.65 | M47: =ROUND(K47-L47,2) -> 0 | N47: Etriye/fikstur: 460 duz + 2x80 kanca (L=630)
A48: 102 | B48: ЛШМ-2* | C48: Вид Б | D48: 14 | E48: A500 | F48: 3350 | G48: 28 | I48: 1.208 | J48: =IF(F48="",H48,F48/1000*G48) -> 93.8 | K48: =ROUND(J48*I48,2) -> 113.31 | L48: 113.31 | M48: =ROUND(K48-L48,2) -> 0 | N48: Düz çubuk
A49: 102 | B49: ЛШМ-2* | C49: Вид Б | D49: 14 | E49: A500 | F49: 2930 | G49: 28 | I49: 1.208 | J49: =IF(F49="",H49,F49/1000*G49) -> 82.04 | K49: =ROUND(J49*I49,2) -> 99.1 | L49: 99.1 | M49: =ROUND(K49-L49,2) -> 0 | N49: Düz çubuk
A50: 102 | B50: ЛШМ-2* | C50: Вид Б | D50: 14 | E50: A500 | H50: 147.84 | I50: 1.208 | J50: =IF(F50="",H50,F50/1000*G50) -> 147.84 | K50: =ROUND(J50*I50,2) -> 178.59 | L50: 178.59 | M50: =ROUND(K50-L50,2) -> 0 | N50: Yatay dağıtma (mtül)
A51: 102 | B51: ЛШМ-2* | C51: Вид Б | D51: 8 | E51: A240 | F51: 630 | G51: 113 | I51: 0.395 | J51: =IF(F51="",H51,F51/1000*G51) -> 71.19 | K51: =ROUND(J51*I51,2) -> 28.12 | L51: 28.12 | M51: =ROUND(K51-L51,2) -> 0 | N51: Etriye/fikstur: 460 duz + 2x80 kanca (L=630)
A52: 103 | B52: ЛШМ-2* | C52: Вид В | D52: 14 | E52: A500 | F52: 3350 | G52: 34 | I52: 1.208 | J52: =IF(F52="",H52,F52/1000*G52) -> 113.9 | K52: =ROUND(J52*I52,2) -> 137.59 | L52: 137.59 | M52: =ROUND(K52-L52,2) -> 0 | N52: Düz çubuk
A53: 103 | B53: ЛШМ-2* | C53: Вид В | D53: 14 | E53: A500 | F53: 2930 | G53: 34 | I53: 1.208 | J53: =IF(F53="",H53,F53/1000*G53) -> 99.62 | K53: =ROUND(J53*I53,2) -> 120.34 | L53: 120.34 | M53: =ROUND(K53-L53,2) -> 0 | N53: Düz çubuk
A54: 103 | B54: ЛШМ-2* | C54: Вид В | D54: 14 | E54: A500 | F54: 2480 | G54: 16 | I54: 1.208 | J54: =IF(F54="",H54,F54/1000*G54) -> 39.68 | K54: =ROUND(J54*I54,2) -> 47.93 | L54: 47.93 | M54: =ROUND(K54-L54,2) -> 0 | N54: Düz çubuk
A55: 103 | B55: ЛШМ-2* | C55: Вид В | D55: 14 | E55: A500 | H55: 194.92 | I55: 1.208 | J55: =IF(F55="",H55,F55/1000*G55) -> 194.92 | K55: =ROUND(J55*I55,2) -> 235.46 | L55: 281.44 | M55: =ROUND(K55-L55,2) -> -45.98 | N55: Yatay dağıtma (mtül)
A56: 103 | B56: ЛШМ-2* | C56: Вид В | D56: 8 | E56: A240 | F56: 630 | G56: 152 | I56: 0.395 | J56: =IF(F56="",H56,F56/1000*G56) -> 95.76 | K56: =ROUND(J56*I56,2) -> 37.83 | L56: 37.83 | M56: =ROUND(K56-L56,2) -> 0 | N56: Etriye/fikstur: 460 duz + 2x80 kanca (L=630)
A57: 103 | B57: ЛШМ-2* | C57: Вид В | D57: 16 | E57: A500 | F57: 1970 | G57: 22 | I57: 1.578 | J57: =IF(F57="",H57,F57/1000*G57) -> 43.34 | K57: =ROUND(J57*I57,2) -> 68.39 | L57: 68.39 | M57: =ROUND(K57-L57,2) -> 0 | N57: L-cubuk: 950 x 950 (L=1970)
A58: 104 | B58: ЛШМ-2* | C58: Вид Г | D58: 14 | E58: A500 | F58: 3350 | G58: 32 | I58: 1.208 | J58: =IF(F58="",H58,F58/1000*G58) -> 107.2 | K58: =ROUND(J58*I58,2) -> 129.5 | L58: 129.5 | M58: =ROUND(K58-L58,2) -> 0 | N58: Düz çubuk
A59: 104 | B59: ЛШМ-2* | C59: Вид Г | D59: 14 | E59: A500 | F59: 2930 | G59: 34 | I59: 1.208 | J59: =IF(F59="",H59,F59/1000*G59) -> 99.62 | K59: =ROUND(J59*I59,2) -> 120.34 | L59: 120.34 | M59: =ROUND(K59-L59,2) -> 0 | N59: Düz çubuk
A60: 104 | B60: ЛШМ-2* | C60: Вид Г | D60: 14 | E60: A500 | F60: 2480 | G60: 42 | I60: 1.208 | J60: =IF(F60="",H60,F60/1000*G60) -> 104.16 | K60: =ROUND(J60*I60,2) -> 125.83 | L60: 125.83 | M60: =ROUND(K60-L60,2) -> 0 | N60: Düz çubuk
A61: 104 | B61: ЛШМ-2* | C61: Вид Г | D61: 14 | E61: A500 | H61: 255.33 | I61: 1.208 | J61: =IF(F61="",H61,F61/1000*G61) -> 255.33 | K61: =ROUND(J61*I61,2) -> 308.44 | L61: 308.44 | M61: =ROUND(K61-L61,2) -> 0 | N61: Yatay dağıtma (mtül)
A62: 104 | B62: ЛШМ-2* | C62: Вид Г | D62: 8 | E62: A240 | F62: 630 | G62: 216 | I62: 0.395 | J62: =IF(F62="",H62,F62/1000*G62) -> 136.08 | K62: =ROUND(J62*I62,2) -> 53.75 | L62: 53.75 | M62: =ROUND(K62-L62,2) -> 0 | N62: Etriye/fikstur: 460 duz + 2x80 kanca (L=630)
A63: 104 | B63: ЛШМ-2* | C63: Вид Г | D63: 16 | E63: A500 | F63: 1970 | G63: 44 | I63: 1.578 | J63: =IF(F63="",H63,F63/1000*G63) -> 86.68 | K63: =ROUND(J63*I63,2) -> 136.78 | L63: 136.78 | M63: =ROUND(K63-L63,2) -> 0 | N63: L-cubuk: 950 x 950 (L=1970)
A64: 105 | B64: ЛШМ-2-1 | C64: Вид А | D64: 14 | E64: A500 | F64: 3350 | G64: 23 | I64: 1.208 | J64: =IF(F64="",H64,F64/1000*G64) -> 77.05 | K64: =ROUND(J64*I64,2) -> 93.08 | L64: 93.08 | M64: =ROUND(K64-L64,2) -> 0 | N64: Düz çubuk
A65: 105 | B65: ЛШМ-2-1 | C65: Вид А | D65: 14 | E65: A500 | F65: 2930 | G65: 23 | I65: 1.208 | J65: =IF(F65="",H65,F65/1000*G65) -> 67.39 | K65: =ROUND(J65*I65,2) -> 81.41 | L65: 81.41 | M65: =ROUND(K65-L65,2) -> 0 | N65: Düz çubuk
A66: 105 | B66: ЛШМ-2-1 | C66: Вид А | D66: 14 | E66: A500 | H66: 128.96 | I66: 1.208 | J66: =IF(F66="",H66,F66/1000*G66) -> 128.96 | K66: =ROUND(J66*I66,2) -> 155.78 | L66: 155.78 | M66: =ROUND(K66-L66,2) -> 0 | N66: Yatay dağıtma (mtül)
A67: 105 | B67: ЛШМ-2-1 | C67: Вид А | D67: 8 | E67: A240 | F67: 630 | G67: 94 | I67: 0.395 | J67: =IF(F67="",H67,F67/1000*G67) -> 59.22 | K67: =ROUND(J67*I67,2) -> 23.39 | L67: 23.39 | M67: =ROUND(K67-L67,2) -> 0 | N67: Etriye/fikstur: 460 duz + 2x80 kanca (L=630)
A68: 106 | B68: ЛШМ-2-1 | C68: Вид Б | D68: 14 | E68: A500 | F68: 3350 | G68: 28 | I68: 1.208 | J68: =IF(F68="",H68,F68/1000*G68) -> 93.8 | K68: =ROUND(J68*I68,2) -> 113.31 | L68: 113.31 | M68: =ROUND(K68-L68,2) -> 0 | N68: Düz çubuk
A69: 106 | B69: ЛШМ-2-1 | C69: Вид Б | D69: 14 | E69: A500 | F69: 2930 | G69: 28 | I69: 1.208 | J69: =IF(F69="",H69,F69/1000*G69) -> 82.04 | K69: =ROUND(J69*I69,2) -> 99.1 | L69: 99.1 | M69: =ROUND(K69-L69,2) -> 0 | N69: Düz çubuk
A70: 106 | B70: ЛШМ-2-1 | C70: Вид Б | D70: 14 | E70: A500 | H70: 145.42 | I70: 1.208 | J70: =IF(F70="",H70,F70/1000*G70) -> 145.42 | K70: =ROUND(J70*I70,2) -> 175.67 | L70: 175.67 | M70: =ROUND(K70-L70,2) -> 0 | N70: Yatay dağıtma (mtül)
A71: 106 | B71: ЛШМ-2-1 | C71: Вид Б | D71: 8 | E71: A240 | F71: 630 | G71: 113 | I71: 0.395 | J71: =IF(F71="",H71,F71/1000*G71) -> 71.19 | K71: =ROUND(J71*I71,2) -> 28.12 | L71: 28.12 | M71: =ROUND(K71-L71,2) -> 0 | N71: Etriye/fikstur: 460 duz + 2x80 kanca (L=630)
A72: 107 | B72: ЛШМ-2-1 | C72: Вид В | D72: 14 | E72: A500 | F72: 3350 | G72: 34 | I72: 1.208 | J72: =IF(F72="",H72,F72/1000*G72) -> 113.9 | K72: =ROUND(J72*I72,2) -> 137.59 | L72: 137.59 | M72: =ROUND(K72-L72,2) -> 0 | N72: Düz çubuk
A73: 107 | B73: ЛШМ-2-1 | C73: Вид В | D73: 14 | E73: A500 | F73: 2930 | G73: 34 | I73: 1.208 | J73: =IF(F73="",H73,F73/1000*G73) -> 99.62 | K73: =ROUND(J73*I73,2) -> 120.34 | L73: 120.34 | M73: =ROUND(K73-L73,2) -> 0 | N73: Düz çubuk
A74: 107 | B74: ЛШМ-2-1 | C74: Вид В | D74: 14 | E74: A500 | F74: 2480 | G74: 16 | I74: 1.208 | J74: =IF(F74="",H74,F74/1000*G74) -> 39.68 | K74: =ROUND(J74*I74,2) -> 47.93 | L74: 47.93 | M74: =ROUND(K74-L74,2) -> 0 | N74: Düz çubuk
A75: 107 | B75: ЛШМ-2-1 | C75: Вид В | D75: 14 | E75: A500 | H75: 194.92 | I75: 1.208 | J75: =IF(F75="",H75,F75/1000*G75) -> 194.92 | K75: =ROUND(J75*I75,2) -> 235.46 | L75: 235.46 | M75: =ROUND(K75-L75,2) -> 0 | N75: Yatay dağıtma (mtül)
A76: 107 | B76: ЛШМ-2-1 | C76: Вид В | D76: 8 | E76: A240 | F76: 630 | G76: 152 | I76: 0.395 | J76: =IF(F76="",H76,F76/1000*G76) -> 95.76 | K76: =ROUND(J76*I76,2) -> 37.83 | L76: 37.83 | M76: =ROUND(K76-L76,2) -> 0 | N76: Etriye/fikstur: 460 duz + 2x80 kanca (L=630)
A77: 107 | B77: ЛШМ-2-1 | C77: Вид В | D77: 16 | E77: A500 | F77: 1970 | G77: 22 | I77: 1.578 | J77: =IF(F77="",H77,F77/1000*G77) -> 43.34 | K77: =ROUND(J77*I77,2) -> 68.39 | L77: 68.39 | M77: =ROUND(K77-L77,2) -> 0 | N77: L-cubuk: 950 x 950 (L=1970)
A78: 108 | B78: ЛШМ-2-1 | C78: Вид Г | D78: 14 | E78: A500 | F78: 3350 | G78: 21 | I78: 1.208 | J78: =IF(F78="",H78,F78/1000*G78) -> 70.35 | K78: =ROUND(J78*I78,2) -> 84.98 | L78: 84.98 | M78: =ROUND(K78-L78,2) -> 0 | N78: Düz çubuk
A79: 108 | B79: ЛШМ-2-1 | C79: Вид Г | D79: 14 | E79: A500 | F79: 2930 | G79: 23 | I79: 1.208 | J79: =IF(F79="",H79,F79/1000*G79) -> 67.39 | K79: =ROUND(J79*I79,2) -> 81.41 | L79: 81.41 | M79: =ROUND(K79-L79,2) -> 0 | N79: Düz çubuk
A80: 108 | B80: ЛШМ-2-1 | C80: Вид Г | D80: 14 | E80: A500 | F80: 2480 | G80: 64 | I80: 1.208 | J80: =IF(F80="",H80,F80/1000*G80) -> 158.72 | K80: =ROUND(J80*I80,2) -> 191.73 | L80: 191.73 | M80: =ROUND(K80-L80,2) -> 0 | N80: Düz çubuk
A81: 108 | B81: ЛШМ-2-1 | C81: Вид Г | D81: 14 | E81: A500 | H81: 258.08 | I81: 1.208 | J81: =IF(F81="",H81,F81/1000*G81) -> 258.08 | K81: =ROUND(J81*I81,2) -> 311.76 | L81: 311.76 | M81: =ROUND(K81-L81,2) -> 0 | N81: Yatay dağıtma (mtül)
A82: 108 | B82: ЛШМ-2-1 | C82: Вид Г | D82: 8 | E82: A240 | F82: 630 | G82: 216 | I82: 0.395 | J82: =IF(F82="",H82,F82/1000*G82) -> 136.08 | K82: =ROUND(J82*I82,2) -> 53.75 | L82: 53.75 | M82: =ROUND(K82-L82,2) -> 0 | N82: Etriye/fikstur: 460 duz + 2x80 kanca (L=630)
A83: 108 | B83: ЛШМ-2-1 | C83: Вид Г | D83: 16 | E83: A500 | F83: 1970 | G83: 22 | I83: 1.578 | J83: =IF(F83="",H83,F83/1000*G83) -> 43.34 | K83: =ROUND(J83*I83,2) -> 68.39 | L83: 68.39 | M83: =ROUND(K83-L83,2) -> 0 | N83: L-cubuk: 950 x 950 (L=1970)
A84: 109 | B84: ЛШМ-2*-1 | C84: Вид А | D84: 14 | E84: A500 | F84: 3350 | G84: 23 | I84: 1.208 | J84: =IF(F84="",H84,F84/1000*G84) -> 77.05 | K84: =ROUND(J84*I84,2) -> 93.08 | L84: 93.08 | M84: =ROUND(K84-L84,2) -> 0 | N84: Düz çubuk
A85: 109 | B85: ЛШМ-2*-1 | C85: Вид А | D85: 14 | E85: A500 | F85: 2930 | G85: 23 | I85: 1.208 | J85: =IF(F85="",H85,F85/1000*G85) -> 67.39 | K85: =ROUND(J85*I85,2) -> 81.41 | L85: 81.41 | M85: =ROUND(K85-L85,2) -> 0 | N85: Düz çubuk
A86: 109 | B86: ЛШМ-2*-1 | C86: Вид А | D86: 14 | E86: A500 | H86: 128.96 | I86: 1.208 | J86: =IF(F86="",H86,F86/1000*G86) -> 128.96 | K86: =ROUND(J86*I86,2) -> 155.78 | L86: 155.78 | M86: =ROUND(K86-L86,2) -> 0 | N86: Yatay dağıtma (mtül)
A87: 109 | B87: ЛШМ-2*-1 | C87: Вид А | D87: 8 | E87: A240 | F87: 630 | G87: 94 | I87: 0.395 | J87: =IF(F87="",H87,F87/1000*G87) -> 59.22 | K87: =ROUND(J87*I87,2) -> 23.39 | L87: 23.39 | M87: =ROUND(K87-L87,2) -> 0 | N87: Etriye/fikstur: 460 duz + 2x80 kanca (L=630)
A88: 110 | B88: ЛШМ-2*-1 | C88: Вид Б | D88: 14 | E88: A500 | F88: 3350 | G88: 28 | I88: 1.208 | J88: =IF(F88="",H88,F88/1000*G88) -> 93.8 | K88: =ROUND(J88*I88,2) -> 113.31 | L88: 113.31 | M88: =ROUND(K88-L88,2) -> 0 | N88: Düz çubuk
A89: 110 | B89: ЛШМ-2*-1 | C89: Вид Б | D89: 14 | E89: A500 | F89: 2930 | G89: 28 | I89: 1.208 | J89: =IF(F89="",H89,F89/1000*G89) -> 82.04 | K89: =ROUND(J89*I89,2) -> 99.1 | L89: 99.1 | M89: =ROUND(K89-L89,2) -> 0 | N89: Düz çubuk
A90: 110 | B90: ЛШМ-2*-1 | C90: Вид Б | D90: 14 | E90: A500 | H90: 145.42 | I90: 1.208 | J90: =IF(F90="",H90,F90/1000*G90) -> 145.42 | K90: =ROUND(J90*I90,2) -> 175.67 | L90: 175.67 | M90: =ROUND(K90-L90,2) -> 0 | N90: Yatay dağıtma (mtül)
A91: 110 | B91: ЛШМ-2*-1 | C91: Вид Б | D91: 8 | E91: A240 | F91: 630 | G91: 113 | I91: 0.395 | J91: =IF(F91="",H91,F91/1000*G91) -> 71.19 | K91: =ROUND(J91*I91,2) -> 28.12 | L91: 28.12 | M91: =ROUND(K91-L91,2) -> 0 | N91: Etriye/fikstur: 460 duz + 2x80 kanca (L=630)
A92: 111 | B92: ЛШМ-2*-1 | C92: Вид В | D92: 14 | E92: A500 | F92: 3350 | G92: 34 | I92: 1.208 | J92: =IF(F92="",H92,F92/1000*G92) -> 113.9 | K92: =ROUND(J92*I92,2) -> 137.59 | L92: 137.59 | M92: =ROUND(K92-L92,2) -> 0 | N92: Düz çubuk
A93: 111 | B93: ЛШМ-2*-1 | C93: Вид В | D93: 14 | E93: A500 | F93: 2930 | G93: 34 | I93: 1.208 | J93: =IF(F93="",H93,F93/1000*G93) -> 99.62 | K93: =ROUND(J93*I93,2) -> 120.34 | L93: 120.34 | M93: =ROUND(K93-L93,2) -> 0 | N93: Düz çubuk
A94: 111 | B94: ЛШМ-2*-1 | C94: Вид В | D94: 14 | E94: A500 | F94: 2480 | G94: 16 | I94: 1.208 | J94: =IF(F94="",H94,F94/1000*G94) -> 39.68 | K94: =ROUND(J94*I94,2) -> 47.93 | L94: 47.93 | M94: =ROUND(K94-L94,2) -> 0 | N94: Düz çubuk
A95: 111 | B95: ЛШМ-2*-1 | C95: Вид В | D95: 14 | E95: A500 | H95: 194.92 | I95: 1.208 | J95: =IF(F95="",H95,F95/1000*G95) -> 194.92 | K95: =ROUND(J95*I95,2) -> 235.46 | L95: 235.46 | M95: =ROUND(K95-L95,2) -> 0 | N95: Yatay dağıtma (mtül)
A96: 111 | B96: ЛШМ-2*-1 | C96: Вид В | D96: 8 | E96: A240 | F96: 630 | G96: 152 | I96: 0.395 | J96: =IF(F96="",H96,F96/1000*G96) -> 95.76 | K96: =ROUND(J96*I96,2) -> 37.83 | L96: 37.83 | M96: =ROUND(K96-L96,2) -> 0 | N96: Etriye/fikstur: 460 duz + 2x80 kanca (L=630)
A97: 111 | B97: ЛШМ-2*-1 | C97: Вид В | D97: 16 | E97: A500 | F97: 1970 | G97: 22 | I97: 1.578 | J97: =IF(F97="",H97,F97/1000*G97) -> 43.34 | K97: =ROUND(J97*I97,2) -> 68.39 | L97: 68.39 | M97: =ROUND(K97-L97,2) -> 0 | N97: L-cubuk: 950 x 950 (L=1970)
A98: 112 | B98: ЛШМ-2*-1 | C98: Вид Г | D98: 14 | E98: A500 | F98: 3350 | G98: 21 | I98: 1.208 | J98: =IF(F98="",H98,F98/1000*G98) -> 70.35 | K98: =ROUND(J98*I98,2) -> 84.98 | L98: 84.98 | M98: =ROUND(K98-L98,2) -> 0 | N98: Düz çubuk
A99: 112 | B99: ЛШМ-2*-1 | C99: Вид Г | D99: 14 | E99: A500 | F99: 2930 | G99: 23 | I99: 1.208 | J99: =IF(F99="",H99,F99/1000*G99) -> 67.39 | K99: =ROUND(J99*I99,2) -> 81.41 | L99: 81.41 | M99: =ROUND(K99-L99,2) -> 0 | N99: Düz çubuk
A100: 112 | B100: ЛШМ-2*-1 | C100: Вид Г | D100: 14 | E100: A500 | F100: 2480 | G100: 64 | I100: 1.208 | J100: =IF(F100="",H100,F100/1000*G100) -> 158.72 | K100: =ROUND(J100*I100,2) -> 191.73 | L100: 191.73 | M100: =ROUND(K100-L100,2) -> 0 | N100: Düz çubuk
A101: 112 | B101: ЛШМ-2*-1 | C101: Вид Г | D101: 14 | E101: A500 | H101: 258.08 | I101: 1.208 | J101: =IF(F101="",H101,F101/1000*G101) -> 258.08 | K101: =ROUND(J101*I101,2) -> 311.76 | L101: 311.76 | M101: =ROUND(K101-L101,2) -> 0 | N101: Yatay dağıtma (mtül)
...

Sheet Kontrol Notları
A1: PROJE İLE TESPİT EDİLEN TUTARSIZLIKLAR — üretim öncesi proje müellifine sorulmalı
A3: Konum | B3: Tespit | C3: Yapılacak
A4: Genel | B4: Bu albümde haddelenmiş çelik profil (kanal/köşebent/IPE/kutu) YOKTUR. GOST 8240/8509/26020/30245 yalnızca referans doküman listesindedir; profil çizimleri KM albümündedir. | C4: Profil üretimi için KM albümü talep edilmeli.
A5: Genel | B5: Adetler bir eleman içindir; her markanın binada kaç kez tekrarlandığı bu albümde yok. | C5: KJ-62 'monolitik şaft yerleşim planı' alınmalı.
A6: Genel | B6: Yatay dağıtma donatısı metretül (м.п.) olarak verilmiş, kesim boyu yok. | C6: Bindirme boyları ile kesim planı yapılmalı.
A7: Pafta 113, 114 | B7: Spesifikasyonda Ø8 = 28.12 / 23.39 kg, çelik sarfiyat tablosunda 21.40 kg. | C7: Ø8 miktarı doğrulanmalı.
A8: Pafta 103 | B8: Poz 4 (Ø14, 194.92 mtül): 194.92 × 1.208 = 235.46 kg, tabloda 281.44 kg. | C8: Kütle doğrulanmalı.
A9: Pafta 123 | B9: Spesifikasyonda Ø8 = 37.83 kg, sarfiyat tablosunda 62.22 kg. | C9: Ø8 miktarı doğrulanmalı.
A10: Pafta 125 | B10: Poz toplamı Ø14 = 358.85 kg, tabloda 302.19 kg; Ø16 poz 74.61 kg, tabloda 201.67 kg. | C10: Ciddi sapma — tablo yeniden hesaplanmalı.
A11: Pafta 128 | B11: Spesifikasyon ara toplamı 571.96 kg, sarfiyat tablosu 579.55 kg. | C11: Doğrulanmalı.
A12: Pafta 128.1 | B12: Ø8: poz 41.06 kg, tablo 43.80 kg. | C12: Doğrulanmalı.
A13: Pafta 130 | B13: Poz toplamı Ø14 = 476.82 kg, tabloda 545.58 kg. | C13: Doğrulanmalı.
A14: Pafta 133 | B14: Ø16 poz 74.61 kg, tabloda 158.11 kg; Ø8 poz 20.95 kg, tabloda 42.06 kg. | C14: Ciddi sapma.
... A20: Beton | B20: Bazı paftalarda beton 'C25/30' (212-101-1101), bazılarında 'C25/30 W10 F150' (212-101-1104) yazılmış. Genel notlar 0.000 kotu altı için W10 C25/30 F150 + sülfata dayanıklı çimento şartı koyuyor. | C20: Tüm elemanlar için W10 F150 kabul edilmeli.
