Workbook

Sheet BOM
B1: Наименование | C1: malzeme | D1: Артикул | E1: Номенклатура | F1: Цена,тг1 | G1: Цена,тг | H1: СУММ. | I1: Кол- во | J1: Ед.изм | K1: завод изготовитель | L1: MALZ
B2: MAIN PANEL | E2: MAIN PANEL | H2: =SUM(H3:H22) -> 413312.8 | I2: 1 | J2: комплект | K2: TEKSAN | L2: =SUM(L3:L22) -> 413312.8
B3: MAIN PANEL | C3: korpus | D3: 719-15085 | E3: Мет. корпус ВРУ 1700x700x450 + база 100x700, IP31 | F3: 154595 | G3: 154595 | H3: =G3*I3 -> 154595 | I3: 1 | J3: ШТ. | K3: teksan f | L3: =H3 -> 154595
B4: MAIN PANEL | C4: tms | D4: 131362 | E4: Авт. выкл. NXM-125S/3Р 100A 25кА (R) | F4: 18517 | G4: 11110.2 | H4: =G4*I4 -> 22220.4 | I4: 2 | J4: ШТ. | K4: chint | L4: =H4 -> 22220.4
B5: MAIN PANEL | C5: PH | D5: KONTROL EDİLECEK | E5: Независимый расцепитель SHT для NXM-125 AC230V | F5: 0 | G5: 0 | H5: =G5*I5 -> 0 | I5: 1 | J5: ШТ. | K5: chint | L5: =H5 -> 0
B6: MAIN PANEL | C6: MANTAR BUTON | D6: 574862 | E6: Кнопка управления «Грибок» Φ40 с фиксацией NP2-BS542, красная 1НЗ IP40 | F6: 1799 | G6: 1079.4 | H6: =G6*I6 -> 1079.4 | I6: 1 | J6: ШТ. | K6: chint | L6: =H6 -> 1079.4
B7: MAIN PANEL | C7: pp | D7: 403037 | E7: Откидной выключатель-разъединитель NHR17-125/3, 3P, 125А, с плавкими вставками | F7: 2070 | G7: 1242 | H7: =G7*I7 -> 1242 | I7: 1 | J7: ШТ. | K7: chint | L7: =H7 -> 1242
B8: MAIN PANEL | C8: pp | D8: 521257 | E8: Плавкая вставка предохранителя RT36-00-160, габарит 00, 125А | F8: 1545 | G8: 927 | H8: =G8*I8 -> 2781 | I8: 3 | J8: ШТ. | K8: chint | L8: =H8 -> 2781
B9: MAIN PANEL | C9: opn | D9: 308602 | E9: Ограничитель имп. перенапр. NXU-I+II 4P In=25kA Uc=385В Im=50kA (R) | F9: 56704 | G9: 34022.4 | H9: =G9*I9 -> 34022.4 | I9: 1 | J9: ШТ. | K9: chint | L9: =H9 -> 34022.4
B10: MAIN PANEL | C10: uzo | D10: 280934 | E10: УЗО NXL-63 10kA 3P+N 63A 300mA AC (R) | F10: 15688 | G10: 9412.8 | H10: =G10*I10 -> 9412.8 | I10: 1 | J10: ШТ. | K10: chint | L10: =H10 -> 9412.8
B11: MAIN PANEL | C11: uzo | D11: 200229 | E11: УЗО NL1-63 6kA 4P 25A 300mA тип AC (R) | F11: 14768 | G11: 8860.8 | H11: =G11*I11 -> 8860.8 | I11: 1 | J11: ШТ. | K11: chint | L11: =H11 -> 8860.8
B12: MAIN PANEL | C12: oto | D12: 813875 | E12: Авт. выкл. NXB-63H 3P 40A 10кА х-ка C (R) | F12: 11002 | G12: 6601.2 | H12: =G12*I12 -> 26404.8 | I12: 4 | J12: ШТ. | K12: chint | L12: =H12 -> 26404.8
B13: MAIN PANEL | C13: oto | D13: 813874 | E13: Авт. выкл. NXB-63H 3P 32A 10кА х-ка C (R) | F13: 11771 | G13: 7062.6 | H13: =G13*I13 -> 21187.8 | I13: 3 | J13: ШТ. | K13: chint | L13: =H13 -> 21187.8
B14: MAIN PANEL | C14: oto | D14: 813873 | E14: Авт. выкл. NXB-63H 3P 25A 10кА х-ка C (R) | F14: 10552 | G14: 6331.2 | H14: =G14*I14 -> 6331.2 | I14: 1 | J14: ШТ. | K14: chint | L14: =H14 -> 6331.2
... B22: MAIN PANEL | C22: Монтажные работы | D22: Монтажные работы | E22: Монтажные работы | F22: 10 | G22: 100 | H22: =G22*I22 -> 60000 | I22: 600 | J22: ШТ. | K22: Монтажные работы | L22: =H22 -> 60000
B23: ПОДВАЛ-ELP | E23: ПОДВАЛ-ELP | H23: =SUM(H24:H39) -> 231510 | I23: 1 | J23: комплект | K23: TEKSAN | L23: =SUM(L24:L39) -> 231510
B24: ПОДВАЛ-ELP | C24: korpus | E24: SHRV sıva altı 1400x700x180 mm | F24: 100000 | G24: 100000 | H24: =G24*I24 -> 100000 | I24: 1 | J24: ШТ. | K24: teksan f | L24: =H24 -> 100000
B25: ПОДВАЛ-ELP | C25: oto | D25: 814172 | E25: Авт. выкл. NXB-63 3P 25A 6кА х-ка C (R) | F25: 4761 | G25: 2856.6 | H25: =G25*I25 -> 2856.6 | I25: 1 | J25: ШТ. | K25: chint | L25: =H25 -> 2856.6
B26: ПОДВАЛ-ELP | C26: oto | D26: 296708 | E26: Авт. выкл. NXB-63S 1P 6А 4.5kA х-ка C (R) | F26: 947 | G26: 568.2 | H26: =G26*I26 -> 1704.6 | I26: 3 | J26: ШТ. | K26: chint | L26: =H26 -> 1704.6
B27: ПОДВАЛ-ELP | C27: sinyal lamb | D27: 593076 | E27: Индикатор ND16-22D/2 желтый AC/DC230В (R) | F27: 571 | G27: 342.6 | H27: =G27*I27 -> 342.6 | I27: 1 | J27: ШТ. | K27: chint | L27: =H27 -> 342.6
B28: ПОДВАЛ-ELP | C28: sinyal lamb | D28: 593077 | E28: Индикатор ND16-22D/2 зеленый AC/DC230В (R) | F28: 589 | G28: 353.4 | H28: =G28*I28 -> 353.4 | I28: 1 | J28: ШТ. | K28: chint | L28: =H28 -> 353.4
B29: ПОДВАЛ-ELP | C29: sinyal lamb | D29: 593075 | E29: Индикатор ND16-22D/2 красный AC/DC230В (R) | F29: 571 | G29: 342.6 | H29: =G29*I29 -> 342.6 | I29: 1 | J29: ШТ. | K29: chint | L29: =H29 -> 342.6
B30: ПОДВАЛ-ELP | C30: uzo | D30: 280721 | E30: УЗО NXL-63 6kA 1P+N 25A 30mA AC (R) | F30: 6747 | G30: 4048.2 | H30: =G30*I30 -> 8096.4 | I30: 2 | J30: ШТ. | K30: chint | L30: =H30 -> 8096.4
B31: ПОДВАЛ-ELP | C31: uzo | D31: 280789 | E31: УЗО NXL-63 6kA 3P+N 25A 30mA AC (R) | F31: 12143 | G31: 7285.8 | H31: =G31*I31 -> 14571.6 | I31: 2 | J31: ШТ. | K31: chint | L31: =H31 -> 14571.6
B32: ПОДВАЛ-ELP | C32: uzo | D32: 280791 | E32: УЗО NXL-63 6kA 3P+N 40A 30mA AC (R) | F32: 12143 | G32: 7285.8 | H32: =G32*I32 -> 7285.8 | I32: 1 | J32: ШТ. | K32: chint | L32: =H32 -> 7285.8
B33: ПОДВАЛ-ELP | C33: oto | D33: 296696 | E33: Авт. выкл. NXB-63S 1P 10А 4.5kA х-ка B (R) | F33: 871 | G33: 522.6 | H33: =G33*I33 -> 2090.4 | I33: 4 | J33: ШТ. | K33: chint | L33: =H33 -> 2090.4
B34: ПОДВАЛ-ELP | C34: oto | D34: 296710 | E34: Авт. выкл. NXB-63S 1P 16А 4.5kA х-ка C (R) | F34: 760 | G34: 456 | H34: =G34*I34 -> 3192 | I34: 7 | J34: ШТ. | K34: chint | L34: =H34 -> 3192
B35: ПОДВАЛ-ELP | C35: oto | D35: 814170 | E35: Авт. выкл. NXB-63 3P 16A 6кА х-ка C (R) | F35: 4875 | G35: 2925 | H35: =G35*I35 -> 5850 | I35: 2 | J35: ШТ. | K35: chint | L35: =H35 -> 5850
B36: ПОДВАЛ-ELP | C36: KLEMENS | D36: 130301144_ | E36: ЗВИ 3 ПВХ (1,0-2,5мм² 3А) 12 пар UNIT | F36: 172 | G36: 172 | H36: =G36*I36 -> 3096 | I36: 18 | J36: ШТ. | K36: pys | L36: =H36 -> 3096
... B39: ПОДВАЛ-ELP | C39: Монтажные работы | D39: Монтажные работы | E39: Монтажные работы | F39: 10 | G39: 100 | H39: =G39*I39 -> 36000 | I39: 360 | J39: ШТ. | K39: Монтажные работы | L39: =H39 -> 36000
B40: АДМИНИСТРАЦИЯ-ELP | E40: АДМИНИСТРАЦИЯ-ELP | H40: =SUM(H41:H54) -> 232963.6 | I40: 1 | J40: комплект | K40: TEKSAN | L40: =SUM(L41:L54) -> 232963.6
B41: АДМИНИСТРАЦИЯ-ELP | C41: korpus | E41: SHRV sıva altı 1400x700x180 mm | F41: 100000 | G41: 100000 | H41: =G41*I41 -> 100000 | I41: 1 | J41: ШТ. | K41: teksan f | L41: =H41 -> 100000
B42: АДМИНИСТРАЦИЯ-ELP | C42: oto | D42: 814172 | E42: Авт. выкл. NXB-63 3P 25A 6кА х-ка C (R) | F42: 4761 | G42: 2856.6 | H42: =G42*I42 -> 2856.6 | I42: 1 | J42: ШТ. | K42: chint | L42: =H42 -> 2856.6
B43: АДМИНИСТРАЦИЯ-ELP | C43: oto | D43: 296708 | E43: Авт. выкл. NXB-63S 1P 6А 4.5kA х-ка C (R) | F43: 947 | G43: 568.2 | H43: =G43*I43 -> 1704.6 | I43: 3 | J43: ШТ. | K43: chint | L43: =H43 -> 1704.6
B44: АДМИНИСТРАЦИЯ-ELP | C44: sinyal lamb | D44: 593076 | E44: Индикатор ND16-22D/2 желтый AC/DC230В (R) | F44: 571 | G44: 342.6 | H44: =G44*I44 -> 342.6 | I44: 1 | J44: ШТ. | K44: chint | L44: =H44 -> 342.6
B45: АДМИНИСТРАЦИЯ-ELP | C45: sinyal lamb | D45: 593077 | E45: Индикатор ND16-22D/2 зеленый AC/DC230В (R) | F45: 589 | G45: 353.4 | H45: =G45*I45 -> 353.4 | I45: 1 | J45: ШТ. | K45: chint | L45: =H45 -> 353.4
B46: АДМИНИСТРАЦИЯ-ELP | C46: sinyal lamb | D46: 593075 | E46: Индикатор ND16-22D/2 красный AC/DC230В (R) | F46: 571 | G46: 342.6 | H46: =G46*I46 -> 342.6 | I46: 1 | J46: ШТ. | K46: chint | L46: =H46 -> 342.6
B47: АДМИНИСТРАЦИЯ-ELP | C47: uzo | D47: 280789 | E47: УЗО NXL-63 6kA 3P+N 25A 30mA AC (R) | F47: 12143 | G47: 7285.8 | H47: =G47*I47 -> 7285.8 | I47: 1 | J47: ШТ. | K47: chint | L47: =H47 -> 7285.8
B48: АДМИНИСТРАЦИЯ-ELP | C48: uzo | D48: 280791 | E48: УЗО NXL-63 6kA 3P+N 40A 30mA AC (R) | F48: 12143 | G48: 7285.8 | H48: =G48*I48 -> 21857.4 | I48: 3 | J48: ШТ. | K48: chint | L48: =H48 -> 21857.4
B49: АДМИНИСТРАЦИЯ-ELP | C49: oto | D49: 296696 | E49: Авт. выкл. NXB-63S 1P 10А 4.5kA х-ка B (R) | F49: 871 | G49: 522.6 | H49: =G49*I49 -> 5748.6 | I49: 11 | J49: ШТ. | K49: chint | L49: =H49 -> 5748.6
B50: АДМИНИСТРАЦИЯ-ELP | C50: oto | D50: 296710 | E50: Авт. выкл. NXB-63S 1P 16А 4.5kA х-ка C (R) | F50: 760 | G50: 456 | H50: =G50*I50 -> 5928 | I50: 13 | J50: ШТ. | K50: chint | L50: =H50 -> 5928
B51: АДМИНИСТРАЦИЯ-ELP | C51: KLEMENS | D51: 130301144_ | E51: ЗВИ 3 ПВХ (1,0-2,5мм² 3А) 12 пар UNIT | F51: 172 | G51: 172 | H51: =G51*I51 -> 4816 | I51: 28 | J51: ШТ. | K51: pys | L51: =H51 -> 4816
B52: АДМИНИСТРАЦИЯ-ELP | C52: NÖTR TOPRAK | D52: 130200399_ | E52: Шина N нулевая ШНК 3L+PEN 4х7 100А на DIN-рейку UNIT | F52: 2432 | G52: 2432 | H52: =G52*I52 -> 9728 | I52: 4 | J52: ШТ. | K52: pys | L52: =H52 -> 9728
B53: АДМИНИСТРАЦИЯ-ELP | C53: Монтажный материал | D53: Монтажный материал | E53: Монтажный материал | F53: 36000 | G53: 36000 | H53: =G53*I53 -> 36000 | I53: 1 | J53: ШТ. | K53: Монтажный материал | L53: =H53 -> 36000
B54: АДМИНИСТРАЦИЯ-ELP | C54: Монтажные работы | D54: Монтажные работы | E54: Монтажные работы | F54: 10 | G54: 100 | H54: =G54*I54 -> 36000 | I54: 360 | J54: ШТ. | K54: Монтажные работы | L54: =H54 -> 36000
B55: ZK-ELP | E55: ZK-ELP | H55: =SUM(H56:H74) -> 376801.2 | I55: 1 | J55: комплект | K55: TEKSAN | L55: =SUM(L56:L74) -> 376801.2
B56: ZK-ELP | C56: korpus | E56: SHRV sıva altı + şaft 1650x700x180 mm | F56: 135000 | G56: 135000 | H56: =G56*I56 -> 135000 | I56: 1 | J56: ШТ. | K56: teksan f | L56: =H56 -> 135000
B57: ZK-ELP | C57: tms | D57: KONTROL EDİLECEK | E57: Авт. выкл. NXM-125S/3Р 80A 25кА (R) | F57: 0 | G57: 0 | H57: =G57*I57 -> 0 | I57: 1 | J57: ШТ. | K57: chint | L57: =H57 -> 0
B58: ZK-ELP | C58: oto | D58: 296708 | E58: Авт. выкл. NXB-63S 1P 6А 4.5kA х-ка C (R) | F58: 947 | G58: 568.2 | H58: =G58*I58 -> 1704.6 | I58: 3 | J58: ШТ. | K58: chint | L58: =H58 -> 1704.6
B59: ZK-ELP | C59: sinyal lamb | D59: 593076 | E59: Индикатор ND16-22D/2 желтый AC/DC230В (R) | F59: 571 | G59: 342.6 | H59: =G59*I59 -> 342.6 | I59: 1 | J59: ШТ. | K59: chint | L59: =H59 -> 342.6
B60: ZK-ELP | C60: sinyal lamb | D60: 593077 | E60: Индикатор ND16-22D/2 зеленый AC/DC230В (R) | F60: 589 | G60: 353.4 | H60: =G60*I60 -> 353.4 | I60: 1 | J60: ШТ. | K60: chint | L60: =H60 -> 353.4
B61: ZK-ELP | C61: sinyal lamb | D61: 593075 | E61: Индикатор ND16-22D/2 красный AC/DC230В (R) | F61: 571 | G61: 342.6 | H61: =G61*I61 -> 342.6 | I61: 1 | J61: ШТ. | K61: chint | L61: =H61 -> 342.6
B62: ZK-ELP | C62: uzo | D62: 280721 | E62: УЗО NXL-63 6kA 1P+N 25A 30mA AC (R) | F62: 6747 | G62: 4048.2 | H62: =G62*I62 -> 4048.2 | I62: 1 | J62: ШТ. | K62: chint | L62: =H62 -> 4048.2
B63: ZK-ELP | C63: uzo | D63: 280789 | E63: УЗО NXL-63 6kA 3P+N 25A 30mA AC (R) | F63: 12143 | G63: 7285.8 | H63: =G63*I63 -> 36429 | I63: 5 | J63: ШТ. | K63: chint | L63: =H63 -> 36429
B64: ZK-ELP | C64: uzo | D64: 280791 | E64: УЗО NXL-63 6kA 3P+N 40A 30mA AC (R) | F64: 12143 | G64: 7285.8 | H64: =G64*I64 -> 29143.2 | I64: 4 | J64: ШТ. | K64: chint | L64: =H64 -> 29143.2
B65: ZK-ELP | C65: oto | D65: 296696 | E65: Авт. выкл. NXB-63S 1P 10А 4.5kA х-ка B (R) | F65: 871 | G65: 522.6 | H65: =G65*I65 -> 5748.6 | I65: 11 | J65: ШТ. | K65: chint | L65: =H65 -> 5748.6
B66: ZK-ELP | C66: oto | D66: 296710 | E66: Авт. выкл. NXB-63S 1P 16А 4.5kA х-ка C (R) | F66: 760 | G66: 456 | H66: =G66*I66 -> 3192 | I66: 7 | J66: ШТ. | K66: chint | L66: =H66 -> 3192
B67: ZK-ELP | C67: oto | D67: KONTROL EDİLECEK | E67: Авт. выкл. NXB-63S 1P 25А 4.5kA х-ка C (R) | F67: 0 | G67: 0 | H67: =G67*I67 -> 0 | I67: 2 | J67: ШТ. | K67: chint | L67: =H67 -> 0
B68: ZK-ELP | C68: oto | D68: 814170 | E68: Авт. выкл. NXB-63 3P 16A 6кА х-ка C (R) | F68: 4875 | G68: 2925 | H68: =G68*I68 -> 14625 | I68: 5 | J68: ШТ. | K68: chint | L68: =H68 -> 14625
... B74: ZK-ELP | C74: Монтажные работы | D74: Монтажные работы | E74: Монтажные работы | F74: 10 | G74: 100 | H74: =G74*I74 -> 60000 | I74: 600 | J74: ШТ. | K74: Монтажные работы | L74: =H74 -> 60000
B75: 2K-ELP | E75: 2K-ELP | H75: =SUM(H76:H94) -> 269323.8 | I75: 1 | J75: комплект | K75: TEKSAN | L75: =SUM(L76:L94) -> 269323.8
B76: 2K-ELP | C76: korpus | E76: SHRV sıva altı 1400x700x180 mm | F76: 100000 | G76: 100000 | H76: =G76*I76 -> 100000 | I76: 1 | J76: ШТ. | K76: teksan f | L76: =H76 -> 100000
B77: 2K-ELP | C77: oto | D77: 814173 | E77: Авт. выкл. NXB-63 3P 32A 6кА х-ка C (R) | F77: 6060 | G77: 3636 | H77: =G77*I77 -> 3636 | I77: 1 | J77: ШТ. | K77: chint | L77: =H77 -> 3636
B78: 2K-ELP | C78: oto | D78: 296708 | E78: Авт. выкл. NXB-63S 1P 6А 4.5kA х-ка C (R) | F78: 947 | G78: 568.2 | H78: =G78*I78 -> 1704.6 | I78: 3 | J78: ШТ. | K78: chint | L78: =H78 -> 1704.6
B79: 2K-ELP | C79: sinyal lamb | D79: 593076 | E79: Индикатор ND16-22D/2 желтый AC/DC230В (R) | F79: 571 | G79: 342.6 | H79: =G79*I79 -> 342.6 | I79: 1 | J79: ШТ. | K79: chint | L79: =H79 -> 342.6
B80: 2K-ELP | C80: sinyal lamb | D80: 593077 | E80: Индикатор ND16-22D/2 зеленый AC/DC230В (R) | F80: 589 | G80: 353.4 | H80: =G80*I80 -> 706.8 | I80: 2 | J80: ШТ. | K80: chint | L80: =H80 -> 706.8
B81: 2K-ELP | C81: sinyal lamb | D81: 593075 | E81: Индикатор ND16-22D/2 красный AC/DC230В (R) | F81: 571 | G81: 342.6 | H81: =G81*I81 -> 685.2 | I81: 2 | J81: ШТ. | K81: chint | L81: =H81 -> 685.2
B82: 2K-ELP | C82: uzo | D82: 280721 | E82: УЗО NXL-63 6kA 1P+N 25A 30mA AC (R) | F82: 6747 | G82: 4048.2 | H82: =G82*I82 -> 4048.2 | I82: 1 | J82: ШТ. | K82: chint | L82: =H82 -> 4048.2
B83: 2K-ELP | C83: uzo | D83: 280789 | E83: УЗО NXL-63 6kA 3P+N 25A 30mA AC (R) | F83: 12143 | G83: 7285.8 | H83: =G83*I83 -> 14571.6 | I83: 2 | J83: ШТ. | K83: chint | L83: =H83 -> 14571.6
B84: 2K-ELP | C84: uzo | D84: 280791 | E84: УЗО NXL-63 6kA 3P+N 40A 30mA AC (R) | F84: 12143 | G84: 7285.8 | H84: =G84*I84 -> 21857.4 | I84: 3 | J84: ШТ. | K84: chint | L84: =H84 -> 21857.4
B85: 2K-ELP | C85: oto | D85: 296696 | E85: Авт. выкл. NXB-63S 1P 10А 4.5kA х-ка B (R) | F85: 871 | G85: 522.6 | H85: =G85*I85 -> 10452 | I85: 20 | J85: ШТ. | K85: chint | L85: =H85 -> 10452
B86: 2K-ELP | C86: oto | D86: 296710 | E86: Авт. выкл. NXB-63S 1P 16А 4.5kA х-ка C (R) | F86: 760 | G86: 456 | H86: =G86*I86 -> 7752 | I86: 17 | J86: ШТ. | K86: chint | L86: =H86 -> 7752
B87: 2K-ELP | C87: kontaktor | D87: 836704 | E87: Контактор NXC-09 9A 220В/АС3 1НО+1НЗ 50Гц (R) | F87: 4419 | G87: 2651.4 | H87: =G87*I87 -> 2651.4 | I87: 1 | J87: ШТ. | K87: chint | L87: =H87 -> 2651.4
B88: 2K-ELP | C88: teplo rele | D88: 837097 | E88: Тепловое реле NXR-12 1-1.6A (R) | F88: 4315 | G88: 2589 | H88: =G88*I88 -> 2589 | I88: 1 | J88: ШТ. | K88: chint | L88: =H88 -> 2589
... B94: 2K-ELP | C94: Монтажные работы | D94: Монтажные работы | E94: Монтажные работы | F94: 10 | G94: 100 | H94: =G94*I94 -> 36000 | I94: 360 | J94: ШТ. | K94: Монтажные работы | L94: =H94 -> 36000
B95: КРЫША-ELP | E95: КРЫША-ELP | H95: =SUM(H96:H114) -> 296133.6 | I95: 1 | J95: комплект | K95: TEKSAN | L95: =SUM(L96:L114) -> 296133.6
B96: КРЫША-ELP | C96: korpus | E96: SHRV sıva altı 1400x700x180 mm | F96: 100000 | G96: 100000 | H96: =G96*I96 -> 100000 | I96: 1 | J96: ШТ. | K96: teksan f | L96: =H96 -> 100000
B97: КРЫША-ELP | C97: oto | D97: 814173 | E97: Авт. выкл. NXB-63 3P 32A 6кА х-ка C (R) | F97: 6060 | G97: 3636 | H97: =G97*I97 -> 3636 | I97: 1 | J97: ШТ. | K97: chint | L97: =H97 -> 3636
B98: КРЫША-ELP | C98: oto | D98: 296708 | E98: Авт. выкл. NXB-63S 1P 6А 4.5kA х-ка C (R) | F98: 947 | G98: 568.2 | H98: =G98*I98 -> 1704.6 | I98: 3 | J98: ШТ. | K98: chint | L98: =H98 -> 1704.6
B99: КРЫША-ELP | C99: sinyal lamb | D99: 593076 | E99: Индикатор ND16-22D/2 желтый AC/DC230В (R) | F99: 571 | G99: 342.6 | H99: =G99*I99 -> 342.6 | I99: 1 | J99: ШТ. | K99: chint | L99: =H99 -> 342.6
B100: КРЫША-ELP | C100: sinyal lamb | D100: 593077 | E100: Индикатор ND16-22D/2 зеленый AC/DC230В (R) | F100: 589 | G100: 353.4 | H100: =G100*I100 -> 1413.6 | I100: 4 | J100: ШТ. | K100: chint | L100: =H100 -> 1413.6
B101: КРЫША-ELP | C101: sinyal lamb | D101: 593075 | E101: Индикатор ND16-22D/2 красный AC/DC230В (R) | F101: 571 | G101: 342.6 | H101: =G101*I101 -> 1370.4 | I101: 4 | J101: ШТ. | K101: chint | L101: =H101 -> 1370.4
B102: КРЫША-ELP | C102: uzo | D102: 280721 | E102: УЗО NXL-63 6kA 1P+N 25A 30mA AC (R) | F102: 6747 | G102: 4048.2 | H102: =G102*I102 -> 12144.6 | I102: 3 | J102: ШТ. | K102: chint | L102: =H102 -> 12144.6
B103: КРЫША-ELP | C103: uzo | D103: 280789 | E103: УЗО NXL-63 6kA 3P+N 25A 30mA AC (R) | F103: 12143 | G103: 7285.8 | H103: =G103*I103 -> 7285.8 | I103: 1 | J103: ШТ. | K103: chint | L103: =H103 -> 7285.8
B104: КРЫША-ELP | C104: uzo | D104: 280791 | E104: УЗО NXL-63 6kA 3P+N 40A 30mA AC (R) | F104: 12143 | G104: 7285.8 | H104: =G104*I104 -> 21857.4 | I104: 3 | J104: ШТ. | K104: chint | L104: =H104 -> 21857.4
B105: КРЫША-ELP | C105: oto | D105: 296696 | E105: Авт. выкл. NXB-63S 1P 10А 4.5kA х-ка B (R) | F105: 871 | G105: 522.6 | H105: =G105*I105 -> 7316.4 | I105: 14 | J105: ШТ. | K105: chint | L105: =H105 -> 7316.4
B106: КРЫША-ELP | C106: oto | D106: 296710 | E106: Авт. выкл. NXB-63S 1P 16А 4.5kA х-ка C (R) | F106: 760 | G106: 456 | H106: =G106*I106 -> 7296 | I106: 16 | J106: ШТ. | K106: chint | L106: =H106 -> 7296
B107: КРЫША-ELP | C107: kontaktor | D107: 836704 | E107: Контактор NXC-09 9A 220В/АС3 1НО+1НЗ 50Гц (R) | F107: 4419 | G107: 2651.4 | H107: =G107*I107 -> 7954.2 | I107: 3 | J107: ШТ. | K107: chint | L107: =H107 -> 7954.2
B108: КРЫША-ELP | C108: teplo rele | D108: 837100 | E108: Тепловое реле NXR-12 2.5-4A (R) | F108: 4315 | G108: 2589 | H108: =G108*I108 -> 7767 | I108: 3 | J108: ШТ. | K108: chint | L108: =H108 -> 7767
... B114: КРЫША-ELP | C114: Монтажные работы | D114: Монтажные работы | E114: Монтажные работы | F114: 10 | G114: 100 | H114: =G114*I114 -> 36000 | I114: 360 | J114: ШТ. | K114: Монтажные работы | L114: =H114 -> 36000
B115: КОТЕЛЬНАЯ-ELP | E115: КОТЕЛЬНАЯ-ELP | H115: =SUM(H116:H136) -> 299945.8 | I115: 1 | J115: комплект | K115: TEKSAN | L115: =SUM(L116:L136) -> 299945.8
B116: КОТЕЛЬНАЯ-ELP | C116: korpus | D116: 719-15926 | E116: Щит наружный с козырьком 1400x700x250 mm IP54 | F116: 100000 | G116: 100000 | H116: =G116*I116 -> 100000 | I116: 1 | J116: ШТ. | K116: teksan f | L116: =H116 -> 100000
B117: КОТЕЛЬНАЯ-ELP | C117: oto | D117: 814173 | E117: Авт. выкл. NXB-63 3P 32A 6кА х-ка C (R) | F117: 6060 | G117: 3636 | H117: =G117*I117 -> 3636 | I117: 1 | J117: ШТ. | K117: chint | L117: =H117 -> 3636
B118: КОТЕЛЬНАЯ-ELP | C118: oto | D118: 296708 | E118: Авт. выкл. NXB-63S 1P 6А 4.5kA х-ка C (R) | F118: 947 | G118: 568.2 | H118: =G118*I118 -> 6250.2 | I118: 11 | J118: ШТ. | K118: chint | L118: =H118 -> 6250.2
B119: КОТЕЛЬНАЯ-ELP | C119: sinyal lamb | D119: 593076 | E119: Индикатор ND16-22D/2 желтый AC/DC230В (R) | F119: 571 | G119: 342.6 | H119: =G119*I119 -> 342.6 | I119: 1 | J119: ШТ. | K119: chint | L119: =H119 -> 342.6
B120: КОТЕЛЬНАЯ-ELP | C120: sinyal lamb | D120: 593077 | E120: Индикатор ND16-22D/2 зеленый AC/DC230В (R) | F120: 589 | G120: 353.4 | H120: =G120*I120 -> 2120.4 | I120: 6 | J120: ШТ. | K120: chint | L120: =H120 -> 2120.4
B121: КОТЕЛЬНАЯ-ELP | C121: sinyal lamb | D121: 593075 | E121: Индикатор ND16-22D/2 красный AC/DC230В (R) | F121: 571 | G121: 342.6 | H121: =G121*I121 -> 2055.6 | I121: 6 | J121: ШТ. | K121: chint | L121: =H121 -> 2055.6
B122: КОТЕЛЬНАЯ-ELP | C122: uzo | D122: 280789 | E122: УЗО NXL-63 6kA 3P+N 25A 30mA AC (R) | F122: 12143 | G122: 7285.8 | H122: =G122*I122 -> 7285.8 | I122: 1 | J122: ШТ. | K122: chint | L122: =H122 -> 7285.8
B123: КОТЕЛЬНАЯ-ELP | C123: oto | D123: 296696 | E123: Авт. выкл. NXB-63S 1P 10А 4.5kA х-ка B (R) | F123: 871 | G123: 522.6 | H123: =G123*I123 -> 1045.2 | I123: 2 | J123: ШТ. | K123: chint | L123: =H123 -> 1045.2
B124: КОТЕЛЬНАЯ-ELP | C124: oto | D124: 296710 | E124: Авт. выкл. NXB-63S 1P 16А 4.5kA х-ка C (R) | F124: 760 | G124: 456 | H124: =G124*I124 -> 4104 | I124: 9 | J124: ШТ. | K124: chint | L124: =H124 -> 4104
...

Sheet FIYAT
A1: Наименование | B1: СУММ. | C1: Кол-во | D1: Ед.изм | E1: MALZ
A2: MAIN PANEL | B2: =BOM!H2 -> 413312.8 | C2: 1 | D2: комплект | E2: =BOM!L2 -> 413312.8
A3: ПОДВАЛ-ELP | B3: =BOM!H23 -> 231510 | C3: 1 | D3: комплект | E3: =BOM!L23 -> 231510
A4: АДМИНИСТРАЦИЯ-ELP | B4: =BOM!H40 -> 232963.6 | C4: 1 | D4: комплект | E4: =BOM!L40 -> 232963.6
A5: ZK-ELP | B5: =BOM!H55 -> 376801.2 | C5: 1 | D5: комплект | E5: =BOM!L55 -> 376801.2
A6: 2K-ELP | B6: =BOM!H75 -> 269323.8 | C6: 1 | D6: комплект | E6: =BOM!L75 -> 269323.8
A7: КРЫША-ELP | B7: =BOM!H95 -> 296133.6 | C7: 1 | D7: комплект | E7: =BOM!L95 -> 296133.6
A8: КОТЕЛЬНАЯ-ELP | B8: =BOM!H115 -> 299945.8 | C8: 1 | D8: комплект | E8: =BOM!L115 -> 299945.8
