Workbook

Sheet GIRDI
A1: Parametre | B1: Değer | C1: Kaynak / not
A2: Profil 80x20 – adet | B2: 20 | C2: Sipariş
A3: Profil 80x20 – boy (mm) | B3: 3000 | C3: Sipariş
A4: Profil 80x20 – açınım eni (mm) | B4: 192 | C4: KONTROL: keskin köşe (kesit 384 mm²/2). Bükme radyüsü/K faktörüne göre atölye teyidi
A5: Profil 40x20 – adet | B5: 13 | C5: Sipariş
A6: Profil 40x20 – boy (mm) | B6: 3000 | C6: Sipariş
A7: Profil 40x20 – açınım eni (mm) | B7: 112 | C7: KONTROL: keskin köşe (kesit 224 mm²/2)
A8: Saç kalınlığı (mm) | B8: 2 | C8: Sipariş
A9: Saç yoğunluğu (g/cm³) | B9: 7.85 | C9: Çelik (KONTROL: siyah/DKP/paslanmaz)
A10: Levha eni (mm) | B10: 1500 | C10: KONTROL: tedarik ölçüsü
A11: Levha boyu (mm) | B11: 3000 | C11: KONTROL: profil boyu = levha boyu, uç düzeltme payı yok
A12: Profil başına bükme sayısı | B12: 4 | C12: Kapalı kutu: 4 büküm + 1 boyuna dikiş (KONTROL)

Sheet BOM
A1: ROW | B1: Наименование | C1: malzeme | D1: Артикул | E1: Номенклатура | F1: Birim fiyat (KZT) | G1: Tutar (KZT) | H1: Miktar | I1: Ед.изм | J1: Not / durum
A2: 1 | B2: RIXOS – Profil 80x20x2 / 40x20x2 (L=3000) | E2: RIXOS profil üretimi | H2: =1 -> 1 | I2: комплект
A3: 2 | C3: saç | E3: Saç 2 mm, 1500×3000 | G3: =F3*H3 -> 0 | H3: =NESTING!B12 -> 4 | I3: лист | J3: Nesting planına göre. Malzeme cinsi KONTROL
A4: 3 | C4: saç | E4: Saç 2 mm – ağırlık | G4: =F4*H4 -> 0 | H4: =NESTING!B13 -> 282.6 | I4: кг | J4: Bilgi satırı (fiyat kg bazlı ise G'ye kg fiyatı girin, levha satırını 0 yapın)
A5: 4 | C5: kesim | E5: Şerit kesim 192×3000 (80x20 için) | G5: =F5*H5 -> 0 | H5: =GIRDI!B2 -> 20 | I5: шт | J5: Giyotin/lazer
A6: 5 | C6: kesim | E6: Şerit kesim 112×3000 (40x20 için) | G6: =F6*H6 -> 0 | H6: =GIRDI!B5 -> 13 | I6: шт | J6: Giyotin/lazer
A7: 6 | C7: bükme | E7: Abkant bükme, L=3000 | G7: =F7*H7 -> 0 | H7: =(GIRDI!B2+GIRDI!B5)*GIRDI!B12 -> 132 | I7: büküm | J7: Abkant tabla ≥3000 mm KONTROL
A8: 7 | C8: kaynak | E8: Boyuna dikiş kaynağı (kapalı kutu) | G8: =F8*H8 -> 0 | H8: =(GIRDI!B2*GIRDI!B3+GIRDI!B5*GIRDI!B6)/1000 -> 99 | I8: м | J8: Kaynak yöntemi (MIG/TIG/punta) KONTROL
A9: 8 | C9: taşlama | E9: Dikiş taşlama / yüzey hazırlık | G9: =F9*H9 -> 0 | H9: =H8 -> 99 | I9: м | J9: KONTROL
A10: 9 | C10: kaplama | E10: Dış yüzey kaplama | G10: =F10*H10 -> 0 | H10: =(GIRDI!B2*GIRDI!B3*2*(80+20)+GIRDI!B5*GIRDI!B6*2*(40+20))/1000000 -> 16.68 | I10: м² | J10: Kaplama tipi (PVD altın / toz boya) KONTROL EDİLECEK
A11: 10 | C11: montajная работа | E11: İşçilik (saat) | G11: =F11*H11 -> 0 | I11: час | J11: Saat KONTROL EDİLECEK — atölye girer
A12: 11 | C12: ambalaj | E12: Ambalaj / sevkiyat | G12: =F12*H12 -> 0 | I12: комплект | J12: KONTROL
B13: MALZEME + İŞÇİLİK TOPLAM | G13: =SUBTOTAL(9,G3:G12) -> 0
B15: Çıktı | C15: 80x20x2 | D15: 40x20x2 | E15: Toplam
B16: Adet | C16: =GIRDI!B2 -> 20 | D16: =GIRDI!B5 -> 13 | E16: =C16+D16 -> 33
B17: Metraj (m) | C17: =GIRDI!B2*GIRDI!B3/1000 -> 60 | D17: =GIRDI!B5*GIRDI!B6/1000 -> 39 | E17: =C17+D17 -> 99
B18: Teorik kg/m | C18: =GIRDI!B4*GIRDI!B8*GIRDI!B9/1000 -> 3.0144 | D18: =GIRDI!B7*GIRDI!B8*GIRDI!B9/1000 -> 1.7584
B19: Net ağırlık (kg) | C19: =C17*C18 -> 180.864 | D19: =D17*D18 -> 68.5776 | E19: =C19+D19 -> 249.4416
B21: Mavi/sarı hücreler girdi. Birim fiyatlar (F, sarı) boş — tedarikçi/atölye fiyatı girilince tutarlar hesaplanır.

Sheet NESTING
A1: Levha | B1: 192 mm şerit | C1: 112 mm şerit | D1: Kullanılan en (mm) | E1: Kalan en (mm)
A2: Levha 1 | B2: 7 | C2: 1 | D2: =B2*GIRDI!$B$4+C2*GIRDI!$B$7 -> 1456 | E2: =GIRDI!$B$10-D2 -> 44
A3: Levha 2 | B3: 7 | C3: 1 | D3: =B3*GIRDI!$B$4+C3*GIRDI!$B$7 -> 1456 | E3: =GIRDI!$B$10-D3 -> 44
A4: Levha 3 | B4: 6 | C4: 3 | D4: =B4*GIRDI!$B$4+C4*GIRDI!$B$7 -> 1488 | E4: =GIRDI!$B$10-D4 -> 12
A5: Levha 4 | B5: 0 | C5: 8 | D5: =B5*GIRDI!$B$4+C5*GIRDI!$B$7 -> 896 | E5: =GIRDI!$B$10-D5 -> 604
A6: Toplam şerit | B6: =SUM(B2:B5) -> 20 | C6: =SUM(C2:C5) -> 13
A7: İhtiyaç | B7: =GIRDI!B2 -> 20 | C7: =GIRDI!B5 -> 13
A8: Kontrol | B8: =IF(B6>=B7,"OK","EKSİK") -> OK | C8: =IF(C6>=C7,"OK","EKSİK") -> OK
A9: En kontrolü (tüm levhalar) | B9: =IF(MIN(E2:E5)>=0,"OK","TAŞMA") -> OK
A12: Levha adedi | B12: =COUNTIF(D2:D5,">0") -> 4
A13: Levha toplam ağırlık (kg) | B13: =B12*GIRDI!B10*GIRDI!B11*GIRDI!B8*GIRDI!B9/1000000 -> 282.6
A14: Fire (kg) | B14: =B13-BOM!E19 -> 33.1584
A16: Not: kesim (testere/lazer) payı ve açınım toleransı düşülmedi — KONTROL. Levha 1-2'de kalan 44 mm, Levha 3'te 12 mm, Levha 4'te 604 mm (tekrar kullanılabilir).

Sheet KONTROL_LISTESI
A1: No | B1: KONTROL EDİLECEK
A2: 1 | B2: Açınım eni 192 / 112 mm keskin köşe kabulü — bükme radyüsü ve K faktörüne göre atölye deneme bükümü ile teyit
A3: 2 | B3: Levha 1-2'de kalan en 44 mm, Levha 3'te 12 mm: kesim payı (lazer ~0,2 / giyotin) bu boşluğa sığmalı; sığmazsa 112'lik şerit Levha 4'e kaydırılır (Levha 4'te 604 mm boş)
A4: 3 | B4: Levha boyu 3000 = profil boyu 3000: uç düzeltme/gönye payı yok. 3000 net isteniyorsa levha 3000'den uzun olmalı veya profil boyu 2990 kabul edilmeli
A5: 4 | B5: Abkant tabla boyu ve tonajı 3000 mm × 2 mm büküm için yeterli mi
A6: 5 | B6: Kapalı kutu dikişi: yer (20 mm yüz mü), yöntem (MIG/TIG/lazer), taşlama; açık U ise kaynak/taşlama satırları düşer
A7: 6 | B7: Malzeme cinsi: siyah saç / DKP / paslanmaz — yoğunluk ve fiyat değişir
A8: 7 | B8: Kaplama tipi (altın PVD / toz boya / eloksal değil — çelik) ve kaplama tedarikçisi
A9: 8 | B9: İşçilik saati ve saatlik ücret atölyeden girilecek
A10: 9 | B10: Çizim metrajı (80x20 ≥72,8 m, 40x20 ≥46,2 m) sipariş metrajından (60 m / 39 m) fazla — sipariş adedi müşteri ile teyit
