Workbook
Name AL_A: KURALLAR!$C$191:$C$199
Name AL_KOD: KURALLAR!$A$191:$A$199
Name AL_MM2: KURALLAR!$B$191:$B$199
Name BAG_ADET_M: KURALLAR!$C$130
Name BARA_DERATING: KURALLAR!$C$138
Name BARA_ESIK_A: KURALLAR!$C$137
Name BARA_FIRE: KURALLAR!$C$139
Name CU_A: KURALLAR!$C$180:$C$187
Name CU_KOD: KURALLAR!$A$180:$A$187
Name CU_MM2: KURALLAR!$B$180:$B$187
Name DK_UCRET: KURALLAR!$C$71
Name F_BK: FIYAT!$AC$2:$AC$310
Name F_G: FIYAT!$X$2:$X$310
Name F_IN: FIYAT!$AI$2:$AI$310
Name F_INKOR: FIYAT!$AJ$2:$AJ$310
Name F_KAP: FIYAT!$AA$2:$AA$310
Name F_KK: FIYAT!$AF$2:$AF$310
Name F_KLN: FIYAT!$AG$2:$AG$310
Name F_KPE: FIYAT!$AH$2:$AH$310
Name F_MODUL: FIYAT!$U$2:$U$310
Name F_PAKET: FIYAT!$V$2:$V$310
Name F_TEL: FIYAT!$AD$2:$AD$310
Name F_TELM: FIYAT!$AE$2:$AE$310
Name F_Y: FIYAT!$Y$2:$Y$310
Name FA: FIYAT!$C$2:$C$310
Name FIRMA: KURALLAR!$C$9
Name FIYAT_AD: FIYAT!$D$2:$D$310
Name FIYAT_BIRIM: FIYAT!$I$2:$I$310
Name FIYAT_DURUM: FIYAT!$Q$2:$Q$310
Name FIYAT_LISTE: FIYAT!$E$2:$E$310
Name FIYAT_MARKA: FIYAT!$J$2:$J$310
Name FIYAT_NET: FIYAT!$F$2:$F$310
Name GECERLILIK: KURALLAR!$C$10
Name ISCILIK_KAT: KURALLAR!$C$72
Name ISKONTO: KURALLAR!$C$14
Name IZOLATOR_ARALIK_M: KURALLAR!$C$142
Name KABLO_FIRE: KURALLAR!$C$126
Name KABLO_IN_ALT: KURALLAR!$A$149:$A$159
Name KABLO_KESIT: KURALLAR!$B$149:$B$159
Name KABLO_MAX_IN: KURALLAR!$C$133
Name KANAL_FIRE: KURALLAR!$C$141
Name KAPI_TOPRAK_M: KURALLAR!$C$143
Name KAR_ORANI: KURALLAR!$C$13
Name KAYNAK_KOD: KURALLAR!$A$51:$A$66
Name KAYNAK_TARIH: KURALLAR!$C$51:$C$66
Name KLEMENS_ALT: KURALLAR!$A$163:$A$168
Name KLEMENS_KES: KURALLAR!$B$163:$B$168
Name KLEMENS_MAX_KESIT: KURALLAR!$C$136
Name KLEMENS_YEDEK: KURALLAR!$C$127
Name KORPUS_IC_PAY_MM: KURALLAR!$C$140
Name KORPUS_YEDEK: KURALLAR!$C$145
Name KUMANDA_KESIT: KURALLAR!$C$131
Name KUR_AD: KURALLAR!$A$19:$A$23
Name KUR_DEG: KURALLAR!$B$19:$B$23
Name MARKA_AD: KURALLAR!$A$27:$A$47
Name MARKA_IZIN: KURALLAR!$D$27:$D$47
Name MARKA_KAT: KURALLAR!$C$27:$C$47
Name MARKA_PARA: KURALLAR!$B$27:$B$47
Name MODUL_MM: KURALLAR!$C$144
Name MONTAJ_MALZ_KAT: KURALLAR!$C$73

Sheet BOM
A1: Наименование | B1: malzeme | C1: Артикул | D1: Номенклатура | E1: Цена,тг | F1: Цена,тг | G1: СУММ. | H1: Кол- во | I1: Ед.изм | J1: завод из готовитель | K1: Источник | L1: malz | M1: PANO ADET | N1: ROL | O1: NORM | P1: DURUM | Q1: NOT
A2: =D2 -> ВРУ-1 (260917 fok atr) | D2: ВРУ-1 (260917 fok atr) | H2: 1 | I2: комплект | J2: TEKLED electric | K2: 260917 | M2: =H2 -> 1
A3: =A2 -> ВРУ-1 (260917 fok atr) | B3: korpus | C3: 719-15696 | D3: Shit 2000x800x450+100mm | E3: =IF(ISNA(MATCH($C3,FA,0)),"",IF(INDEX(FIYAT_LISTE,MATCH($C3,FA,0))="","",INDEX(FIYAT_LISTE,MATCH($C3,FA,0)))) -> 172785 | F3: =IF(ISNA(MATCH($C3,FA,0)),"",IF(INDEX(FIYAT_NET,MATCH($C3,FA,0))="","",INDEX(FIYAT_NET,MATCH($C3,FA,0)))) -> 103671 | G3: =IF(OR(F3="",H3=""),"",H3*F3) -> 103671 | H3: 1 | I3: =IF(ISNA(MATCH($C3,FA,0)),"",IF(INDEX(FIYAT_BIRIM,MATCH($C3,FA,0))="","",INDEX(FIYAT_BIRIM,MATCH($C3,FA,0)))) -> шт | J3: kaztek | K3: =K2 -> 260917 | L3: =G3 -> 103671 | M3: =M2 -> 1 | N3: KORPUS | O3: KORPUS_AYAKLI | P3: =IF(ISNA(MATCH($C3,FA,0)),"ARTİKÜL YOK",INDEX(FIYAT_DURUM,MATCH($C3,FA,0))) -> OK | Q3: ОЛ: ВРУ-2 20.80.45 IP31 TITAN (YKM2-C3-2084-31) 2000x800x450 — KAZTEK muadil, taban 100 mm
A4: =A3 -> ВРУ-1 (260917 fok atr) | B4: mccb | C4: 844326 | D4: =IF(ISNA(MATCH($C4,FA,0)),"ARTİKÜL FIYAT SAYFASINDA YOK",INDEX(FIYAT_AD,MATCH($C4,FA,0))) -> Авт. выкл. NXM-160S/3Р 125A 36кА (R) | E4: =IF(ISNA(MATCH($C4,FA,0)),"",IF(INDEX(FIYAT_LISTE,MATCH($C4,FA,0))="","",INDEX(FIYAT_LISTE,MATCH($C4,FA,0)))) -> 27656 | F4: =IF(ISNA(MATCH($C4,FA,0)),"",IF(INDEX(FIYAT_NET,MATCH($C4,FA,0))="","",INDEX(FIYAT_NET,MATCH($C4,FA,0)))) -> 16593.6 | G4: =IF(OR(F4="",H4=""),"",H4*F4) -> 33187.2 | H4: 2 | I4: =IF(ISNA(MATCH($C4,FA,0)),"",IF(INDEX(FIYAT_BIRIM,MATCH($C4,FA,0))="","",INDEX(FIYAT_BIRIM,MATCH($C4,FA,0)))) -> шт | J4: =IF(ISNA(MATCH($C4,FA,0)),"",IF(INDEX(FIYAT_MARKA,MATCH($C4,FA,0))="","",INDEX(FIYAT_MARKA,MATCH($C4,FA,0)))) -> chint | K4: =K3 -> 260917 | L4: =G4 -> 33187.2 | M4: =M3 -> 1 | N4: GIRIS | O4: mccb | P4: =IF(ISNA(MATCH($C4,FA,0)),"ARTİKÜL YOK",INDEX(FIYAT_DURUM,MATCH($C4,FA,0))) -> OK | Q4: ОЛ QF1,QF2 ВА88-32 3P 125A 35kA → NXM-160S 36kA
A5: =A4 -> ВРУ-1 (260917 fok atr) | B5: kilit | C5: 263761 | D5: =IF(ISNA(MATCH($C5,FA,0)),"ARTİKÜL FIYAT SAYFASINDA YOK",INDEX(FIYAT_AD,MATCH($C5,FA,0))) -> Механическая блокировка MI-9 для NXC-120-225 (R) | E5: =IF(ISNA(MATCH($C5,FA,0)),"",IF(INDEX(FIYAT_LISTE,MATCH($C5,FA,0))="","",INDEX(FIYAT_LISTE,MATCH($C5,FA,0)))) -> 3506 | F5: =IF(ISNA(MATCH($C5,FA,0)),"",IF(INDEX(FIYAT_NET,MATCH($C5,FA,0))="","",INDEX(FIYAT_NET,MATCH($C5,FA,0)))) -> 2103.6 | G5: =IF(OR(F5="",H5=""),"",H5*F5) -> 2103.6 | H5: 1 | I5: =IF(ISNA(MATCH($C5,FA,0)),"",IF(INDEX(FIYAT_BIRIM,MATCH($C5,FA,0))="","",INDEX(FIYAT_BIRIM,MATCH($C5,FA,0)))) -> шт | J5: =IF(ISNA(MATCH($C5,FA,0)),"",IF(INDEX(FIYAT_MARKA,MATCH($C5,FA,0))="","",INDEX(FIYAT_MARKA,MATCH($C5,FA,0)))) -> chint | K5: =K4 -> 260917 | L5: =G5 -> 2103.6 | M5: =M4 -> 1 | N5: KUMANDA | O5: kilit | P5: =IF(ISNA(MATCH($C5,FA,0)),"ARTİKÜL YOK",INDEX(FIYAT_DURUM,MATCH($C5,FA,0))) -> OK | Q5: projede yok — АВР kontaktör mekanik kilidi için eklendi
A6: =A5 -> ВРУ-1 (260917 fok atr) | B6: sayac | C6: 989-190-0114 | D6: =IF(ISNA(MATCH($C6,FA,0)),"ARTİKÜL FIYAT SAYFASINDA YOK",INDEX(FIYAT_AD,MATCH($C6,FA,0))) -> Счет.элек Меркурий 3ф 5 (7,5)A 230 ART-03 PQRSIDN многотариф/трансф | E6: =IF(ISNA(MATCH($C6,FA,0)),"",IF(INDEX(FIYAT_LISTE,MATCH($C6,FA,0))="","",INDEX(FIYAT_LISTE,MATCH($C6,FA,0)))) -> 105000 | F6: =IF(ISNA(MATCH($C6,FA,0)),"",IF(INDEX(FIYAT_NET,MATCH($C6,FA,0))="","",INDEX(FIYAT_NET,MATCH($C6,FA,0)))) -> 105000 | G6: =IF(OR(F6="",H6=""),"",H6*F6) -> 105000 | H6: 1 | I6: =IF(ISNA(MATCH($C6,FA,0)),"",IF(INDEX(FIYAT_BIRIM,MATCH($C6,FA,0))="","",INDEX(FIYAT_BIRIM,MATCH($C6,FA,0)))) -> шт | J6: kaztek | K6: =K5 -> 260917 | L6: =G6 -> 105000 | M6: =M5 -> 1 | N6: OLCU | O6: sayac | P6: =IF(ISNA(MATCH($C6,FA,0)),"ARTİKÜL YOK",INDEX(FIYAT_DURUM,MATCH($C6,FA,0))) -> OK | Q6: Меркурий 230 ART-03 трансф.
A7: =A6 -> ВРУ-1 (260917 fok atr) | B7: tt | C7: 256478 | D7: =IF(ISNA(MATCH($C7,FA,0)),"ARTİKÜL FIYAT SAYFASINDA YOK",INDEX(FIYAT_AD,MATCH($C7,FA,0))) -> Трансформатор тока BH-0.66 30 | B 150/5A класс точности 0.5-1 ® | E7: =IF(ISNA(MATCH($C7,FA,0)),"",IF(INDEX(FIYAT_LISTE,MATCH($C7,FA,0))="","",INDEX(FIYAT_LISTE,MATCH($C7,FA,0)))) -> 5682 | F7: =IF(ISNA(MATCH($C7,FA,0)),"",IF(INDEX(FIYAT_NET,MATCH($C7,FA,0))="","",INDEX(FIYAT_NET,MATCH($C7,FA,0)))) -> 3409.2 | G7: =IF(OR(F7="",H7=""),"",H7*F7) -> 10227.6 | H7: 3 | I7: =IF(ISNA(MATCH($C7,FA,0)),"",IF(INDEX(FIYAT_BIRIM,MATCH($C7,FA,0))="","",INDEX(FIYAT_BIRIM,MATCH($C7,FA,0)))) -> шт | J7: =IF(ISNA(MATCH($C7,FA,0)),"",IF(INDEX(FIYAT_MARKA,MATCH($C7,FA,0))="","",INDEX(FIYAT_MARKA,MATCH($C7,FA,0)))) -> chint | K7: =K6 -> 260917 | L7: =G7 -> 10227.6 | M7: =M6 -> 1 | N7: OLCU | O7: tt | P7: =IF(ISNA(MATCH($C7,FA,0)),"ARTİKÜL YOK",INDEX(FIYAT_DURUM,MATCH($C7,FA,0))) -> OK | Q7: ТТИ-А 125/5 → 150/5, bir üst kademe (125/5 listede yok)
A8: =A7 -> ВРУ-1 (260917 fok atr) | B8: oto | C8: 816141 | D8: =IF(ISNA(MATCH($C8,FA,0)),"ARTİKÜL FIYAT SAYFASINDA YOK",INDEX(FIYAT_AD,MATCH($C8,FA,0))) -> Авт. выкл. NXB-125 3P 100A 10кА х-ка C (R) | E8: =IF(ISNA(MATCH($C8,FA,0)),"",IF(INDEX(FIYAT_LISTE,MATCH($C8,FA,0))="","",INDEX(FIYAT_LISTE,MATCH($C8,FA,0)))) -> 11015 | F8: =IF(ISNA(MATCH($C8,FA,0)),"",IF(INDEX(FIYAT_NET,MATCH($C8,FA,0))="","",INDEX(FIYAT_NET,MATCH($C8,FA,0)))) -> 6609 | G8: =IF(OR(F8="",H8=""),"",H8*F8) -> 6609 | H8: 1 | I8: =IF(ISNA(MATCH($C8,FA,0)),"",IF(INDEX(FIYAT_BIRIM,MATCH($C8,FA,0))="","",INDEX(FIYAT_BIRIM,MATCH($C8,FA,0)))) -> шт | J8: =IF(ISNA(MATCH($C8,FA,0)),"",IF(INDEX(FIYAT_MARKA,MATCH($C8,FA,0))="","",INDEX(FIYAT_MARKA,MATCH($C8,FA,0)))) -> chint | K8: =K7 -> 260917 | L8: =G8 -> 6609 | M8: =M7 -> 1 | N8: CIKIS | O8: oto | P8: =IF(ISNA(MATCH($C8,FA,0)),"ARTİKÜL YOK",INDEX(FIYAT_DURUM,MATCH($C8,FA,0))) -> OK | Q8: şema ВА47-100 3П 100А → МС-1 ЩР-1
A9: =A8 -> ВРУ-1 (260917 fok atr) | B9: oto | C9: 296825 | D9: =IF(ISNA(MATCH($C9,FA,0)),"ARTİKÜL FIYAT SAYFASINDA YOK",INDEX(FIYAT_AD,MATCH($C9,FA,0))) -> Авт. выкл. NXB-63S 3P 6А 4.5kA х-ка C (R) | E9: =IF(ISNA(MATCH($C9,FA,0)),"",IF(INDEX(FIYAT_LISTE,MATCH($C9,FA,0))="","",INDEX(FIYAT_LISTE,MATCH($C9,FA,0)))) -> 2873 | F9: =IF(ISNA(MATCH($C9,FA,0)),"",IF(INDEX(FIYAT_NET,MATCH($C9,FA,0))="","",INDEX(FIYAT_NET,MATCH($C9,FA,0)))) -> 1723.8 | G9: =IF(OR(F9="",H9=""),"",H9*F9) -> 3447.6 | H9: 2 | I9: =IF(ISNA(MATCH($C9,FA,0)),"",IF(INDEX(FIYAT_BIRIM,MATCH($C9,FA,0))="","",INDEX(FIYAT_BIRIM,MATCH($C9,FA,0)))) -> шт | J9: =IF(ISNA(MATCH($C9,FA,0)),"",IF(INDEX(FIYAT_MARKA,MATCH($C9,FA,0))="","",INDEX(FIYAT_MARKA,MATCH($C9,FA,0)))) -> chint | K9: =K8 -> 260917 | L9: =G9 -> 3447.6 | M9: =M8 -> 1 | N9: KUMANDA | O9: oto | P9: =IF(ISNA(MATCH($C9,FA,0)),"ARTİKÜL YOK",INDEX(FIYAT_DURUM,MATCH($C9,FA,0))) -> OK | Q9: projede yok — giriş başına faz sinyal lambası grubu koruması için eklendi
A10: =A9 -> ВРУ-1 (260917 fok atr) | B10: oto | C10: 296708 | D10: =IF(ISNA(MATCH($C10,FA,0)),"ARTİKÜL FIYAT SAYFASINDA YOK",INDEX(FIYAT_AD,MATCH($C10,FA,0))) -> Авт. выкл. NXB-63S 1P 6А 4.5kA х-ка C (R) | E10: =IF(ISNA(MATCH($C10,FA,0)),"",IF(INDEX(FIYAT_LISTE,MATCH($C10,FA,0))="","",INDEX(FIYAT_LISTE,MATCH($C10,FA,0)))) -> 975 | F10: =IF(ISNA(MATCH($C10,FA,0)),"",IF(INDEX(FIYAT_NET,MATCH($C10,FA,0))="","",INDEX(FIYAT_NET,MATCH($C10,FA,0)))) -> 585 | G10: =IF(OR(F10="",H10=""),"",H10*F10) -> 1170 | H10: 2 | I10: =IF(ISNA(MATCH($C10,FA,0)),"",IF(INDEX(FIYAT_BIRIM,MATCH($C10,FA,0))="","",INDEX(FIYAT_BIRIM,MATCH($C10,FA,0)))) -> шт | J10: =IF(ISNA(MATCH($C10,FA,0)),"",IF(INDEX(FIYAT_MARKA,MATCH($C10,FA,0))="","",INDEX(FIYAT_MARKA,MATCH($C10,FA,0)))) -> chint | K10: =K9 -> 260917 | L10: =G10 -> 1170 | M10: =M9 -> 1 | N10: KUMANDA | O10: oto | P10: =IF(ISNA(MATCH($C10,FA,0)),"ARTİKÜL YOK",INDEX(FIYAT_DURUM,MATCH($C10,FA,0))) -> OK | Q10: ОЛ QF3,QF4 ВА47-29 1P 6A (HL1,HL2) ×2 + projede yok — АВР kaynak başına kumanda koruması için ×2 eklendi
A11: =A10 -> ВРУ-1 (260917 fok atr) | B11: contactor | C11: 836515 | D11: =IF(ISNA(MATCH($C11,FA,0)),"ARTİKÜL FIYAT SAYFASINDA YOK",INDEX(FIYAT_AD,MATCH($C11,FA,0))) -> Контактор NXC-160 160A 220В/АС3 2НО+2НЗ 50Гц (R) | E11: =IF(ISNA(MATCH($C11,FA,0)),"",IF(INDEX(FIYAT_LISTE,MATCH($C11,FA,0))="","",INDEX(FIYAT_LISTE,MATCH($C11,FA,0)))) -> 100471 | F11: =IF(ISNA(MATCH($C11,FA,0)),"",IF(INDEX(FIYAT_NET,MATCH($C11,FA,0))="","",INDEX(FIYAT_NET,MATCH($C11,FA,0)))) -> 60282.6 | G11: =IF(OR(F11="",H11=""),"",H11*F11) -> 120565.2 | H11: 2 | I11: =IF(ISNA(MATCH($C11,FA,0)),"",IF(INDEX(FIYAT_BIRIM,MATCH($C11,FA,0))="","",INDEX(FIYAT_BIRIM,MATCH($C11,FA,0)))) -> шт | J11: =IF(ISNA(MATCH($C11,FA,0)),"",IF(INDEX(FIYAT_MARKA,MATCH($C11,FA,0))="","",INDEX(FIYAT_MARKA,MATCH($C11,FA,0)))) -> chint | K11: =K10 -> 260917 | L11: =G11 -> 120565.2 | M11: =M10 -> 1 | N11: GIRIS | O11: contactor | P11: =IF(ISNA(MATCH($C11,FA,0)),"ARTİKÜL YOK",INDEX(FIYAT_DURUM,MATCH($C11,FA,0))) -> OK | Q11: ОЛ KM1.1,KM1.2 КМИ-49512 — АВР kuralı: koruma 125 A bir üst kademe
A12: =A11 -> ВРУ-1 (260917 fok atr) | B12: kontak | C12: 938256 | D12: =IF(ISNA(MATCH($C12,FA,0)),"ARTİKÜL FIYAT SAYFASINDA YOK",INDEX(FIYAT_AD,MATCH($C12,FA,0))) -> Приставка доп.контакты AX-3X/11 к контактору NXC-06~630 (R) | E12: =IF(ISNA(MATCH($C12,FA,0)),"",IF(INDEX(FIYAT_LISTE,MATCH($C12,FA,0))="","",INDEX(FIYAT_LISTE,MATCH($C12,FA,0)))) -> 1306 | F12: =IF(ISNA(MATCH($C12,FA,0)),"",IF(INDEX(FIYAT_NET,MATCH($C12,FA,0))="","",INDEX(FIYAT_NET,MATCH($C12,FA,0)))) -> 783.6 | G12: =IF(OR(F12="",H12=""),"",H12*F12) -> 1567.2 | H12: 2 | I12: =IF(ISNA(MATCH($C12,FA,0)),"",IF(INDEX(FIYAT_BIRIM,MATCH($C12,FA,0))="","",INDEX(FIYAT_BIRIM,MATCH($C12,FA,0)))) -> шт | J12: =IF(ISNA(MATCH($C12,FA,0)),"",IF(INDEX(FIYAT_MARKA,MATCH($C12,FA,0))="","",INDEX(FIYAT_MARKA,MATCH($C12,FA,0)))) -> chint | K12: =K11 -> 260917 | L12: =G12 -> 1567.2 | M12: =M11 -> 1 | N12: KUMANDA | O12: kontak | P12: =IF(ISNA(MATCH($C12,FA,0)),"ARTİKÜL YOK",INDEX(FIYAT_DURUM,MATCH($C12,FA,0))) -> OK | Q12: projede yok — АВР kontaktör yardımcı kontağı için eklendi
A13: =A12 -> ВРУ-1 (260917 fok atr) | B13: aksesuar | C13: 200100060 | D13: =IF(ISNA(MATCH($C13,FA,0)),"ARTİKÜL FIYAT SAYFASINDA YOK",INDEX(FIYAT_AD,MATCH($C13,FA,0))) -> Испытательная клеммная коробка(колодка) для счетчиков электроэнергии | E13: =IF(ISNA(MATCH($C13,FA,0)),"",IF(INDEX(FIYAT_LISTE,MATCH($C13,FA,0))="","",INDEX(FIYAT_LISTE,MATCH($C13,FA,0)))) -> 5999 | F13: =IF(ISNA(MATCH($C13,FA,0)),"",IF(INDEX(FIYAT_NET,MATCH($C13,FA,0))="","",INDEX(FIYAT_NET,MATCH($C13,FA,0)))) -> 5999 | G13: =IF(OR(F13="",H13=""),"",H13*F13) -> 5999 | H13: 1 | I13: =IF(ISNA(MATCH($C13,FA,0)),"",IF(INDEX(FIYAT_BIRIM,MATCH($C13,FA,0))="","",INDEX(FIYAT_BIRIM,MATCH($C13,FA,0)))) -> шт | J13: =IF(ISNA(MATCH($C13,FA,0)),"",IF(INDEX(FIYAT_MARKA,MATCH($C13,FA,0))="","",INDEX(FIYAT_MARKA,MATCH($C13,FA,0)))) -> ekt | K13: =K12 -> 260917 | L13: =G13 -> 5999 | M13: =M12 -> 1 | N13: OLCU | O13: aksesuar | P13: =IF(ISNA(MATCH($C13,FA,0)),"ARTİKÜL YOK",INDEX(FIYAT_DURUM,MATCH($C13,FA,0))) -> ESKİ | Q13: projede yok — trafo bağlantılı sayaç için test klemens kutusu eklendi
A14: =A13 -> ВРУ-1 (260917 fok atr) | B14: avr_rele | C14: 311100864 | D14: Устройство управления резервным питанием F&F AVR-02-G NEW | E14: 59554 | F14: =E14 -> 59554 | G14: =IF(OR(F14="",H14=""),"",H14*F14) -> 59554 | H14: 1 | I14: =IF(ISNA(MATCH($C14,FA,0)),"",IF(INDEX(FIYAT_BIRIM,MATCH($C14,FA,0))="","",INDEX(FIYAT_BIRIM,MATCH($C14,FA,0)))) | J14: pys | K14: =K13 -> 260917 | L14: =G14 -> 59554 | M14: =M13 -> 1 | N14: KUMANDA | O14: avr_rele | P14: =IF(ISNA(MATCH($C14,FA,0)),"ARTİKÜL YOK",INDEX(FIYAT_DURUM,MATCH($C14,FA,0))) -> ARTİKÜL YOK | Q14: ОЛ Реле фаз ORF ×2 yerine АВР kuralı: F&F АВР rölesi
A15: =A14 -> ВРУ-1 (260917 fok atr) | B15: lamb | C15: 593076 | D15: =IF(ISNA(MATCH($C15,FA,0)),"ARTİKÜL FIYAT SAYFASINDA YOK",INDEX(FIYAT_AD,MATCH($C15,FA,0))) -> Индикатор ND16-22D/2 желтый AC/DC230В (R) | E15: =IF(ISNA(MATCH($C15,FA,0)),"",IF(INDEX(FIYAT_LISTE,MATCH($C15,FA,0))="","",INDEX(FIYAT_LISTE,MATCH($C15,FA,0)))) -> 571 | F15: =IF(ISNA(MATCH($C15,FA,0)),"",IF(INDEX(FIYAT_NET,MATCH($C15,FA,0))="","",INDEX(FIYAT_NET,MATCH($C15,FA,0)))) -> 342.6 | G15: =IF(OR(F15="",H15=""),"",H15*F15) -> 685.2 | H15: 2 | I15: =IF(ISNA(MATCH($C15,FA,0)),"",IF(INDEX(FIYAT_BIRIM,MATCH($C15,FA,0))="","",INDEX(FIYAT_BIRIM,MATCH($C15,FA,0)))) -> шт | J15: =IF(ISNA(MATCH($C15,FA,0)),"",IF(INDEX(FIYAT_MARKA,MATCH($C15,FA,0))="","",INDEX(FIYAT_MARKA,MATCH($C15,FA,0)))) -> chint | K15: =K14 -> 260917 | L15: =G15 -> 685.2 | M15: =M14 -> 1 | N15: KUMANDA | O15: lamb | P15: =IF(ISNA(MATCH($C15,FA,0)),"ARTİKÜL YOK",INDEX(FIYAT_DURUM,MATCH($C15,FA,0))) -> OK | Q15: projede yok — giriş başına L1 faz sinyal lambası için eklendi
A16: =A15 -> ВРУ-1 (260917 fok atr) | B16: lamb | C16: 593077 | D16: =IF(ISNA(MATCH($C16,FA,0)),"ARTİKÜL FIYAT SAYFASINDA YOK",INDEX(FIYAT_AD,MATCH($C16,FA,0))) -> Индикатор ND16-22D/2 зеленый AC/DC230В (R) | E16: =IF(ISNA(MATCH($C16,FA,0)),"",IF(INDEX(FIYAT_LISTE,MATCH($C16,FA,0))="","",INDEX(FIYAT_LISTE,MATCH($C16,FA,0)))) -> 589 | F16: =IF(ISNA(MATCH($C16,FA,0)),"",IF(INDEX(FIYAT_NET,MATCH($C16,FA,0))="","",INDEX(FIYAT_NET,MATCH($C16,FA,0)))) -> 353.4 | G16: =IF(OR(F16="",H16=""),"",H16*F16) -> 706.8 | H16: 2 | I16: =IF(ISNA(MATCH($C16,FA,0)),"",IF(INDEX(FIYAT_BIRIM,MATCH($C16,FA,0))="","",INDEX(FIYAT_BIRIM,MATCH($C16,FA,0)))) -> шт | J16: =IF(ISNA(MATCH($C16,FA,0)),"",IF(INDEX(FIYAT_MARKA,MATCH($C16,FA,0))="","",INDEX(FIYAT_MARKA,MATCH($C16,FA,0)))) -> chint | K16: =K15 -> 260917 | L16: =G16 -> 706.8 | M16: =M15 -> 1 | N16: KUMANDA | O16: lamb | P16: =IF(ISNA(MATCH($C16,FA,0)),"ARTİKÜL YOK",INDEX(FIYAT_DURUM,MATCH($C16,FA,0))) -> OK | Q16: projede yok — giriş başına L2 faz sinyal lambası için eklendi
A17: =A16 -> ВРУ-1 (260917 fok atr) | B17: lamb | C17: 593075 | D17: =IF(ISNA(MATCH($C17,FA,0)),"ARTİKÜL FIYAT SAYFASINDA YOK",INDEX(FIYAT_AD,MATCH($C17,FA,0))) -> Индикатор ND16-22D/2 красный AC/DC230В (R) | E17: =IF(ISNA(MATCH($C17,FA,0)),"",IF(INDEX(FIYAT_LISTE,MATCH($C17,FA,0))="","",INDEX(FIYAT_LISTE,MATCH($C17,FA,0)))) -> 571 | F17: =IF(ISNA(MATCH($C17,FA,0)),"",IF(INDEX(FIYAT_NET,MATCH($C17,FA,0))="","",INDEX(FIYAT_NET,MATCH($C17,FA,0)))) -> 342.6 | G17: =IF(OR(F17="",H17=""),"",H17*F17) -> 685.2 | H17: 2 | I17: =IF(ISNA(MATCH($C17,FA,0)),"",IF(INDEX(FIYAT_BIRIM,MATCH($C17,FA,0))="","",INDEX(FIYAT_BIRIM,MATCH($C17,FA,0)))) -> шт | J17: =IF(ISNA(MATCH($C17,FA,0)),"",IF(INDEX(FIYAT_MARKA,MATCH($C17,FA,0))="","",INDEX(FIYAT_MARKA,MATCH($C17,FA,0)))) -> chint | K17: =K16 -> 260917 | L17: =G17 -> 685.2 | M17: =M16 -> 1 | N17: KUMANDA | O17: lamb | P17: =IF(ISNA(MATCH($C17,FA,0)),"ARTİKÜL YOK",INDEX(FIYAT_DURUM,MATCH($C17,FA,0))) -> OK | Q17: projede yok — giriş başına L3 faz sinyal lambası için eklendi
A18: =A17 -> ВРУ-1 (260917 fok atr) | B18: lamb | C18: PYS-001 | D18: =IF(ISNA(MATCH($C18,FA,0)),"ARTİKÜL FIYAT SAYFASINDA YOK",INDEX(FIYAT_AD,MATCH($C18,FA,0))) -> Светильник ЛПО 2001 8Вт IEK | E18: 1000 | F18: =E18 -> 1000 | G18: =IF(OR(F18="",H18=""),"",H18*F18) -> 1000 | H18: 1 | I18: =IF(ISNA(MATCH($C18,FA,0)),"",IF(INDEX(FIYAT_BIRIM,MATCH($C18,FA,0))="","",INDEX(FIYAT_BIRIM,MATCH($C18,FA,0)))) -> шт | J18: =IF(ISNA(MATCH($C18,FA,0)),"",IF(INDEX(FIYAT_MARKA,MATCH($C18,FA,0))="","",INDEX(FIYAT_MARKA,MATCH($C18,FA,0)))) -> pys | K18: =K17 -> 260917 | L18: =G18 -> 1000 | M18: =M17 -> 1 | N18: KUMANDA | O18: lamb | P18: =IF(ISNA(MATCH($C18,FA,0)),"ARTİKÜL YOK",INDEX(FIYAT_DURUM,MATCH($C18,FA,0))) -> FİYAT YOK | Q18: ОЛ HL1,HL2 ЛПО 2001 8Вт — listede yok
A19: =A18 -> ВРУ-1 (260917 fok atr) | B19: nbara | C19: =IF((SUMIFS($H$3:$H$18,$N$3:$N$18,"CIKIS")+SUMIFS($H$3:$H$18,$N$3:$N$18,"KUMANDA")+1)>MAX(SNI_DELIK),INDEX(SNI_KOD,ROWS(SNI_KOD)),INDEX(SNI_KOD,COUNTIF(SNI_DELIK,"<"&(SUMIFS($H$3:$H$18,$N$3:$N$18,"CIKIS")+SUMIFS($H$3:$H$18,$N$3:$N$18,"KUMANDA")+1))+1)) -> 130200363 | D19: =IF(ISNA(MATCH($C19,FA,0)),"ARTİKÜL FIYAT SAYFASINDA YOK",INDEX(FIYAT_AD,MATCH($C19,FA,0))) -> Шина "N" нулевая 8х12мм комб с изол "Стойка" ШНИ 14-КС-С UNIT (20/200) | E19: =IF(ISNA(MATCH($C19,FA,0)),"",IF(INDEX(FIYAT_LISTE,MATCH($C19,FA,0))="","",INDEX(FIYAT_LISTE,MATCH($C19,FA,0)))) -> 1049 | F19: =IF(ISNA(MATCH($C19,FA,0)),"",IF(INDEX(FIYAT_NET,MATCH($C19,FA,0))="","",INDEX(FIYAT_NET,MATCH($C19,FA,0)))) -> 1049 | G19: =IF(OR(F19="",H19=""),"",H19*F19) -> 2098 | H19: =IF((SUMIFS($H$3:$H$18,$N$3:$N$18,"CIKIS")+SUMIFS($H$3:$H$18,$N$3:$N$18,"KUMANDA")+1)>MAX(SNI_DELIK),ROUNDUP((SUMIFS($H$3:$H$18,$N$3:$N$18,"CIKIS")+SUMIFS($H$3:$H$18,$N$3:$N$18,"KUMANDA")+1)/MAX(SNI_DELIK),0),1) -> 2 | I19: =IF(ISNA(MATCH($C19,FA,0)),"",IF(INDEX(FIYAT_BIRIM,MATCH($C19,FA,0))="","",INDEX(FIYAT_BIRIM,MATCH($C19,FA,0)))) -> шт | J19: =IF(ISNA(MATCH($C19,FA,0)),"",IF(INDEX(FIYAT_MARKA,MATCH($C19,FA,0))="","",INDEX(FIYAT_MARKA,MATCH($C19,FA,0)))) -> ekt | K19: =K18 -> 260917 | L19: =G19 -> 2098 | M19: =M18 -> 1 | N19: SARF | O19: nbara | P19: =IF(ISNA(MATCH($C19,FA,0)),"ARTİKÜL YOK",INDEX(FIYAT_DURUM,MATCH($C19,FA,0))) -> ESKİ | Q19: N barası (otomatik)
A20: =A19 -> ВРУ-1 (260917 fok atr) | B20: nbara | C20: =IF((SUMIFS($H$3:$H$18,$N$3:$N$18,"CIKIS")+2+N(KURALLAR!$J$203))>MAX(SNI_DELIK),INDEX(SNI_KOD,ROWS(SNI_KOD)),INDEX(SNI_KOD,COUNTIF(SNI_DELIK,"<"&(SUMIFS($H$3:$H$18,$N$3:$N$18,"CIKIS")+2+N(KURALLAR!$J$203)))+1)) -> 130200364 | D20: =IF(ISNA(MATCH($C20,FA,0)),"ARTİKÜL FIYAT SAYFASINDA YOK",INDEX(FIYAT_AD,MATCH($C20,FA,0))) -> Шина "N" нулевая 8х12мм комб с изол "Стойка" ШНИ 6-КС-С UNIT (20/300) | E20: =IF(ISNA(MATCH($C20,FA,0)),"",IF(INDEX(FIYAT_LISTE,MATCH($C20,FA,0))="","",INDEX(FIYAT_LISTE,MATCH($C20,FA,0)))) -> 560 | F20: =IF(ISNA(MATCH($C20,FA,0)),"",IF(INDEX(FIYAT_NET,MATCH($C20,FA,0))="","",INDEX(FIYAT_NET,MATCH($C20,FA,0)))) -> 560 | G20: =IF(OR(F20="",H20=""),"",H20*F20) -> 560 | H20: =IF((SUMIFS($H$3:$H$18,$N$3:$N$18,"CIKIS")+2+N(KURALLAR!$J$203))>MAX(SNI_DELIK),ROUNDUP((SUMIFS($H$3:$H$18,$N$3:$N$18,"CIKIS")+2+N(KURALLAR!$J$203))/MAX(SNI_DELIK),0),1) -> 1 | I20: =IF(ISNA(MATCH($C20,FA,0)),"",IF(INDEX(FIYAT_BIRIM,MATCH($C20,FA,0))="","",INDEX(FIYAT_BIRIM,MATCH($C20,FA,0)))) -> шт | J20: =IF(ISNA(MATCH($C20,FA,0)),"",IF(INDEX(FIYAT_MARKA,MATCH($C20,FA,0))="","",INDEX(FIYAT_MARKA,MATCH($C20,FA,0)))) -> ekt | K20: =K19 -> 260917 | L20: =G20 -> 560 | M20: =M19 -> 1 | N20: SARF | O20: nbara | P20: =IF(ISNA(MATCH($C20,FA,0)),"ARTİKÜL YOK",INDEX(FIYAT_DURUM,MATCH($C20,FA,0))) -> ESKİ | Q20: PE barası (otomatik)
A21: =A20 -> ВРУ-1 (260917 fok atr) | B21: kanal | C21: 280100020 | D21: =IF(ISNA(MATCH($C21,FA,0)),"ARTİKÜL FIYAT SAYFASINDA YOK",INDEX(FIYAT_AD,MATCH($C21,FA,0))) -> Кабель.канал перф. 40х40 ИМПАКТ IEK (36) | E21: =IF(ISNA(MATCH($C21,FA,0)),"",IF(INDEX(FIYAT_LISTE,MATCH($C21,FA,0))="","",INDEX(FIYAT_LISTE,MATCH($C21,FA,0)))) -> 1486 | F21: =IF(ISNA(MATCH($C21,FA,0)),"",IF(INDEX(FIYAT_NET,MATCH($C21,FA,0))="","",INDEX(FIYAT_NET,MATCH($C21,FA,0)))) -> 1486 | G21: =IF(OR(F21="",H21=""),"",H21*F21) -> 13076.8 | H21: =ROUND(((N(KURALLAR!$E$203)+1)*KURALLAR!$M$203/1000+2*KURALLAR!$N$203/1000)*KANAL_FIRE,1) -> 8.8 | I21: =IF(ISNA(MATCH($C21,FA,0)),"",IF(INDEX(FIYAT_BIRIM,MATCH($C21,FA,0))="","",INDEX(FIYAT_BIRIM,MATCH($C21,FA,0)))) -> м | J21: =IF(ISNA(MATCH($C21,FA,0)),"",IF(INDEX(FIYAT_MARKA,MATCH($C21,FA,0))="","",INDEX(FIYAT_MARKA,MATCH($C21,FA,0)))) -> ekt | K21: =K20 -> 260917 | L21: =G21 -> 13076.8 | M21: =M20 -> 1 | N21: SARF | O21: kanal | P21: =IF(ISNA(MATCH($C21,FA,0)),"ARTİKÜL YOK",INDEX(FIYAT_DURUM,MATCH($C21,FA,0))) -> ESKİ | Q21: plastik perforeli kanal
A22: =A21 -> ВРУ-1 (260917 fok atr) | B22: kablo | C22: 151.01.PV3.01,5 | D22: =IF(ISNA(MATCH($C22,FA,0)),"ARTİKÜL FIYAT SAYFASINDA YOK",INDEX(FIYAT_AD,MATCH($C22,FA,0))) -> HARMONY ПВ3 1*1,5 | E22: =IF(ISNA(MATCH($C22,FA,0)),"",IF(INDEX(FIYAT_LISTE,MATCH($C22,FA,0))="","",INDEX(FIYAT_LISTE,MATCH($C22,FA,0)))) -> 105 | F22: =IF(ISNA(MATCH($C22,FA,0)),"",IF(INDEX(FIYAT_NET,MATCH($C22,FA,0))="","",INDEX(FIYAT_NET,MATCH($C22,FA,0)))) -> 105 | G22: =IF(OR(F22="",H22=""),"",H22*F22) -> 1890 | H22: =ROUND(SUMPRODUCT(SUMIFS($H$3:$H$18,$C$3:$C$18,FA,$N$3:$N$18,"<>YEDEK")*(F_BK=1.5)*F_TELM)*KABLO_FIRE,1) -> 18 | I22: =IF(ISNA(MATCH($C22,FA,0)),"",IF(INDEX(FIYAT_BIRIM,MATCH($C22,FA,0))="","",INDEX(FIYAT_BIRIM,MATCH($C22,FA,0)))) -> м | J22: =IF(ISNA(MATCH($C22,FA,0)),"",IF(INDEX(FIYAT_MARKA,MATCH($C22,FA,0))="","",INDEX(FIYAT_MARKA,MATCH($C22,FA,0)))) -> harmony | K22: =K21 -> 260917 | L22: =G22 -> 1890 | M22: =M21 -> 1 | N22: SARF | O22: kablo | P22: =IF(ISNA(MATCH($C22,FA,0)),"ARTİKÜL YOK",INDEX(FIYAT_DURUM,MATCH($C22,FA,0))) -> TARİH YOK | Q22: ПВ3 1.5 mm² pano içi
A23: =A22 -> ВРУ-1 (260917 fok atr) | B23: kablo | C23: 151.01.PV3.02,5 | D23: =IF(ISNA(MATCH($C23,FA,0)),"ARTİKÜL FIYAT SAYFASINDA YOK",INDEX(FIYAT_AD,MATCH($C23,FA,0))) -> HARMONY ПВ3 1*2,5 | E23: =IF(ISNA(MATCH($C23,FA,0)),"",IF(INDEX(FIYAT_LISTE,MATCH($C23,FA,0))="","",INDEX(FIYAT_LISTE,MATCH($C23,FA,0)))) -> 174 | F23: =IF(ISNA(MATCH($C23,FA,0)),"",IF(INDEX(FIYAT_NET,MATCH($C23,FA,0))="","",INDEX(FIYAT_NET,MATCH($C23,FA,0)))) -> 174 | G23: =IF(OR(F23="",H23=""),"",H23*F23) -> 2296.8 | H23: =ROUND(SUMPRODUCT(SUMIFS($H$3:$H$18,$C$3:$C$18,FA,$N$3:$N$18,"<>YEDEK")*(F_BK=2.5)*F_TELM)*KABLO_FIRE,1) -> 13.2 | I23: =IF(ISNA(MATCH($C23,FA,0)),"",IF(INDEX(FIYAT_BIRIM,MATCH($C23,FA,0))="","",INDEX(FIYAT_BIRIM,MATCH($C23,FA,0)))) -> м | J23: =IF(ISNA(MATCH($C23,FA,0)),"",IF(INDEX(FIYAT_MARKA,MATCH($C23,FA,0))="","",INDEX(FIYAT_MARKA,MATCH($C23,FA,0)))) -> harmony | K23: =K22 -> 260917 | L23: =G23 -> 2296.8 | M23: =M22 -> 1 | N23: SARF | O23: kablo | P23: =IF(ISNA(MATCH($C23,FA,0)),"ARTİKÜL YOK",INDEX(FIYAT_DURUM,MATCH($C23,FA,0))) -> TARİH YOK | Q23: ПВ3 2.5 mm² pano içi
A24: =A23 -> ВРУ-1 (260917 fok atr) | B24: kablo | C24: 151.01.PV3.25 | D24: =IF(ISNA(MATCH($C24,FA,0)),"ARTİKÜL FIYAT SAYFASINDA YOK",INDEX(FIYAT_AD,MATCH($C24,FA,0))) -> HARMONY ПВ3 1*25 | E24: =IF(ISNA(MATCH($C24,FA,0)),"",IF(INDEX(FIYAT_LISTE,MATCH($C24,FA,0))="","",INDEX(FIYAT_LISTE,MATCH($C24,FA,0)))) -> 1688 | F24: =IF(ISNA(MATCH($C24,FA,0)),"",IF(INDEX(FIYAT_NET,MATCH($C24,FA,0))="","",INDEX(FIYAT_NET,MATCH($C24,FA,0)))) -> 1688 | G24: =IF(OR(F24="",H24=""),"",H24*F24) -> 1350.4 | H24: =ROUND(SUMPRODUCT(SUMIFS($H$3:$H$18,$C$3:$C$18,FA,$N$3:$N$18,"<>YEDEK")*(F_BK=25)*F_TELM)*KABLO_FIRE,1) -> 0.8 | I24: =IF(ISNA(MATCH($C24,FA,0)),"",IF(INDEX(FIYAT_BIRIM,MATCH($C24,FA,0))="","",INDEX(FIYAT_BIRIM,MATCH($C24,FA,0)))) -> м | J24: =IF(ISNA(MATCH($C24,FA,0)),"",IF(INDEX(FIYAT_MARKA,MATCH($C24,FA,0))="","",INDEX(FIYAT_MARKA,MATCH($C24,FA,0)))) -> harmony | K24: =K23 -> 260917 | L24: =G24 -> 1350.4 | M24: =M23 -> 1 | N24: SARF | O24: kablo | P24: =IF(ISNA(MATCH($C24,FA,0)),"ARTİKÜL YOK",INDEX(FIYAT_DURUM,MATCH($C24,FA,0))) -> TARİH YOK | Q24: ПВ3 25 mm² pano içi
A25: =A24 -> ВРУ-1 (260917 fok atr) | B25: kablo | C25: 151.01.PV3.35 | D25: =IF(ISNA(MATCH($C25,FA,0)),"ARTİKÜL FIYAT SAYFASINDA YOK",INDEX(FIYAT_AD,MATCH($C25,FA,0))) -> HARMONY ПВ3 1*35 | E25: =IF(ISNA(MATCH($C25,FA,0)),"",IF(INDEX(FIYAT_LISTE,MATCH($C25,FA,0))="","",INDEX(FIYAT_LISTE,MATCH($C25,FA,0)))) -> 2399 | F25: =IF(ISNA(MATCH($C25,FA,0)),"",IF(INDEX(FIYAT_NET,MATCH($C25,FA,0))="","",INDEX(FIYAT_NET,MATCH($C25,FA,0)))) -> 2399 | G25: =IF(OR(F25="",H25=""),"",H25*F25) -> 7916.7 | H25: =ROUND(SUMPRODUCT(SUMIFS($H$3:$H$18,$C$3:$C$18,FA,$N$3:$N$18,"<>YEDEK")*(F_BK=35)*F_TELM)*KABLO_FIRE,1) -> 3.3 | I25: =IF(ISNA(MATCH($C25,FA,0)),"",IF(INDEX(FIYAT_BIRIM,MATCH($C25,FA,0))="","",INDEX(FIYAT_BIRIM,MATCH($C25,FA,0)))) -> м | J25: =IF(ISNA(MATCH($C25,FA,0)),"",IF(INDEX(FIYAT_MARKA,MATCH($C25,FA,0))="","",INDEX(FIYAT_MARKA,MATCH($C25,FA,0)))) -> harmony | K25: =K24 -> 260917 | L25: =G25 -> 7916.7 | M25: =M24 -> 1 | N25: SARF | O25: kablo | P25: =IF(ISNA(MATCH($C25,FA,0)),"ARTİKÜL YOK",INDEX(FIYAT_DURUM,MATCH($C25,FA,0))) -> TARİH YOK | Q25: ПВ3 35 mm² pano içi
A26: =A25 -> ВРУ-1 (260917 fok atr) | B26: kablo | C26: 151.01.PV3.50 | D26: =IF(ISNA(MATCH($C26,FA,0)),"ARTİKÜL FIYAT SAYFASINDA YOK",INDEX(FIYAT_AD,MATCH($C26,FA,0))) -> HARMONY ПВ3 1*50 | E26: =IF(ISNA(MATCH($C26,FA,0)),"",IF(INDEX(FIYAT_LISTE,MATCH($C26,FA,0))="","",INDEX(FIYAT_LISTE,MATCH($C26,FA,0)))) -> 3455 | F26: =IF(ISNA(MATCH($C26,FA,0)),"",IF(INDEX(FIYAT_NET,MATCH($C26,FA,0))="","",INDEX(FIYAT_NET,MATCH($C26,FA,0)))) -> 3455 | G26: =IF(OR(F26="",H26=""),"",H26*F26) -> 13820 | H26: =ROUND(SUMPRODUCT(SUMIFS($H$3:$H$18,$C$3:$C$18,FA,$N$3:$N$18,"<>YEDEK")*(F_BK=50)*F_TELM)*KABLO_FIRE,1) -> 4 | I26: =IF(ISNA(MATCH($C26,FA,0)),"",IF(INDEX(FIYAT_BIRIM,MATCH($C26,FA,0))="","",INDEX(FIYAT_BIRIM,MATCH($C26,FA,0)))) -> м | J26: =IF(ISNA(MATCH($C26,FA,0)),"",IF(INDEX(FIYAT_MARKA,MATCH($C26,FA,0))="","",INDEX(FIYAT_MARKA,MATCH($C26,FA,0)))) -> harmony | K26: =K25 -> 260917 | L26: =G26 -> 13820 | M26: =M25 -> 1 | N26: SARF | O26: kablo | P26: =IF(ISNA(MATCH($C26,FA,0)),"ARTİKÜL YOK",INDEX(FIYAT_DURUM,MATCH($C26,FA,0))) -> TARİH YOK | Q26: ПВ3 50 mm² pano içi
A27: =A26 -> ВРУ-1 (260917 fok atr) | B27: kablo | C27: 151.01.PV3.06 | D27: =IF(ISNA(MATCH($C27,FA,0)),"ARTİKÜL FIYAT SAYFASINDA YOK",INDEX(FIYAT_AD,MATCH($C27,FA,0))) -> HARMONY ПВ3 1*6 | E27: =IF(ISNA(MATCH($C27,FA,0)),"",IF(INDEX(FIYAT_LISTE,MATCH($C27,FA,0))="","",INDEX(FIYAT_LISTE,MATCH($C27,FA,0)))) -> 398 | F27: =IF(ISNA(MATCH($C27,FA,0)),"",IF(INDEX(FIYAT_NET,MATCH($C27,FA,0))="","",INDEX(FIYAT_NET,MATCH($C27,FA,0)))) -> 398 | G27: =IF(OR(F27="",H27=""),"",H27*F27) -> 398 | H27: =N(KURALLAR!$J$203)*KAPI_TOPRAK_M -> 1 | I27: =IF(ISNA(MATCH($C27,FA,0)),"",IF(INDEX(FIYAT_BIRIM,MATCH($C27,FA,0))="","",INDEX(FIYAT_BIRIM,MATCH($C27,FA,0)))) -> м | J27: =IF(ISNA(MATCH($C27,FA,0)),"",IF(INDEX(FIYAT_MARKA,MATCH($C27,FA,0))="","",INDEX(FIYAT_MARKA,MATCH($C27,FA,0)))) -> harmony | K27: =K26 -> 260917 | L27: =G27 -> 398 | M27: =M26 -> 1 | N27: SARF | O27: kablo | P27: =IF(ISNA(MATCH($C27,FA,0)),"ARTİKÜL YOK",INDEX(FIYAT_DURUM,MATCH($C27,FA,0))) -> TARİH YOK | Q27: kapak topraklama iletkeni 6 mm²
A28: =A27 -> ВРУ-1 (260917 fok atr) | B28: yuksuk | C28: 311100817 | D28: =IF(ISNA(MATCH($C28,FA,0)),"ARTİKÜL FIYAT SAYFASINDA YOK",INDEX(FIYAT_AD,MATCH($C28,FA,0))) -> Наконечник НШВИ 1,5-8 изолированный 79440 (100шт) КВТ NEW | E28: =IF(ISNA(MATCH($C28,FA,0)),"",IF(INDEX(FIYAT_LISTE,MATCH($C28,FA,0))="","",INDEX(FIYAT_LISTE,MATCH($C28,FA,0)))) -> 428 | F28: =IF(ISNA(MATCH($C28,FA,0)),"",IF(INDEX(FIYAT_NET,MATCH($C28,FA,0))="","",INDEX(FIYAT_NET,MATCH($C28,FA,0)))) -> 428 | G28: =IF(OR(F28="",H28=""),"",H28*F28) -> 428 | H28: =ROUNDUP(SUMPRODUCT(SUMIFS($H$3:$H$18,$C$3:$C$18,FA,$N$3:$N$18,"<>YEDEK")*(F_BK=1.5)*F_TEL)*2*YUKSUK_FIRE/MAX(1,IF(ISNA(MATCH($C28,FA,0)),1,N(INDEX(F_PAKET,MATCH($C28,FA,0))))),0) -> 1 | I28: =IF(ISNA(MATCH($C28,FA,0)),"",IF(INDEX(FIYAT_BIRIM,MATCH($C28,FA,0))="","",INDEX(FIYAT_BIRIM,MATCH($C28,FA,0)))) -> упак | J28: =IF(ISNA(MATCH($C28,FA,0)),"",IF(INDEX(FIYAT_MARKA,MATCH($C28,FA,0))="","",INDEX(FIYAT_MARKA,MATCH($C28,FA,0)))) -> ekt | K28: =K27 -> 260917 | L28: =G28 -> 428 | M28: =M27 -> 1 | N28: SARF | O28: yuksuk | P28: =IF(ISNA(MATCH($C28,FA,0)),"ARTİKÜL YOK",INDEX(FIYAT_DURUM,MATCH($C28,FA,0))) -> ESKİ | Q28: yüksük 1.5 mm² · tel başına 2 uç
A29: =A28 -> ВРУ-1 (260917 fok atr) | B29: yuksuk | C29: 311100820 | D29: =IF(ISNA(MATCH($C29,FA,0)),"ARTİKÜL FIYAT SAYFASINDA YOK",INDEX(FIYAT_AD,MATCH($C29,FA,0))) -> Наконечник НШВИ 2,5-8 изолированный 79443 (100шт) КВТ NEW | E29: =IF(ISNA(MATCH($C29,FA,0)),"",IF(INDEX(FIYAT_LISTE,MATCH($C29,FA,0))="","",INDEX(FIYAT_LISTE,MATCH($C29,FA,0)))) -> 540 | F29: =IF(ISNA(MATCH($C29,FA,0)),"",IF(INDEX(FIYAT_NET,MATCH($C29,FA,0))="","",INDEX(FIYAT_NET,MATCH($C29,FA,0)))) -> 540 | G29: =IF(OR(F29="",H29=""),"",H29*F29) -> 540 | H29: =ROUNDUP(SUMPRODUCT(SUMIFS($H$3:$H$18,$C$3:$C$18,FA,$N$3:$N$18,"<>YEDEK")*(F_BK=2.5)*F_TEL)*2*YUKSUK_FIRE/MAX(1,IF(ISNA(MATCH($C29,FA,0)),1,N(INDEX(F_PAKET,MATCH($C29,FA,0))))),0) -> 1 | I29: =IF(ISNA(MATCH($C29,FA,0)),"",IF(INDEX(FIYAT_BIRIM,MATCH($C29,FA,0))="","",INDEX(FIYAT_BIRIM,MATCH($C29,FA,0)))) -> упак | J29: =IF(ISNA(MATCH($C29,FA,0)),"",IF(INDEX(FIYAT_MARKA,MATCH($C29,FA,0))="","",INDEX(FIYAT_MARKA,MATCH($C29,FA,0)))) -> ekt | K29: =K28 -> 260917 | L29: =G29 -> 540 | M29: =M28 -> 1 | N29: SARF | O29: yuksuk | P29: =IF(ISNA(MATCH($C29,FA,0)),"ARTİKÜL YOK",INDEX(FIYAT_DURUM,MATCH($C29,FA,0))) -> ESKİ | Q29: yüksük 2.5 mm² · tel başına 2 uç
A30: =A29 -> ВРУ-1 (260917 fok atr) | B30: pabuc | C30: 260100167 | D30: =IF(ISNA(MATCH($C30,FA,0)),"ARTİKÜL FIYAT SAYFASINDA YOK",INDEX(FIYAT_AD,MATCH($C30,FA,0))) -> Наконечник медно-луженный JG - 25 IEK (200) | E30: =IF(ISNA(MATCH($C30,FA,0)),"",IF(INDEX(FIYAT_LISTE,MATCH($C30,FA,0))="","",INDEX(FIYAT_LISTE,MATCH($C30,FA,0)))) -> 156 | F30: =IF(ISNA(MATCH($C30,FA,0)),"",IF(INDEX(FIYAT_NET,MATCH($C30,FA,0))="","",INDEX(FIYAT_NET,MATCH($C30,FA,0)))) -> 156 | G30: =IF(OR(F30="",H30=""),"",H30*F30) -> 2184 | H30: =ROUNDUP(SUMPRODUCT(SUMIFS($H$3:$H$18,$C$3:$C$18,FA,$N$3:$N$18,"<>YEDEK")*(F_BK=25)*F_TEL)*2*PABUC_FIRE,0) -> 14 | I30: =IF(ISNA(MATCH($C30,FA,0)),"",IF(INDEX(FIYAT_BIRIM,MATCH($C30,FA,0))="","",INDEX(FIYAT_BIRIM,MATCH($C30,FA,0)))) -> шт | J30: =IF(ISNA(MATCH($C30,FA,0)),"",IF(INDEX(FIYAT_MARKA,MATCH($C30,FA,0))="","",INDEX(FIYAT_MARKA,MATCH($C30,FA,0)))) -> ekt | K30: =K29 -> 260917 | L30: =G30 -> 2184 | M30: =M29 -> 1 | N30: SARF | O30: pabuc | P30: =IF(ISNA(MATCH($C30,FA,0)),"ARTİKÜL YOK",INDEX(FIYAT_DURUM,MATCH($C30,FA,0))) -> ESKİ | Q30: kablo pabucu 25 mm² · tel başına 2 uç
A31: =A30 -> ВРУ-1 (260917 fok atr) | B31: pabuc | C31: 260100158 | D31: =IF(ISNA(MATCH($C31,FA,0)),"ARTİKÜL FIYAT SAYFASINDA YOK",INDEX(FIYAT_AD,MATCH($C31,FA,0))) -> Наконечник медно-луженный JG - 35 IEK (100) | E31: =IF(ISNA(MATCH($C31,FA,0)),"",IF(INDEX(FIYAT_LISTE,MATCH($C31,FA,0))="","",INDEX(FIYAT_LISTE,MATCH($C31,FA,0)))) -> 206 | F31: =IF(ISNA(MATCH($C31,FA,0)),"",IF(INDEX(FIYAT_NET,MATCH($C31,FA,0))="","",INDEX(FIYAT_NET,MATCH($C31,FA,0)))) -> 206 | G31: =IF(OR(F31="",H31=""),"",H31*F31) -> 2472 | H31: =ROUNDUP(SUMPRODUCT(SUMIFS($H$3:$H$18,$C$3:$C$18,FA,$N$3:$N$18,"<>YEDEK")*(F_BK=35)*F_TEL)*2*PABUC_FIRE,0) -> 12 | I31: =IF(ISNA(MATCH($C31,FA,0)),"",IF(INDEX(FIYAT_BIRIM,MATCH($C31,FA,0))="","",INDEX(FIYAT_BIRIM,MATCH($C31,FA,0)))) -> шт | J31: =IF(ISNA(MATCH($C31,FA,0)),"",IF(INDEX(FIYAT_MARKA,MATCH($C31,FA,0))="","",INDEX(FIYAT_MARKA,MATCH($C31,FA,0)))) -> ekt | K31: =K30 -> 260917 | L31: =G31 -> 2472 | M31: =M30 -> 1 | N31: SARF | O31: pabuc | P31: =IF(ISNA(MATCH($C31,FA,0)),"ARTİKÜL YOK",INDEX(FIYAT_DURUM,MATCH($C31,FA,0))) -> ESKİ | Q31: kablo pabucu 35 mm² · tel başına 2 uç
A32: =A31 -> ВРУ-1 (260917 fok atr) | B32: pabuc | C32: 260100168 | D32: =IF(ISNA(MATCH($C32,FA,0)),"ARTİKÜL FIYAT SAYFASINDA YOK",INDEX(FIYAT_AD,MATCH($C32,FA,0))) -> Наконечник медно-луженный JG - 50 IEK (100) | E32: =IF(ISNA(MATCH($C32,FA,0)),"",IF(INDEX(FIYAT_LISTE,MATCH($C32,FA,0))="","",INDEX(FIYAT_LISTE,MATCH($C32,FA,0)))) -> 262 | F32: =IF(ISNA(MATCH($C32,FA,0)),"",IF(INDEX(FIYAT_NET,MATCH($C32,FA,0))="","",INDEX(FIYAT_NET,MATCH($C32,FA,0)))) -> 262 | G32: =IF(OR(F32="",H32=""),"",H32*F32) -> 3144 | H32: =ROUNDUP(SUMPRODUCT(SUMIFS($H$3:$H$18,$C$3:$C$18,FA,$N$3:$N$18,"<>YEDEK")*(F_BK=50)*F_TEL)*2*PABUC_FIRE,0) -> 12 | I32: =IF(ISNA(MATCH($C32,FA,0)),"",IF(INDEX(FIYAT_BIRIM,MATCH($C32,FA,0))="","",INDEX(FIYAT_BIRIM,MATCH($C32,FA,0)))) -> шт | J32: =IF(ISNA(MATCH($C32,FA,0)),"",IF(INDEX(FIYAT_MARKA,MATCH($C32,FA,0))="","",INDEX(FIYAT_MARKA,MATCH($C32,FA,0)))) -> ekt | K32: =K31 -> 260917 | L32: =G32 -> 3144 | M32: =M31 -> 1 | N32: SARF | O32: pabuc | P32: =IF(ISNA(MATCH($C32,FA,0)),"ARTİKÜL YOK",INDEX(FIYAT_DURUM,MATCH($C32,FA,0))) -> ESKİ | Q32: kablo pabucu 50 mm² · tel başına 2 uç
A33: =A32 -> ВРУ-1 (260917 fok atr) | B33: pabuc | C33: 260100138 | D33: =IF(ISNA(MATCH($C33,FA,0)),"ARTİKÜL FIYAT SAYFASINDA YOK",INDEX(FIYAT_AD,MATCH($C33,FA,0))) -> Наконечник медно-луженный JG - 6 IEK (600) | E33: =IF(ISNA(MATCH($C33,FA,0)),"",IF(INDEX(FIYAT_LISTE,MATCH($C33,FA,0))="","",INDEX(FIYAT_LISTE,MATCH($C33,FA,0)))) -> 76 | F33: =IF(ISNA(MATCH($C33,FA,0)),"",IF(INDEX(FIYAT_NET,MATCH($C33,FA,0))="","",INDEX(FIYAT_NET,MATCH($C33,FA,0)))) -> 76 | G33: =IF(OR(F33="",H33=""),"",H33*F33) -> 304 | H33: =2*N(KURALLAR!$J$203) -> 4 | I33: =IF(ISNA(MATCH($C33,FA,0)),"",IF(INDEX(FIYAT_BIRIM,MATCH($C33,FA,0))="","",INDEX(FIYAT_BIRIM,MATCH($C33,FA,0)))) -> шт | J33: =IF(ISNA(MATCH($C33,FA,0)),"",IF(INDEX(FIYAT_MARKA,MATCH($C33,FA,0))="","",INDEX(FIYAT_MARKA,MATCH($C33,FA,0)))) -> ekt | K33: =K32 -> 260917 | L33: =G33 -> 304 | M33: =M32 -> 1 | N33: SARF | O33: pabuc | P33: =IF(ISNA(MATCH($C33,FA,0)),"ARTİKÜL YOK",INDEX(FIYAT_DURUM,MATCH($C33,FA,0))) -> ESKİ | Q33: kapak topraklama pabucu
A34: =A33 -> ВРУ-1 (260917 fok atr) | B34: bag | C34: 240100162 | D34: =IF(ISNA(MATCH($C34,FA,0)),"ARTİKÜL FIYAT SAYFASINDA YOK",INDEX(FIYAT_AD,MATCH($C34,FA,0))) -> Хомут 2,5х100 черный UNIT (100/500) | E34: =IF(ISNA(MATCH($C34,FA,0)),"",IF(INDEX(FIYAT_LISTE,MATCH($C34,FA,0))="","",INDEX(FIYAT_LISTE,MATCH($C34,FA,0)))) -> 182 | F34: =IF(ISNA(MATCH($C34,FA,0)),"",IF(INDEX(FIYAT_NET,MATCH($C34,FA,0))="","",INDEX(FIYAT_NET,MATCH($C34,FA,0)))) -> 182 | G34: =IF(OR(F34="",H34=""),"",H34*F34) -> 182 | H34: =ROUNDUP((N(H22)+N(H23)+N(H24)+N(H25)+N(H26)+N(H27))*BAG_ADET_M/MAX(1,IF(ISNA(MATCH($C34,FA,0)),1,N(INDEX(F_PAKET,MATCH($C34,FA,0))))),0) -> 1 | I34: =IF(ISNA(MATCH($C34,FA,0)),"",IF(INDEX(FIYAT_BIRIM,MATCH($C34,FA,0))="","",INDEX(FIYAT_BIRIM,MATCH($C34,FA,0)))) -> упак | J34: =IF(ISNA(MATCH($C34,FA,0)),"",IF(INDEX(FIYAT_MARKA,MATCH($C34,FA,0))="","",INDEX(FIYAT_MARKA,MATCH($C34,FA,0)))) -> ekt | K34: =K33 -> 260917 | L34: =G34 -> 182 | M34: =M33 -> 1 | N34: SARF | O34: bag | P34: =IF(ISNA(MATCH($C34,FA,0)),"ARTİKÜL YOK",INDEX(FIYAT_DURUM,MATCH($C34,FA,0))) -> ESKİ | Q34: kablo bağı
A35: =A34 -> ВРУ-1 (260917 fok atr) | B35: монтажный материал | C35: монтажный материал | D35: монтажный материал | E35: =G36*MONTAJ_MALZ_KAT -> 27744 | F35: =E35 -> 27744 | G35: =H35*F35 -> 27744 | H35: 1 | I35: шт | J35: монтажный материал | K35: =K34 -> 260917 | L35: =G35 -> 27744 | M35: =M34 -> 1
A36: =A35 -> ВРУ-1 (260917 fok atr) | B36: монтажная работа | C36: монтажная работа | D36: монтажная работа | E36: =ROUND(SUMPRODUCT(SUMIFS(H3:H35,O3:O35,TIP_AD)*NORM_DK)*ISCILIK_KAT/60,2) -> 11.56 | F36: =DK_UCRET -> 100 | G36: =H36*F36 -> 69360 | H36: =60*E36 -> 693.6 | I36: мин | J36: монтажная работа | K36: =K35 -> 260917 | L36: =G36 -> 69360 | M36: =M35 -> 1
A37: =A36 -> ВРУ-1 (260917 fok atr) | G37: =SUM(G3:G36) -> 605943.3 | K37: =K36 -> 260917 | L37: =SUM(L3:L36) -> 605943.3 | M37: =M36 -> 1 | P37: =IF(COUNTIF(P3:P36,"FİYAT YOK")+COUNTIF(P3:P36,"YASAK")+COUNTIF(P3:P36,"MARKA YOK")+COUNTIF(P3:P36,"ARTİKÜL YOK")>0,"EKSİK FİYAT","") -> EKSİK FİYAT | Q37: =IF(KURALLAR!$Q$203="OK","","PANO: "&KURALLAR!$Q$203)
A38: =D38 -> ЩР-1 (260917 fok atr) | D38: ЩР-1 (260917 fok atr) | H38: 1 | I38: комплект | J38: TEKLED electric | K38: 260917 | M38: =H38 -> 1
A39: =A38 -> ЩР-1 (260917 fok atr) | B39: korpus | C39: 714-15040 | D39: Мет. Корпус ЩРН- 48 (660x310x120) IP31 (TS) | E39: =IF(ISNA(MATCH($C39,FA,0)),"",IF(INDEX(FIYAT_LISTE,MATCH($C39,FA,0))="","",INDEX(FIYAT_LISTE,MATCH($C39,FA,0)))) -> 24000 | F39: =IF(ISNA(MATCH($C39,FA,0)),"",IF(INDEX(FIYAT_NET,MATCH($C39,FA,0))="","",INDEX(FIYAT_NET,MATCH($C39,FA,0)))) -> 14400 | G39: =IF(OR(F39="",H39=""),"",H39*F39) -> 14400 | H39: 1 | I39: =IF(ISNA(MATCH($C39,FA,0)),"",IF(INDEX(FIYAT_BIRIM,MATCH($C39,FA,0))="","",INDEX(FIYAT_BIRIM,MATCH($C39,FA,0)))) -> шт | J39: kaztek | K39: =K38 -> 260917 | L39: =G39 -> 14400 | M39: =M38 -> 1 | N39: KORPUS | O39: KORPUS_KUCUK | P39: =IF(ISNA(MATCH($C39,FA,0)),"ARTİKÜL YOK",INDEX(FIYAT_DURUM,MATCH($C39,FA,0))) -> OK | Q39: projede ЩРн-36з — 3 sıra × 150 mm iç yüksekliğe sığmıyor, büyütüldü
A40: =A39 -> ЩР-1 (260917 fok atr) | B40: bh | C40: 193185 | D40: =IF(ISNA(MATCH($C40,FA,0)),"ARTİKÜL FIYAT SAYFASINDA YOK",INDEX(FIYAT_AD,MATCH($C40,FA,0))) -> Выключатель нагрузки NXHB-125 3P 100A (R) | E40: =IF(ISNA(MATCH($C40,FA,0)),"",IF(INDEX(FIYAT_LISTE,MATCH($C40,FA,0))="","",INDEX(FIYAT_LISTE,MATCH($C40,FA,0)))) -> 4334 | F40: =IF(ISNA(MATCH($C40,FA,0)),"",IF(INDEX(FIYAT_NET,MATCH($C40,FA,0))="","",INDEX(FIYAT_NET,MATCH($C40,FA,0)))) -> 2600.4 | G40: =IF(OR(F40="",H40=""),"",H40*F40) -> 2600.4 | H40: 1 | I40: =IF(ISNA(MATCH($C40,FA,0)),"",IF(INDEX(FIYAT_BIRIM,MATCH($C40,FA,0))="","",INDEX(FIYAT_BIRIM,MATCH($C40,FA,0)))) -> шт | J40: =IF(ISNA(MATCH($C40,FA,0)),"",IF(INDEX(FIYAT_MARKA,MATCH($C40,FA,0))="","",INDEX(FIYAT_MARKA,MATCH($C40,FA,0)))) -> chint | K40: =K39 -> 260917 | L40: =G40 -> 2600.4 | M40: =M39 -> 1 | N40: GIRIS | O40: bh | P40: =IF(ISNA(MATCH($C40,FA,0)),"ARTİKÜL YOK",INDEX(FIYAT_DURUM,MATCH($C40,FA,0))) -> OK | Q40: ВН-32 3П 100А
A41: =A40 -> ЩР-1 (260917 fok atr) | B41: oto | C41: 813875 | D41: =IF(ISNA(MATCH($C41,FA,0)),"ARTİKÜL FIYAT SAYFASINDA YOK",INDEX(FIYAT_AD,MATCH($C41,FA,0))) -> Авт. выкл. NXB-63H 3P 40A 10кА х-ка C (R) | E41: =IF(ISNA(MATCH($C41,FA,0)),"",IF(INDEX(FIYAT_LISTE,MATCH($C41,FA,0))="","",INDEX(FIYAT_LISTE,MATCH($C41,FA,0)))) -> 11002 | F41: =IF(ISNA(MATCH($C41,FA,0)),"",IF(INDEX(FIYAT_NET,MATCH($C41,FA,0))="","",INDEX(FIYAT_NET,MATCH($C41,FA,0)))) -> 6601.2 | G41: =IF(OR(F41="",H41=""),"",H41*F41) -> 13202.4 | H41: 2 | I41: =IF(ISNA(MATCH($C41,FA,0)),"",IF(INDEX(FIYAT_BIRIM,MATCH($C41,FA,0))="","",INDEX(FIYAT_BIRIM,MATCH($C41,FA,0)))) -> шт | J41: =IF(ISNA(MATCH($C41,FA,0)),"",IF(INDEX(FIYAT_MARKA,MATCH($C41,FA,0))="","",INDEX(FIYAT_MARKA,MATCH($C41,FA,0)))) -> chint | K41: =K40 -> 260917 | L41: =G41 -> 13202.4 | M41: =M40 -> 1 | N41: CIKIS | O41: oto | P41: =IF(ISNA(MATCH($C41,FA,0)),"ARTİKÜL YOK",INDEX(FIYAT_DURUM,MATCH($C41,FA,0))) -> OK | Q41: ВА47-100 3П 40А (ЩС-1, ЩВ-1) · 10 kA için NXB-63H
A42: =A41 -> ЩР-1 (260917 fok atr) | B42: oto | C42: 813876 | D42: =IF(ISNA(MATCH($C42,FA,0)),"ARTİKÜL FIYAT SAYFASINDA YOK",INDEX(FIYAT_AD,MATCH($C42,FA,0))) -> Авт. выкл. NXB-63H 3P 50A 10кА х-ка C (R) | E42: =IF(ISNA(MATCH($C42,FA,0)),"",IF(INDEX(FIYAT_LISTE,MATCH($C42,FA,0))="","",INDEX(FIYAT_LISTE,MATCH($C42,FA,0)))) -> 11254 | F42: =IF(ISNA(MATCH($C42,FA,0)),"",IF(INDEX(FIYAT_NET,MATCH($C42,FA,0))="","",INDEX(FIYAT_NET,MATCH($C42,FA,0)))) -> 6752.4 | G42: =IF(OR(F42="",H42=""),"",H42*F42) -> 6752.4 | H42: 1 | I42: =IF(ISNA(MATCH($C42,FA,0)),"",IF(INDEX(FIYAT_BIRIM,MATCH($C42,FA,0))="","",INDEX(FIYAT_BIRIM,MATCH($C42,FA,0)))) -> шт | J42: =IF(ISNA(MATCH($C42,FA,0)),"",IF(INDEX(FIYAT_MARKA,MATCH($C42,FA,0))="","",INDEX(FIYAT_MARKA,MATCH($C42,FA,0)))) -> chint | K42: =K41 -> 260917 | L42: =G42 -> 6752.4 | M42: =M41 -> 1 | N42: CIKIS | O42: oto | P42: =IF(ISNA(MATCH($C42,FA,0)),"ARTİKÜL YOK",INDEX(FIYAT_DURUM,MATCH($C42,FA,0))) -> OK | Q42: ВА47-100 3П 50А (ЩС-2) · 10 kA için NXB-63H
A43: =A42 -> ЩР-1 (260917 fok atr) | B43: oto | C43: 813874 | D43: =IF(ISNA(MATCH($C43,FA,0)),"ARTİKÜL FIYAT SAYFASINDA YOK",INDEX(FIYAT_AD,MATCH($C43,FA,0))) -> Авт. выкл. NXB-63H 3P 32A 10кА х-ка C (R) | E43: =IF(ISNA(MATCH($C43,FA,0)),"",IF(INDEX(FIYAT_LISTE,MATCH($C43,FA,0))="","",INDEX(FIYAT_LISTE,MATCH($C43,FA,0)))) -> 11771 | F43: =IF(ISNA(MATCH($C43,FA,0)),"",IF(INDEX(FIYAT_NET,MATCH($C43,FA,0))="","",INDEX(FIYAT_NET,MATCH($C43,FA,0)))) -> 7062.6 | G43: =IF(OR(F43="",H43=""),"",H43*F43) -> 7062.6 | H43: 1 | I43: =IF(ISNA(MATCH($C43,FA,0)),"",IF(INDEX(FIYAT_BIRIM,MATCH($C43,FA,0))="","",INDEX(FIYAT_BIRIM,MATCH($C43,FA,0)))) -> шт | J43: =IF(ISNA(MATCH($C43,FA,0)),"",IF(INDEX(FIYAT_MARKA,MATCH($C43,FA,0))="","",INDEX(FIYAT_MARKA,MATCH($C43,FA,0)))) -> chint | K43: =K42 -> 260917 | L43: =G43 -> 7062.6 | M43: =M42 -> 1 | N43: CIKIS | O43: oto | P43: =IF(ISNA(MATCH($C43,FA,0)),"ARTİKÜL YOK",INDEX(FIYAT_DURUM,MATCH($C43,FA,0))) -> OK | Q43: ВА47-100 3П 32А (ЩО-1) · 10 kA için NXB-63H
A44: =A43 -> ЩР-1 (260917 fok atr) | B44: oto | C44: 813873 | D44: =IF(ISNA(MATCH($C44,FA,0)),"ARTİKÜL FIYAT SAYFASINDA YOK",INDEX(FIYAT_AD,MATCH($C44,FA,0))) -> Авт. выкл. NXB-63H 3P 25A 10кА х-ка C (R) | E44: =IF(ISNA(MATCH($C44,FA,0)),"",IF(INDEX(FIYAT_LISTE,MATCH($C44,FA,0))="","",INDEX(FIYAT_LISTE,MATCH($C44,FA,0)))) -> 10552 | F44: =IF(ISNA(MATCH($C44,FA,0)),"",IF(INDEX(FIYAT_NET,MATCH($C44,FA,0))="","",INDEX(FIYAT_NET,MATCH($C44,FA,0)))) -> 6331.2 | G44: =IF(OR(F44="",H44=""),"",H44*F44) -> 12662.4 | H44: 2 | I44: =IF(ISNA(MATCH($C44,FA,0)),"",IF(INDEX(FIYAT_BIRIM,MATCH($C44,FA,0))="","",INDEX(FIYAT_BIRIM,MATCH($C44,FA,0)))) -> шт | J44: =IF(ISNA(MATCH($C44,FA,0)),"",IF(INDEX(FIYAT_MARKA,MATCH($C44,FA,0))="","",INDEX(FIYAT_MARKA,MATCH($C44,FA,0)))) -> chint | K44: =K43 -> 260917 | L44: =G44 -> 12662.4 | M44: =M43 -> 1 | N44: CIKIS | O44: oto | P44: =IF(ISNA(MATCH($C44,FA,0)),"ARTİKÜL YOK",INDEX(FIYAT_DURUM,MATCH($C44,FA,0))) -> OK | Q44: ВА47-100 3П 25А (ЩАО-1, ПКП-1) · 10 kA için NXB-63H
A45: =A44 -> ЩР-1 (260917 fok atr) | B45: nbara | C45: =IF((SUMIFS($H$39:$H$44,$N$39:$N$44,"CIKIS")+SUMIFS($H$39:$H$44,$N$39:$N$44,"KUMANDA")+1)>MAX(SNI_DELIK),INDEX(SNI_KOD,ROWS(SNI_KOD)),INDEX(SNI_KOD,COUNTIF(SNI_DELIK,"<"&(SUMIFS($H$39:$H$44,$N$39:$N$44,"CIKIS")+SUMIFS($H$39:$H$44,$N$39:$N$44,"KUMANDA")+1))+1)) -> 130200365 | D45: =IF(ISNA(MATCH($C45,FA,0)),"ARTİKÜL FIYAT SAYFASINDA YOK",INDEX(FIYAT_AD,MATCH($C45,FA,0))) -> Шина "N" нулевая 8х12мм комб с изол "Стойка" ШНИ 8-КС-С UNIT (20/300) | E45: =IF(ISNA(MATCH($C45,FA,0)),"",IF(INDEX(FIYAT_LISTE,MATCH($C45,FA,0))="","",INDEX(FIYAT_LISTE,MATCH($C45,FA,0)))) -> 630 | F45: =IF(ISNA(MATCH($C45,FA,0)),"",IF(INDEX(FIYAT_NET,MATCH($C45,FA,0))="","",INDEX(FIYAT_NET,MATCH($C45,FA,0)))) -> 630 | G45: =IF(OR(F45="",H45=""),"",H45*F45) -> 630 | H45: =IF((SUMIFS($H$39:$H$44,$N$39:$N$44,"CIKIS")+SUMIFS($H$39:$H$44,$N$39:$N$44,"KUMANDA")+1)>MAX(SNI_DELIK),ROUNDUP((SUMIFS($H$39:$H$44,$N$39:$N$44,"CIKIS")+SUMIFS($H$39:$H$44,$N$39:$N$44,"KUMANDA")+1)/MAX(SNI_DELIK),0),1) -> 1 | I45: =IF(ISNA(MATCH($C45,FA,0)),"",IF(INDEX(FIYAT_BIRIM,MATCH($C45,FA,0))="","",INDEX(FIYAT_BIRIM,MATCH($C45,FA,0)))) -> шт | J45: =IF(ISNA(MATCH($C45,FA,0)),"",IF(INDEX(FIYAT_MARKA,MATCH($C45,FA,0))="","",INDEX(FIYAT_MARKA,MATCH($C45,FA,0)))) -> ekt | K45: =K44 -> 260917 | L45: =G45 -> 630 | M45: =M44 -> 1 | N45: SARF | O45: nbara | P45: =IF(ISNA(MATCH($C45,FA,0)),"ARTİKÜL YOK",INDEX(FIYAT_DURUM,MATCH($C45,FA,0))) -> ESKİ | Q45: N barası (otomatik)
A46: =A45 -> ЩР-1 (260917 fok atr) | B46: nbara | C46: =IF((SUMIFS($H$39:$H$44,$N$39:$N$44,"CIKIS")+2+N(KURALLAR!$J$204))>MAX(SNI_DELIK),INDEX(SNI_KOD,ROWS(SNI_KOD)),INDEX(SNI_KOD,COUNTIF(SNI_DELIK,"<"&(SUMIFS($H$39:$H$44,$N$39:$N$44,"CIKIS")+2+N(KURALLAR!$J$204)))+1)) -> 130200361 | D46: =IF(ISNA(MATCH($C46,FA,0)),"ARTİKÜL FIYAT SAYFASINDA YOK",INDEX(FIYAT_AD,MATCH($C46,FA,0))) -> Шина "N" нулевая 8х12мм комб с изол "Стойка" ШНИ 10-КС-С UNIT (20/300) | E46: =IF(ISNA(MATCH($C46,FA,0)),"",IF(INDEX(FIYAT_LISTE,MATCH($C46,FA,0))="","",INDEX(FIYAT_LISTE,MATCH($C46,FA,0)))) -> 780 | F46: =IF(ISNA(MATCH($C46,FA,0)),"",IF(INDEX(FIYAT_NET,MATCH($C46,FA,0))="","",INDEX(FIYAT_NET,MATCH($C46,FA,0)))) -> 780 | G46: =IF(OR(F46="",H46=""),"",H46*F46) -> 780 | H46: =IF((SUMIFS($H$39:$H$44,$N$39:$N$44,"CIKIS")+2+N(KURALLAR!$J$204))>MAX(SNI_DELIK),ROUNDUP((SUMIFS($H$39:$H$44,$N$39:$N$44,"CIKIS")+2+N(KURALLAR!$J$204))/MAX(SNI_DELIK),0),1) -> 1 | I46: =IF(ISNA(MATCH($C46,FA,0)),"",IF(INDEX(FIYAT_BIRIM,MATCH($C46,FA,0))="","",INDEX(FIYAT_BIRIM,MATCH($C46,FA,0)))) -> шт | J46: =IF(ISNA(MATCH($C46,FA,0)),"",IF(INDEX(FIYAT_MARKA,MATCH($C46,FA,0))="","",INDEX(FIYAT_MARKA,MATCH($C46,FA,0)))) -> ekt | K46: =K45 -> 260917 | L46: =G46 -> 780 | M46: =M45 -> 1 | N46: SARF | O46: nbara | P46: =IF(ISNA(MATCH($C46,FA,0)),"ARTİKÜL YOK",INDEX(FIYAT_DURUM,MATCH($C46,FA,0))) -> ESKİ | Q46: PE barası (otomatik)
A47: =A46 -> ЩР-1 (260917 fok atr) | B47: kablo | C47: 151.01.PV3.04 | D47: =IF(ISNA(MATCH($C47,FA,0)),"ARTİKÜL FIYAT SAYFASINDA YOK",INDEX(FIYAT_AD,MATCH($C47,FA,0))) -> HARMONY ПВ3 1*4 | E47: =IF(ISNA(MATCH($C47,FA,0)),"",IF(INDEX(FIYAT_LISTE,MATCH($C47,FA,0))="","",INDEX(FIYAT_LISTE,MATCH($C47,FA,0)))) -> 274 | F47: =IF(ISNA(MATCH($C47,FA,0)),"",IF(INDEX(FIYAT_NET,MATCH($C47,FA,0))="","",INDEX(FIYAT_NET,MATCH($C47,FA,0)))) -> 274 | G47: =IF(OR(F47="",H47=""),"",H47*F47) -> 411 | H47: =ROUND(SUMPRODUCT(SUMIFS($H$39:$H$44,$C$39:$C$44,FA,$N$39:$N$44,"<>YEDEK")*(F_BK=4)*F_TELM)*KABLO_FIRE,1) -> 1.5 | I47: =IF(ISNA(MATCH($C47,FA,0)),"",IF(INDEX(FIYAT_BIRIM,MATCH($C47,FA,0))="","",INDEX(FIYAT_BIRIM,MATCH($C47,FA,0)))) -> м | J47: =IF(ISNA(MATCH($C47,FA,0)),"",IF(INDEX(FIYAT_MARKA,MATCH($C47,FA,0))="","",INDEX(FIYAT_MARKA,MATCH($C47,FA,0)))) -> harmony | K47: =K46 -> 260917 | L47: =G47 -> 411 | M47: =M46 -> 1 | N47: SARF | O47: kablo | P47: =IF(ISNA(MATCH($C47,FA,0)),"ARTİKÜL YOK",INDEX(FIYAT_DURUM,MATCH($C47,FA,0))) -> TARİH YOK | Q47: ПВ3 4 mm² pano içi
A48: =A47 -> ЩР-1 (260917 fok atr) | B48: kablo | C48: 151.01.PV3.06 | D48: =IF(ISNA(MATCH($C48,FA,0)),"ARTİKÜL FIYAT SAYFASINDA YOK",INDEX(FIYAT_AD,MATCH($C48,FA,0))) -> HARMONY ПВ3 1*6 | E48: =IF(ISNA(MATCH($C48,FA,0)),"",IF(INDEX(FIYAT_LISTE,MATCH($C48,FA,0))="","",INDEX(FIYAT_LISTE,MATCH($C48,FA,0)))) -> 398 | F48: =IF(ISNA(MATCH($C48,FA,0)),"",IF(INDEX(FIYAT_NET,MATCH($C48,FA,0))="","",INDEX(FIYAT_NET,MATCH($C48,FA,0)))) -> 398 | G48: =IF(OR(F48="",H48=""),"",H48*F48) -> 915.4 | H48: =ROUND(SUMPRODUCT(SUMIFS($H$39:$H$44,$C$39:$C$44,FA,$N$39:$N$44,"<>YEDEK")*(F_BK=6)*F_TELM)*KABLO_FIRE,1) -> 2.3 | I48: =IF(ISNA(MATCH($C48,FA,0)),"",IF(INDEX(FIYAT_BIRIM,MATCH($C48,FA,0))="","",INDEX(FIYAT_BIRIM,MATCH($C48,FA,0)))) -> м | J48: =IF(ISNA(MATCH($C48,FA,0)),"",IF(INDEX(FIYAT_MARKA,MATCH($C48,FA,0))="","",INDEX(FIYAT_MARKA,MATCH($C48,FA,0)))) -> harmony | K48: =K47 -> 260917 | L48: =G48 -> 915.4 | M48: =M47 -> 1 | N48: SARF | O48: kablo | P48: =IF(ISNA(MATCH($C48,FA,0)),"ARTİKÜL YOK",INDEX(FIYAT_DURUM,MATCH($C48,FA,0))) -> TARİH YOK | Q48: ПВ3 6 mm² pano içi
A49: =A48 -> ЩР-1 (260917 fok atr) | B49: kablo | C49: 151.01.PV3.10 | D49: =IF(ISNA(MATCH($C49,FA,0)),"ARTİKÜL FIYAT SAYFASINDA YOK",INDEX(FIYAT_AD,MATCH($C49,FA,0))) -> HARMONY ПВ3 1*10 | E49: =IF(ISNA(MATCH($C49,FA,0)),"",IF(INDEX(FIYAT_LISTE,MATCH($C49,FA,0))="","",INDEX(FIYAT_LISTE,MATCH($C49,FA,0)))) -> 697 | F49: =IF(ISNA(MATCH($C49,FA,0)),"",IF(INDEX(FIYAT_NET,MATCH($C49,FA,0))="","",INDEX(FIYAT_NET,MATCH($C49,FA,0)))) -> 697 | G49: =IF(OR(F49="",H49=""),"",H49*F49) -> 557.6 | H49: =ROUND(SUMPRODUCT(SUMIFS($H$39:$H$44,$C$39:$C$44,FA,$N$39:$N$44,"<>YEDEK")*(F_BK=10)*F_TELM)*KABLO_FIRE,1) -> 0.8 | I49: =IF(ISNA(MATCH($C49,FA,0)),"",IF(INDEX(FIYAT_BIRIM,MATCH($C49,FA,0))="","",INDEX(FIYAT_BIRIM,MATCH($C49,FA,0)))) -> м | J49: =IF(ISNA(MATCH($C49,FA,0)),"",IF(INDEX(FIYAT_MARKA,MATCH($C49,FA,0))="","",INDEX(FIYAT_MARKA,MATCH($C49,FA,0)))) -> harmony | K49: =K48 -> 260917 | L49: =G49 -> 557.6 | M49: =M48 -> 1 | N49: SARF | O49: kablo | P49: =IF(ISNA(MATCH($C49,FA,0)),"ARTİKÜL YOK",INDEX(FIYAT_DURUM,MATCH($C49,FA,0))) -> TARİH YOK | Q49: ПВ3 10 mm² pano içi
A50: =A49 -> ЩР-1 (260917 fok atr) | B50: kablo | C50: 151.01.PV3.25 | D50: =IF(ISNA(MATCH($C50,FA,0)),"ARTİKÜL FIYAT SAYFASINDA YOK",INDEX(FIYAT_AD,MATCH($C50,FA,0))) -> HARMONY ПВ3 1*25 | E50: =IF(ISNA(MATCH($C50,FA,0)),"",IF(INDEX(FIYAT_LISTE,MATCH($C50,FA,0))="","",INDEX(FIYAT_LISTE,MATCH($C50,FA,0)))) -> 1688 | F50: =IF(ISNA(MATCH($C50,FA,0)),"",IF(INDEX(FIYAT_NET,MATCH($C50,FA,0))="","",INDEX(FIYAT_NET,MATCH($C50,FA,0)))) -> 1688 | G50: =IF(OR(F50="",H50=""),"",H50*F50) -> 1688 | H50: =ROUND(SUMPRODUCT(SUMIFS($H$39:$H$44,$C$39:$C$44,FA,$N$39:$N$44,"<>YEDEK")*(F_BK=25)*F_TELM)*KABLO_FIRE,1) -> 1 | I50: =IF(ISNA(MATCH($C50,FA,0)),"",IF(INDEX(FIYAT_BIRIM,MATCH($C50,FA,0))="","",INDEX(FIYAT_BIRIM,MATCH($C50,FA,0)))) -> м | J50: =IF(ISNA(MATCH($C50,FA,0)),"",IF(INDEX(FIYAT_MARKA,MATCH($C50,FA,0))="","",INDEX(FIYAT_MARKA,MATCH($C50,FA,0)))) -> harmony | K50: =K49 -> 260917 | L50: =G50 -> 1688 | M50: =M49 -> 1 | N50: SARF | O50: kablo | P50: =IF(ISNA(MATCH($C50,FA,0)),"ARTİKÜL YOK",INDEX(FIYAT_DURUM,MATCH($C50,FA,0))) -> TARİH YOK | Q50: ПВ3 25 mm² pano içi
A51: =A50 -> ЩР-1 (260917 fok atr) | B51: kablo | C51: 151.01.PV3.06 | D51: =IF(ISNA(MATCH($C51,FA,0)),"ARTİKÜL FIYAT SAYFASINDA YOK",INDEX(FIYAT_AD,MATCH($C51,FA,0))) -> HARMONY ПВ3 1*6 | E51: =IF(ISNA(MATCH($C51,FA,0)),"",IF(INDEX(FIYAT_LISTE,MATCH($C51,FA,0))="","",INDEX(FIYAT_LISTE,MATCH($C51,FA,0)))) -> 398 | F51: =IF(ISNA(MATCH($C51,FA,0)),"",IF(INDEX(FIYAT_NET,MATCH($C51,FA,0))="","",INDEX(FIYAT_NET,MATCH($C51,FA,0)))) -> 398 | G51: =IF(OR(F51="",H51=""),"",H51*F51) -> 199 | H51: =N(KURALLAR!$J$204)*KAPI_TOPRAK_M -> 0.5 | I51: =IF(ISNA(MATCH($C51,FA,0)),"",IF(INDEX(FIYAT_BIRIM,MATCH($C51,FA,0))="","",INDEX(FIYAT_BIRIM,MATCH($C51,FA,0)))) -> м | J51: =IF(ISNA(MATCH($C51,FA,0)),"",IF(INDEX(FIYAT_MARKA,MATCH($C51,FA,0))="","",INDEX(FIYAT_MARKA,MATCH($C51,FA,0)))) -> harmony | K51: =K50 -> 260917 | L51: =G51 -> 199 | M51: =M50 -> 1 | N51: SARF | O51: kablo | P51: =IF(ISNA(MATCH($C51,FA,0)),"ARTİKÜL YOK",INDEX(FIYAT_DURUM,MATCH($C51,FA,0))) -> TARİH YOK | Q51: kapak topraklama iletkeni 6 mm²
A52: =A51 -> ЩР-1 (260917 fok atr) | B52: yuksuk | C52: 311100823 | D52: =IF(ISNA(MATCH($C52,FA,0)),"ARTİKÜL FIYAT SAYFASINDA YOK",INDEX(FIYAT_AD,MATCH($C52,FA,0))) -> Наконечник НШВИ 4,0-9 изолированный 79446 (100шт) КВТ NEW | E52: =IF(ISNA(MATCH($C52,FA,0)),"",IF(INDEX(FIYAT_LISTE,MATCH($C52,FA,0))="","",INDEX(FIYAT_LISTE,MATCH($C52,FA,0)))) -> 818 | F52: =IF(ISNA(MATCH($C52,FA,0)),"",IF(INDEX(FIYAT_NET,MATCH($C52,FA,0))="","",INDEX(FIYAT_NET,MATCH($C52,FA,0)))) -> 818 | G52: =IF(OR(F52="",H52=""),"",H52*F52) -> 818 | H52: =ROUNDUP(SUMPRODUCT(SUMIFS($H$39:$H$44,$C$39:$C$44,FA,$N$39:$N$44,"<>YEDEK")*(F_BK=4)*F_TEL)*2*YUKSUK_FIRE/MAX(1,IF(ISNA(MATCH($C52,FA,0)),1,N(INDEX(F_PAKET,MATCH($C52,FA,0))))),0) -> 1 | I52: =IF(ISNA(MATCH($C52,FA,0)),"",IF(INDEX(FIYAT_BIRIM,MATCH($C52,FA,0))="","",INDEX(FIYAT_BIRIM,MATCH($C52,FA,0)))) -> упак | J52: =IF(ISNA(MATCH($C52,FA,0)),"",IF(INDEX(FIYAT_MARKA,MATCH($C52,FA,0))="","",INDEX(FIYAT_MARKA,MATCH($C52,FA,0)))) -> ekt | K52: =K51 -> 260917 | L52: =G52 -> 818 | M52: =M51 -> 1 | N52: SARF | O52: yuksuk | P52: =IF(ISNA(MATCH($C52,FA,0)),"ARTİKÜL YOK",INDEX(FIYAT_DURUM,MATCH($C52,FA,0))) -> ESKİ | Q52: yüksük 4 mm² · tel başına 2 uç
A53: =A52 -> ЩР-1 (260917 fok atr) | B53: yuksuk | C53: 311100826 | D53: =IF(ISNA(MATCH($C53,FA,0)),"ARTİKÜL FIYAT SAYFASINDA YOK",INDEX(FIYAT_AD,MATCH($C53,FA,0))) -> Наконечник НШВИ 6,0-12 изолированный 79449 (100шт) КВТ NEW | E53: =IF(ISNA(MATCH($C53,FA,0)),"",IF(INDEX(FIYAT_LISTE,MATCH($C53,FA,0))="","",INDEX(FIYAT_LISTE,MATCH($C53,FA,0)))) -> 1240 | F53: =IF(ISNA(MATCH($C53,FA,0)),"",IF(INDEX(FIYAT_NET,MATCH($C53,FA,0))="","",INDEX(FIYAT_NET,MATCH($C53,FA,0)))) -> 1240 | G53: =IF(OR(F53="",H53=""),"",H53*F53) -> 1240 | H53: =ROUNDUP(SUMPRODUCT(SUMIFS($H$39:$H$44,$C$39:$C$44,FA,$N$39:$N$44,"<>YEDEK")*(F_BK=6)*F_TEL)*2*YUKSUK_FIRE/MAX(1,IF(ISNA(MATCH($C53,FA,0)),1,N(INDEX(F_PAKET,MATCH($C53,FA,0))))),0) -> 1 | I53: =IF(ISNA(MATCH($C53,FA,0)),"",IF(INDEX(FIYAT_BIRIM,MATCH($C53,FA,0))="","",INDEX(FIYAT_BIRIM,MATCH($C53,FA,0)))) -> упак | J53: =IF(ISNA(MATCH($C53,FA,0)),"",IF(INDEX(FIYAT_MARKA,MATCH($C53,FA,0))="","",INDEX(FIYAT_MARKA,MATCH($C53,FA,0)))) -> ekt | K53: =K52 -> 260917 | L53: =G53 -> 1240 | M53: =M52 -> 1 | N53: SARF | O53: yuksuk | P53: =IF(ISNA(MATCH($C53,FA,0)),"ARTİKÜL YOK",INDEX(FIYAT_DURUM,MATCH($C53,FA,0))) -> ESKİ | Q53: yüksük 6 mm² · tel başına 2 uç
A54: =A53 -> ЩР-1 (260917 fok atr) | B54: yuksuk | C54: 311100828 | D54: =IF(ISNA(MATCH($C54,FA,0)),"ARTİKÜL FIYAT SAYFASINDA YOK",INDEX(FIYAT_AD,MATCH($C54,FA,0))) -> Наконечник НШВИ 10-12 изолированный 79451 (100шт) КВТ NEW | E54: =IF(ISNA(MATCH($C54,FA,0)),"",IF(INDEX(FIYAT_LISTE,MATCH($C54,FA,0))="","",INDEX(FIYAT_LISTE,MATCH($C54,FA,0)))) -> 1550 | F54: =IF(ISNA(MATCH($C54,FA,0)),"",IF(INDEX(FIYAT_NET,MATCH($C54,FA,0))="","",INDEX(FIYAT_NET,MATCH($C54,FA,0)))) -> 1550 | G54: =IF(OR(F54="",H54=""),"",H54*F54) -> 1550 | H54: =ROUNDUP(SUMPRODUCT(SUMIFS($H$39:$H$44,$C$39:$C$44,FA,$N$39:$N$44,"<>YEDEK")*(F_BK=10)*F_TEL)*2*YUKSUK_FIRE/MAX(1,IF(ISNA(MATCH($C54,FA,0)),1,N(INDEX(F_PAKET,MATCH($C54,FA,0))))),0) -> 1 | I54: =IF(ISNA(MATCH($C54,FA,0)),"",IF(INDEX(FIYAT_BIRIM,MATCH($C54,FA,0))="","",INDEX(FIYAT_BIRIM,MATCH($C54,FA,0)))) -> упак | J54: =IF(ISNA(MATCH($C54,FA,0)),"",IF(INDEX(FIYAT_MARKA,MATCH($C54,FA,0))="","",INDEX(FIYAT_MARKA,MATCH($C54,FA,0)))) -> ekt | K54: =K53 -> 260917 | L54: =G54 -> 1550 | M54: =M53 -> 1 | N54: SARF | O54: yuksuk | P54: =IF(ISNA(MATCH($C54,FA,0)),"ARTİKÜL YOK",INDEX(FIYAT_DURUM,MATCH($C54,FA,0))) -> ESKİ | Q54: yüksük 10 mm² · tel başına 2 uç
A55: =A54 -> ЩР-1 (260917 fok atr) | B55: pabuc | C55: 260100167 | D55: =IF(ISNA(MATCH($C55,FA,0)),"ARTİKÜL FIYAT SAYFASINDA YOK",INDEX(FIYAT_AD,MATCH($C55,FA,0))) -> Наконечник медно-луженный JG - 25 IEK (200) | E55: =IF(ISNA(MATCH($C55,FA,0)),"",IF(INDEX(FIYAT_LISTE,MATCH($C55,FA,0))="","",INDEX(FIYAT_LISTE,MATCH($C55,FA,0)))) -> 156 | F55: =IF(ISNA(MATCH($C55,FA,0)),"",IF(INDEX(FIYAT_NET,MATCH($C55,FA,0))="","",INDEX(FIYAT_NET,MATCH($C55,FA,0)))) -> 156 | G55: =IF(OR(F55="",H55=""),"",H55*F55) -> 936 | H55: =ROUNDUP(SUMPRODUCT(SUMIFS($H$39:$H$44,$C$39:$C$44,FA,$N$39:$N$44,"<>YEDEK")*(F_BK=25)*F_TEL)*2*PABUC_FIRE,0) -> 6 | I55: =IF(ISNA(MATCH($C55,FA,0)),"",IF(INDEX(FIYAT_BIRIM,MATCH($C55,FA,0))="","",INDEX(FIYAT_BIRIM,MATCH($C55,FA,0)))) -> шт | J55: =IF(ISNA(MATCH($C55,FA,0)),"",IF(INDEX(FIYAT_MARKA,MATCH($C55,FA,0))="","",INDEX(FIYAT_MARKA,MATCH($C55,FA,0)))) -> ekt | K55: =K54 -> 260917 | L55: =G55 -> 936 | M55: =M54 -> 1 | N55: SARF | O55: pabuc | P55: =IF(ISNA(MATCH($C55,FA,0)),"ARTİKÜL YOK",INDEX(FIYAT_DURUM,MATCH($C55,FA,0))) -> ESKİ | Q55: kablo pabucu 25 mm² · tel başına 2 uç
A56: =A55 -> ЩР-1 (260917 fok atr) | B56: pabuc | C56: 260100138 | D56: =IF(ISNA(MATCH($C56,FA,0)),"ARTİKÜL FIYAT SAYFASINDA YOK",INDEX(FIYAT_AD,MATCH($C56,FA,0))) -> Наконечник медно-луженный JG - 6 IEK (600) | E56: =IF(ISNA(MATCH($C56,FA,0)),"",IF(INDEX(FIYAT_LISTE,MATCH($C56,FA,0))="","",INDEX(FIYAT_LISTE,MATCH($C56,FA,0)))) -> 76 | F56: =IF(ISNA(MATCH($C56,FA,0)),"",IF(INDEX(FIYAT_NET,MATCH($C56,FA,0))="","",INDEX(FIYAT_NET,MATCH($C56,FA,0)))) -> 76 | G56: =IF(OR(F56="",H56=""),"",H56*F56) -> 152 | H56: =2*N(KURALLAR!$J$204) -> 2 | I56: =IF(ISNA(MATCH($C56,FA,0)),"",IF(INDEX(FIYAT_BIRIM,MATCH($C56,FA,0))="","",INDEX(FIYAT_BIRIM,MATCH($C56,FA,0)))) -> шт | J56: =IF(ISNA(MATCH($C56,FA,0)),"",IF(INDEX(FIYAT_MARKA,MATCH($C56,FA,0))="","",INDEX(FIYAT_MARKA,MATCH($C56,FA,0)))) -> ekt | K56: =K55 -> 260917 | L56: =G56 -> 152 | M56: =M55 -> 1 | N56: SARF | O56: pabuc | P56: =IF(ISNA(MATCH($C56,FA,0)),"ARTİKÜL YOK",INDEX(FIYAT_DURUM,MATCH($C56,FA,0))) -> ESKİ | Q56: kapak topraklama pabucu
A57: =A56 -> ЩР-1 (260917 fok atr) | B57: bag | C57: 240100162 | D57: =IF(ISNA(MATCH($C57,FA,0)),"ARTİKÜL FIYAT SAYFASINDA YOK",INDEX(FIYAT_AD,MATCH($C57,FA,0))) -> Хомут 2,5х100 черный UNIT (100/500) | E57: =IF(ISNA(MATCH($C57,FA,0)),"",IF(INDEX(FIYAT_LISTE,MATCH($C57,FA,0))="","",INDEX(FIYAT_LISTE,MATCH($C57,FA,0)))) -> 182 | F57: =IF(ISNA(MATCH($C57,FA,0)),"",IF(INDEX(FIYAT_NET,MATCH($C57,FA,0))="","",INDEX(FIYAT_NET,MATCH($C57,FA,0)))) -> 182 | G57: =IF(OR(F57="",H57=""),"",H57*F57) -> 182 | H57: =ROUNDUP((N(H47)+N(H48)+N(H49)+N(H50)+N(H51))*BAG_ADET_M/MAX(1,IF(ISNA(MATCH($C57,FA,0)),1,N(INDEX(F_PAKET,MATCH($C57,FA,0))))),0) -> 1 | I57: =IF(ISNA(MATCH($C57,FA,0)),"",IF(INDEX(FIYAT_BIRIM,MATCH($C57,FA,0))="","",INDEX(FIYAT_BIRIM,MATCH($C57,FA,0)))) -> упак | J57: =IF(ISNA(MATCH($C57,FA,0)),"",IF(INDEX(FIYAT_MARKA,MATCH($C57,FA,0))="","",INDEX(FIYAT_MARKA,MATCH($C57,FA,0)))) -> ekt | K57: =K56 -> 260917 | L57: =G57 -> 182 | M57: =M56 -> 1 | N57: SARF | O57: bag | P57: =IF(ISNA(MATCH($C57,FA,0)),"ARTİKÜL YOK",INDEX(FIYAT_DURUM,MATCH($C57,FA,0))) -> ESKİ | Q57: kablo bağı
A58: =A57 -> ЩР-1 (260917 fok atr) | B58: монтажный материал | C58: монтажный материал | D58: монтажный материал | E58: =G59*MONTAJ_MALZ_KAT -> 3024 | F58: =E58 -> 3024 | G58: =H58*F58 -> 3024 | H58: 1 | I58: шт | J58: монтажный материал | K58: =K57 -> 260917 | L58: =G58 -> 3024 | M58: =M57 -> 1
A59: =A58 -> ЩР-1 (260917 fok atr) | B59: монтажная работа | C59: монтажная работа | D59: монтажная работа | E59: =ROUND(SUMPRODUCT(SUMIFS(H39:H58,O39:O58,TIP_AD)*NORM_DK)*ISCILIK_KAT/60,2) -> 1.26 | F59: =DK_UCRET -> 100 | G59: =H59*F59 -> 7560 | H59: =60*E59 -> 75.6 | I59: мин | J59: монтажная работа | K59: =K58 -> 260917 | L59: =G59 -> 7560 | M59: =M58 -> 1
A60: =A59 -> ЩР-1 (260917 fok atr) | G60: =SUM(G39:G59) -> 77323.2 | K60: =K59 -> 260917 | L60: =SUM(L39:L59) -> 77323.2 | M60: =M59 -> 1 | P60: =IF(COUNTIF(P39:P59,"FİYAT YOK")+COUNTIF(P39:P59,"YASAK")+COUNTIF(P39:P59,"MARKA YOK")+COUNTIF(P39:P59,"ARTİKÜL YOK")>0,"EKSİK FİYAT","") | Q60: =IF(KURALLAR!$Q$204="OK","","PANO: "&KURALLAR!$Q$204)
A61: =D61 -> ЩС-1 (260917 fok atr) | D61: ЩС-1 (260917 fok atr) | H61: 1 | I61: комплект | J61: TEKLED electric | K61: 260917 | M61: =H61 -> 1
A62: =A61 -> ЩС-1 (260917 fok atr) | B62: korpus | C62: 719-15925 | D62: Щит ЩРв-48з-3 620х310х120мм) | E62: 24490 | F62: =IF(ISNA(MATCH($C62,FA,0)),"",IF(INDEX(FIYAT_NET,MATCH($C62,FA,0))="","",INDEX(FIYAT_NET,MATCH($C62,FA,0)))) -> 14694 | G62: =IF(OR(F62="",H62=""),"",H62*F62) -> 14694 | H62: 1 | I62: =IF(ISNA(MATCH($C62,FA,0)),"",IF(INDEX(FIYAT_BIRIM,MATCH($C62,FA,0))="","",INDEX(FIYAT_BIRIM,MATCH($C62,FA,0)))) -> шт | J62: kaztek | K62: =K61 -> 260917 | L62: =G62 -> 14694 | M62: =M61 -> 1 | N62: KORPUS | O62: KORPUS_KUCUK | P62: =IF(ISNA(MATCH($C62,FA,0)),"ARTİKÜL YOK",INDEX(FIYAT_DURUM,MATCH($C62,FA,0))) -> OK | Q62: projede ЩРВ-18з — modül yetersiz (29 modül), büyütüldü
A63: =A62 -> ЩС-1 (260917 fok atr) | B63: bh | C63: 193183 | D63: =IF(ISNA(MATCH($C63,FA,0)),"ARTİKÜL FIYAT SAYFASINDA YOK",INDEX(FIYAT_AD,MATCH($C63,FA,0))) -> Выключатель нагрузки NXHB-125 3P 63A (R) | E63: =IF(ISNA(MATCH($C63,FA,0)),"",IF(INDEX(FIYAT_LISTE,MATCH($C63,FA,0))="","",INDEX(FIYAT_LISTE,MATCH($C63,FA,0)))) -> 4217 | F63: =IF(ISNA(MATCH($C63,FA,0)),"",IF(INDEX(FIYAT_NET,MATCH($C63,FA,0))="","",INDEX(FIYAT_NET,MATCH($C63,FA,0)))) -> 2530.2 | G63: =IF(OR(F63="",H63=""),"",H63*F63) -> 2530.2 | H63: 1 | I63: =IF(ISNA(MATCH($C63,FA,0)),"",IF(INDEX(FIYAT_BIRIM,MATCH($C63,FA,0))="","",INDEX(FIYAT_BIRIM,MATCH($C63,FA,0)))) -> шт | J63: =IF(ISNA(MATCH($C63,FA,0)),"",IF(INDEX(FIYAT_MARKA,MATCH($C63,FA,0))="","",INDEX(FIYAT_MARKA,MATCH($C63,FA,0)))) -> chint | K63: =K62 -> 260917 | L63: =G63 -> 2530.2 | M63: =M62 -> 1 | N63: GIRIS | O63: bh | P63: =IF(ISNA(MATCH($C63,FA,0)),"ARTİKÜL YOK",INDEX(FIYAT_DURUM,MATCH($C63,FA,0))) -> OK | Q63: ВН-32 3П 63А
A64: =A63 -> ЩС-1 (260917 fok atr) | B64: dif | C64: 515381 | D64: Диф. авт. выкл. NXBLE-63YH 1P+N C16 30mA тип A, 6kA (R) | E64: 5104 | F64: =IF(ISNA(MATCH($C64,FA,0)),"",IF(INDEX(FIYAT_NET,MATCH($C64,FA,0))="","",INDEX(FIYAT_NET,MATCH($C64,FA,0)))) -> 3062.4 | G64: =IF(OR(F64="",H64=""),"",H64*F64) -> 39811.2 | H64: 13 | I64: =IF(ISNA(MATCH($C64,FA,0)),"",IF(INDEX(FIYAT_BIRIM,MATCH($C64,FA,0))="","",INDEX(FIYAT_BIRIM,MATCH($C64,FA,0)))) -> шт | J64: =IF(ISNA(MATCH($C64,FA,0)),"",IF(INDEX(FIYAT_MARKA,MATCH($C64,FA,0))="","",INDEX(FIYAT_MARKA,MATCH($C64,FA,0)))) -> chint | K64: =K63 -> 260917 | L64: =G64 -> 39811.2 | M64: =M63 -> 1 | N64: CIKIS | O64: dif | P64: =IF(ISNA(MATCH($C64,FA,0)),"ARTİKÜL YOK",INDEX(FIYAT_DURUM,MATCH($C64,FA,0))) -> OK | Q64: АД12 2Р 16А 30мА (А1…А11)
A65: =A64 -> ЩС-1 (260917 fok atr) | B65: nbara | C65: =IF((SUMIFS($H$62:$H$64,$N$62:$N$64,"CIKIS")+SUMIFS($H$62:$H$64,$N$62:$N$64,"KUMANDA")+1)>MAX(SNI_DELIK),INDEX(SNI_KOD,ROWS(SNI_KOD)),INDEX(SNI_KOD,COUNTIF(SNI_DELIK,"<"&(SUMIFS($H$62:$H$64,$N$62:$N$64,"CIKIS")+SUMIFS($H$62:$H$64,$N$62:$N$64,"KUMANDA")+1))+1)) -> 130200363 | D65: =IF(ISNA(MATCH($C65,FA,0)),"ARTİKÜL FIYAT SAYFASINDA YOK",INDEX(FIYAT_AD,MATCH($C65,FA,0))) -> Шина "N" нулевая 8х12мм комб с изол "Стойка" ШНИ 14-КС-С UNIT (20/200) | E65: =IF(ISNA(MATCH($C65,FA,0)),"",IF(INDEX(FIYAT_LISTE,MATCH($C65,FA,0))="","",INDEX(FIYAT_LISTE,MATCH($C65,FA,0)))) -> 1049 | F65: =IF(ISNA(MATCH($C65,FA,0)),"",IF(INDEX(FIYAT_NET,MATCH($C65,FA,0))="","",INDEX(FIYAT_NET,MATCH($C65,FA,0)))) -> 1049 | G65: =IF(OR(F65="",H65=""),"",H65*F65) -> 1049 | H65: =IF((SUMIFS($H$62:$H$64,$N$62:$N$64,"CIKIS")+SUMIFS($H$62:$H$64,$N$62:$N$64,"KUMANDA")+1)>MAX(SNI_DELIK),ROUNDUP((SUMIFS($H$62:$H$64,$N$62:$N$64,"CIKIS")+SUMIFS($H$62:$H$64,$N$62:$N$64,"KUMANDA")+1)/MAX(SNI_DELIK),0),1) -> 1 | I65: =IF(ISNA(MATCH($C65,FA,0)),"",IF(INDEX(FIYAT_BIRIM,MATCH($C65,FA,0))="","",INDEX(FIYAT_BIRIM,MATCH($C65,FA,0)))) -> шт | J65: =IF(ISNA(MATCH($C65,FA,0)),"",IF(INDEX(FIYAT_MARKA,MATCH($C65,FA,0))="","",INDEX(FIYAT_MARKA,MATCH($C65,FA,0)))) -> ekt | K65: =K64 -> 260917 | L65: =G65 -> 1049 | M65: =M64 -> 1 | N65: SARF | O65: nbara | P65: =IF(ISNA(MATCH($C65,FA,0)),"ARTİKÜL YOK",INDEX(FIYAT_DURUM,MATCH($C65,FA,0))) -> ESKİ | Q65: N barası (otomatik)
A66: =A65 -> ЩС-1 (260917 fok atr) | B66: nbara | C66: =IF((SUMIFS($H$62:$H$64,$N$62:$N$64,"CIKIS")+2+N(KURALLAR!$J$205))>MAX(SNI_DELIK),INDEX(SNI_KOD,ROWS(SNI_KOD)),INDEX(SNI_KOD,COUNTIF(SNI_DELIK,"<"&(SUMIFS($H$62:$H$64,$N$62:$N$64,"CIKIS")+2+N(KURALLAR!$J$205)))+1)) -> 130200363 | D66: =IF(ISNA(MATCH($C66,FA,0)),"ARTİKÜL FIYAT SAYFASINDA YOK",INDEX(FIYAT_AD,MATCH($C66,FA,0))) -> Шина "N" нулевая 8х12мм комб с изол "Стойка" ШНИ 14-КС-С UNIT (20/200) | E66: =IF(ISNA(MATCH($C66,FA,0)),"",IF(INDEX(FIYAT_LISTE,MATCH($C66,FA,0))="","",INDEX(FIYAT_LISTE,MATCH($C66,FA,0)))) -> 1049 | F66: =IF(ISNA(MATCH($C66,FA,0)),"",IF(INDEX(FIYAT_NET,MATCH($C66,FA,0))="","",INDEX(FIYAT_NET,MATCH($C66,FA,0)))) -> 1049 | G66: =IF(OR(F66="",H66=""),"",H66*F66) -> 2098 | H66: =IF((SUMIFS($H$62:$H$64,$N$62:$N$64,"CIKIS")+2+N(KURALLAR!$J$205))>MAX(SNI_DELIK),ROUNDUP((SUMIFS($H$62:$H$64,$N$62:$N$64,"CIKIS")+2+N(KURALLAR!$J$205))/MAX(SNI_DELIK),0),1) -> 2 | I66: =IF(ISNA(MATCH($C66,FA,0)),"",IF(INDEX(FIYAT_BIRIM,MATCH($C66,FA,0))="","",INDEX(FIYAT_BIRIM,MATCH($C66,FA,0)))) -> шт | J66: =IF(ISNA(MATCH($C66,FA,0)),"",IF(INDEX(FIYAT_MARKA,MATCH($C66,FA,0))="","",INDEX(FIYAT_MARKA,MATCH($C66,FA,0)))) -> ekt | K66: =K65 -> 260917 | L66: =G66 -> 2098 | M66: =M65 -> 1 | N66: SARF | O66: nbara | P66: =IF(ISNA(MATCH($C66,FA,0)),"ARTİKÜL YOK",INDEX(FIYAT_DURUM,MATCH($C66,FA,0))) -> ESKİ | Q66: PE barası (otomatik)
A67: =A66 -> ЩС-1 (260917 fok atr) | B67: kablo | C67: 151.01.PV3.02,5 | D67: =IF(ISNA(MATCH($C67,FA,0)),"ARTİKÜL FIYAT SAYFASINDA YOK",INDEX(FIYAT_AD,MATCH($C67,FA,0))) -> HARMONY ПВ3 1*2,5 | E67: =IF(ISNA(MATCH($C67,FA,0)),"",IF(INDEX(FIYAT_LISTE,MATCH($C67,FA,0))="","",INDEX(FIYAT_LISTE,MATCH($C67,FA,0)))) -> 174 | F67: =IF(ISNA(MATCH($C67,FA,0)),"",IF(INDEX(FIYAT_NET,MATCH($C67,FA,0))="","",INDEX(FIYAT_NET,MATCH($C67,FA,0)))) -> 174 | G67: =IF(OR(F67="",H67=""),"",H67*F67) -> 1496.4 | H67: =ROUND(SUMPRODUCT(SUMIFS($H$62:$H$64,$C$62:$C$64,FA,$N$62:$N$64,"<>YEDEK")*(F_BK=2.5)*F_TELM)*KABLO_FIRE,1) -> 8.6 | I67: =IF(ISNA(MATCH($C67,FA,0)),"",IF(INDEX(FIYAT_BIRIM,MATCH($C67,FA,0))="","",INDEX(FIYAT_BIRIM,MATCH($C67,FA,0)))) -> м | J67: =IF(ISNA(MATCH($C67,FA,0)),"",IF(INDEX(FIYAT_MARKA,MATCH($C67,FA,0))="","",INDEX(FIYAT_MARKA,MATCH($C67,FA,0)))) -> harmony | K67: =K66 -> 260917 | L67: =G67 -> 1496.4 | M67: =M66 -> 1 | N67: SARF | O67: kablo | P67: =IF(ISNA(MATCH($C67,FA,0)),"ARTİKÜL YOK",INDEX(FIYAT_DURUM,MATCH($C67,FA,0))) -> TARİH YOK | Q67: ПВ3 2.5 mm² pano içi
A68: =A67 -> ЩС-1 (260917 fok atr) | B68: kablo | C68: 151.01.PV3.16 | D68: =IF(ISNA(MATCH($C68,FA,0)),"ARTİKÜL FIYAT SAYFASINDA YOK",INDEX(FIYAT_AD,MATCH($C68,FA,0))) -> HARMONY ПВ3 1*16 | E68: =IF(ISNA(MATCH($C68,FA,0)),"",IF(INDEX(FIYAT_LISTE,MATCH($C68,FA,0))="","",INDEX(FIYAT_LISTE,MATCH($C68,FA,0)))) -> 1084 | F68: =IF(ISNA(MATCH($C68,FA,0)),"",IF(INDEX(FIYAT_NET,MATCH($C68,FA,0))="","",INDEX(FIYAT_NET,MATCH($C68,FA,0)))) -> 1084 | G68: =IF(OR(F68="",H68=""),"",H68*F68) -> 1084 | H68: =ROUND(SUMPRODUCT(SUMIFS($H$62:$H$64,$C$62:$C$64,FA,$N$62:$N$64,"<>YEDEK")*(F_BK=16)*F_TELM)*KABLO_FIRE,1) -> 1 | I68: =IF(ISNA(MATCH($C68,FA,0)),"",IF(INDEX(FIYAT_BIRIM,MATCH($C68,FA,0))="","",INDEX(FIYAT_BIRIM,MATCH($C68,FA,0)))) -> м | J68: =IF(ISNA(MATCH($C68,FA,0)),"",IF(INDEX(FIYAT_MARKA,MATCH($C68,FA,0))="","",INDEX(FIYAT_MARKA,MATCH($C68,FA,0)))) -> harmony | K68: =K67 -> 260917 | L68: =G68 -> 1084 | M68: =M67 -> 1 | N68: SARF | O68: kablo | P68: =IF(ISNA(MATCH($C68,FA,0)),"ARTİKÜL YOK",INDEX(FIYAT_DURUM,MATCH($C68,FA,0))) -> TARİH YOK | Q68: ПВ3 16 mm² pano içi
A69: =A68 -> ЩС-1 (260917 fok atr) | B69: kablo | C69: 151.01.PV3.06 | D69: =IF(ISNA(MATCH($C69,FA,0)),"ARTİKÜL FIYAT SAYFASINDA YOK",INDEX(FIYAT_AD,MATCH($C69,FA,0))) -> HARMONY ПВ3 1*6 | E69: =IF(ISNA(MATCH($C69,FA,0)),"",IF(INDEX(FIYAT_LISTE,MATCH($C69,FA,0))="","",INDEX(FIYAT_LISTE,MATCH($C69,FA,0)))) -> 398 | F69: =IF(ISNA(MATCH($C69,FA,0)),"",IF(INDEX(FIYAT_NET,MATCH($C69,FA,0))="","",INDEX(FIYAT_NET,MATCH($C69,FA,0)))) -> 398 | G69: =IF(OR(F69="",H69=""),"",H69*F69) -> 199 | H69: =N(KURALLAR!$J$205)*KAPI_TOPRAK_M -> 0.5 | I69: =IF(ISNA(MATCH($C69,FA,0)),"",IF(INDEX(FIYAT_BIRIM,MATCH($C69,FA,0))="","",INDEX(FIYAT_BIRIM,MATCH($C69,FA,0)))) -> м | J69: =IF(ISNA(MATCH($C69,FA,0)),"",IF(INDEX(FIYAT_MARKA,MATCH($C69,FA,0))="","",INDEX(FIYAT_MARKA,MATCH($C69,FA,0)))) -> harmony | K69: =K68 -> 260917 | L69: =G69 -> 199 | M69: =M68 -> 1 | N69: SARF | O69: kablo | P69: =IF(ISNA(MATCH($C69,FA,0)),"ARTİKÜL YOK",INDEX(FIYAT_DURUM,MATCH($C69,FA,0))) -> TARİH YOK | Q69: kapak topraklama iletkeni 6 mm²
A70: =A69 -> ЩС-1 (260917 fok atr) | B70: yuksuk | C70: 311100820 | D70: =IF(ISNA(MATCH($C70,FA,0)),"ARTİKÜL FIYAT SAYFASINDA YOK",INDEX(FIYAT_AD,MATCH($C70,FA,0))) -> Наконечник НШВИ 2,5-8 изолированный 79443 (100шт) КВТ NEW | E70: =IF(ISNA(MATCH($C70,FA,0)),"",IF(INDEX(FIYAT_LISTE,MATCH($C70,FA,0))="","",INDEX(FIYAT_LISTE,MATCH($C70,FA,0)))) -> 540 | F70: =IF(ISNA(MATCH($C70,FA,0)),"",IF(INDEX(FIYAT_NET,MATCH($C70,FA,0))="","",INDEX(FIYAT_NET,MATCH($C70,FA,0)))) -> 540 | G70: =IF(OR(F70="",H70=""),"",H70*F70) -> 1080 | H70: =ROUNDUP(SUMPRODUCT(SUMIFS($H$62:$H$64,$C$62:$C$64,FA,$N$62:$N$64,"<>YEDEK")*(F_BK=2.5)*F_TEL)*2*YUKSUK_FIRE/MAX(1,IF(ISNA(MATCH($C70,FA,0)),1,N(INDEX(F_PAKET,MATCH($C70,FA,0))))),0) -> 2 | I70: =IF(ISNA(MATCH($C70,FA,0)),"",IF(INDEX(FIYAT_BIRIM,MATCH($C70,FA,0))="","",INDEX(FIYAT_BIRIM,MATCH($C70,FA,0)))) -> упак | J70: =IF(ISNA(MATCH($C70,FA,0)),"",IF(INDEX(FIYAT_MARKA,MATCH($C70,FA,0))="","",INDEX(FIYAT_MARKA,MATCH($C70,FA,0)))) -> ekt | K70: =K69 -> 260917 | L70: =G70 -> 1080 | M70: =M69 -> 1 | N70: SARF | O70: yuksuk | P70: =IF(ISNA(MATCH($C70,FA,0)),"ARTİKÜL YOK",INDEX(FIYAT_DURUM,MATCH($C70,FA,0))) -> ESKİ | Q70: yüksük 2.5 mm² · tel başına 2 uç
A71: =A70 -> ЩС-1 (260917 fok atr) | B71: yuksuk | C71: 311100829 | D71: =IF(ISNA(MATCH($C71,FA,0)),"ARTİKÜL FIYAT SAYFASINDA YOK",INDEX(FIYAT_AD,MATCH($C71,FA,0))) -> Наконечник НШВИ 16-12 изолированный 79452 (100шт) КВТ NEW | E71: =IF(ISNA(MATCH($C71,FA,0)),"",IF(INDEX(FIYAT_LISTE,MATCH($C71,FA,0))="","",INDEX(FIYAT_LISTE,MATCH($C71,FA,0)))) -> 1919 | F71: =IF(ISNA(MATCH($C71,FA,0)),"",IF(INDEX(FIYAT_NET,MATCH($C71,FA,0))="","",INDEX(FIYAT_NET,MATCH($C71,FA,0)))) -> 1919 | G71: =IF(OR(F71="",H71=""),"",H71*F71) -> 1919 | H71: =ROUNDUP((ROUNDUP(SUMPRODUCT(SUMIFS($H$62:$H$64,$C$62:$C$64,FA,$N$62:$N$64,"<>YEDEK")*(F_BK=16)*F_TEL)*2*PABUC_FIRE,0))/MAX(1,IF(ISNA(MATCH($C71,FA,0)),1,N(INDEX(F_PAKET,MATCH($C71,FA,0))))),0) -> 1 | I71: =IF(ISNA(MATCH($C71,FA,0)),"",IF(INDEX(FIYAT_BIRIM,MATCH($C71,FA,0))="","",INDEX(FIYAT_BIRIM,MATCH($C71,FA,0)))) -> упак | J71: =IF(ISNA(MATCH($C71,FA,0)),"",IF(INDEX(FIYAT_MARKA,MATCH($C71,FA,0))="","",INDEX(FIYAT_MARKA,MATCH($C71,FA,0)))) -> ekt | K71: =K70 -> 260917 | L71: =G71 -> 1919 | M71: =M70 -> 1 | N71: SARF | O71: yuksuk | P71: =IF(ISNA(MATCH($C71,FA,0)),"ARTİKÜL YOK",INDEX(FIYAT_DURUM,MATCH($C71,FA,0))) -> ESKİ | Q71: yüksük 16 mm² · NXHB kafes klemensi (JG-16 yerine)
A72: =A71 -> ЩС-1 (260917 fok atr) | B72: pabuc | C72: 260100138 | D72: =IF(ISNA(MATCH($C72,FA,0)),"ARTİKÜL FIYAT SAYFASINDA YOK",INDEX(FIYAT_AD,MATCH($C72,FA,0))) -> Наконечник медно-луженный JG - 6 IEK (600) | E72: =IF(ISNA(MATCH($C72,FA,0)),"",IF(INDEX(FIYAT_LISTE,MATCH($C72,FA,0))="","",INDEX(FIYAT_LISTE,MATCH($C72,FA,0)))) -> 76 | F72: =IF(ISNA(MATCH($C72,FA,0)),"",IF(INDEX(FIYAT_NET,MATCH($C72,FA,0))="","",INDEX(FIYAT_NET,MATCH($C72,FA,0)))) -> 76 | G72: =IF(OR(F72="",H72=""),"",H72*F72) -> 152 | H72: =2*N(KURALLAR!$J$205) -> 2 | I72: =IF(ISNA(MATCH($C72,FA,0)),"",IF(INDEX(FIYAT_BIRIM,MATCH($C72,FA,0))="","",INDEX(FIYAT_BIRIM,MATCH($C72,FA,0)))) -> шт | J72: =IF(ISNA(MATCH($C72,FA,0)),"",IF(INDEX(FIYAT_MARKA,MATCH($C72,FA,0))="","",INDEX(FIYAT_MARKA,MATCH($C72,FA,0)))) -> ekt | K72: =K71 -> 260917 | L72: =G72 -> 152 | M72: =M71 -> 1 | N72: SARF | O72: pabuc | P72: =IF(ISNA(MATCH($C72,FA,0)),"ARTİKÜL YOK",INDEX(FIYAT_DURUM,MATCH($C72,FA,0))) -> ESKİ | Q72: kapak topraklama pabucu
A73: =A72 -> ЩС-1 (260917 fok atr) | B73: bag | C73: 240100162 | D73: =IF(ISNA(MATCH($C73,FA,0)),"ARTİKÜL FIYAT SAYFASINDA YOK",INDEX(FIYAT_AD,MATCH($C73,FA,0))) -> Хомут 2,5х100 черный UNIT (100/500) | E73: =IF(ISNA(MATCH($C73,FA,0)),"",IF(INDEX(FIYAT_LISTE,MATCH($C73,FA,0))="","",INDEX(FIYAT_LISTE,MATCH($C73,FA,0)))) -> 182 | F73: =IF(ISNA(MATCH($C73,FA,0)),"",IF(INDEX(FIYAT_NET,MATCH($C73,FA,0))="","",INDEX(FIYAT_NET,MATCH($C73,FA,0)))) -> 182 | G73: =IF(OR(F73="",H73=""),"",H73*F73) -> 182 | H73: =ROUNDUP((N(H67)+N(H68)+N(H69))*BAG_ADET_M/MAX(1,IF(ISNA(MATCH($C73,FA,0)),1,N(INDEX(F_PAKET,MATCH($C73,FA,0))))),0) -> 1 | I73: =IF(ISNA(MATCH($C73,FA,0)),"",IF(INDEX(FIYAT_BIRIM,MATCH($C73,FA,0))="","",INDEX(FIYAT_BIRIM,MATCH($C73,FA,0)))) -> упак | J73: =IF(ISNA(MATCH($C73,FA,0)),"",IF(INDEX(FIYAT_MARKA,MATCH($C73,FA,0))="","",INDEX(FIYAT_MARKA,MATCH($C73,FA,0)))) -> ekt | K73: =K72 -> 260917 | L73: =G73 -> 182 | M73: =M72 -> 1 | N73: SARF | O73: bag | P73: =IF(ISNA(MATCH($C73,FA,0)),"ARTİKÜL YOK",INDEX(FIYAT_DURUM,MATCH($C73,FA,0))) -> ESKİ | Q73: kablo bağı
A74: =A73 -> ЩС-1 (260917 fok atr) | B74: монтажный материал | C74: монтажный материал | D74: монтажный материал | E74: =G75*MONTAJ_MALZ_KAT -> 3912 | F74: =E74 -> 3912 | G74: =H74*F74 -> 3912 | H74: 1 | I74: шт | J74: монтажный материал | K74: =K73 -> 260917 | L74: =G74 -> 3912 | M74: =M73 -> 1
A75: =A74 -> ЩС-1 (260917 fok atr) | B75: монтажная работа | C75: монтажная работа | D75: монтажная работа | E75: =ROUND(SUMPRODUCT(SUMIFS(H62:H74,O62:O74,TIP_AD)*NORM_DK)*ISCILIK_KAT/60,2) -> 1.63 | F75: =DK_UCRET -> 100 | G75: =H75*F75 -> 9780 | H75: =60*E75 -> 97.8 | I75: мин | J75: монтажная работа | K75: =K74 -> 260917 | L75: =G75 -> 9780 | M75: =M74 -> 1
A76: =A75 -> ЩС-1 (260917 fok atr) | G76: =SUM(G62:G75) -> 79986.8 | K76: =K75 -> 260917 | L76: =SUM(L62:L75) -> 79986.8 | M76: =M75 -> 1 | P76: =IF(COUNTIF(P62:P75,"FİYAT YOK")+COUNTIF(P62:P75,"YASAK")+COUNTIF(P62:P75,"MARKA YOK")+COUNTIF(P62:P75,"ARTİKÜL YOK")>0,"EKSİK FİYAT","") | Q76: =IF(KURALLAR!$Q$205="OK","","PANO: "&KURALLAR!$Q$205)
A77: =D77 -> ЩС-2 (260917 fok atr) | D77: ЩС-2 (260917 fok atr) | H77: 1 | I77: комплект | J77: TEKLED electric | K77: 260917 | M77: =H77 -> 1
A78: =A77 -> ЩС-2 (260917 fok atr) | B78: korpus | C78: 719-15925 | D78: Щит ЩРв-48з-3 620х310х120мм) | E78: 24490 | F78: =IF(ISNA(MATCH($C78,FA,0)),"",IF(INDEX(FIYAT_NET,MATCH($C78,FA,0))="","",INDEX(FIYAT_NET,MATCH($C78,FA,0)))) -> 14694 | G78: =IF(OR(F78="",H78=""),"",H78*F78) -> 14694 | H78: 1 | I78: =IF(ISNA(MATCH($C78,FA,0)),"",IF(INDEX(FIYAT_BIRIM,MATCH($C78,FA,0))="","",INDEX(FIYAT_BIRIM,MATCH($C78,FA,0)))) -> шт | J78: kaztek | K78: =K77 -> 260917 | L78: =G78 -> 14694 | M78: =M77 -> 1 | N78: KORPUS | O78: KORPUS_KUCUK | P78: =IF(ISNA(MATCH($C78,FA,0)),"ARTİKÜL YOK",INDEX(FIYAT_DURUM,MATCH($C78,FA,0))) -> OK | Q78: projede ЩРВ-36з — modül yetersiz (42 modül), büyütüldü
A79: =A78 -> ЩС-2 (260917 fok atr) | B79: bh | C79: 193183 | D79: =IF(ISNA(MATCH($C79,FA,0)),"ARTİKÜL FIYAT SAYFASINDA YOK",INDEX(FIYAT_AD,MATCH($C79,FA,0))) -> Выключатель нагрузки NXHB-125 3P 63A (R) | E79: =IF(ISNA(MATCH($C79,FA,0)),"",IF(INDEX(FIYAT_LISTE,MATCH($C79,FA,0))="","",INDEX(FIYAT_LISTE,MATCH($C79,FA,0)))) -> 4217 | F79: =IF(ISNA(MATCH($C79,FA,0)),"",IF(INDEX(FIYAT_NET,MATCH($C79,FA,0))="","",INDEX(FIYAT_NET,MATCH($C79,FA,0)))) -> 2530.2 | G79: =IF(OR(F79="",H79=""),"",H79*F79) -> 2530.2 | H79: 1 | I79: =IF(ISNA(MATCH($C79,FA,0)),"",IF(INDEX(FIYAT_BIRIM,MATCH($C79,FA,0))="","",INDEX(FIYAT_BIRIM,MATCH($C79,FA,0)))) -> шт | J79: =IF(ISNA(MATCH($C79,FA,0)),"",IF(INDEX(FIYAT_MARKA,MATCH($C79,FA,0))="","",INDEX(FIYAT_MARKA,MATCH($C79,FA,0)))) -> chint | K79: =K78 -> 260917 | L79: =G79 -> 2530.2 | M79: =M78 -> 1 | N79: GIRIS | O79: bh | P79: =IF(ISNA(MATCH($C79,FA,0)),"ARTİKÜL YOK",INDEX(FIYAT_DURUM,MATCH($C79,FA,0))) -> OK | Q79: ВН-32 3П 63А (СО: ВА47-29 3Р 25А — şema uygulandı)
A80: =A79 -> ЩС-2 (260917 fok atr) | B80: oto | C80: 296826 | D80: =IF(ISNA(MATCH($C80,FA,0)),"ARTİKÜL FIYAT SAYFASINDA YOK",INDEX(FIYAT_AD,MATCH($C80,FA,0))) -> Авт. выкл. NXB-63S 3P 10А 4.5kA х-ка C (R) | E80: =IF(ISNA(MATCH($C80,FA,0)),"",IF(INDEX(FIYAT_LISTE,MATCH($C80,FA,0))="","",INDEX(FIYAT_LISTE,MATCH($C80,FA,0)))) -> 2447 | F80: =IF(ISNA(MATCH($C80,FA,0)),"",IF(INDEX(FIYAT_NET,MATCH($C80,FA,0))="","",INDEX(FIYAT_NET,MATCH($C80,FA,0)))) -> 1468.2 | G80: =IF(OR(F80="",H80=""),"",H80*F80) -> 1468.2 | H80: 1 | I80: =IF(ISNA(MATCH($C80,FA,0)),"",IF(INDEX(FIYAT_BIRIM,MATCH($C80,FA,0))="","",INDEX(FIYAT_BIRIM,MATCH($C80,FA,0)))) -> шт | J80: =IF(ISNA(MATCH($C80,FA,0)),"",IF(INDEX(FIYAT_MARKA,MATCH($C80,FA,0))="","",INDEX(FIYAT_MARKA,MATCH($C80,FA,0)))) -> chint | K80: =K79 -> 260917 | L80: =G80 -> 1468.2 | M80: =M79 -> 1 | N80: CIKIS | O80: oto | P80: =IF(ISNA(MATCH($C80,FA,0)),"ARTİKÜL YOK",INDEX(FIYAT_DURUM,MATCH($C80,FA,0))) -> OK | Q80: ВА47-29 3П 10А — Н3 дренажный насос
A81: =A80 -> ЩС-2 (260917 fok atr) | B81: dif | C81: 515381 | D81: Диф. авт. выкл. NXBLE-63YH 1P+N C16 30mA тип A, 6kA (R) | E81: 5104 | F81: =IF(ISNA(MATCH($C81,FA,0)),"",IF(INDEX(FIYAT_NET,MATCH($C81,FA,0))="","",INDEX(FIYAT_NET,MATCH($C81,FA,0)))) -> 3062.4 | G81: =IF(OR(F81="",H81=""),"",H81*F81) -> 55123.2 | H81: 18 | I81: =IF(ISNA(MATCH($C81,FA,0)),"",IF(INDEX(FIYAT_BIRIM,MATCH($C81,FA,0))="","",INDEX(FIYAT_BIRIM,MATCH($C81,FA,0)))) -> шт | J81: =IF(ISNA(MATCH($C81,FA,0)),"",IF(INDEX(FIYAT_MARKA,MATCH($C81,FA,0))="","",INDEX(FIYAT_MARKA,MATCH($C81,FA,0)))) -> chint | K81: =K80 -> 260917 | L81: =G81 -> 55123.2 | M81: =M80 -> 1 | N81: CIKIS | O81: dif | P81: =IF(ISNA(MATCH($C81,FA,0)),"ARTİKÜL YOK",INDEX(FIYAT_DURUM,MATCH($C81,FA,0))) -> OK | Q81: АД12 2Р 16А 30мА (НА1…НА18)
A82: =A81 -> ЩС-2 (260917 fok atr) | B82: nbara | C82: =IF((SUMIFS($H$78:$H$81,$N$78:$N$81,"CIKIS")+SUMIFS($H$78:$H$81,$N$78:$N$81,"KUMANDA")+1)>MAX(SNI_DELIK),INDEX(SNI_KOD,ROWS(SNI_KOD)),INDEX(SNI_KOD,COUNTIF(SNI_DELIK,"<"&(SUMIFS($H$78:$H$81,$N$78:$N$81,"CIKIS")+SUMIFS($H$78:$H$81,$N$78:$N$81,"KUMANDA")+1))+1)) -> 130200363 | D82: =IF(ISNA(MATCH($C82,FA,0)),"ARTİKÜL FIYAT SAYFASINDA YOK",INDEX(FIYAT_AD,MATCH($C82,FA,0))) -> Шина "N" нулевая 8х12мм комб с изол "Стойка" ШНИ 14-КС-С UNIT (20/200) | E82: =IF(ISNA(MATCH($C82,FA,0)),"",IF(INDEX(FIYAT_LISTE,MATCH($C82,FA,0))="","",INDEX(FIYAT_LISTE,MATCH($C82,FA,0)))) -> 1049 | F82: =IF(ISNA(MATCH($C82,FA,0)),"",IF(INDEX(FIYAT_NET,MATCH($C82,FA,0))="","",INDEX(FIYAT_NET,MATCH($C82,FA,0)))) -> 1049 | G82: =IF(OR(F82="",H82=""),"",H82*F82) -> 2098 | H82: =IF((SUMIFS($H$78:$H$81,$N$78:$N$81,"CIKIS")+SUMIFS($H$78:$H$81,$N$78:$N$81,"KUMANDA")+1)>MAX(SNI_DELIK),ROUNDUP((SUMIFS($H$78:$H$81,$N$78:$N$81,"CIKIS")+SUMIFS($H$78:$H$81,$N$78:$N$81,"KUMANDA")+1)/MAX(SNI_DELIK),0),1) -> 2 | I82: =IF(ISNA(MATCH($C82,FA,0)),"",IF(INDEX(FIYAT_BIRIM,MATCH($C82,FA,0))="","",INDEX(FIYAT_BIRIM,MATCH($C82,FA,0)))) -> шт | J82: =IF(ISNA(MATCH($C82,FA,0)),"",IF(INDEX(FIYAT_MARKA,MATCH($C82,FA,0))="","",INDEX(FIYAT_MARKA,MATCH($C82,FA,0)))) -> ekt | K82: =K81 -> 260917 | L82: =G82 -> 2098 | M82: =M81 -> 1 | N82: SARF | O82: nbara | P82: =IF(ISNA(MATCH($C82,FA,0)),"ARTİKÜL YOK",INDEX(FIYAT_DURUM,MATCH($C82,FA,0))) -> ESKİ | Q82: N barası (otomatik)
A83: =A82 -> ЩС-2 (260917 fok atr) | B83: nbara | C83: =IF((SUMIFS($H$78:$H$81,$N$78:$N$81,"CIKIS")+2+N(KURALLAR!$J$206))>MAX(SNI_DELIK),INDEX(SNI_KOD,ROWS(SNI_KOD)),INDEX(SNI_KOD,COUNTIF(SNI_DELIK,"<"&(SUMIFS($H$78:$H$81,$N$78:$N$81,"CIKIS")+2+N(KURALLAR!$J$206)))+1)) -> 130200363 | D83: =IF(ISNA(MATCH($C83,FA,0)),"ARTİKÜL FIYAT SAYFASINDA YOK",INDEX(FIYAT_AD,MATCH($C83,FA,0))) -> Шина "N" нулевая 8х12мм комб с изол "Стойка" ШНИ 14-КС-С UNIT (20/200) | E83: =IF(ISNA(MATCH($C83,FA,0)),"",IF(INDEX(FIYAT_LISTE,MATCH($C83,FA,0))="","",INDEX(FIYAT_LISTE,MATCH($C83,FA,0)))) -> 1049 | F83: =IF(ISNA(MATCH($C83,FA,0)),"",IF(INDEX(FIYAT_NET,MATCH($C83,FA,0))="","",INDEX(FIYAT_NET,MATCH($C83,FA,0)))) -> 1049 | G83: =IF(OR(F83="",H83=""),"",H83*F83) -> 2098 | H83: =IF((SUMIFS($H$78:$H$81,$N$78:$N$81,"CIKIS")+2+N(KURALLAR!$J$206))>MAX(SNI_DELIK),ROUNDUP((SUMIFS($H$78:$H$81,$N$78:$N$81,"CIKIS")+2+N(KURALLAR!$J$206))/MAX(SNI_DELIK),0),1) -> 2 | I83: =IF(ISNA(MATCH($C83,FA,0)),"",IF(INDEX(FIYAT_BIRIM,MATCH($C83,FA,0))="","",INDEX(FIYAT_BIRIM,MATCH($C83,FA,0)))) -> шт | J83: =IF(ISNA(MATCH($C83,FA,0)),"",IF(INDEX(FIYAT_MARKA,MATCH($C83,FA,0))="","",INDEX(FIYAT_MARKA,MATCH($C83,FA,0)))) -> ekt | K83: =K82 -> 260917 | L83: =G83 -> 2098 | M83: =M82 -> 1 | N83: SARF | O83: nbara | P83: =IF(ISNA(MATCH($C83,FA,0)),"ARTİKÜL YOK",INDEX(FIYAT_DURUM,MATCH($C83,FA,0))) -> ESKİ | Q83: PE barası (otomatik)
A84: =A83 -> ЩС-2 (260917 fok atr) | B84: kablo | C84: 151.01.PV3.01,5 | D84: =IF(ISNA(MATCH($C84,FA,0)),"ARTİKÜL FIYAT SAYFASINDA YOK",INDEX(FIYAT_AD,MATCH($C84,FA,0))) -> HARMONY ПВ3 1*1,5 | E84: =IF(ISNA(MATCH($C84,FA,0)),"",IF(INDEX(FIYAT_LISTE,MATCH($C84,FA,0))="","",INDEX(FIYAT_LISTE,MATCH($C84,FA,0)))) -> 105 | F84: =IF(ISNA(MATCH($C84,FA,0)),"",IF(INDEX(FIYAT_NET,MATCH($C84,FA,0))="","",INDEX(FIYAT_NET,MATCH($C84,FA,0)))) -> 105 | G84: =IF(OR(F84="",H84=""),"",H84*F84) -> 84 | H84: =ROUND(SUMPRODUCT(SUMIFS($H$78:$H$81,$C$78:$C$81,FA,$N$78:$N$81,"<>YEDEK")*(F_BK=1.5)*F_TELM)*KABLO_FIRE,1) -> 0.8 | I84: =IF(ISNA(MATCH($C84,FA,0)),"",IF(INDEX(FIYAT_BIRIM,MATCH($C84,FA,0))="","",INDEX(FIYAT_BIRIM,MATCH($C84,FA,0)))) -> м | J84: =IF(ISNA(MATCH($C84,FA,0)),"",IF(INDEX(FIYAT_MARKA,MATCH($C84,FA,0))="","",INDEX(FIYAT_MARKA,MATCH($C84,FA,0)))) -> harmony | K84: =K83 -> 260917 | L84: =G84 -> 84 | M84: =M83 -> 1 | N84: SARF | O84: kablo | P84: =IF(ISNA(MATCH($C84,FA,0)),"ARTİKÜL YOK",INDEX(FIYAT_DURUM,MATCH($C84,FA,0))) -> TARİH YOK | Q84: ПВ3 1.5 mm² pano içi
A85: =A84 -> ЩС-2 (260917 fok atr) | B85: kablo | C85: 151.01.PV3.02,5 | D85: =IF(ISNA(MATCH($C85,FA,0)),"ARTİKÜL FIYAT SAYFASINDA YOK",INDEX(FIYAT_AD,MATCH($C85,FA,0))) -> HARMONY ПВ3 1*2,5 | E85: =IF(ISNA(MATCH($C85,FA,0)),"",IF(INDEX(FIYAT_LISTE,MATCH($C85,FA,0))="","",INDEX(FIYAT_LISTE,MATCH($C85,FA,0)))) -> 174 | F85: =IF(ISNA(MATCH($C85,FA,0)),"",IF(INDEX(FIYAT_NET,MATCH($C85,FA,0))="","",INDEX(FIYAT_NET,MATCH($C85,FA,0)))) -> 174 | G85: =IF(OR(F85="",H85=""),"",H85*F85) -> 2070.6 | H85: =ROUND(SUMPRODUCT(SUMIFS($H$78:$H$81,$C$78:$C$81,FA,$N$78:$N$81,"<>YEDEK")*(F_BK=2.5)*F_TELM)*KABLO_FIRE,1) -> 11.9 | I85: =IF(ISNA(MATCH($C85,FA,0)),"",IF(INDEX(FIYAT_BIRIM,MATCH($C85,FA,0))="","",INDEX(FIYAT_BIRIM,MATCH($C85,FA,0)))) -> м | J85: =IF(ISNA(MATCH($C85,FA,0)),"",IF(INDEX(FIYAT_MARKA,MATCH($C85,FA,0))="","",INDEX(FIYAT_MARKA,MATCH($C85,FA,0)))) -> harmony | K85: =K84 -> 260917 | L85: =G85 -> 2070.6 | M85: =M84 -> 1 | N85: SARF | O85: kablo | P85: =IF(ISNA(MATCH($C85,FA,0)),"ARTİKÜL YOK",INDEX(FIYAT_DURUM,MATCH($C85,FA,0))) -> TARİH YOK | Q85: ПВ3 2.5 mm² pano içi
A86: =A85 -> ЩС-2 (260917 fok atr) | B86: kablo | C86: 151.01.PV3.16 | D86: =IF(ISNA(MATCH($C86,FA,0)),"ARTİKÜL FIYAT SAYFASINDA YOK",INDEX(FIYAT_AD,MATCH($C86,FA,0))) -> HARMONY ПВ3 1*16 | E86: =IF(ISNA(MATCH($C86,FA,0)),"",IF(INDEX(FIYAT_LISTE,MATCH($C86,FA,0))="","",INDEX(FIYAT_LISTE,MATCH($C86,FA,0)))) -> 1084 | F86: =IF(ISNA(MATCH($C86,FA,0)),"",IF(INDEX(FIYAT_NET,MATCH($C86,FA,0))="","",INDEX(FIYAT_NET,MATCH($C86,FA,0)))) -> 1084 | G86: =IF(OR(F86="",H86=""),"",H86*F86) -> 1084 | H86: =ROUND(SUMPRODUCT(SUMIFS($H$78:$H$81,$C$78:$C$81,FA,$N$78:$N$81,"<>YEDEK")*(F_BK=16)*F_TELM)*KABLO_FIRE,1) -> 1 | I86: =IF(ISNA(MATCH($C86,FA,0)),"",IF(INDEX(FIYAT_BIRIM,MATCH($C86,FA,0))="","",INDEX(FIYAT_BIRIM,MATCH($C86,FA,0)))) -> м | J86: =IF(ISNA(MATCH($C86,FA,0)),"",IF(INDEX(FIYAT_MARKA,MATCH($C86,FA,0))="","",INDEX(FIYAT_MARKA,MATCH($C86,FA,0)))) -> harmony | K86: =K85 -> 260917 | L86: =G86 -> 1084 | M86: =M85 -> 1 | N86: SARF | O86: kablo | P86: =IF(ISNA(MATCH($C86,FA,0)),"ARTİKÜL YOK",INDEX(FIYAT_DURUM,MATCH($C86,FA,0))) -> TARİH YOK | Q86: ПВ3 16 mm² pano içi
A87: =A86 -> ЩС-2 (260917 fok atr) | B87: kablo | C87: 151.01.PV3.06 | D87: =IF(ISNA(MATCH($C87,FA,0)),"ARTİKÜL FIYAT SAYFASINDA YOK",INDEX(FIYAT_AD,MATCH($C87,FA,0))) -> HARMONY ПВ3 1*6 | E87: =IF(ISNA(MATCH($C87,FA,0)),"",IF(INDEX(FIYAT_LISTE,MATCH($C87,FA,0))="","",INDEX(FIYAT_LISTE,MATCH($C87,FA,0)))) -> 398 | F87: =IF(ISNA(MATCH($C87,FA,0)),"",IF(INDEX(FIYAT_NET,MATCH($C87,FA,0))="","",INDEX(FIYAT_NET,MATCH($C87,FA,0)))) -> 398 | G87: =IF(OR(F87="",H87=""),"",H87*F87) -> 199 | H87: =N(KURALLAR!$J$206)*KAPI_TOPRAK_M -> 0.5 | I87: =IF(ISNA(MATCH($C87,FA,0)),"",IF(INDEX(FIYAT_BIRIM,MATCH($C87,FA,0))="","",INDEX(FIYAT_BIRIM,MATCH($C87,FA,0)))) -> м | J87: =IF(ISNA(MATCH($C87,FA,0)),"",IF(INDEX(FIYAT_MARKA,MATCH($C87,FA,0))="","",INDEX(FIYAT_MARKA,MATCH($C87,FA,0)))) -> harmony | K87: =K86 -> 260917 | L87: =G87 -> 199 | M87: =M86 -> 1 | N87: SARF | O87: kablo | P87: =IF(ISNA(MATCH($C87,FA,0)),"ARTİKÜL YOK",INDEX(FIYAT_DURUM,MATCH($C87,FA,0))) -> TARİH YOK | Q87: kapak topraklama iletkeni 6 mm²
A88: =A87 -> ЩС-2 (260917 fok atr) | B88: yuksuk | C88: 311100817 | D88: =IF(ISNA(MATCH($C88,FA,0)),"ARTİKÜL FIYAT SAYFASINDA YOK",INDEX(FIYAT_AD,MATCH($C88,FA,0))) -> Наконечник НШВИ 1,5-8 изолированный 79440 (100шт) КВТ NEW | E88: =IF(ISNA(MATCH($C88,FA,0)),"",IF(INDEX(FIYAT_LISTE,MATCH($C88,FA,0))="","",INDEX(FIYAT_LISTE,MATCH($C88,FA,0)))) -> 428 | F88: =IF(ISNA(MATCH($C88,FA,0)),"",IF(INDEX(FIYAT_NET,MATCH($C88,FA,0))="","",INDEX(FIYAT_NET,MATCH($C88,FA,0)))) -> 428 | G88: =IF(OR(F88="",H88=""),"",H88*F88) -> 428 | H88: =ROUNDUP(SUMPRODUCT(SUMIFS($H$78:$H$81,$C$78:$C$81,FA,$N$78:$N$81,"<>YEDEK")*(F_BK=1.5)*F_TEL)*2*YUKSUK_FIRE/MAX(1,IF(ISNA(MATCH($C88,FA,0)),1,N(INDEX(F_PAKET,MATCH($C88,FA,0))))),0) -> 1 | I88: =IF(ISNA(MATCH($C88,FA,0)),"",IF(INDEX(FIYAT_BIRIM,MATCH($C88,FA,0))="","",INDEX(FIYAT_BIRIM,MATCH($C88,FA,0)))) -> упак | J88: =IF(ISNA(MATCH($C88,FA,0)),"",IF(INDEX(FIYAT_MARKA,MATCH($C88,FA,0))="","",INDEX(FIYAT_MARKA,MATCH($C88,FA,0)))) -> ekt | K88: =K87 -> 260917 | L88: =G88 -> 428 | M88: =M87 -> 1 | N88: SARF | O88: yuksuk | P88: =IF(ISNA(MATCH($C88,FA,0)),"ARTİKÜL YOK",INDEX(FIYAT_DURUM,MATCH($C88,FA,0))) -> ESKİ | Q88: yüksük 1.5 mm² · tel başına 2 uç
A89: =A88 -> ЩС-2 (260917 fok atr) | B89: yuksuk | C89: 311100820 | D89: =IF(ISNA(MATCH($C89,FA,0)),"ARTİKÜL FIYAT SAYFASINDA YOK",INDEX(FIYAT_AD,MATCH($C89,FA,0))) -> Наконечник НШВИ 2,5-8 изолированный 79443 (100шт) КВТ NEW | E89: =IF(ISNA(MATCH($C89,FA,0)),"",IF(INDEX(FIYAT_LISTE,MATCH($C89,FA,0))="","",INDEX(FIYAT_LISTE,MATCH($C89,FA,0)))) -> 540 | F89: =IF(ISNA(MATCH($C89,FA,0)),"",IF(INDEX(FIYAT_NET,MATCH($C89,FA,0))="","",INDEX(FIYAT_NET,MATCH($C89,FA,0)))) -> 540 | G89: =IF(OR(F89="",H89=""),"",H89*F89) -> 1080 | H89: =ROUNDUP(SUMPRODUCT(SUMIFS($H$78:$H$81,$C$78:$C$81,FA,$N$78:$N$81,"<>YEDEK")*(F_BK=2.5)*F_TEL)*2*YUKSUK_FIRE/MAX(1,IF(ISNA(MATCH($C89,FA,0)),1,N(INDEX(F_PAKET,MATCH($C89,FA,0))))),0) -> 2 | I89: =IF(ISNA(MATCH($C89,FA,0)),"",IF(INDEX(FIYAT_BIRIM,MATCH($C89,FA,0))="","",INDEX(FIYAT_BIRIM,MATCH($C89,FA,0)))) -> упак | J89: =IF(ISNA(MATCH($C89,FA,0)),"",IF(INDEX(FIYAT_MARKA,MATCH($C89,FA,0))="","",INDEX(FIYAT_MARKA,MATCH($C89,FA,0)))) -> ekt | K89: =K88 -> 260917 | L89: =G89 -> 1080 | M89: =M88 -> 1 | N89: SARF | O89: yuksuk | P89: =IF(ISNA(MATCH($C89,FA,0)),"ARTİKÜL YOK",INDEX(FIYAT_DURUM,MATCH($C89,FA,0))) -> ESKİ | Q89: yüksük 2.5 mm² · tel başına 2 uç
A90: =A89 -> ЩС-2 (260917 fok atr) | B90: yuksuk | C90: 311100829 | D90: =IF(ISNA(MATCH($C90,FA,0)),"ARTİKÜL FIYAT SAYFASINDA YOK",INDEX(FIYAT_AD,MATCH($C90,FA,0))) -> Наконечник НШВИ 16-12 изолированный 79452 (100шт) КВТ NEW | E90: =IF(ISNA(MATCH($C90,FA,0)),"",IF(INDEX(FIYAT_LISTE,MATCH($C90,FA,0))="","",INDEX(FIYAT_LISTE,MATCH($C90,FA,0)))) -> 1919 | F90: =IF(ISNA(MATCH($C90,FA,0)),"",IF(INDEX(FIYAT_NET,MATCH($C90,FA,0))="","",INDEX(FIYAT_NET,MATCH($C90,FA,0)))) -> 1919 | G90: =IF(OR(F90="",H90=""),"",H90*F90) -> 1919 | H90: =ROUNDUP((ROUNDUP(SUMPRODUCT(SUMIFS($H$78:$H$81,$C$78:$C$81,FA,$N$78:$N$81,"<>YEDEK")*(F_BK=16)*F_TEL)*2*PABUC_FIRE,0))/MAX(1,IF(ISNA(MATCH($C90,FA,0)),1,N(INDEX(F_PAKET,MATCH($C90,FA,0))))),0) -> 1 | I90: =IF(ISNA(MATCH($C90,FA,0)),"",IF(INDEX(FIYAT_BIRIM,MATCH($C90,FA,0))="","",INDEX(FIYAT_BIRIM,MATCH($C90,FA,0)))) -> упак | J90: =IF(ISNA(MATCH($C90,FA,0)),"",IF(INDEX(FIYAT_MARKA,MATCH($C90,FA,0))="","",INDEX(FIYAT_MARKA,MATCH($C90,FA,0)))) -> ekt | K90: =K89 -> 260917 | L90: =G90 -> 1919 | M90: =M89 -> 1 | N90: SARF | O90: yuksuk | P90: =IF(ISNA(MATCH($C90,FA,0)),"ARTİKÜL YOK",INDEX(FIYAT_DURUM,MATCH($C90,FA,0))) -> ESKİ | Q90: yüksük 16 mm² · NXHB kafes klemensi (JG-16 yerine)
A91: =A90 -> ЩС-2 (260917 fok atr) | B91: pabuc | C91: 260100138 | D91: =IF(ISNA(MATCH($C91,FA,0)),"ARTİKÜL FIYAT SAYFASINDA YOK",INDEX(FIYAT_AD,MATCH($C91,FA,0))) -> Наконечник медно-луженный JG - 6 IEK (600) | E91: =IF(ISNA(MATCH($C91,FA,0)),"",IF(INDEX(FIYAT_LISTE,MATCH($C91,FA,0))="","",INDEX(FIYAT_LISTE,MATCH($C91,FA,0)))) -> 76 | F91: =IF(ISNA(MATCH($C91,FA,0)),"",IF(INDEX(FIYAT_NET,MATCH($C91,FA,0))="","",INDEX(FIYAT_NET,MATCH($C91,FA,0)))) -> 76 | G91: =IF(OR(F91="",H91=""),"",H91*F91) -> 152 | H91: =2*N(KURALLAR!$J$206) -> 2 | I91: =IF(ISNA(MATCH($C91,FA,0)),"",IF(INDEX(FIYAT_BIRIM,MATCH($C91,FA,0))="","",INDEX(FIYAT_BIRIM,MATCH($C91,FA,0)))) -> шт | J91: =IF(ISNA(MATCH($C91,FA,0)),"",IF(INDEX(FIYAT_MARKA,MATCH($C91,FA,0))="","",INDEX(FIYAT_MARKA,MATCH($C91,FA,0)))) -> ekt | K91: =K90 -> 260917 | L91: =G91 -> 152 | M91: =M90 -> 1 | N91: SARF | O91: pabuc | P91: =IF(ISNA(MATCH($C91,FA,0)),"ARTİKÜL YOK",INDEX(FIYAT_DURUM,MATCH($C91,FA,0))) -> ESKİ | Q91: kapak topraklama pabucu
A92: =A91 -> ЩС-2 (260917 fok atr) | B92: bag | C92: 240100162 | D92: =IF(ISNA(MATCH($C92,FA,0)),"ARTİKÜL FIYAT SAYFASINDA YOK",INDEX(FIYAT_AD,MATCH($C92,FA,0))) -> Хомут 2,5х100 черный UNIT (100/500) | E92: =IF(ISNA(MATCH($C92,FA,0)),"",IF(INDEX(FIYAT_LISTE,MATCH($C92,FA,0))="","",INDEX(FIYAT_LISTE,MATCH($C92,FA,0)))) -> 182 | F92: =IF(ISNA(MATCH($C92,FA,0)),"",IF(INDEX(FIYAT_NET,MATCH($C92,FA,0))="","",INDEX(FIYAT_NET,MATCH($C92,FA,0)))) -> 182 | G92: =IF(OR(F92="",H92=""),"",H92*F92) -> 182 | H92: =ROUNDUP((N(H84)+N(H85)+N(H86)+N(H87))*BAG_ADET_M/MAX(1,IF(ISNA(MATCH($C92,FA,0)),1,N(INDEX(F_PAKET,MATCH($C92,FA,0))))),0) -> 1 | I92: =IF(ISNA(MATCH($C92,FA,0)),"",IF(INDEX(FIYAT_BIRIM,MATCH($C92,FA,0))="","",INDEX(FIYAT_BIRIM,MATCH($C92,FA,0)))) -> упак | J92: =IF(ISNA(MATCH($C92,FA,0)),"",IF(INDEX(FIYAT_MARKA,MATCH($C92,FA,0))="","",INDEX(FIYAT_MARKA,MATCH($C92,FA,0)))) -> ekt | K92: =K91 -> 260917 | L92: =G92 -> 182 | M92: =M91 -> 1 | N92: SARF | O92: bag | P92: =IF(ISNA(MATCH($C92,FA,0)),"ARTİKÜL YOK",INDEX(FIYAT_DURUM,MATCH($C92,FA,0))) -> ESKİ | Q92: kablo bağı
A93: =A92 -> ЩС-2 (260917 fok atr) | B93: монтажный материал | C93: монтажный материал | D93: монтажный материал | E93: =G94*MONTAJ_MALZ_KAT -> 5112 | F93: =E93 -> 5112 | G93: =H93*F93 -> 5112 | H93: 1 | I93: шт | J93: монтажный материал | K93: =K92 -> 260917 | L93: =G93 -> 5112 | M93: =M92 -> 1
A94: =A93 -> ЩС-2 (260917 fok atr) | B94: монтажная работа | C94: монтажная работа | D94: монтажная работа | E94: =ROUND(SUMPRODUCT(SUMIFS(H78:H93,O78:O93,TIP_AD)*NORM_DK)*ISCILIK_KAT/60,2) -> 2.13 | F94: =DK_UCRET -> 100 | G94: =H94*F94 -> 12780 | H94: =60*E94 -> 127.8 | I94: мин | J94: монтажная работа | K94: =K93 -> 260917 | L94: =G94 -> 12780 | M94: =M93 -> 1
A95: =A94 -> ЩС-2 (260917 fok atr) | G95: =SUM(G78:G94) -> 103102.2 | K95: =K94 -> 260917 | L95: =SUM(L78:L94) -> 103102.2 | M95: =M94 -> 1 | P95: =IF(COUNTIF(P78:P94,"FİYAT YOK")+COUNTIF(P78:P94,"YASAK")+COUNTIF(P78:P94,"MARKA YOK")+COUNTIF(P78:P94,"ARTİKÜL YOK")>0,"EKSİK FİYAT","") | Q95: =IF(KURALLAR!$Q$206="OK","","PANO: "&KURALLAR!$Q$206)
A96: =D96 -> ЩВ-1 (260917 fok atr) | D96: ЩВ-1 (260917 fok atr) | H96: 1 | I96: комплект | J96: TEKLED electric | K96: 260917 | M96: =H96 -> 1
A97: =A96 -> ЩВ-1 (260917 fok atr) | B97: korpus | C97: 713-15030 | D97: Мет. ЩРВ-36 (550x320x120) | E97: 19500 | F97: =0.6*E97 -> 11700 | G97: =IF(OR(F97="",H97=""),"",H97*F97) -> 11700 | H97: 1 | I97: =IF(ISNA(MATCH($C97,FA,0)),"",IF(INDEX(FIYAT_BIRIM,MATCH($C97,FA,0))="","",INDEX(FIYAT_BIRIM,MATCH($C97,FA,0)))) -> шт | J97: kaztek | K97: =K96 -> 260917 | L97: =G97 -> 11700 | M97: =M96 -> 1 | N97: KORPUS | O97: KORPUS_KUCUK | P97: =IF(ISNA(MATCH($C97,FA,0)),"ARTİKÜL YOK",INDEX(FIYAT_DURUM,MATCH($C97,FA,0))) -> OK | Q97: projede ЩРВ-12з — modül yetersiz (16 modül), büyütüldü
A98: =A97 -> ЩВ-1 (260917 fok atr) | B98: bh | C98: 193183 | D98: =IF(ISNA(MATCH($C98,FA,0)),"ARTİKÜL FIYAT SAYFASINDA YOK",INDEX(FIYAT_AD,MATCH($C98,FA,0))) -> Выключатель нагрузки NXHB-125 3P 63A (R) | E98: =IF(ISNA(MATCH($C98,FA,0)),"",IF(INDEX(FIYAT_LISTE,MATCH($C98,FA,0))="","",INDEX(FIYAT_LISTE,MATCH($C98,FA,0)))) -> 4217 | F98: =IF(ISNA(MATCH($C98,FA,0)),"",IF(INDEX(FIYAT_NET,MATCH($C98,FA,0))="","",INDEX(FIYAT_NET,MATCH($C98,FA,0)))) -> 2530.2 | G98: =IF(OR(F98="",H98=""),"",H98*F98) -> 2530.2 | H98: 1 | I98: =IF(ISNA(MATCH($C98,FA,0)),"",IF(INDEX(FIYAT_BIRIM,MATCH($C98,FA,0))="","",INDEX(FIYAT_BIRIM,MATCH($C98,FA,0)))) -> шт | J98: =IF(ISNA(MATCH($C98,FA,0)),"",IF(INDEX(FIYAT_MARKA,MATCH($C98,FA,0))="","",INDEX(FIYAT_MARKA,MATCH($C98,FA,0)))) -> chint | K98: =K97 -> 260917 | L98: =G98 -> 2530.2 | M98: =M97 -> 1 | N98: GIRIS | O98: bh | P98: =IF(ISNA(MATCH($C98,FA,0)),"ARTİKÜL YOK",INDEX(FIYAT_DURUM,MATCH($C98,FA,0))) -> OK | Q98: ВН-32 3П 63А
A99: =A98 -> ЩВ-1 (260917 fok atr) | B99: oto | C99: 296709 | D99: =IF(ISNA(MATCH($C99,FA,0)),"ARTİKÜL FIYAT SAYFASINDA YOK",INDEX(FIYAT_AD,MATCH($C99,FA,0))) -> Авт. выкл. NXB-63S 1P 10А 4.5kA х-ка C (R) | E99: =IF(ISNA(MATCH($C99,FA,0)),"",IF(INDEX(FIYAT_LISTE,MATCH($C99,FA,0))="","",INDEX(FIYAT_LISTE,MATCH($C99,FA,0)))) -> 783 | F99: =IF(ISNA(MATCH($C99,FA,0)),"",IF(INDEX(FIYAT_NET,MATCH($C99,FA,0))="","",INDEX(FIYAT_NET,MATCH($C99,FA,0)))) -> 469.8 | G99: =IF(OR(F99="",H99=""),"",H99*F99) -> 939.6 | H99: 2 | I99: =IF(ISNA(MATCH($C99,FA,0)),"",IF(INDEX(FIYAT_BIRIM,MATCH($C99,FA,0))="","",INDEX(FIYAT_BIRIM,MATCH($C99,FA,0)))) -> шт | J99: =IF(ISNA(MATCH($C99,FA,0)),"",IF(INDEX(FIYAT_MARKA,MATCH($C99,FA,0))="","",INDEX(FIYAT_MARKA,MATCH($C99,FA,0)))) -> chint | K99: =K98 -> 260917 | L99: =G99 -> 939.6 | M99: =M98 -> 1 | N99: CIKIS | O99: oto | P99: =IF(ISNA(MATCH($C99,FA,0)),"ARTİKÜL YOK",INDEX(FIYAT_DURUM,MATCH($C99,FA,0))) -> OK | Q99: ВА47-29 1П 10А — П1, П2 (ШУ компл.)
A100: =A99 -> ЩВ-1 (260917 fok atr) | B100: oto | C100: 296710 | D100: =IF(ISNA(MATCH($C100,FA,0)),"ARTİKÜL FIYAT SAYFASINDA YOK",INDEX(FIYAT_AD,MATCH($C100,FA,0))) -> Авт. выкл. NXB-63S 1P 16А 4.5kA х-ка C (R) | E100: =IF(ISNA(MATCH($C100,FA,0)),"",IF(INDEX(FIYAT_LISTE,MATCH($C100,FA,0))="","",INDEX(FIYAT_LISTE,MATCH($C100,FA,0)))) -> 783 | F100: =IF(ISNA(MATCH($C100,FA,0)),"",IF(INDEX(FIYAT_NET,MATCH($C100,FA,0))="","",INDEX(FIYAT_NET,MATCH($C100,FA,0)))) -> 469.8 | G100: =IF(OR(F100="",H100=""),"",H100*F100) -> 3288.6 | H100: 7 | I100: =IF(ISNA(MATCH($C100,FA,0)),"",IF(INDEX(FIYAT_BIRIM,MATCH($C100,FA,0))="","",INDEX(FIYAT_BIRIM,MATCH($C100,FA,0)))) -> шт | J100: =IF(ISNA(MATCH($C100,FA,0)),"",IF(INDEX(FIYAT_MARKA,MATCH($C100,FA,0))="","",INDEX(FIYAT_MARKA,MATCH($C100,FA,0)))) -> chint | K100: =K99 -> 260917 | L100: =G100 -> 3288.6 | M100: =M99 -> 1 | N100: CIKIS | O100: oto | P100: =IF(ISNA(MATCH($C100,FA,0)),"ARTİKÜL YOK",INDEX(FIYAT_DURUM,MATCH($C100,FA,0))) -> OK | Q100: ВА47-29 1П 16А — В1…В7
...

Sheet FIYAT
A1: SIRA | B1: malzeme | C1: Артикул | D1: Номенклатура | E1: LİSTE FİYATI | F1: NET, тг | G1: TOPLAM, тг | H1: TOPLAM ADET | I1: Ед.изм | J1: завод | K1: PARA | L1: KATSAYI | M1: KUR | N1: KAYNAK | O1: LİSTE TARİHİ | P1: YAŞ, ay | Q1: DURUM | R1: NOT | S1: KUTUP | T1: IN, A | U1: MODÜL/adet | V1: PAKET adet | W1: KESİT mm² | X1: GENİŞLİK mm | Y1: YÜKSEKLİK mm | Z1: DERİNLİK mm | AA1: KAPASİTE modül | AB1: GRUP | AC1: BAĞLANTI KESİTİ | AD1: TEL/adet | AE1: TEL m/adet | AF1: KLEMENS KESİTİ | AG1: L+N KLEMENS/adet | AH1: PE KLEMENS/adet | AI1: IN sayı | AJ1: KORUMA IN
A2: =ROW()-1 -> 1 | B2: mccb | C2: 844326 | D2: Авт. выкл. NXM-160S/3Р 125A 36кА (R) | E2: 27656 | F2: =IF(OR($E2="",$L2="",$M2="",$Q2="YASAK"),"",$E2*$L2*$M2) -> 16593.6 | G2: =IF($F2="","",$F2*$H2) -> 33187.2 | H2: =SUMPRODUCT((BOM!$C$2:$C$675=$C2)*BOM!$H$2:$H$675*BOM!$M$2:$M$675) -> 2 | I2: шт | J2: chint | K2: =IF(ISNA(MATCH($J2,MARKA_AD,0)),"",INDEX(MARKA_PARA,MATCH($J2,MARKA_AD,0))) -> KZT | L2: =IF(ISNA(MATCH($J2,MARKA_AD,0)),"",INDEX(MARKA_KAT,MATCH($J2,MARKA_AD,0))) -> 0.6 | M2: =IF(OR($K2="",ISNA(MATCH($K2,KUR_AD,0))),"",IF(INDEX(KUR_DEG,MATCH($K2,KUR_AD,0))="","",INDEX(KUR_DEG,MATCH($K2,KUR_AD,0)))) -> 1 | N2: CHINT2608 | O2: =IF(ISNA(MATCH($N2,KAYNAK_KOD,0)),"",IF(INDEX(KAYNAK_TARIH,MATCH($N2,KAYNAK_KOD,0))="","",INDEX(KAYNAK_TARIH,MATCH($N2,KAYNAK_KOD,0)))) -> 46261 | P2: =IF($O2="","",ROUND((TARIH-$O2)/30.4375,1)) -> 0.7 | Q2: =IF(ISNA(MATCH($J2,MARKA_AD,0)),"MARKA YOK",IF(INDEX(MARKA_IZIN,MATCH($J2,MARKA_AD,0))="HAYIR","YASAK",IF($E2="","FİYAT YOK",IF($P2="","TARİH YOK",IF($P2>YAS_YASAK_AY,"YASAK",IF($P2>YAS_ESKI_AY,"ESKİ","OK")))))) -> OK | S2: 3 | T2: 125 | AB2: =IF(ISNA(MATCH($B2,TIP_AD,0)),"",INDEX(TIP_GRUP,MATCH($B2,TIP_AD,0))) -> GUC | AC2: =IF(OR($AB2="GUC"),IF(OR($AI2=0,$AI2>KABLO_MAX_IN),0,LOOKUP($AI2,KABLO_IN_ALT,KABLO_KESIT)),IF($AB2="KUMANDA",KUMANDA_KESIT,IF($AB2="OLCU",OLCU_KESIT,0))) -> 35 | AD2: =IF(OR($AC2=0,ISNA(MATCH($B2,TIP_AD,0))),0,IF(INDEX(TIP_TEL,MATCH($B2,TIP_AD,0))="",2*N($S2)+IF(OR(N($S2)=1,N($S2)=3),1,0),INDEX(TIP_TEL,MATCH($B2,TIP_AD,0)))) -> 3 | AE2: =IF(OR($AD2=0,ISNA(MATCH($B2,TIP_AD,0))),0,$AD2*INDEX(TIP_TELM,MATCH($B2,TIP_AD,0))) -> 1.5 | AF2: =IF(OR($AB2<>"GUC",$AC2=0,$AC2>KLEMENS_MAX_KESIT),0,LOOKUP($AC2,KLEMENS_ALT,KLEMENS_KES)) -> 35 | AG2: =IF($AF2=0,0,N($S2)+IF(OR(N($S2)=1,N($S2)=3),1,0)) -> 4 | AH2: =IF($AF2=0,0,1) -> 1 | AI2: =N($T2) -> 125 | AJ2: =IF(OR($B2="mccb",$B2="oto",$B2="bh",$B2="rubilnik",$B2="ats",$B2="dif",$B2="uzo"),N($T2),0) -> 125
A3: =ROW()-1 -> 2 | B3: contactor | C3: 836515 | D3: Контактор NXC-160 160A 220В/АС3 2НО+2НЗ 50Гц (R) | E3: 100471 | F3: =IF(OR($E3="",$L3="",$M3="",$Q3="YASAK"),"",$E3*$L3*$M3) -> 60282.6 | G3: =IF($F3="","",$F3*$H3) -> 120565.2 | H3: =SUMPRODUCT((BOM!$C$2:$C$675=$C3)*BOM!$H$2:$H$675*BOM!$M$2:$M$675) -> 2 | I3: шт | J3: chint | K3: =IF(ISNA(MATCH($J3,MARKA_AD,0)),"",INDEX(MARKA_PARA,MATCH($J3,MARKA_AD,0))) -> KZT | L3: =IF(ISNA(MATCH($J3,MARKA_AD,0)),"",INDEX(MARKA_KAT,MATCH($J3,MARKA_AD,0))) -> 0.6 | M3: =IF(OR($K3="",ISNA(MATCH($K3,KUR_AD,0))),"",IF(INDEX(KUR_DEG,MATCH($K3,KUR_AD,0))="","",INDEX(KUR_DEG,MATCH($K3,KUR_AD,0)))) -> 1 | N3: CHINT2608 | O3: =IF(ISNA(MATCH($N3,KAYNAK_KOD,0)),"",IF(INDEX(KAYNAK_TARIH,MATCH($N3,KAYNAK_KOD,0))="","",INDEX(KAYNAK_TARIH,MATCH($N3,KAYNAK_KOD,0)))) -> 46261 | P3: =IF($O3="","",ROUND((TARIH-$O3)/30.4375,1)) -> 0.7 | Q3: =IF(ISNA(MATCH($J3,MARKA_AD,0)),"MARKA YOK",IF(INDEX(MARKA_IZIN,MATCH($J3,MARKA_AD,0))="HAYIR","YASAK",IF($E3="","FİYAT YOK",IF($P3="","TARİH YOK",IF($P3>YAS_YASAK_AY,"YASAK",IF($P3>YAS_ESKI_AY,"ESKİ","OK")))))) -> OK | S3: 3 | T3: 160 | AB3: =IF(ISNA(MATCH($B3,TIP_AD,0)),"",INDEX(TIP_GRUP,MATCH($B3,TIP_AD,0))) -> GUC | AC3: =IF(OR($AB3="GUC"),IF(OR($AI3=0,$AI3>KABLO_MAX_IN),0,LOOKUP($AI3,KABLO_IN_ALT,KABLO_KESIT)),IF($AB3="KUMANDA",KUMANDA_KESIT,IF($AB3="OLCU",OLCU_KESIT,0))) -> 50 | AD3: =IF(OR($AC3=0,ISNA(MATCH($B3,TIP_AD,0))),0,IF(INDEX(TIP_TEL,MATCH($B3,TIP_AD,0))="",2*N($S3)+IF(OR(N($S3)=1,N($S3)=3),1,0),INDEX(TIP_TEL,MATCH($B3,TIP_AD,0)))) -> 3 | AE3: =IF(OR($AD3=0,ISNA(MATCH($B3,TIP_AD,0))),0,$AD3*INDEX(TIP_TELM,MATCH($B3,TIP_AD,0))) -> 1.8 | AF3: =IF(OR($AB3<>"GUC",$AC3=0,$AC3>KLEMENS_MAX_KESIT),0,LOOKUP($AC3,KLEMENS_ALT,KLEMENS_KES)) -> 0 | AG3: =IF($AF3=0,0,N($S3)+IF(OR(N($S3)=1,N($S3)=3),1,0)) -> 0 | AH3: =IF($AF3=0,0,1) -> 0 | AI3: =N($T3) -> 160 | AJ3: =IF(OR($B3="mccb",$B3="oto",$B3="bh",$B3="rubilnik",$B3="ats",$B3="dif",$B3="uzo"),N($T3),0) -> 0
A4: =ROW()-1 -> 3 | B4: kontak | C4: 938256 | D4: Приставка доп.контакты AX-3X/11 к контактору NXC-06~630 (R) | E4: 1306 | F4: =IF(OR($E4="",$L4="",$M4="",$Q4="YASAK"),"",$E4*$L4*$M4) -> 783.6 | G4: =IF($F4="","",$F4*$H4) -> 1567.2 | H4: =SUMPRODUCT((BOM!$C$2:$C$675=$C4)*BOM!$H$2:$H$675*BOM!$M$2:$M$675) -> 2 | I4: шт | J4: chint | K4: =IF(ISNA(MATCH($J4,MARKA_AD,0)),"",INDEX(MARKA_PARA,MATCH($J4,MARKA_AD,0))) -> KZT | L4: =IF(ISNA(MATCH($J4,MARKA_AD,0)),"",INDEX(MARKA_KAT,MATCH($J4,MARKA_AD,0))) -> 0.6 | M4: =IF(OR($K4="",ISNA(MATCH($K4,KUR_AD,0))),"",IF(INDEX(KUR_DEG,MATCH($K4,KUR_AD,0))="","",INDEX(KUR_DEG,MATCH($K4,KUR_AD,0)))) -> 1 | N4: CHINT2608 | O4: =IF(ISNA(MATCH($N4,KAYNAK_KOD,0)),"",IF(INDEX(KAYNAK_TARIH,MATCH($N4,KAYNAK_KOD,0))="","",INDEX(KAYNAK_TARIH,MATCH($N4,KAYNAK_KOD,0)))) -> 46261 | P4: =IF($O4="","",ROUND((TARIH-$O4)/30.4375,1)) -> 0.7 | Q4: =IF(ISNA(MATCH($J4,MARKA_AD,0)),"MARKA YOK",IF(INDEX(MARKA_IZIN,MATCH($J4,MARKA_AD,0))="HAYIR","YASAK",IF($E4="","FİYAT YOK",IF($P4="","TARİH YOK",IF($P4>YAS_YASAK_AY,"YASAK",IF($P4>YAS_ESKI_AY,"ESKİ","OK")))))) -> OK | AB4: =IF(ISNA(MATCH($B4,TIP_AD,0)),"",INDEX(TIP_GRUP,MATCH($B4,TIP_AD,0))) -> KUMANDA | AC4: =IF(OR($AB4="GUC"),IF(OR($AI4=0,$AI4>KABLO_MAX_IN),0,LOOKUP($AI4,KABLO_IN_ALT,KABLO_KESIT)),IF($AB4="KUMANDA",KUMANDA_KESIT,IF($AB4="OLCU",OLCU_KESIT,0))) -> 1.5 | AD4: =IF(OR($AC4=0,ISNA(MATCH($B4,TIP_AD,0))),0,IF(INDEX(TIP_TEL,MATCH($B4,TIP_AD,0))="",2*N($S4)+IF(OR(N($S4)=1,N($S4)=3),1,0),INDEX(TIP_TEL,MATCH($B4,TIP_AD,0)))) -> 2 | AE4: =IF(OR($AD4=0,ISNA(MATCH($B4,TIP_AD,0))),0,$AD4*INDEX(TIP_TELM,MATCH($B4,TIP_AD,0))) -> 1.6 | AF4: =IF(OR($AB4<>"GUC",$AC4=0,$AC4>KLEMENS_MAX_KESIT),0,LOOKUP($AC4,KLEMENS_ALT,KLEMENS_KES)) -> 0 | AG4: =IF($AF4=0,0,N($S4)+IF(OR(N($S4)=1,N($S4)=3),1,0)) -> 0 | AH4: =IF($AF4=0,0,1) -> 0 | AI4: =N($T4) -> 0 | AJ4: =IF(OR($B4="mccb",$B4="oto",$B4="bh",$B4="rubilnik",$B4="ats",$B4="dif",$B4="uzo"),N($T4),0) -> 0
A5: =ROW()-1 -> 4 | B5: kilit | C5: 263761 | D5: Механическая блокировка MI-9 для NXC-120-225 (R) | E5: 3506 | F5: =IF(OR($E5="",$L5="",$M5="",$Q5="YASAK"),"",$E5*$L5*$M5) -> 2103.6 | G5: =IF($F5="","",$F5*$H5) -> 2103.6 | H5: =SUMPRODUCT((BOM!$C$2:$C$675=$C5)*BOM!$H$2:$H$675*BOM!$M$2:$M$675) -> 1 | I5: шт | J5: chint | K5: =IF(ISNA(MATCH($J5,MARKA_AD,0)),"",INDEX(MARKA_PARA,MATCH($J5,MARKA_AD,0))) -> KZT | L5: =IF(ISNA(MATCH($J5,MARKA_AD,0)),"",INDEX(MARKA_KAT,MATCH($J5,MARKA_AD,0))) -> 0.6 | M5: =IF(OR($K5="",ISNA(MATCH($K5,KUR_AD,0))),"",IF(INDEX(KUR_DEG,MATCH($K5,KUR_AD,0))="","",INDEX(KUR_DEG,MATCH($K5,KUR_AD,0)))) -> 1 | N5: CHINT2608 | O5: =IF(ISNA(MATCH($N5,KAYNAK_KOD,0)),"",IF(INDEX(KAYNAK_TARIH,MATCH($N5,KAYNAK_KOD,0))="","",INDEX(KAYNAK_TARIH,MATCH($N5,KAYNAK_KOD,0)))) -> 46261 | P5: =IF($O5="","",ROUND((TARIH-$O5)/30.4375,1)) -> 0.7 | Q5: =IF(ISNA(MATCH($J5,MARKA_AD,0)),"MARKA YOK",IF(INDEX(MARKA_IZIN,MATCH($J5,MARKA_AD,0))="HAYIR","YASAK",IF($E5="","FİYAT YOK",IF($P5="","TARİH YOK",IF($P5>YAS_YASAK_AY,"YASAK",IF($P5>YAS_ESKI_AY,"ESKİ","OK")))))) -> OK | AB5: =IF(ISNA(MATCH($B5,TIP_AD,0)),"",INDEX(TIP_GRUP,MATCH($B5,TIP_AD,0))) -> AKSESUAR | AC5: =IF(OR($AB5="GUC"),IF(OR($AI5=0,$AI5>KABLO_MAX_IN),0,LOOKUP($AI5,KABLO_IN_ALT,KABLO_KESIT)),IF($AB5="KUMANDA",KUMANDA_KESIT,IF($AB5="OLCU",OLCU_KESIT,0))) -> 0 | AD5: =IF(OR($AC5=0,ISNA(MATCH($B5,TIP_AD,0))),0,IF(INDEX(TIP_TEL,MATCH($B5,TIP_AD,0))="",2*N($S5)+IF(OR(N($S5)=1,N($S5)=3),1,0),INDEX(TIP_TEL,MATCH($B5,TIP_AD,0)))) -> 0 | AE5: =IF(OR($AD5=0,ISNA(MATCH($B5,TIP_AD,0))),0,$AD5*INDEX(TIP_TELM,MATCH($B5,TIP_AD,0))) -> 0 | AF5: =IF(OR($AB5<>"GUC",$AC5=0,$AC5>KLEMENS_MAX_KESIT),0,LOOKUP($AC5,KLEMENS_ALT,KLEMENS_KES)) -> 0 | AG5: =IF($AF5=0,0,N($S5)+IF(OR(N($S5)=1,N($S5)=3),1,0)) -> 0 | AH5: =IF($AF5=0,0,1) -> 0 | AI5: =N($T5) -> 0 | AJ5: =IF(OR($B5="mccb",$B5="oto",$B5="bh",$B5="rubilnik",$B5="ats",$B5="dif",$B5="uzo"),N($T5),0) -> 0
A6: =ROW()-1 -> 5 | B6: oto | C6: 816141 | D6: Авт. выкл. NXB-125 3P 100A 10кА х-ка C (R) | E6: 11015 | F6: =IF(OR($E6="",$L6="",$M6="",$Q6="YASAK"),"",$E6*$L6*$M6) -> 6609 | G6: =IF($F6="","",$F6*$H6) -> 6609 | H6: =SUMPRODUCT((BOM!$C$2:$C$675=$C6)*BOM!$H$2:$H$675*BOM!$M$2:$M$675) -> 1 | I6: шт | J6: chint | K6: =IF(ISNA(MATCH($J6,MARKA_AD,0)),"",INDEX(MARKA_PARA,MATCH($J6,MARKA_AD,0))) -> KZT | L6: =IF(ISNA(MATCH($J6,MARKA_AD,0)),"",INDEX(MARKA_KAT,MATCH($J6,MARKA_AD,0))) -> 0.6 | M6: =IF(OR($K6="",ISNA(MATCH($K6,KUR_AD,0))),"",IF(INDEX(KUR_DEG,MATCH($K6,KUR_AD,0))="","",INDEX(KUR_DEG,MATCH($K6,KUR_AD,0)))) -> 1 | N6: CHINT2608 | O6: =IF(ISNA(MATCH($N6,KAYNAK_KOD,0)),"",IF(INDEX(KAYNAK_TARIH,MATCH($N6,KAYNAK_KOD,0))="","",INDEX(KAYNAK_TARIH,MATCH($N6,KAYNAK_KOD,0)))) -> 46261 | P6: =IF($O6="","",ROUND((TARIH-$O6)/30.4375,1)) -> 0.7 | Q6: =IF(ISNA(MATCH($J6,MARKA_AD,0)),"MARKA YOK",IF(INDEX(MARKA_IZIN,MATCH($J6,MARKA_AD,0))="HAYIR","YASAK",IF($E6="","FİYAT YOK",IF($P6="","TARİH YOK",IF($P6>YAS_YASAK_AY,"YASAK",IF($P6>YAS_ESKI_AY,"ESKİ","OK")))))) -> OK | S6: 3 | T6: 100 | U6: 4.5 | AB6: =IF(ISNA(MATCH($B6,TIP_AD,0)),"",INDEX(TIP_GRUP,MATCH($B6,TIP_AD,0))) -> GUC | AC6: =IF(OR($AB6="GUC"),IF(OR($AI6=0,$AI6>KABLO_MAX_IN),0,LOOKUP($AI6,KABLO_IN_ALT,KABLO_KESIT)),IF($AB6="KUMANDA",KUMANDA_KESIT,IF($AB6="OLCU",OLCU_KESIT,0))) -> 25 | AD6: =IF(OR($AC6=0,ISNA(MATCH($B6,TIP_AD,0))),0,IF(INDEX(TIP_TEL,MATCH($B6,TIP_AD,0))="",2*N($S6)+IF(OR(N($S6)=1,N($S6)=3),1,0),INDEX(TIP_TEL,MATCH($B6,TIP_AD,0)))) -> 7 | AE6: =IF(OR($AD6=0,ISNA(MATCH($B6,TIP_AD,0))),0,$AD6*INDEX(TIP_TELM,MATCH($B6,TIP_AD,0))) -> 0.7 | AF6: =IF(OR($AB6<>"GUC",$AC6=0,$AC6>KLEMENS_MAX_KESIT),0,LOOKUP($AC6,KLEMENS_ALT,KLEMENS_KES)) -> 35 | AG6: =IF($AF6=0,0,N($S6)+IF(OR(N($S6)=1,N($S6)=3),1,0)) -> 4 | AH6: =IF($AF6=0,0,1) -> 1 | AI6: =N($T6) -> 100 | AJ6: =IF(OR($B6="mccb",$B6="oto",$B6="bh",$B6="rubilnik",$B6="ats",$B6="dif",$B6="uzo"),N($T6),0) -> 100
A7: =ROW()-1 -> 6 | B7: oto | C7: 296825 | D7: Авт. выкл. NXB-63S 3P 6А 4.5kA х-ка C (R) | E7: 2873 | F7: =IF(OR($E7="",$L7="",$M7="",$Q7="YASAK"),"",$E7*$L7*$M7) -> 1723.8 | G7: =IF($F7="","",$F7*$H7) -> 3447.6 | H7: =SUMPRODUCT((BOM!$C$2:$C$675=$C7)*BOM!$H$2:$H$675*BOM!$M$2:$M$675) -> 2 | I7: шт | J7: chint | K7: =IF(ISNA(MATCH($J7,MARKA_AD,0)),"",INDEX(MARKA_PARA,MATCH($J7,MARKA_AD,0))) -> KZT | L7: =IF(ISNA(MATCH($J7,MARKA_AD,0)),"",INDEX(MARKA_KAT,MATCH($J7,MARKA_AD,0))) -> 0.6 | M7: =IF(OR($K7="",ISNA(MATCH($K7,KUR_AD,0))),"",IF(INDEX(KUR_DEG,MATCH($K7,KUR_AD,0))="","",INDEX(KUR_DEG,MATCH($K7,KUR_AD,0)))) -> 1 | N7: CHINT2608 | O7: =IF(ISNA(MATCH($N7,KAYNAK_KOD,0)),"",IF(INDEX(KAYNAK_TARIH,MATCH($N7,KAYNAK_KOD,0))="","",INDEX(KAYNAK_TARIH,MATCH($N7,KAYNAK_KOD,0)))) -> 46261 | P7: =IF($O7="","",ROUND((TARIH-$O7)/30.4375,1)) -> 0.7 | Q7: =IF(ISNA(MATCH($J7,MARKA_AD,0)),"MARKA YOK",IF(INDEX(MARKA_IZIN,MATCH($J7,MARKA_AD,0))="HAYIR","YASAK",IF($E7="","FİYAT YOK",IF($P7="","TARİH YOK",IF($P7>YAS_YASAK_AY,"YASAK",IF($P7>YAS_ESKI_AY,"ESKİ","OK")))))) -> OK | S7: 3 | T7: 6 | U7: 3 | AB7: =IF(ISNA(MATCH($B7,TIP_AD,0)),"",INDEX(TIP_GRUP,MATCH($B7,TIP_AD,0))) -> GUC | AC7: =IF(OR($AB7="GUC"),IF(OR($AI7=0,$AI7>KABLO_MAX_IN),0,LOOKUP($AI7,KABLO_IN_ALT,KABLO_KESIT)),IF($AB7="KUMANDA",KUMANDA_KESIT,IF($AB7="OLCU",OLCU_KESIT,0))) -> 1.5 | AD7: =IF(OR($AC7=0,ISNA(MATCH($B7,TIP_AD,0))),0,IF(INDEX(TIP_TEL,MATCH($B7,TIP_AD,0))="",2*N($S7)+IF(OR(N($S7)=1,N($S7)=3),1,0),INDEX(TIP_TEL,MATCH($B7,TIP_AD,0)))) -> 7 | AE7: =IF(OR($AD7=0,ISNA(MATCH($B7,TIP_AD,0))),0,$AD7*INDEX(TIP_TELM,MATCH($B7,TIP_AD,0))) -> 0.7 | AF7: =IF(OR($AB7<>"GUC",$AC7=0,$AC7>KLEMENS_MAX_KESIT),0,LOOKUP($AC7,KLEMENS_ALT,KLEMENS_KES)) -> 2.5 | AG7: =IF($AF7=0,0,N($S7)+IF(OR(N($S7)=1,N($S7)=3),1,0)) -> 4 | AH7: =IF($AF7=0,0,1) -> 1 | AI7: =N($T7) -> 6 | AJ7: =IF(OR($B7="mccb",$B7="oto",$B7="bh",$B7="rubilnik",$B7="ats",$B7="dif",$B7="uzo"),N($T7),0) -> 6
A8: =ROW()-1 -> 7 | B8: oto | C8: 296708 | D8: Авт. выкл. NXB-63S 1P 6А 4.5kA х-ка C (R) | E8: 975 | F8: =IF(OR($E8="",$L8="",$M8="",$Q8="YASAK"),"",$E8*$L8*$M8) -> 585 | G8: =IF($F8="","",$F8*$H8) -> 1170 | H8: =SUMPRODUCT((BOM!$C$2:$C$675=$C8)*BOM!$H$2:$H$675*BOM!$M$2:$M$675) -> 2 | I8: шт | J8: chint | K8: =IF(ISNA(MATCH($J8,MARKA_AD,0)),"",INDEX(MARKA_PARA,MATCH($J8,MARKA_AD,0))) -> KZT | L8: =IF(ISNA(MATCH($J8,MARKA_AD,0)),"",INDEX(MARKA_KAT,MATCH($J8,MARKA_AD,0))) -> 0.6 | M8: =IF(OR($K8="",ISNA(MATCH($K8,KUR_AD,0))),"",IF(INDEX(KUR_DEG,MATCH($K8,KUR_AD,0))="","",INDEX(KUR_DEG,MATCH($K8,KUR_AD,0)))) -> 1 | N8: CHINT2608 | O8: =IF(ISNA(MATCH($N8,KAYNAK_KOD,0)),"",IF(INDEX(KAYNAK_TARIH,MATCH($N8,KAYNAK_KOD,0))="","",INDEX(KAYNAK_TARIH,MATCH($N8,KAYNAK_KOD,0)))) -> 46261 | P8: =IF($O8="","",ROUND((TARIH-$O8)/30.4375,1)) -> 0.7 | Q8: =IF(ISNA(MATCH($J8,MARKA_AD,0)),"MARKA YOK",IF(INDEX(MARKA_IZIN,MATCH($J8,MARKA_AD,0))="HAYIR","YASAK",IF($E8="","FİYAT YOK",IF($P8="","TARİH YOK",IF($P8>YAS_YASAK_AY,"YASAK",IF($P8>YAS_ESKI_AY,"ESKİ","OK")))))) -> OK | S8: 1 | T8: 6 | U8: 1 | AB8: =IF(ISNA(MATCH($B8,TIP_AD,0)),"",INDEX(TIP_GRUP,MATCH($B8,TIP_AD,0))) -> GUC | AC8: =IF(OR($AB8="GUC"),IF(OR($AI8=0,$AI8>KABLO_MAX_IN),0,LOOKUP($AI8,KABLO_IN_ALT,KABLO_KESIT)),IF($AB8="KUMANDA",KUMANDA_KESIT,IF($AB8="OLCU",OLCU_KESIT,0))) -> 1.5 | AD8: =IF(OR($AC8=0,ISNA(MATCH($B8,TIP_AD,0))),0,IF(INDEX(TIP_TEL,MATCH($B8,TIP_AD,0))="",2*N($S8)+IF(OR(N($S8)=1,N($S8)=3),1,0),INDEX(TIP_TEL,MATCH($B8,TIP_AD,0)))) -> 3 | AE8: =IF(OR($AD8=0,ISNA(MATCH($B8,TIP_AD,0))),0,$AD8*INDEX(TIP_TELM,MATCH($B8,TIP_AD,0))) -> 0.3 | AF8: =IF(OR($AB8<>"GUC",$AC8=0,$AC8>KLEMENS_MAX_KESIT),0,LOOKUP($AC8,KLEMENS_ALT,KLEMENS_KES)) -> 2.5 | AG8: =IF($AF8=0,0,N($S8)+IF(OR(N($S8)=1,N($S8)=3),1,0)) -> 2 | AH8: =IF($AF8=0,0,1) -> 1 | AI8: =N($T8) -> 6 | AJ8: =IF(OR($B8="mccb",$B8="oto",$B8="bh",$B8="rubilnik",$B8="ats",$B8="dif",$B8="uzo"),N($T8),0) -> 6
A9: =ROW()-1 -> 8 | B9: lamb | C9: 593076 | D9: Индикатор ND16-22D/2 желтый AC/DC230В (R) | E9: 571 | F9: =IF(OR($E9="",$L9="",$M9="",$Q9="YASAK"),"",$E9*$L9*$M9) -> 342.6 | G9: =IF($F9="","",$F9*$H9) -> 685.2 | H9: =SUMPRODUCT((BOM!$C$2:$C$675=$C9)*BOM!$H$2:$H$675*BOM!$M$2:$M$675) -> 2 | I9: шт | J9: chint | K9: =IF(ISNA(MATCH($J9,MARKA_AD,0)),"",INDEX(MARKA_PARA,MATCH($J9,MARKA_AD,0))) -> KZT | L9: =IF(ISNA(MATCH($J9,MARKA_AD,0)),"",INDEX(MARKA_KAT,MATCH($J9,MARKA_AD,0))) -> 0.6 | M9: =IF(OR($K9="",ISNA(MATCH($K9,KUR_AD,0))),"",IF(INDEX(KUR_DEG,MATCH($K9,KUR_AD,0))="","",INDEX(KUR_DEG,MATCH($K9,KUR_AD,0)))) -> 1 | N9: CHINT2608 | O9: =IF(ISNA(MATCH($N9,KAYNAK_KOD,0)),"",IF(INDEX(KAYNAK_TARIH,MATCH($N9,KAYNAK_KOD,0))="","",INDEX(KAYNAK_TARIH,MATCH($N9,KAYNAK_KOD,0)))) -> 46261 | P9: =IF($O9="","",ROUND((TARIH-$O9)/30.4375,1)) -> 0.7 | Q9: =IF(ISNA(MATCH($J9,MARKA_AD,0)),"MARKA YOK",IF(INDEX(MARKA_IZIN,MATCH($J9,MARKA_AD,0))="HAYIR","YASAK",IF($E9="","FİYAT YOK",IF($P9="","TARİH YOK",IF($P9>YAS_YASAK_AY,"YASAK",IF($P9>YAS_ESKI_AY,"ESKİ","OK")))))) -> OK | AB9: =IF(ISNA(MATCH($B9,TIP_AD,0)),"",INDEX(TIP_GRUP,MATCH($B9,TIP_AD,0))) -> KUMANDA | AC9: =IF(OR($AB9="GUC"),IF(OR($AI9=0,$AI9>KABLO_MAX_IN),0,LOOKUP($AI9,KABLO_IN_ALT,KABLO_KESIT)),IF($AB9="KUMANDA",KUMANDA_KESIT,IF($AB9="OLCU",OLCU_KESIT,0))) -> 1.5 | AD9: =IF(OR($AC9=0,ISNA(MATCH($B9,TIP_AD,0))),0,IF(INDEX(TIP_TEL,MATCH($B9,TIP_AD,0))="",2*N($S9)+IF(OR(N($S9)=1,N($S9)=3),1,0),INDEX(TIP_TEL,MATCH($B9,TIP_AD,0)))) -> 2 | AE9: =IF(OR($AD9=0,ISNA(MATCH($B9,TIP_AD,0))),0,$AD9*INDEX(TIP_TELM,MATCH($B9,TIP_AD,0))) -> 1.6 | AF9: =IF(OR($AB9<>"GUC",$AC9=0,$AC9>KLEMENS_MAX_KESIT),0,LOOKUP($AC9,KLEMENS_ALT,KLEMENS_KES)) -> 0 | AG9: =IF($AF9=0,0,N($S9)+IF(OR(N($S9)=1,N($S9)=3),1,0)) -> 0 | AH9: =IF($AF9=0,0,1) -> 0 | AI9: =N($T9) -> 0 | AJ9: =IF(OR($B9="mccb",$B9="oto",$B9="bh",$B9="rubilnik",$B9="ats",$B9="dif",$B9="uzo"),N($T9),0) -> 0
A10: =ROW()-1 -> 9 | B10: lamb | C10: 593077 | D10: Индикатор ND16-22D/2 зеленый AC/DC230В (R) | E10: 589 | F10: =IF(OR($E10="",$L10="",$M10="",$Q10="YASAK"),"",$E10*$L10*$M10) -> 353.4 | G10: =IF($F10="","",$F10*$H10) -> 706.8 | H10: =SUMPRODUCT((BOM!$C$2:$C$675=$C10)*BOM!$H$2:$H$675*BOM!$M$2:$M$675) -> 2 | I10: шт | J10: chint | K10: =IF(ISNA(MATCH($J10,MARKA_AD,0)),"",INDEX(MARKA_PARA,MATCH($J10,MARKA_AD,0))) -> KZT | L10: =IF(ISNA(MATCH($J10,MARKA_AD,0)),"",INDEX(MARKA_KAT,MATCH($J10,MARKA_AD,0))) -> 0.6 | M10: =IF(OR($K10="",ISNA(MATCH($K10,KUR_AD,0))),"",IF(INDEX(KUR_DEG,MATCH($K10,KUR_AD,0))="","",INDEX(KUR_DEG,MATCH($K10,KUR_AD,0)))) -> 1 | N10: CHINT2608 | O10: =IF(ISNA(MATCH($N10,KAYNAK_KOD,0)),"",IF(INDEX(KAYNAK_TARIH,MATCH($N10,KAYNAK_KOD,0))="","",INDEX(KAYNAK_TARIH,MATCH($N10,KAYNAK_KOD,0)))) -> 46261 | P10: =IF($O10="","",ROUND((TARIH-$O10)/30.4375,1)) -> 0.7 | Q10: =IF(ISNA(MATCH($J10,MARKA_AD,0)),"MARKA YOK",IF(INDEX(MARKA_IZIN,MATCH($J10,MARKA_AD,0))="HAYIR","YASAK",IF($E10="","FİYAT YOK",IF($P10="","TARİH YOK",IF($P10>YAS_YASAK_AY,"YASAK",IF($P10>YAS_ESKI_AY,"ESKİ","OK")))))) -> OK | AB10: =IF(ISNA(MATCH($B10,TIP_AD,0)),"",INDEX(TIP_GRUP,MATCH($B10,TIP_AD,0))) -> KUMANDA | AC10: =IF(OR($AB10="GUC"),IF(OR($AI10=0,$AI10>KABLO_MAX_IN),0,LOOKUP($AI10,KABLO_IN_ALT,KABLO_KESIT)),IF($AB10="KUMANDA",KUMANDA_KESIT,IF($AB10="OLCU",OLCU_KESIT,0))) -> 1.5 | AD10: =IF(OR($AC10=0,ISNA(MATCH($B10,TIP_AD,0))),0,IF(INDEX(TIP_TEL,MATCH($B10,TIP_AD,0))="",2*N($S10)+IF(OR(N($S10)=1,N($S10)=3),1,0),INDEX(TIP_TEL,MATCH($B10,TIP_AD,0)))) -> 2 | AE10: =IF(OR($AD10=0,ISNA(MATCH($B10,TIP_AD,0))),0,$AD10*INDEX(TIP_TELM,MATCH($B10,TIP_AD,0))) -> 1.6 | AF10: =IF(OR($AB10<>"GUC",$AC10=0,$AC10>KLEMENS_MAX_KESIT),0,LOOKUP($AC10,KLEMENS_ALT,KLEMENS_KES)) -> 0 | AG10: =IF($AF10=0,0,N($S10)+IF(OR(N($S10)=1,N($S10)=3),1,0)) -> 0 | AH10: =IF($AF10=0,0,1) -> 0 | AI10: =N($T10) -> 0 | AJ10: =IF(OR($B10="mccb",$B10="oto",$B10="bh",$B10="rubilnik",$B10="ats",$B10="dif",$B10="uzo"),N($T10),0) -> 0
A11: =ROW()-1 -> 10 | B11: lamb | C11: 593075 | D11: Индикатор ND16-22D/2 красный AC/DC230В (R) | E11: 571 | F11: =IF(OR($E11="",$L11="",$M11="",$Q11="YASAK"),"",$E11*$L11*$M11) -> 342.6 | G11: =IF($F11="","",$F11*$H11) -> 1027.8 | H11: =SUMPRODUCT((BOM!$C$2:$C$675=$C11)*BOM!$H$2:$H$675*BOM!$M$2:$M$675) -> 3 | I11: шт | J11: chint | K11: =IF(ISNA(MATCH($J11,MARKA_AD,0)),"",INDEX(MARKA_PARA,MATCH($J11,MARKA_AD,0))) -> KZT | L11: =IF(ISNA(MATCH($J11,MARKA_AD,0)),"",INDEX(MARKA_KAT,MATCH($J11,MARKA_AD,0))) -> 0.6 | M11: =IF(OR($K11="",ISNA(MATCH($K11,KUR_AD,0))),"",IF(INDEX(KUR_DEG,MATCH($K11,KUR_AD,0))="","",INDEX(KUR_DEG,MATCH($K11,KUR_AD,0)))) -> 1 | N11: CHINT2608 | O11: =IF(ISNA(MATCH($N11,KAYNAK_KOD,0)),"",IF(INDEX(KAYNAK_TARIH,MATCH($N11,KAYNAK_KOD,0))="","",INDEX(KAYNAK_TARIH,MATCH($N11,KAYNAK_KOD,0)))) -> 46261 | P11: =IF($O11="","",ROUND((TARIH-$O11)/30.4375,1)) -> 0.7 | Q11: =IF(ISNA(MATCH($J11,MARKA_AD,0)),"MARKA YOK",IF(INDEX(MARKA_IZIN,MATCH($J11,MARKA_AD,0))="HAYIR","YASAK",IF($E11="","FİYAT YOK",IF($P11="","TARİH YOK",IF($P11>YAS_YASAK_AY,"YASAK",IF($P11>YAS_ESKI_AY,"ESKİ","OK")))))) -> OK | AB11: =IF(ISNA(MATCH($B11,TIP_AD,0)),"",INDEX(TIP_GRUP,MATCH($B11,TIP_AD,0))) -> KUMANDA | AC11: =IF(OR($AB11="GUC"),IF(OR($AI11=0,$AI11>KABLO_MAX_IN),0,LOOKUP($AI11,KABLO_IN_ALT,KABLO_KESIT)),IF($AB11="KUMANDA",KUMANDA_KESIT,IF($AB11="OLCU",OLCU_KESIT,0))) -> 1.5 | AD11: =IF(OR($AC11=0,ISNA(MATCH($B11,TIP_AD,0))),0,IF(INDEX(TIP_TEL,MATCH($B11,TIP_AD,0))="",2*N($S11)+IF(OR(N($S11)=1,N($S11)=3),1,0),INDEX(TIP_TEL,MATCH($B11,TIP_AD,0)))) -> 2 | AE11: =IF(OR($AD11=0,ISNA(MATCH($B11,TIP_AD,0))),0,$AD11*INDEX(TIP_TELM,MATCH($B11,TIP_AD,0))) -> 1.6 | AF11: =IF(OR($AB11<>"GUC",$AC11=0,$AC11>KLEMENS_MAX_KESIT),0,LOOKUP($AC11,KLEMENS_ALT,KLEMENS_KES)) -> 0 | AG11: =IF($AF11=0,0,N($S11)+IF(OR(N($S11)=1,N($S11)=3),1,0)) -> 0 | AH11: =IF($AF11=0,0,1) -> 0 | AI11: =N($T11) -> 0 | AJ11: =IF(OR($B11="mccb",$B11="oto",$B11="bh",$B11="rubilnik",$B11="ats",$B11="dif",$B11="uzo"),N($T11),0) -> 0
A12: =ROW()-1 -> 11 | B12: tt | C12: 256478 | D12: Трансформатор тока BH-0.66 30 | B 150/5A класс точности 0.5-1 ® | E12: 5682 | F12: =IF(OR($E12="",$L12="",$M12="",$Q12="YASAK"),"",$E12*$L12*$M12) -> 3409.2 | G12: =IF($F12="","",$F12*$H12) -> 10227.6 | H12: =SUMPRODUCT((BOM!$C$2:$C$675=$C12)*BOM!$H$2:$H$675*BOM!$M$2:$M$675) -> 3 | I12: шт | J12: chint | K12: =IF(ISNA(MATCH($J12,MARKA_AD,0)),"",INDEX(MARKA_PARA,MATCH($J12,MARKA_AD,0))) -> KZT | L12: =IF(ISNA(MATCH($J12,MARKA_AD,0)),"",INDEX(MARKA_KAT,MATCH($J12,MARKA_AD,0))) -> 0.6 | M12: =IF(OR($K12="",ISNA(MATCH($K12,KUR_AD,0))),"",IF(INDEX(KUR_DEG,MATCH($K12,KUR_AD,0))="","",INDEX(KUR_DEG,MATCH($K12,KUR_AD,0)))) -> 1 | N12: CHINT2608 | O12: =IF(ISNA(MATCH($N12,KAYNAK_KOD,0)),"",IF(INDEX(KAYNAK_TARIH,MATCH($N12,KAYNAK_KOD,0))="","",INDEX(KAYNAK_TARIH,MATCH($N12,KAYNAK_KOD,0)))) -> 46261 | P12: =IF($O12="","",ROUND((TARIH-$O12)/30.4375,1)) -> 0.7 | Q12: =IF(ISNA(MATCH($J12,MARKA_AD,0)),"MARKA YOK",IF(INDEX(MARKA_IZIN,MATCH($J12,MARKA_AD,0))="HAYIR","YASAK",IF($E12="","FİYAT YOK",IF($P12="","TARİH YOK",IF($P12>YAS_YASAK_AY,"YASAK",IF($P12>YAS_ESKI_AY,"ESKİ","OK")))))) -> OK | AB12: =IF(ISNA(MATCH($B12,TIP_AD,0)),"",INDEX(TIP_GRUP,MATCH($B12,TIP_AD,0))) -> OLCU | AC12: =IF(OR($AB12="GUC"),IF(OR($AI12=0,$AI12>KABLO_MAX_IN),0,LOOKUP($AI12,KABLO_IN_ALT,KABLO_KESIT)),IF($AB12="KUMANDA",KUMANDA_KESIT,IF($AB12="OLCU",OLCU_KESIT,0))) -> 2.5 | AD12: =IF(OR($AC12=0,ISNA(MATCH($B12,TIP_AD,0))),0,IF(INDEX(TIP_TEL,MATCH($B12,TIP_AD,0))="",2*N($S12)+IF(OR(N($S12)=1,N($S12)=3),1,0),INDEX(TIP_TEL,MATCH($B12,TIP_AD,0)))) -> 0 | AE12: =IF(OR($AD12=0,ISNA(MATCH($B12,TIP_AD,0))),0,$AD12*INDEX(TIP_TELM,MATCH($B12,TIP_AD,0))) -> 0 | AF12: =IF(OR($AB12<>"GUC",$AC12=0,$AC12>KLEMENS_MAX_KESIT),0,LOOKUP($AC12,KLEMENS_ALT,KLEMENS_KES)) -> 0 | AG12: =IF($AF12=0,0,N($S12)+IF(OR(N($S12)=1,N($S12)=3),1,0)) -> 0 | AH12: =IF($AF12=0,0,1) -> 0 | AI12: =N($T12) -> 0 | AJ12: =IF(OR($B12="mccb",$B12="oto",$B12="bh",$B12="rubilnik",$B12="ats",$B12="dif",$B12="uzo"),N($T12),0) -> 0
A13: =ROW()-1 -> 12 | B13: bh | C13: 193185 | D13: Выключатель нагрузки NXHB-125 3P 100A (R) | E13: 4334 | F13: =IF(OR($E13="",$L13="",$M13="",$Q13="YASAK"),"",$E13*$L13*$M13) -> 2600.4 | G13: =IF($F13="","",$F13*$H13) -> 2600.4 | H13: =SUMPRODUCT((BOM!$C$2:$C$675=$C13)*BOM!$H$2:$H$675*BOM!$M$2:$M$675) -> 1 | I13: шт | J13: chint | K13: =IF(ISNA(MATCH($J13,MARKA_AD,0)),"",INDEX(MARKA_PARA,MATCH($J13,MARKA_AD,0))) -> KZT | L13: =IF(ISNA(MATCH($J13,MARKA_AD,0)),"",INDEX(MARKA_KAT,MATCH($J13,MARKA_AD,0))) -> 0.6 | M13: =IF(OR($K13="",ISNA(MATCH($K13,KUR_AD,0))),"",IF(INDEX(KUR_DEG,MATCH($K13,KUR_AD,0))="","",INDEX(KUR_DEG,MATCH($K13,KUR_AD,0)))) -> 1 | N13: CHINT2608 | O13: =IF(ISNA(MATCH($N13,KAYNAK_KOD,0)),"",IF(INDEX(KAYNAK_TARIH,MATCH($N13,KAYNAK_KOD,0))="","",INDEX(KAYNAK_TARIH,MATCH($N13,KAYNAK_KOD,0)))) -> 46261 | P13: =IF($O13="","",ROUND((TARIH-$O13)/30.4375,1)) -> 0.7 | Q13: =IF(ISNA(MATCH($J13,MARKA_AD,0)),"MARKA YOK",IF(INDEX(MARKA_IZIN,MATCH($J13,MARKA_AD,0))="HAYIR","YASAK",IF($E13="","FİYAT YOK",IF($P13="","TARİH YOK",IF($P13>YAS_YASAK_AY,"YASAK",IF($P13>YAS_ESKI_AY,"ESKİ","OK")))))) -> OK | S13: 3 | T13: 100 | U13: 3 | AB13: =IF(ISNA(MATCH($B13,TIP_AD,0)),"",INDEX(TIP_GRUP,MATCH($B13,TIP_AD,0))) -> GUC | AC13: =IF(OR($AB13="GUC"),IF(OR($AI13=0,$AI13>KABLO_MAX_IN),0,LOOKUP($AI13,KABLO_IN_ALT,KABLO_KESIT)),IF($AB13="KUMANDA",KUMANDA_KESIT,IF($AB13="OLCU",OLCU_KESIT,0))) -> 25 | AD13: =IF(OR($AC13=0,ISNA(MATCH($B13,TIP_AD,0))),0,IF(INDEX(TIP_TEL,MATCH($B13,TIP_AD,0))="",2*N($S13)+IF(OR(N($S13)=1,N($S13)=3),1,0),INDEX(TIP_TEL,MATCH($B13,TIP_AD,0)))) -> 3 | AE13: =IF(OR($AD13=0,ISNA(MATCH($B13,TIP_AD,0))),0,$AD13*INDEX(TIP_TELM,MATCH($B13,TIP_AD,0))) -> 0.9 | AF13: =IF(OR($AB13<>"GUC",$AC13=0,$AC13>KLEMENS_MAX_KESIT),0,LOOKUP($AC13,KLEMENS_ALT,KLEMENS_KES)) -> 35 | AG13: =IF($AF13=0,0,N($S13)+IF(OR(N($S13)=1,N($S13)=3),1,0)) -> 4 | AH13: =IF($AF13=0,0,1) -> 1 | AI13: =N($T13) -> 100 | AJ13: =IF(OR($B13="mccb",$B13="oto",$B13="bh",$B13="rubilnik",$B13="ats",$B13="dif",$B13="uzo"),N($T13),0) -> 100
A14: =ROW()-1 -> 13 | B14: bh | C14: 193183 | D14: Выключатель нагрузки NXHB-125 3P 63A (R) | E14: 4217 | F14: =IF(OR($E14="",$L14="",$M14="",$Q14="YASAK"),"",$E14*$L14*$M14) -> 2530.2 | G14: =IF($F14="","",$F14*$H14) -> 7590.6 | H14: =SUMPRODUCT((BOM!$C$2:$C$675=$C14)*BOM!$H$2:$H$675*BOM!$M$2:$M$675) -> 3 | I14: шт | J14: chint | K14: =IF(ISNA(MATCH($J14,MARKA_AD,0)),"",INDEX(MARKA_PARA,MATCH($J14,MARKA_AD,0))) -> KZT | L14: =IF(ISNA(MATCH($J14,MARKA_AD,0)),"",INDEX(MARKA_KAT,MATCH($J14,MARKA_AD,0))) -> 0.6 | M14: =IF(OR($K14="",ISNA(MATCH($K14,KUR_AD,0))),"",IF(INDEX(KUR_DEG,MATCH($K14,KUR_AD,0))="","",INDEX(KUR_DEG,MATCH($K14,KUR_AD,0)))) -> 1 | N14: CHINT2608 | O14: =IF(ISNA(MATCH($N14,KAYNAK_KOD,0)),"",IF(INDEX(KAYNAK_TARIH,MATCH($N14,KAYNAK_KOD,0))="","",INDEX(KAYNAK_TARIH,MATCH($N14,KAYNAK_KOD,0)))) -> 46261 | P14: =IF($O14="","",ROUND((TARIH-$O14)/30.4375,1)) -> 0.7 | Q14: =IF(ISNA(MATCH($J14,MARKA_AD,0)),"MARKA YOK",IF(INDEX(MARKA_IZIN,MATCH($J14,MARKA_AD,0))="HAYIR","YASAK",IF($E14="","FİYAT YOK",IF($P14="","TARİH YOK",IF($P14>YAS_YASAK_AY,"YASAK",IF($P14>YAS_ESKI_AY,"ESKİ","OK")))))) -> OK | S14: 3 | T14: 63 | U14: 3 | AB14: =IF(ISNA(MATCH($B14,TIP_AD,0)),"",INDEX(TIP_GRUP,MATCH($B14,TIP_AD,0))) -> GUC | AC14: =IF(OR($AB14="GUC"),IF(OR($AI14=0,$AI14>KABLO_MAX_IN),0,LOOKUP($AI14,KABLO_IN_ALT,KABLO_KESIT)),IF($AB14="KUMANDA",KUMANDA_KESIT,IF($AB14="OLCU",OLCU_KESIT,0))) -> 16 | AD14: =IF(OR($AC14=0,ISNA(MATCH($B14,TIP_AD,0))),0,IF(INDEX(TIP_TEL,MATCH($B14,TIP_AD,0))="",2*N($S14)+IF(OR(N($S14)=1,N($S14)=3),1,0),INDEX(TIP_TEL,MATCH($B14,TIP_AD,0)))) -> 3 | AE14: =IF(OR($AD14=0,ISNA(MATCH($B14,TIP_AD,0))),0,$AD14*INDEX(TIP_TELM,MATCH($B14,TIP_AD,0))) -> 0.9 | AF14: =IF(OR($AB14<>"GUC",$AC14=0,$AC14>KLEMENS_MAX_KESIT),0,LOOKUP($AC14,KLEMENS_ALT,KLEMENS_KES)) -> 16 | AG14: =IF($AF14=0,0,N($S14)+IF(OR(N($S14)=1,N($S14)=3),1,0)) -> 4 | AH14: =IF($AF14=0,0,1) -> 1 | AI14: =N($T14) -> 63 | AJ14: =IF(OR($B14="mccb",$B14="oto",$B14="bh",$B14="rubilnik",$B14="ats",$B14="dif",$B14="uzo"),N($T14),0) -> 63
A15: =ROW()-1 -> 14 | B15: bh | C15: 193181 | D15: Выключатель нагрузки NXHB-125 3P 32A (R) | E15: 3372 | F15: =IF(OR($E15="",$L15="",$M15="",$Q15="YASAK"),"",$E15*$L15*$M15) -> 2023.2 | G15: =IF($F15="","",$F15*$H15) -> 4046.4 | H15: =SUMPRODUCT((BOM!$C$2:$C$675=$C15)*BOM!$H$2:$H$675*BOM!$M$2:$M$675) -> 2 | I15: шт | J15: chint | K15: =IF(ISNA(MATCH($J15,MARKA_AD,0)),"",INDEX(MARKA_PARA,MATCH($J15,MARKA_AD,0))) -> KZT | L15: =IF(ISNA(MATCH($J15,MARKA_AD,0)),"",INDEX(MARKA_KAT,MATCH($J15,MARKA_AD,0))) -> 0.6 | M15: =IF(OR($K15="",ISNA(MATCH($K15,KUR_AD,0))),"",IF(INDEX(KUR_DEG,MATCH($K15,KUR_AD,0))="","",INDEX(KUR_DEG,MATCH($K15,KUR_AD,0)))) -> 1 | N15: CHINT2608 | O15: =IF(ISNA(MATCH($N15,KAYNAK_KOD,0)),"",IF(INDEX(KAYNAK_TARIH,MATCH($N15,KAYNAK_KOD,0))="","",INDEX(KAYNAK_TARIH,MATCH($N15,KAYNAK_KOD,0)))) -> 46261 | P15: =IF($O15="","",ROUND((TARIH-$O15)/30.4375,1)) -> 0.7 | Q15: =IF(ISNA(MATCH($J15,MARKA_AD,0)),"MARKA YOK",IF(INDEX(MARKA_IZIN,MATCH($J15,MARKA_AD,0))="HAYIR","YASAK",IF($E15="","FİYAT YOK",IF($P15="","TARİH YOK",IF($P15>YAS_YASAK_AY,"YASAK",IF($P15>YAS_ESKI_AY,"ESKİ","OK")))))) -> OK | S15: 3 | T15: 32 | U15: 3 | AB15: =IF(ISNA(MATCH($B15,TIP_AD,0)),"",INDEX(TIP_GRUP,MATCH($B15,TIP_AD,0))) -> GUC | AC15: =IF(OR($AB15="GUC"),IF(OR($AI15=0,$AI15>KABLO_MAX_IN),0,LOOKUP($AI15,KABLO_IN_ALT,KABLO_KESIT)),IF($AB15="KUMANDA",KUMANDA_KESIT,IF($AB15="OLCU",OLCU_KESIT,0))) -> 6 | AD15: =IF(OR($AC15=0,ISNA(MATCH($B15,TIP_AD,0))),0,IF(INDEX(TIP_TEL,MATCH($B15,TIP_AD,0))="",2*N($S15)+IF(OR(N($S15)=1,N($S15)=3),1,0),INDEX(TIP_TEL,MATCH($B15,TIP_AD,0)))) -> 3 | AE15: =IF(OR($AD15=0,ISNA(MATCH($B15,TIP_AD,0))),0,$AD15*INDEX(TIP_TELM,MATCH($B15,TIP_AD,0))) -> 0.9 | AF15: =IF(OR($AB15<>"GUC",$AC15=0,$AC15>KLEMENS_MAX_KESIT),0,LOOKUP($AC15,KLEMENS_ALT,KLEMENS_KES)) -> 6 | AG15: =IF($AF15=0,0,N($S15)+IF(OR(N($S15)=1,N($S15)=3),1,0)) -> 4 | AH15: =IF($AF15=0,0,1) -> 1 | AI15: =N($T15) -> 32 | AJ15: =IF(OR($B15="mccb",$B15="oto",$B15="bh",$B15="rubilnik",$B15="ats",$B15="dif",$B15="uzo"),N($T15),0) -> 32
A16: =ROW()-1 -> 15 | B16: oto | C16: 813873 | D16: Авт. выкл. NXB-63H 3P 25A 10кА х-ка C (R) | E16: 10552 | F16: =IF(OR($E16="",$L16="",$M16="",$Q16="YASAK"),"",$E16*$L16*$M16) -> 6331.2 | G16: =IF($F16="","",$F16*$H16) -> 12662.4 | H16: =SUMPRODUCT((BOM!$C$2:$C$675=$C16)*BOM!$H$2:$H$675*BOM!$M$2:$M$675) -> 2 | I16: шт | J16: chint | K16: =IF(ISNA(MATCH($J16,MARKA_AD,0)),"",INDEX(MARKA_PARA,MATCH($J16,MARKA_AD,0))) -> KZT | L16: =IF(ISNA(MATCH($J16,MARKA_AD,0)),"",INDEX(MARKA_KAT,MATCH($J16,MARKA_AD,0))) -> 0.6 | M16: =IF(OR($K16="",ISNA(MATCH($K16,KUR_AD,0))),"",IF(INDEX(KUR_DEG,MATCH($K16,KUR_AD,0))="","",INDEX(KUR_DEG,MATCH($K16,KUR_AD,0)))) -> 1 | N16: CHINT2608 | O16: =IF(ISNA(MATCH($N16,KAYNAK_KOD,0)),"",IF(INDEX(KAYNAK_TARIH,MATCH($N16,KAYNAK_KOD,0))="","",INDEX(KAYNAK_TARIH,MATCH($N16,KAYNAK_KOD,0)))) -> 46261 | P16: =IF($O16="","",ROUND((TARIH-$O16)/30.4375,1)) -> 0.7 | Q16: =IF(ISNA(MATCH($J16,MARKA_AD,0)),"MARKA YOK",IF(INDEX(MARKA_IZIN,MATCH($J16,MARKA_AD,0))="HAYIR","YASAK",IF($E16="","FİYAT YOK",IF($P16="","TARİH YOK",IF($P16>YAS_YASAK_AY,"YASAK",IF($P16>YAS_ESKI_AY,"ESKİ","OK")))))) -> OK | S16: 3 | T16: 25 | U16: 3 | AB16: =IF(ISNA(MATCH($B16,TIP_AD,0)),"",INDEX(TIP_GRUP,MATCH($B16,TIP_AD,0))) -> GUC | AC16: =IF(OR($AB16="GUC"),IF(OR($AI16=0,$AI16>KABLO_MAX_IN),0,LOOKUP($AI16,KABLO_IN_ALT,KABLO_KESIT)),IF($AB16="KUMANDA",KUMANDA_KESIT,IF($AB16="OLCU",OLCU_KESIT,0))) -> 4 | AD16: =IF(OR($AC16=0,ISNA(MATCH($B16,TIP_AD,0))),0,IF(INDEX(TIP_TEL,MATCH($B16,TIP_AD,0))="",2*N($S16)+IF(OR(N($S16)=1,N($S16)=3),1,0),INDEX(TIP_TEL,MATCH($B16,TIP_AD,0)))) -> 7 | AE16: =IF(OR($AD16=0,ISNA(MATCH($B16,TIP_AD,0))),0,$AD16*INDEX(TIP_TELM,MATCH($B16,TIP_AD,0))) -> 0.7 | AF16: =IF(OR($AB16<>"GUC",$AC16=0,$AC16>KLEMENS_MAX_KESIT),0,LOOKUP($AC16,KLEMENS_ALT,KLEMENS_KES)) -> 4 | AG16: =IF($AF16=0,0,N($S16)+IF(OR(N($S16)=1,N($S16)=3),1,0)) -> 4 | AH16: =IF($AF16=0,0,1) -> 1 | AI16: =N($T16) -> 25 | AJ16: =IF(OR($B16="mccb",$B16="oto",$B16="bh",$B16="rubilnik",$B16="ats",$B16="dif",$B16="uzo"),N($T16),0) -> 25
A17: =ROW()-1 -> 16 | B17: oto | C17: 813874 | D17: Авт. выкл. NXB-63H 3P 32A 10кА х-ка C (R) | E17: 11771 | F17: =IF(OR($E17="",$L17="",$M17="",$Q17="YASAK"),"",$E17*$L17*$M17) -> 7062.6 | G17: =IF($F17="","",$F17*$H17) -> 7062.6 | H17: =SUMPRODUCT((BOM!$C$2:$C$675=$C17)*BOM!$H$2:$H$675*BOM!$M$2:$M$675) -> 1 | I17: шт | J17: chint | K17: =IF(ISNA(MATCH($J17,MARKA_AD,0)),"",INDEX(MARKA_PARA,MATCH($J17,MARKA_AD,0))) -> KZT | L17: =IF(ISNA(MATCH($J17,MARKA_AD,0)),"",INDEX(MARKA_KAT,MATCH($J17,MARKA_AD,0))) -> 0.6 | M17: =IF(OR($K17="",ISNA(MATCH($K17,KUR_AD,0))),"",IF(INDEX(KUR_DEG,MATCH($K17,KUR_AD,0))="","",INDEX(KUR_DEG,MATCH($K17,KUR_AD,0)))) -> 1 | N17: CHINT2608 | O17: =IF(ISNA(MATCH($N17,KAYNAK_KOD,0)),"",IF(INDEX(KAYNAK_TARIH,MATCH($N17,KAYNAK_KOD,0))="","",INDEX(KAYNAK_TARIH,MATCH($N17,KAYNAK_KOD,0)))) -> 46261 | P17: =IF($O17="","",ROUND((TARIH-$O17)/30.4375,1)) -> 0.7 | Q17: =IF(ISNA(MATCH($J17,MARKA_AD,0)),"MARKA YOK",IF(INDEX(MARKA_IZIN,MATCH($J17,MARKA_AD,0))="HAYIR","YASAK",IF($E17="","FİYAT YOK",IF($P17="","TARİH YOK",IF($P17>YAS_YASAK_AY,"YASAK",IF($P17>YAS_ESKI_AY,"ESKİ","OK")))))) -> OK | S17: 3 | T17: 32 | U17: 3 | AB17: =IF(ISNA(MATCH($B17,TIP_AD,0)),"",INDEX(TIP_GRUP,MATCH($B17,TIP_AD,0))) -> GUC | AC17: =IF(OR($AB17="GUC"),IF(OR($AI17=0,$AI17>KABLO_MAX_IN),0,LOOKUP($AI17,KABLO_IN_ALT,KABLO_KESIT)),IF($AB17="KUMANDA",KUMANDA_KESIT,IF($AB17="OLCU",OLCU_KESIT,0))) -> 6 | AD17: =IF(OR($AC17=0,ISNA(MATCH($B17,TIP_AD,0))),0,IF(INDEX(TIP_TEL,MATCH($B17,TIP_AD,0))="",2*N($S17)+IF(OR(N($S17)=1,N($S17)=3),1,0),INDEX(TIP_TEL,MATCH($B17,TIP_AD,0)))) -> 7 | AE17: =IF(OR($AD17=0,ISNA(MATCH($B17,TIP_AD,0))),0,$AD17*INDEX(TIP_TELM,MATCH($B17,TIP_AD,0))) -> 0.7 | AF17: =IF(OR($AB17<>"GUC",$AC17=0,$AC17>KLEMENS_MAX_KESIT),0,LOOKUP($AC17,KLEMENS_ALT,KLEMENS_KES)) -> 6 | AG17: =IF($AF17=0,0,N($S17)+IF(OR(N($S17)=1,N($S17)=3),1,0)) -> 4 | AH17: =IF($AF17=0,0,1) -> 1 | AI17: =N($T17) -> 32 | AJ17: =IF(OR($B17="mccb",$B17="oto",$B17="bh",$B17="rubilnik",$B17="ats",$B17="dif",$B17="uzo"),N($T17),0) -> 32
A18: =ROW()-1 -> 17 | B18: oto | C18: 813875 | D18: Авт. выкл. NXB-63H 3P 40A 10кА х-ка C (R) | E18: 11002 | F18: =IF(OR($E18="",$L18="",$M18="",$Q18="YASAK"),"",$E18*$L18*$M18) -> 6601.2 | G18: =IF($F18="","",$F18*$H18) -> 13202.4 | H18: =SUMPRODUCT((BOM!$C$2:$C$675=$C18)*BOM!$H$2:$H$675*BOM!$M$2:$M$675) -> 2 | I18: шт | J18: chint | K18: =IF(ISNA(MATCH($J18,MARKA_AD,0)),"",INDEX(MARKA_PARA,MATCH($J18,MARKA_AD,0))) -> KZT | L18: =IF(ISNA(MATCH($J18,MARKA_AD,0)),"",INDEX(MARKA_KAT,MATCH($J18,MARKA_AD,0))) -> 0.6 | M18: =IF(OR($K18="",ISNA(MATCH($K18,KUR_AD,0))),"",IF(INDEX(KUR_DEG,MATCH($K18,KUR_AD,0))="","",INDEX(KUR_DEG,MATCH($K18,KUR_AD,0)))) -> 1 | N18: CHINT2608 | O18: =IF(ISNA(MATCH($N18,KAYNAK_KOD,0)),"",IF(INDEX(KAYNAK_TARIH,MATCH($N18,KAYNAK_KOD,0))="","",INDEX(KAYNAK_TARIH,MATCH($N18,KAYNAK_KOD,0)))) -> 46261 | P18: =IF($O18="","",ROUND((TARIH-$O18)/30.4375,1)) -> 0.7 | Q18: =IF(ISNA(MATCH($J18,MARKA_AD,0)),"MARKA YOK",IF(INDEX(MARKA_IZIN,MATCH($J18,MARKA_AD,0))="HAYIR","YASAK",IF($E18="","FİYAT YOK",IF($P18="","TARİH YOK",IF($P18>YAS_YASAK_AY,"YASAK",IF($P18>YAS_ESKI_AY,"ESKİ","OK")))))) -> OK | S18: 3 | T18: 40 | U18: 3 | AB18: =IF(ISNA(MATCH($B18,TIP_AD,0)),"",INDEX(TIP_GRUP,MATCH($B18,TIP_AD,0))) -> GUC | AC18: =IF(OR($AB18="GUC"),IF(OR($AI18=0,$AI18>KABLO_MAX_IN),0,LOOKUP($AI18,KABLO_IN_ALT,KABLO_KESIT)),IF($AB18="KUMANDA",KUMANDA_KESIT,IF($AB18="OLCU",OLCU_KESIT,0))) -> 6 | AD18: =IF(OR($AC18=0,ISNA(MATCH($B18,TIP_AD,0))),0,IF(INDEX(TIP_TEL,MATCH($B18,TIP_AD,0))="",2*N($S18)+IF(OR(N($S18)=1,N($S18)=3),1,0),INDEX(TIP_TEL,MATCH($B18,TIP_AD,0)))) -> 7 | AE18: =IF(OR($AD18=0,ISNA(MATCH($B18,TIP_AD,0))),0,$AD18*INDEX(TIP_TELM,MATCH($B18,TIP_AD,0))) -> 0.7 | AF18: =IF(OR($AB18<>"GUC",$AC18=0,$AC18>KLEMENS_MAX_KESIT),0,LOOKUP($AC18,KLEMENS_ALT,KLEMENS_KES)) -> 6 | AG18: =IF($AF18=0,0,N($S18)+IF(OR(N($S18)=1,N($S18)=3),1,0)) -> 4 | AH18: =IF($AF18=0,0,1) -> 1 | AI18: =N($T18) -> 40 | AJ18: =IF(OR($B18="mccb",$B18="oto",$B18="bh",$B18="rubilnik",$B18="ats",$B18="dif",$B18="uzo"),N($T18),0) -> 40
A19: =ROW()-1 -> 18 | B19: oto | C19: 813876 | D19: Авт. выкл. NXB-63H 3P 50A 10кА х-ка C (R) | E19: 11254 | F19: =IF(OR($E19="",$L19="",$M19="",$Q19="YASAK"),"",$E19*$L19*$M19) -> 6752.4 | G19: =IF($F19="","",$F19*$H19) -> 6752.4 | H19: =SUMPRODUCT((BOM!$C$2:$C$675=$C19)*BOM!$H$2:$H$675*BOM!$M$2:$M$675) -> 1 | I19: шт | J19: chint | K19: =IF(ISNA(MATCH($J19,MARKA_AD,0)),"",INDEX(MARKA_PARA,MATCH($J19,MARKA_AD,0))) -> KZT | L19: =IF(ISNA(MATCH($J19,MARKA_AD,0)),"",INDEX(MARKA_KAT,MATCH($J19,MARKA_AD,0))) -> 0.6 | M19: =IF(OR($K19="",ISNA(MATCH($K19,KUR_AD,0))),"",IF(INDEX(KUR_DEG,MATCH($K19,KUR_AD,0))="","",INDEX(KUR_DEG,MATCH($K19,KUR_AD,0)))) -> 1 | N19: CHINT2608 | O19: =IF(ISNA(MATCH($N19,KAYNAK_KOD,0)),"",IF(INDEX(KAYNAK_TARIH,MATCH($N19,KAYNAK_KOD,0))="","",INDEX(KAYNAK_TARIH,MATCH($N19,KAYNAK_KOD,0)))) -> 46261 | P19: =IF($O19="","",ROUND((TARIH-$O19)/30.4375,1)) -> 0.7 | Q19: =IF(ISNA(MATCH($J19,MARKA_AD,0)),"MARKA YOK",IF(INDEX(MARKA_IZIN,MATCH($J19,MARKA_AD,0))="HAYIR","YASAK",IF($E19="","FİYAT YOK",IF($P19="","TARİH YOK",IF($P19>YAS_YASAK_AY,"YASAK",IF($P19>YAS_ESKI_AY,"ESKİ","OK")))))) -> OK | S19: 3 | T19: 50 | U19: 3 | AB19: =IF(ISNA(MATCH($B19,TIP_AD,0)),"",INDEX(TIP_GRUP,MATCH($B19,TIP_AD,0))) -> GUC | AC19: =IF(OR($AB19="GUC"),IF(OR($AI19=0,$AI19>KABLO_MAX_IN),0,LOOKUP($AI19,KABLO_IN_ALT,KABLO_KESIT)),IF($AB19="KUMANDA",KUMANDA_KESIT,IF($AB19="OLCU",OLCU_KESIT,0))) -> 10 | AD19: =IF(OR($AC19=0,ISNA(MATCH($B19,TIP_AD,0))),0,IF(INDEX(TIP_TEL,MATCH($B19,TIP_AD,0))="",2*N($S19)+IF(OR(N($S19)=1,N($S19)=3),1,0),INDEX(TIP_TEL,MATCH($B19,TIP_AD,0)))) -> 7 | AE19: =IF(OR($AD19=0,ISNA(MATCH($B19,TIP_AD,0))),0,$AD19*INDEX(TIP_TELM,MATCH($B19,TIP_AD,0))) -> 0.7 | AF19: =IF(OR($AB19<>"GUC",$AC19=0,$AC19>KLEMENS_MAX_KESIT),0,LOOKUP($AC19,KLEMENS_ALT,KLEMENS_KES)) -> 10 | AG19: =IF($AF19=0,0,N($S19)+IF(OR(N($S19)=1,N($S19)=3),1,0)) -> 4 | AH19: =IF($AF19=0,0,1) -> 1 | AI19: =N($T19) -> 50 | AJ19: =IF(OR($B19="mccb",$B19="oto",$B19="bh",$B19="rubilnik",$B19="ats",$B19="dif",$B19="uzo"),N($T19),0) -> 50
A20: =ROW()-1 -> 19 | B20: dif | C20: 515381 | D20: Диф. авт. выкл. NXBLE-63YH 1P+N C16 30mA тип A, 6kA (R) | E20: 5104 | F20: =IF(OR($E20="",$L20="",$M20="",$Q20="YASAK"),"",$E20*$L20*$M20) -> 3062.4 | G20: =IF($F20="","",$F20*$H20) -> 110246.4 | H20: =SUMPRODUCT((BOM!$C$2:$C$675=$C20)*BOM!$H$2:$H$675*BOM!$M$2:$M$675) -> 36 | I20: шт | J20: chint | K20: =IF(ISNA(MATCH($J20,MARKA_AD,0)),"",INDEX(MARKA_PARA,MATCH($J20,MARKA_AD,0))) -> KZT | L20: =IF(ISNA(MATCH($J20,MARKA_AD,0)),"",INDEX(MARKA_KAT,MATCH($J20,MARKA_AD,0))) -> 0.6 | M20: =IF(OR($K20="",ISNA(MATCH($K20,KUR_AD,0))),"",IF(INDEX(KUR_DEG,MATCH($K20,KUR_AD,0))="","",INDEX(KUR_DEG,MATCH($K20,KUR_AD,0)))) -> 1 | N20: CHINT2608 | O20: =IF(ISNA(MATCH($N20,KAYNAK_KOD,0)),"",IF(INDEX(KAYNAK_TARIH,MATCH($N20,KAYNAK_KOD,0))="","",INDEX(KAYNAK_TARIH,MATCH($N20,KAYNAK_KOD,0)))) -> 46261 | P20: =IF($O20="","",ROUND((TARIH-$O20)/30.4375,1)) -> 0.7 | Q20: =IF(ISNA(MATCH($J20,MARKA_AD,0)),"MARKA YOK",IF(INDEX(MARKA_IZIN,MATCH($J20,MARKA_AD,0))="HAYIR","YASAK",IF($E20="","FİYAT YOK",IF($P20="","TARİH YOK",IF($P20>YAS_YASAK_AY,"YASAK",IF($P20>YAS_ESKI_AY,"ESKİ","OK")))))) -> OK | S20: 2 | T20: 16 | U20: 2 | AB20: =IF(ISNA(MATCH($B20,TIP_AD,0)),"",INDEX(TIP_GRUP,MATCH($B20,TIP_AD,0))) -> GUC | AC20: =IF(OR($AB20="GUC"),IF(OR($AI20=0,$AI20>KABLO_MAX_IN),0,LOOKUP($AI20,KABLO_IN_ALT,KABLO_KESIT)),IF($AB20="KUMANDA",KUMANDA_KESIT,IF($AB20="OLCU",OLCU_KESIT,0))) -> 2.5 | AD20: =IF(OR($AC20=0,ISNA(MATCH($B20,TIP_AD,0))),0,IF(INDEX(TIP_TEL,MATCH($B20,TIP_AD,0))="",2*N($S20)+IF(OR(N($S20)=1,N($S20)=3),1,0),INDEX(TIP_TEL,MATCH($B20,TIP_AD,0)))) -> 4 | AE20: =IF(OR($AD20=0,ISNA(MATCH($B20,TIP_AD,0))),0,$AD20*INDEX(TIP_TELM,MATCH($B20,TIP_AD,0))) -> 0.6 | AF20: =IF(OR($AB20<>"GUC",$AC20=0,$AC20>KLEMENS_MAX_KESIT),0,LOOKUP($AC20,KLEMENS_ALT,KLEMENS_KES)) -> 2.5 | AG20: =IF($AF20=0,0,N($S20)+IF(OR(N($S20)=1,N($S20)=3),1,0)) -> 2 | AH20: =IF($AF20=0,0,1) -> 1 | AI20: =N($T20) -> 16 | AJ20: =IF(OR($B20="mccb",$B20="oto",$B20="bh",$B20="rubilnik",$B20="ats",$B20="dif",$B20="uzo"),N($T20),0) -> 16
A21: =ROW()-1 -> 20 | B21: dif | C21: 539872 | D21: Диф. авт. выкл. NXBLE-63YH 3P+N C40 30mA тип A, 6kA (R) | E21: 11071 | F21: =IF(OR($E21="",$L21="",$M21="",$Q21="YASAK"),"",$E21*$L21*$M21) -> 6642.6 | G21: =IF($F21="","",$F21*$H21) -> 6642.6 | H21: =SUMPRODUCT((BOM!$C$2:$C$675=$C21)*BOM!$H$2:$H$675*BOM!$M$2:$M$675) -> 1 | I21: шт | J21: chint | K21: =IF(ISNA(MATCH($J21,MARKA_AD,0)),"",INDEX(MARKA_PARA,MATCH($J21,MARKA_AD,0))) -> KZT | L21: =IF(ISNA(MATCH($J21,MARKA_AD,0)),"",INDEX(MARKA_KAT,MATCH($J21,MARKA_AD,0))) -> 0.6 | M21: =IF(OR($K21="",ISNA(MATCH($K21,KUR_AD,0))),"",IF(INDEX(KUR_DEG,MATCH($K21,KUR_AD,0))="","",INDEX(KUR_DEG,MATCH($K21,KUR_AD,0)))) -> 1 | N21: CHINT2608 | O21: =IF(ISNA(MATCH($N21,KAYNAK_KOD,0)),"",IF(INDEX(KAYNAK_TARIH,MATCH($N21,KAYNAK_KOD,0))="","",INDEX(KAYNAK_TARIH,MATCH($N21,KAYNAK_KOD,0)))) -> 46261 | P21: =IF($O21="","",ROUND((TARIH-$O21)/30.4375,1)) -> 0.7 | Q21: =IF(ISNA(MATCH($J21,MARKA_AD,0)),"MARKA YOK",IF(INDEX(MARKA_IZIN,MATCH($J21,MARKA_AD,0))="HAYIR","YASAK",IF($E21="","FİYAT YOK",IF($P21="","TARİH YOK",IF($P21>YAS_YASAK_AY,"YASAK",IF($P21>YAS_ESKI_AY,"ESKİ","OK")))))) -> OK | S21: 4 | T21: 40 | U21: 4 | AB21: =IF(ISNA(MATCH($B21,TIP_AD,0)),"",INDEX(TIP_GRUP,MATCH($B21,TIP_AD,0))) -> GUC | AC21: =IF(OR($AB21="GUC"),IF(OR($AI21=0,$AI21>KABLO_MAX_IN),0,LOOKUP($AI21,KABLO_IN_ALT,KABLO_KESIT)),IF($AB21="KUMANDA",KUMANDA_KESIT,IF($AB21="OLCU",OLCU_KESIT,0))) -> 6 | AD21: =IF(OR($AC21=0,ISNA(MATCH($B21,TIP_AD,0))),0,IF(INDEX(TIP_TEL,MATCH($B21,TIP_AD,0))="",2*N($S21)+IF(OR(N($S21)=1,N($S21)=3),1,0),INDEX(TIP_TEL,MATCH($B21,TIP_AD,0)))) -> 8 | AE21: =IF(OR($AD21=0,ISNA(MATCH($B21,TIP_AD,0))),0,$AD21*INDEX(TIP_TELM,MATCH($B21,TIP_AD,0))) -> 1.2 | AF21: =IF(OR($AB21<>"GUC",$AC21=0,$AC21>KLEMENS_MAX_KESIT),0,LOOKUP($AC21,KLEMENS_ALT,KLEMENS_KES)) -> 6 | AG21: =IF($AF21=0,0,N($S21)+IF(OR(N($S21)=1,N($S21)=3),1,0)) -> 4 | AH21: =IF($AF21=0,0,1) -> 1 | AI21: =N($T21) -> 40 | AJ21: =IF(OR($B21="mccb",$B21="oto",$B21="bh",$B21="rubilnik",$B21="ats",$B21="dif",$B21="uzo"),N($T21),0) -> 40
A22: =ROW()-1 -> 21 | B22: oto | C22: 296826 | D22: Авт. выкл. NXB-63S 3P 10А 4.5kA х-ка C (R) | E22: 2447 | F22: =IF(OR($E22="",$L22="",$M22="",$Q22="YASAK"),"",$E22*$L22*$M22) -> 1468.2 | G22: =IF($F22="","",$F22*$H22) -> 1468.2 | H22: =SUMPRODUCT((BOM!$C$2:$C$675=$C22)*BOM!$H$2:$H$675*BOM!$M$2:$M$675) -> 1 | I22: шт | J22: chint | K22: =IF(ISNA(MATCH($J22,MARKA_AD,0)),"",INDEX(MARKA_PARA,MATCH($J22,MARKA_AD,0))) -> KZT | L22: =IF(ISNA(MATCH($J22,MARKA_AD,0)),"",INDEX(MARKA_KAT,MATCH($J22,MARKA_AD,0))) -> 0.6 | M22: =IF(OR($K22="",ISNA(MATCH($K22,KUR_AD,0))),"",IF(INDEX(KUR_DEG,MATCH($K22,KUR_AD,0))="","",INDEX(KUR_DEG,MATCH($K22,KUR_AD,0)))) -> 1 | N22: CHINT2608 | O22: =IF(ISNA(MATCH($N22,KAYNAK_KOD,0)),"",IF(INDEX(KAYNAK_TARIH,MATCH($N22,KAYNAK_KOD,0))="","",INDEX(KAYNAK_TARIH,MATCH($N22,KAYNAK_KOD,0)))) -> 46261 | P22: =IF($O22="","",ROUND((TARIH-$O22)/30.4375,1)) -> 0.7 | Q22: =IF(ISNA(MATCH($J22,MARKA_AD,0)),"MARKA YOK",IF(INDEX(MARKA_IZIN,MATCH($J22,MARKA_AD,0))="HAYIR","YASAK",IF($E22="","FİYAT YOK",IF($P22="","TARİH YOK",IF($P22>YAS_YASAK_AY,"YASAK",IF($P22>YAS_ESKI_AY,"ESKİ","OK")))))) -> OK | S22: 3 | T22: 10 | U22: 3 | AB22: =IF(ISNA(MATCH($B22,TIP_AD,0)),"",INDEX(TIP_GRUP,MATCH($B22,TIP_AD,0))) -> GUC | AC22: =IF(OR($AB22="GUC"),IF(OR($AI22=0,$AI22>KABLO_MAX_IN),0,LOOKUP($AI22,KABLO_IN_ALT,KABLO_KESIT)),IF($AB22="KUMANDA",KUMANDA_KESIT,IF($AB22="OLCU",OLCU_KESIT,0))) -> 1.5 | AD22: =IF(OR($AC22=0,ISNA(MATCH($B22,TIP_AD,0))),0,IF(INDEX(TIP_TEL,MATCH($B22,TIP_AD,0))="",2*N($S22)+IF(OR(N($S22)=1,N($S22)=3),1,0),INDEX(TIP_TEL,MATCH($B22,TIP_AD,0)))) -> 7 | AE22: =IF(OR($AD22=0,ISNA(MATCH($B22,TIP_AD,0))),0,$AD22*INDEX(TIP_TELM,MATCH($B22,TIP_AD,0))) -> 0.7 | AF22: =IF(OR($AB22<>"GUC",$AC22=0,$AC22>KLEMENS_MAX_KESIT),0,LOOKUP($AC22,KLEMENS_ALT,KLEMENS_KES)) -> 2.5 | AG22: =IF($AF22=0,0,N($S22)+IF(OR(N($S22)=1,N($S22)=3),1,0)) -> 4 | AH22: =IF($AF22=0,0,1) -> 1 | AI22: =N($T22) -> 10 | AJ22: =IF(OR($B22="mccb",$B22="oto",$B22="bh",$B22="rubilnik",$B22="ats",$B22="dif",$B22="uzo"),N($T22),0) -> 10
A23: =ROW()-1 -> 22 | B23: oto | C23: 296709 | D23: Авт. выкл. NXB-63S 1P 10А 4.5kA х-ка C (R) | E23: 783 | F23: =IF(OR($E23="",$L23="",$M23="",$Q23="YASAK"),"",$E23*$L23*$M23) -> 469.8 | G23: =IF($F23="","",$F23*$H23) -> 939.6 | H23: =SUMPRODUCT((BOM!$C$2:$C$675=$C23)*BOM!$H$2:$H$675*BOM!$M$2:$M$675) -> 2 | I23: шт | J23: chint | K23: =IF(ISNA(MATCH($J23,MARKA_AD,0)),"",INDEX(MARKA_PARA,MATCH($J23,MARKA_AD,0))) -> KZT | L23: =IF(ISNA(MATCH($J23,MARKA_AD,0)),"",INDEX(MARKA_KAT,MATCH($J23,MARKA_AD,0))) -> 0.6 | M23: =IF(OR($K23="",ISNA(MATCH($K23,KUR_AD,0))),"",IF(INDEX(KUR_DEG,MATCH($K23,KUR_AD,0))="","",INDEX(KUR_DEG,MATCH($K23,KUR_AD,0)))) -> 1 | N23: CHINT2608 | O23: =IF(ISNA(MATCH($N23,KAYNAK_KOD,0)),"",IF(INDEX(KAYNAK_TARIH,MATCH($N23,KAYNAK_KOD,0))="","",INDEX(KAYNAK_TARIH,MATCH($N23,KAYNAK_KOD,0)))) -> 46261 | P23: =IF($O23="","",ROUND((TARIH-$O23)/30.4375,1)) -> 0.7 | Q23: =IF(ISNA(MATCH($J23,MARKA_AD,0)),"MARKA YOK",IF(INDEX(MARKA_IZIN,MATCH($J23,MARKA_AD,0))="HAYIR","YASAK",IF($E23="","FİYAT YOK",IF($P23="","TARİH YOK",IF($P23>YAS_YASAK_AY,"YASAK",IF($P23>YAS_ESKI_AY,"ESKİ","OK")))))) -> OK | S23: 1 | T23: 10 | U23: 1 | AB23: =IF(ISNA(MATCH($B23,TIP_AD,0)),"",INDEX(TIP_GRUP,MATCH($B23,TIP_AD,0))) -> GUC | AC23: =IF(OR($AB23="GUC"),IF(OR($AI23=0,$AI23>KABLO_MAX_IN),0,LOOKUP($AI23,KABLO_IN_ALT,KABLO_KESIT)),IF($AB23="KUMANDA",KUMANDA_KESIT,IF($AB23="OLCU",OLCU_KESIT,0))) -> 1.5 | AD23: =IF(OR($AC23=0,ISNA(MATCH($B23,TIP_AD,0))),0,IF(INDEX(TIP_TEL,MATCH($B23,TIP_AD,0))="",2*N($S23)+IF(OR(N($S23)=1,N($S23)=3),1,0),INDEX(TIP_TEL,MATCH($B23,TIP_AD,0)))) -> 3 | AE23: =IF(OR($AD23=0,ISNA(MATCH($B23,TIP_AD,0))),0,$AD23*INDEX(TIP_TELM,MATCH($B23,TIP_AD,0))) -> 0.3 | AF23: =IF(OR($AB23<>"GUC",$AC23=0,$AC23>KLEMENS_MAX_KESIT),0,LOOKUP($AC23,KLEMENS_ALT,KLEMENS_KES)) -> 2.5 | AG23: =IF($AF23=0,0,N($S23)+IF(OR(N($S23)=1,N($S23)=3),1,0)) -> 2 | AH23: =IF($AF23=0,0,1) -> 1 | AI23: =N($T23) -> 10 | AJ23: =IF(OR($B23="mccb",$B23="oto",$B23="bh",$B23="rubilnik",$B23="ats",$B23="dif",$B23="uzo"),N($T23),0) -> 10
A24: =ROW()-1 -> 23 | B24: oto | C24: 296710 | D24: Авт. выкл. NXB-63S 1P 16А 4.5kA х-ка C (R) | E24: 783 | F24: =IF(OR($E24="",$L24="",$M24="",$Q24="YASAK"),"",$E24*$L24*$M24) -> 469.8 | G24: =IF($F24="","",$F24*$H24) -> 3288.6 | H24: =SUMPRODUCT((BOM!$C$2:$C$675=$C24)*BOM!$H$2:$H$675*BOM!$M$2:$M$675) -> 7 | I24: шт | J24: chint | K24: =IF(ISNA(MATCH($J24,MARKA_AD,0)),"",INDEX(MARKA_PARA,MATCH($J24,MARKA_AD,0))) -> KZT | L24: =IF(ISNA(MATCH($J24,MARKA_AD,0)),"",INDEX(MARKA_KAT,MATCH($J24,MARKA_AD,0))) -> 0.6 | M24: =IF(OR($K24="",ISNA(MATCH($K24,KUR_AD,0))),"",IF(INDEX(KUR_DEG,MATCH($K24,KUR_AD,0))="","",INDEX(KUR_DEG,MATCH($K24,KUR_AD,0)))) -> 1 | N24: CHINT2608 | O24: =IF(ISNA(MATCH($N24,KAYNAK_KOD,0)),"",IF(INDEX(KAYNAK_TARIH,MATCH($N24,KAYNAK_KOD,0))="","",INDEX(KAYNAK_TARIH,MATCH($N24,KAYNAK_KOD,0)))) -> 46261 | P24: =IF($O24="","",ROUND((TARIH-$O24)/30.4375,1)) -> 0.7 | Q24: =IF(ISNA(MATCH($J24,MARKA_AD,0)),"MARKA YOK",IF(INDEX(MARKA_IZIN,MATCH($J24,MARKA_AD,0))="HAYIR","YASAK",IF($E24="","FİYAT YOK",IF($P24="","TARİH YOK",IF($P24>YAS_YASAK_AY,"YASAK",IF($P24>YAS_ESKI_AY,"ESKİ","OK")))))) -> OK | S24: 1 | T24: 16 | U24: 1 | AB24: =IF(ISNA(MATCH($B24,TIP_AD,0)),"",INDEX(TIP_GRUP,MATCH($B24,TIP_AD,0))) -> GUC | AC24: =IF(OR($AB24="GUC"),IF(OR($AI24=0,$AI24>KABLO_MAX_IN),0,LOOKUP($AI24,KABLO_IN_ALT,KABLO_KESIT)),IF($AB24="KUMANDA",KUMANDA_KESIT,IF($AB24="OLCU",OLCU_KESIT,0))) -> 2.5 | AD24: =IF(OR($AC24=0,ISNA(MATCH($B24,TIP_AD,0))),0,IF(INDEX(TIP_TEL,MATCH($B24,TIP_AD,0))="",2*N($S24)+IF(OR(N($S24)=1,N($S24)=3),1,0),INDEX(TIP_TEL,MATCH($B24,TIP_AD,0)))) -> 3 | AE24: =IF(OR($AD24=0,ISNA(MATCH($B24,TIP_AD,0))),0,$AD24*INDEX(TIP_TELM,MATCH($B24,TIP_AD,0))) -> 0.3 | AF24: =IF(OR($AB24<>"GUC",$AC24=0,$AC24>KLEMENS_MAX_KESIT),0,LOOKUP($AC24,KLEMENS_ALT,KLEMENS_KES)) -> 2.5 | AG24: =IF($AF24=0,0,N($S24)+IF(OR(N($S24)=1,N($S24)=3),1,0)) -> 2 | AH24: =IF($AF24=0,0,1) -> 1 | AI24: =N($T24) -> 16 | AJ24: =IF(OR($B24="mccb",$B24="oto",$B24="bh",$B24="rubilnik",$B24="ats",$B24="dif",$B24="uzo"),N($T24),0) -> 16
A25: =ROW()-1 -> 24 | B25: oto | C25: 296697 | D25: Авт. выкл. NXB-63S 1P 16А 4.5kA х-ка B (R) | E25: 878 | F25: =IF(OR($E25="",$L25="",$M25="",$Q25="YASAK"),"",$E25*$L25*$M25) -> 526.8 | G25: =IF($F25="","",$F25*$H25) -> 8955.6 | H25: =SUMPRODUCT((BOM!$C$2:$C$675=$C25)*BOM!$H$2:$H$675*BOM!$M$2:$M$675) -> 17 | I25: шт | J25: chint | K25: =IF(ISNA(MATCH($J25,MARKA_AD,0)),"",INDEX(MARKA_PARA,MATCH($J25,MARKA_AD,0))) -> KZT | L25: =IF(ISNA(MATCH($J25,MARKA_AD,0)),"",INDEX(MARKA_KAT,MATCH($J25,MARKA_AD,0))) -> 0.6 | M25: =IF(OR($K25="",ISNA(MATCH($K25,KUR_AD,0))),"",IF(INDEX(KUR_DEG,MATCH($K25,KUR_AD,0))="","",INDEX(KUR_DEG,MATCH($K25,KUR_AD,0)))) -> 1 | N25: CHINT2608 | O25: =IF(ISNA(MATCH($N25,KAYNAK_KOD,0)),"",IF(INDEX(KAYNAK_TARIH,MATCH($N25,KAYNAK_KOD,0))="","",INDEX(KAYNAK_TARIH,MATCH($N25,KAYNAK_KOD,0)))) -> 46261 | P25: =IF($O25="","",ROUND((TARIH-$O25)/30.4375,1)) -> 0.7 | Q25: =IF(ISNA(MATCH($J25,MARKA_AD,0)),"MARKA YOK",IF(INDEX(MARKA_IZIN,MATCH($J25,MARKA_AD,0))="HAYIR","YASAK",IF($E25="","FİYAT YOK",IF($P25="","TARİH YOK",IF($P25>YAS_YASAK_AY,"YASAK",IF($P25>YAS_ESKI_AY,"ESKİ","OK")))))) -> OK | S25: 1 | T25: 16 | U25: 1 | AB25: =IF(ISNA(MATCH($B25,TIP_AD,0)),"",INDEX(TIP_GRUP,MATCH($B25,TIP_AD,0))) -> GUC | AC25: =IF(OR($AB25="GUC"),IF(OR($AI25=0,$AI25>KABLO_MAX_IN),0,LOOKUP($AI25,KABLO_IN_ALT,KABLO_KESIT)),IF($AB25="KUMANDA",KUMANDA_KESIT,IF($AB25="OLCU",OLCU_KESIT,0))) -> 2.5 | AD25: =IF(OR($AC25=0,ISNA(MATCH($B25,TIP_AD,0))),0,IF(INDEX(TIP_TEL,MATCH($B25,TIP_AD,0))="",2*N($S25)+IF(OR(N($S25)=1,N($S25)=3),1,0),INDEX(TIP_TEL,MATCH($B25,TIP_AD,0)))) -> 3 | AE25: =IF(OR($AD25=0,ISNA(MATCH($B25,TIP_AD,0))),0,$AD25*INDEX(TIP_TELM,MATCH($B25,TIP_AD,0))) -> 0.3 | AF25: =IF(OR($AB25<>"GUC",$AC25=0,$AC25>KLEMENS_MAX_KESIT),0,LOOKUP($AC25,KLEMENS_ALT,KLEMENS_KES)) -> 2.5 | AG25: =IF($AF25=0,0,N($S25)+IF(OR(N($S25)=1,N($S25)=3),1,0)) -> 2 | AH25: =IF($AF25=0,0,1) -> 1 | AI25: =N($T25) -> 16 | AJ25: =IF(OR($B25="mccb",$B25="oto",$B25="bh",$B25="rubilnik",$B25="ats",$B25="dif",$B25="uzo"),N($T25),0) -> 16
A26: =ROW()-1 -> 25 | B26: contactor | C26: 836851 | D26: Контактор NXC-25 25A 220В/АС3 1НО+1НЗ 50Гц (R) | E26: 9149 | F26: =IF(OR($E26="",$L26="",$M26="",$Q26="YASAK"),"",$E26*$L26*$M26) -> 5489.4 | G26: =IF($F26="","",$F26*$H26) -> 5489.4 | H26: =SUMPRODUCT((BOM!$C$2:$C$675=$C26)*BOM!$H$2:$H$675*BOM!$M$2:$M$675) -> 1 | I26: шт | J26: chint | K26: =IF(ISNA(MATCH($J26,MARKA_AD,0)),"",INDEX(MARKA_PARA,MATCH($J26,MARKA_AD,0))) -> KZT | L26: =IF(ISNA(MATCH($J26,MARKA_AD,0)),"",INDEX(MARKA_KAT,MATCH($J26,MARKA_AD,0))) -> 0.6 | M26: =IF(OR($K26="",ISNA(MATCH($K26,KUR_AD,0))),"",IF(INDEX(KUR_DEG,MATCH($K26,KUR_AD,0))="","",INDEX(KUR_DEG,MATCH($K26,KUR_AD,0)))) -> 1 | N26: CHINT2608 | O26: =IF(ISNA(MATCH($N26,KAYNAK_KOD,0)),"",IF(INDEX(KAYNAK_TARIH,MATCH($N26,KAYNAK_KOD,0))="","",INDEX(KAYNAK_TARIH,MATCH($N26,KAYNAK_KOD,0)))) -> 46261 | P26: =IF($O26="","",ROUND((TARIH-$O26)/30.4375,1)) -> 0.7 | Q26: =IF(ISNA(MATCH($J26,MARKA_AD,0)),"MARKA YOK",IF(INDEX(MARKA_IZIN,MATCH($J26,MARKA_AD,0))="HAYIR","YASAK",IF($E26="","FİYAT YOK",IF($P26="","TARİH YOK",IF($P26>YAS_YASAK_AY,"YASAK",IF($P26>YAS_ESKI_AY,"ESKİ","OK")))))) -> OK | S26: 3 | T26: 25 | AB26: =IF(ISNA(MATCH($B26,TIP_AD,0)),"",INDEX(TIP_GRUP,MATCH($B26,TIP_AD,0))) -> GUC | AC26: =IF(OR($AB26="GUC"),IF(OR($AI26=0,$AI26>KABLO_MAX_IN),0,LOOKUP($AI26,KABLO_IN_ALT,KABLO_KESIT)),IF($AB26="KUMANDA",KUMANDA_KESIT,IF($AB26="OLCU",OLCU_KESIT,0))) -> 4 | AD26: =IF(OR($AC26=0,ISNA(MATCH($B26,TIP_AD,0))),0,IF(INDEX(TIP_TEL,MATCH($B26,TIP_AD,0))="",2*N($S26)+IF(OR(N($S26)=1,N($S26)=3),1,0),INDEX(TIP_TEL,MATCH($B26,TIP_AD,0)))) -> 3 | AE26: =IF(OR($AD26=0,ISNA(MATCH($B26,TIP_AD,0))),0,$AD26*INDEX(TIP_TELM,MATCH($B26,TIP_AD,0))) -> 1.8 | AF26: =IF(OR($AB26<>"GUC",$AC26=0,$AC26>KLEMENS_MAX_KESIT),0,LOOKUP($AC26,KLEMENS_ALT,KLEMENS_KES)) -> 4 | AG26: =IF($AF26=0,0,N($S26)+IF(OR(N($S26)=1,N($S26)=3),1,0)) -> 4 | AH26: =IF($AF26=0,0,1) -> 1 | AI26: =N($T26) -> 25 | AJ26: =IF(OR($B26="mccb",$B26="oto",$B26="bh",$B26="rubilnik",$B26="ats",$B26="dif",$B26="uzo"),N($T26),0) -> 0
A27: =ROW()-1 -> 26 | B27: rele | C27: 837118 | D27: Тепловое реле NXR-25 12-18A (R) | E27: 4315 | F27: =IF(OR($E27="",$L27="",$M27="",$Q27="YASAK"),"",$E27*$L27*$M27) -> 2589 | G27: =IF($F27="","",$F27*$H27) -> 2589 | H27: =SUMPRODUCT((BOM!$C$2:$C$675=$C27)*BOM!$H$2:$H$675*BOM!$M$2:$M$675) -> 1 | I27: шт | J27: chint | K27: =IF(ISNA(MATCH($J27,MARKA_AD,0)),"",INDEX(MARKA_PARA,MATCH($J27,MARKA_AD,0))) -> KZT | L27: =IF(ISNA(MATCH($J27,MARKA_AD,0)),"",INDEX(MARKA_KAT,MATCH($J27,MARKA_AD,0))) -> 0.6 | M27: =IF(OR($K27="",ISNA(MATCH($K27,KUR_AD,0))),"",IF(INDEX(KUR_DEG,MATCH($K27,KUR_AD,0))="","",INDEX(KUR_DEG,MATCH($K27,KUR_AD,0)))) -> 1 | N27: CHINT2608 | O27: =IF(ISNA(MATCH($N27,KAYNAK_KOD,0)),"",IF(INDEX(KAYNAK_TARIH,MATCH($N27,KAYNAK_KOD,0))="","",INDEX(KAYNAK_TARIH,MATCH($N27,KAYNAK_KOD,0)))) -> 46261 | P27: =IF($O27="","",ROUND((TARIH-$O27)/30.4375,1)) -> 0.7 | Q27: =IF(ISNA(MATCH($J27,MARKA_AD,0)),"MARKA YOK",IF(INDEX(MARKA_IZIN,MATCH($J27,MARKA_AD,0))="HAYIR","YASAK",IF($E27="","FİYAT YOK",IF($P27="","TARİH YOK",IF($P27>YAS_YASAK_AY,"YASAK",IF($P27>YAS_ESKI_AY,"ESKİ","OK")))))) -> OK | AB27: =IF(ISNA(MATCH($B27,TIP_AD,0)),"",INDEX(TIP_GRUP,MATCH($B27,TIP_AD,0))) -> KUMANDA | AC27: =IF(OR($AB27="GUC"),IF(OR($AI27=0,$AI27>KABLO_MAX_IN),0,LOOKUP($AI27,KABLO_IN_ALT,KABLO_KESIT)),IF($AB27="KUMANDA",KUMANDA_KESIT,IF($AB27="OLCU",OLCU_KESIT,0))) -> 1.5 | AD27: =IF(OR($AC27=0,ISNA(MATCH($B27,TIP_AD,0))),0,IF(INDEX(TIP_TEL,MATCH($B27,TIP_AD,0))="",2*N($S27)+IF(OR(N($S27)=1,N($S27)=3),1,0),INDEX(TIP_TEL,MATCH($B27,TIP_AD,0)))) -> 4 | AE27: =IF(OR($AD27=0,ISNA(MATCH($B27,TIP_AD,0))),0,$AD27*INDEX(TIP_TELM,MATCH($B27,TIP_AD,0))) -> 3.2 | AF27: =IF(OR($AB27<>"GUC",$AC27=0,$AC27>KLEMENS_MAX_KESIT),0,LOOKUP($AC27,KLEMENS_ALT,KLEMENS_KES)) -> 0 | AG27: =IF($AF27=0,0,N($S27)+IF(OR(N($S27)=1,N($S27)=3),1,0)) -> 0 | AH27: =IF($AF27=0,0,1) -> 0 | AI27: =N($T27) -> 0 | AJ27: =IF(OR($B27="mccb",$B27="oto",$B27="bh",$B27="rubilnik",$B27="ats",$B27="dif",$B27="uzo"),N($T27),0) -> 0
A28: =ROW()-1 -> 27 | B28: aksesuar | C28: 520441 | D28: Держатель плавких вставок с индикацией RT28N-32X 10х38 1П (R) | E28: 750 | F28: =IF(OR($E28="",$L28="",$M28="",$Q28="YASAK"),"",$E28*$L28*$M28) -> 450 | G28: =IF($F28="","",$F28*$H28) -> 450 | H28: =SUMPRODUCT((BOM!$C$2:$C$675=$C28)*BOM!$H$2:$H$675*BOM!$M$2:$M$675) -> 1 | I28: шт | J28: chint | K28: =IF(ISNA(MATCH($J28,MARKA_AD,0)),"",INDEX(MARKA_PARA,MATCH($J28,MARKA_AD,0))) -> KZT | L28: =IF(ISNA(MATCH($J28,MARKA_AD,0)),"",INDEX(MARKA_KAT,MATCH($J28,MARKA_AD,0))) -> 0.6 | M28: =IF(OR($K28="",ISNA(MATCH($K28,KUR_AD,0))),"",IF(INDEX(KUR_DEG,MATCH($K28,KUR_AD,0))="","",INDEX(KUR_DEG,MATCH($K28,KUR_AD,0)))) -> 1 | N28: CHINT2608 | O28: =IF(ISNA(MATCH($N28,KAYNAK_KOD,0)),"",IF(INDEX(KAYNAK_TARIH,MATCH($N28,KAYNAK_KOD,0))="","",INDEX(KAYNAK_TARIH,MATCH($N28,KAYNAK_KOD,0)))) -> 46261 | P28: =IF($O28="","",ROUND((TARIH-$O28)/30.4375,1)) -> 0.7 | Q28: =IF(ISNA(MATCH($J28,MARKA_AD,0)),"MARKA YOK",IF(INDEX(MARKA_IZIN,MATCH($J28,MARKA_AD,0))="HAYIR","YASAK",IF($E28="","FİYAT YOK",IF($P28="","TARİH YOK",IF($P28>YAS_YASAK_AY,"YASAK",IF($P28>YAS_ESKI_AY,"ESKİ","OK")))))) -> OK | AB28: =IF(ISNA(MATCH($B28,TIP_AD,0)),"",INDEX(TIP_GRUP,MATCH($B28,TIP_AD,0))) -> AKSESUAR | AC28: =IF(OR($AB28="GUC"),IF(OR($AI28=0,$AI28>KABLO_MAX_IN),0,LOOKUP($AI28,KABLO_IN_ALT,KABLO_KESIT)),IF($AB28="KUMANDA",KUMANDA_KESIT,IF($AB28="OLCU",OLCU_KESIT,0))) -> 0 | AD28: =IF(OR($AC28=0,ISNA(MATCH($B28,TIP_AD,0))),0,IF(INDEX(TIP_TEL,MATCH($B28,TIP_AD,0))="",2*N($S28)+IF(OR(N($S28)=1,N($S28)=3),1,0),INDEX(TIP_TEL,MATCH($B28,TIP_AD,0)))) -> 0 | AE28: =IF(OR($AD28=0,ISNA(MATCH($B28,TIP_AD,0))),0,$AD28*INDEX(TIP_TELM,MATCH($B28,TIP_AD,0))) -> 0 | AF28: =IF(OR($AB28<>"GUC",$AC28=0,$AC28>KLEMENS_MAX_KESIT),0,LOOKUP($AC28,KLEMENS_ALT,KLEMENS_KES)) -> 0 | AG28: =IF($AF28=0,0,N($S28)+IF(OR(N($S28)=1,N($S28)=3),1,0)) -> 0 | AH28: =IF($AF28=0,0,1) -> 0 | AI28: =N($T28) -> 0 | AJ28: =IF(OR($B28="mccb",$B28="oto",$B28="bh",$B28="rubilnik",$B28="ats",$B28="dif",$B28="uzo"),N($T28),0) -> 0
A29: =ROW()-1 -> 28 | B29: aksesuar | C29: 520248 | D29: Плавкая вставка цилиндрическая RT28-32 2A 10х38 | E29: 141 | F29: =IF(OR($E29="",$L29="",$M29="",$Q29="YASAK"),"",$E29*$L29*$M29) -> 84.6 | G29: =IF($F29="","",$F29*$H29) -> 84.6 | H29: =SUMPRODUCT((BOM!$C$2:$C$675=$C29)*BOM!$H$2:$H$675*BOM!$M$2:$M$675) -> 1 | I29: шт | J29: chint | K29: =IF(ISNA(MATCH($J29,MARKA_AD,0)),"",INDEX(MARKA_PARA,MATCH($J29,MARKA_AD,0))) -> KZT | L29: =IF(ISNA(MATCH($J29,MARKA_AD,0)),"",INDEX(MARKA_KAT,MATCH($J29,MARKA_AD,0))) -> 0.6 | M29: =IF(OR($K29="",ISNA(MATCH($K29,KUR_AD,0))),"",IF(INDEX(KUR_DEG,MATCH($K29,KUR_AD,0))="","",INDEX(KUR_DEG,MATCH($K29,KUR_AD,0)))) -> 1 | N29: CHINT2608 | O29: =IF(ISNA(MATCH($N29,KAYNAK_KOD,0)),"",IF(INDEX(KAYNAK_TARIH,MATCH($N29,KAYNAK_KOD,0))="","",INDEX(KAYNAK_TARIH,MATCH($N29,KAYNAK_KOD,0)))) -> 46261 | P29: =IF($O29="","",ROUND((TARIH-$O29)/30.4375,1)) -> 0.7 | Q29: =IF(ISNA(MATCH($J29,MARKA_AD,0)),"MARKA YOK",IF(INDEX(MARKA_IZIN,MATCH($J29,MARKA_AD,0))="HAYIR","YASAK",IF($E29="","FİYAT YOK",IF($P29="","TARİH YOK",IF($P29>YAS_YASAK_AY,"YASAK",IF($P29>YAS_ESKI_AY,"ESKİ","OK")))))) -> OK | AB29: =IF(ISNA(MATCH($B29,TIP_AD,0)),"",INDEX(TIP_GRUP,MATCH($B29,TIP_AD,0))) -> AKSESUAR | AC29: =IF(OR($AB29="GUC"),IF(OR($AI29=0,$AI29>KABLO_MAX_IN),0,LOOKUP($AI29,KABLO_IN_ALT,KABLO_KESIT)),IF($AB29="KUMANDA",KUMANDA_KESIT,IF($AB29="OLCU",OLCU_KESIT,0))) -> 0 | AD29: =IF(OR($AC29=0,ISNA(MATCH($B29,TIP_AD,0))),0,IF(INDEX(TIP_TEL,MATCH($B29,TIP_AD,0))="",2*N($S29)+IF(OR(N($S29)=1,N($S29)=3),1,0),INDEX(TIP_TEL,MATCH($B29,TIP_AD,0)))) -> 0 | AE29: =IF(OR($AD29=0,ISNA(MATCH($B29,TIP_AD,0))),0,$AD29*INDEX(TIP_TELM,MATCH($B29,TIP_AD,0))) -> 0 | AF29: =IF(OR($AB29<>"GUC",$AC29=0,$AC29>KLEMENS_MAX_KESIT),0,LOOKUP($AC29,KLEMENS_ALT,KLEMENS_KES)) -> 0 | AG29: =IF($AF29=0,0,N($S29)+IF(OR(N($S29)=1,N($S29)=3),1,0)) -> 0 | AH29: =IF($AF29=0,0,1) -> 0 | AI29: =N($T29) -> 0 | AJ29: =IF(OR($B29="mccb",$B29="oto",$B29="bh",$B29="rubilnik",$B29="ats",$B29="dif",$B29="uzo"),N($T29),0) -> 0
A30: =ROW()-1 -> 29 | B30: button | C30: 574843 | D30: Кнопка управления NP2-BA42 без подсветки красная 1НЗ IP40 | E30: 1621 | F30: =IF(OR($E30="",$L30="",$M30="",$Q30="YASAK"),"",$E30*$L30*$M30) -> 972.6 | G30: =IF($F30="","",$F30*$H30) -> 972.6 | H30: =SUMPRODUCT((BOM!$C$2:$C$675=$C30)*BOM!$H$2:$H$675*BOM!$M$2:$M$675) -> 1 | I30: шт | J30: chint | K30: =IF(ISNA(MATCH($J30,MARKA_AD,0)),"",INDEX(MARKA_PARA,MATCH($J30,MARKA_AD,0))) -> KZT | L30: =IF(ISNA(MATCH($J30,MARKA_AD,0)),"",INDEX(MARKA_KAT,MATCH($J30,MARKA_AD,0))) -> 0.6 | M30: =IF(OR($K30="",ISNA(MATCH($K30,KUR_AD,0))),"",IF(INDEX(KUR_DEG,MATCH($K30,KUR_AD,0))="","",INDEX(KUR_DEG,MATCH($K30,KUR_AD,0)))) -> 1 | N30: CHINT2608 | O30: =IF(ISNA(MATCH($N30,KAYNAK_KOD,0)),"",IF(INDEX(KAYNAK_TARIH,MATCH($N30,KAYNAK_KOD,0))="","",INDEX(KAYNAK_TARIH,MATCH($N30,KAYNAK_KOD,0)))) -> 46261 | P30: =IF($O30="","",ROUND((TARIH-$O30)/30.4375,1)) -> 0.7 | Q30: =IF(ISNA(MATCH($J30,MARKA_AD,0)),"MARKA YOK",IF(INDEX(MARKA_IZIN,MATCH($J30,MARKA_AD,0))="HAYIR","YASAK",IF($E30="","FİYAT YOK",IF($P30="","TARİH YOK",IF($P30>YAS_YASAK_AY,"YASAK",IF($P30>YAS_ESKI_AY,"ESKİ","OK")))))) -> OK | AB30: =IF(ISNA(MATCH($B30,TIP_AD,0)),"",INDEX(TIP_GRUP,MATCH($B30,TIP_AD,0))) -> KUMANDA | AC30: =IF(OR($AB30="GUC"),IF(OR($AI30=0,$AI30>KABLO_MAX_IN),0,LOOKUP($AI30,KABLO_IN_ALT,KABLO_KESIT)),IF($AB30="KUMANDA",KUMANDA_KESIT,IF($AB30="OLCU",OLCU_KESIT,0))) -> 1.5 | AD30: =IF(OR($AC30=0,ISNA(MATCH($B30,TIP_AD,0))),0,IF(INDEX(TIP_TEL,MATCH($B30,TIP_AD,0))="",2*N($S30)+IF(OR(N($S30)=1,N($S30)=3),1,0),INDEX(TIP_TEL,MATCH($B30,TIP_AD,0)))) -> 2 | AE30: =IF(OR($AD30=0,ISNA(MATCH($B30,TIP_AD,0))),0,$AD30*INDEX(TIP_TELM,MATCH($B30,TIP_AD,0))) -> 1.6 | AF30: =IF(OR($AB30<>"GUC",$AC30=0,$AC30>KLEMENS_MAX_KESIT),0,LOOKUP($AC30,KLEMENS_ALT,KLEMENS_KES)) -> 0 | AG30: =IF($AF30=0,0,N($S30)+IF(OR(N($S30)=1,N($S30)=3),1,0)) -> 0 | AH30: =IF($AF30=0,0,1) -> 0 | AI30: =N($T30) -> 0 | AJ30: =IF(OR($B30="mccb",$B30="oto",$B30="bh",$B30="rubilnik",$B30="ats",$B30="dif",$B30="uzo"),N($T30),0) -> 0
A31: =ROW()-1 -> 30 | B31: button | C31: 574842 | D31: Кнопка управления NP2-BA31 без подсветки зеленая 1НО IP40 | E31: 1602 | F31: =IF(OR($E31="",$L31="",$M31="",$Q31="YASAK"),"",$E31*$L31*$M31) -> 961.2 | G31: =IF($F31="","",$F31*$H31) -> 961.2 | H31: =SUMPRODUCT((BOM!$C$2:$C$675=$C31)*BOM!$H$2:$H$675*BOM!$M$2:$M$675) -> 1 | I31: шт | J31: chint | K31: =IF(ISNA(MATCH($J31,MARKA_AD,0)),"",INDEX(MARKA_PARA,MATCH($J31,MARKA_AD,0))) -> KZT | L31: =IF(ISNA(MATCH($J31,MARKA_AD,0)),"",INDEX(MARKA_KAT,MATCH($J31,MARKA_AD,0))) -> 0.6 | M31: =IF(OR($K31="",ISNA(MATCH($K31,KUR_AD,0))),"",IF(INDEX(KUR_DEG,MATCH($K31,KUR_AD,0))="","",INDEX(KUR_DEG,MATCH($K31,KUR_AD,0)))) -> 1 | N31: CHINT2608 | O31: =IF(ISNA(MATCH($N31,KAYNAK_KOD,0)),"",IF(INDEX(KAYNAK_TARIH,MATCH($N31,KAYNAK_KOD,0))="","",INDEX(KAYNAK_TARIH,MATCH($N31,KAYNAK_KOD,0)))) -> 46261 | P31: =IF($O31="","",ROUND((TARIH-$O31)/30.4375,1)) -> 0.7 | Q31: =IF(ISNA(MATCH($J31,MARKA_AD,0)),"MARKA YOK",IF(INDEX(MARKA_IZIN,MATCH($J31,MARKA_AD,0))="HAYIR","YASAK",IF($E31="","FİYAT YOK",IF($P31="","TARİH YOK",IF($P31>YAS_YASAK_AY,"YASAK",IF($P31>YAS_ESKI_AY,"ESKİ","OK")))))) -> OK | AB31: =IF(ISNA(MATCH($B31,TIP_AD,0)),"",INDEX(TIP_GRUP,MATCH($B31,TIP_AD,0))) -> KUMANDA | AC31: =IF(OR($AB31="GUC"),IF(OR($AI31=0,$AI31>KABLO_MAX_IN),0,LOOKUP($AI31,KABLO_IN_ALT,KABLO_KESIT)),IF($AB31="KUMANDA",KUMANDA_KESIT,IF($AB31="OLCU",OLCU_KESIT,0))) -> 1.5 | AD31: =IF(OR($AC31=0,ISNA(MATCH($B31,TIP_AD,0))),0,IF(INDEX(TIP_TEL,MATCH($B31,TIP_AD,0))="",2*N($S31)+IF(OR(N($S31)=1,N($S31)=3),1,0),INDEX(TIP_TEL,MATCH($B31,TIP_AD,0)))) -> 2 | AE31: =IF(OR($AD31=0,ISNA(MATCH($B31,TIP_AD,0))),0,$AD31*INDEX(TIP_TELM,MATCH($B31,TIP_AD,0))) -> 1.6 | AF31: =IF(OR($AB31<>"GUC",$AC31=0,$AC31>KLEMENS_MAX_KESIT),0,LOOKUP($AC31,KLEMENS_ALT,KLEMENS_KES)) -> 0 | AG31: =IF($AF31=0,0,N($S31)+IF(OR(N($S31)=1,N($S31)=3),1,0)) -> 0 | AH31: =IF($AF31=0,0,1) -> 0 | AI31: =N($T31) -> 0 | AJ31: =IF(OR($B31="mccb",$B31="oto",$B31="bh",$B31="rubilnik",$B31="ats",$B31="dif",$B31="uzo"),N($T31),0) -> 0
A32: =ROW()-1 -> 31 | B32: oto | C32: 296829 | D32: Авт. выкл. NXB-63S 3P 25А 4.5kA х-ка C (R) | E32: 2429 | F32: =IF(OR($E32="",$L32="",$M32="",$Q32="YASAK"),"",$E32*$L32*$M32) -> 1457.4 | G32: =IF($F32="","",$F32*$H32) -> 1457.4 | H32: =SUMPRODUCT((BOM!$C$2:$C$675=$C32)*BOM!$H$2:$H$675*BOM!$M$2:$M$675) -> 1 | I32: шт | J32: chint | K32: =IF(ISNA(MATCH($J32,MARKA_AD,0)),"",INDEX(MARKA_PARA,MATCH($J32,MARKA_AD,0))) -> KZT | L32: =IF(ISNA(MATCH($J32,MARKA_AD,0)),"",INDEX(MARKA_KAT,MATCH($J32,MARKA_AD,0))) -> 0.6 | M32: =IF(OR($K32="",ISNA(MATCH($K32,KUR_AD,0))),"",IF(INDEX(KUR_DEG,MATCH($K32,KUR_AD,0))="","",INDEX(KUR_DEG,MATCH($K32,KUR_AD,0)))) -> 1 | N32: CHINT2608 | O32: =IF(ISNA(MATCH($N32,KAYNAK_KOD,0)),"",IF(INDEX(KAYNAK_TARIH,MATCH($N32,KAYNAK_KOD,0))="","",INDEX(KAYNAK_TARIH,MATCH($N32,KAYNAK_KOD,0)))) -> 46261 | P32: =IF($O32="","",ROUND((TARIH-$O32)/30.4375,1)) -> 0.7 | Q32: =IF(ISNA(MATCH($J32,MARKA_AD,0)),"MARKA YOK",IF(INDEX(MARKA_IZIN,MATCH($J32,MARKA_AD,0))="HAYIR","YASAK",IF($E32="","FİYAT YOK",IF($P32="","TARİH YOK",IF($P32>YAS_YASAK_AY,"YASAK",IF($P32>YAS_ESKI_AY,"ESKİ","OK")))))) -> OK | S32: 3 | T32: 25 | U32: 3 | AB32: =IF(ISNA(MATCH($B32,TIP_AD,0)),"",INDEX(TIP_GRUP,MATCH($B32,TIP_AD,0))) -> GUC | AC32: =IF(OR($AB32="GUC"),IF(OR($AI32=0,$AI32>KABLO_MAX_IN),0,LOOKUP($AI32,KABLO_IN_ALT,KABLO_KESIT)),IF($AB32="KUMANDA",KUMANDA_KESIT,IF($AB32="OLCU",OLCU_KESIT,0))) -> 4 | AD32: =IF(OR($AC32=0,ISNA(MATCH($B32,TIP_AD,0))),0,IF(INDEX(TIP_TEL,MATCH($B32,TIP_AD,0))="",2*N($S32)+IF(OR(N($S32)=1,N($S32)=3),1,0),INDEX(TIP_TEL,MATCH($B32,TIP_AD,0)))) -> 7 | AE32: =IF(OR($AD32=0,ISNA(MATCH($B32,TIP_AD,0))),0,$AD32*INDEX(TIP_TELM,MATCH($B32,TIP_AD,0))) -> 0.7 | AF32: =IF(OR($AB32<>"GUC",$AC32=0,$AC32>KLEMENS_MAX_KESIT),0,LOOKUP($AC32,KLEMENS_ALT,KLEMENS_KES)) -> 4 | AG32: =IF($AF32=0,0,N($S32)+IF(OR(N($S32)=1,N($S32)=3),1,0)) -> 4 | AH32: =IF($AF32=0,0,1) -> 1 | AI32: =N($T32) -> 25 | AJ32: =IF(OR($B32="mccb",$B32="oto",$B32="bh",$B32="rubilnik",$B32="ats",$B32="dif",$B32="uzo"),N($T32),0) -> 25
A33: =ROW()-1 -> 32 | B33: avr_rele | C33: 311100898_ | D33: Устройство управления резервным питанием F&F AVR-02-G NEW | E33: 59554 | F33: =IF(OR($E33="",$L33="",$M33="",$Q33="YASAK"),"",$E33*$L33*$M33) -> 59554 | G33: =IF($F33="","",$F33*$H33) -> 0 | H33: =SUMPRODUCT((BOM!$C$2:$C$675=$C33)*BOM!$H$2:$H$675*BOM!$M$2:$M$675) -> 0 | I33: шт | J33: pys | K33: =IF(ISNA(MATCH($J33,MARKA_AD,0)),"",INDEX(MARKA_PARA,MATCH($J33,MARKA_AD,0))) -> KZT | L33: =IF(ISNA(MATCH($J33,MARKA_AD,0)),"",INDEX(MARKA_KAT,MATCH($J33,MARKA_AD,0))) -> 1 | M33: =IF(OR($K33="",ISNA(MATCH($K33,KUR_AD,0))),"",IF(INDEX(KUR_DEG,MATCH($K33,KUR_AD,0))="","",INDEX(KUR_DEG,MATCH($K33,KUR_AD,0)))) -> 1 | N33: EKT2506 | O33: =IF(ISNA(MATCH($N33,KAYNAK_KOD,0)),"",IF(INDEX(KAYNAK_TARIH,MATCH($N33,KAYNAK_KOD,0))="","",INDEX(KAYNAK_TARIH,MATCH($N33,KAYNAK_KOD,0)))) -> 45820 | P33: =IF($O33="","",ROUND((TARIH-$O33)/30.4375,1)) -> 15.2 | Q33: =IF(ISNA(MATCH($J33,MARKA_AD,0)),"MARKA YOK",IF(INDEX(MARKA_IZIN,MATCH($J33,MARKA_AD,0))="HAYIR","YASAK",IF($E33="","FİYAT YOK",IF($P33="","TARİH YOK",IF($P33>YAS_YASAK_AY,"YASAK",IF($P33>YAS_ESKI_AY,"ESKİ","OK")))))) -> ESKİ | AB33: =IF(ISNA(MATCH($B33,TIP_AD,0)),"",INDEX(TIP_GRUP,MATCH($B33,TIP_AD,0))) -> KUMANDA | AC33: =IF(OR($AB33="GUC"),IF(OR($AI33=0,$AI33>KABLO_MAX_IN),0,LOOKUP($AI33,KABLO_IN_ALT,KABLO_KESIT)),IF($AB33="KUMANDA",KUMANDA_KESIT,IF($AB33="OLCU",OLCU_KESIT,0))) -> 1.5 | AD33: =IF(OR($AC33=0,ISNA(MATCH($B33,TIP_AD,0))),0,IF(INDEX(TIP_TEL,MATCH($B33,TIP_AD,0))="",2*N($S33)+IF(OR(N($S33)=1,N($S33)=3),1,0),INDEX(TIP_TEL,MATCH($B33,TIP_AD,0)))) -> 8 | AE33: =IF(OR($AD33=0,ISNA(MATCH($B33,TIP_AD,0))),0,$AD33*INDEX(TIP_TELM,MATCH($B33,TIP_AD,0))) -> 6.4 | AF33: =IF(OR($AB33<>"GUC",$AC33=0,$AC33>KLEMENS_MAX_KESIT),0,LOOKUP($AC33,KLEMENS_ALT,KLEMENS_KES)) -> 0 | AG33: =IF($AF33=0,0,N($S33)+IF(OR(N($S33)=1,N($S33)=3),1,0)) -> 0 | AH33: =IF($AF33=0,0,1) -> 0 | AI33: =N($T33) -> 0 | AJ33: =IF(OR($B33="mccb",$B33="oto",$B33="bh",$B33="rubilnik",$B33="ats",$B33="dif",$B33="uzo"),N($T33),0) -> 0
A34: =ROW()-1 -> 33 | B34: aksesuar | C34: 200100060 | D34: Испытательная клеммная коробка(колодка) для счетчиков электроэнергии | E34: 5999 | F34: =IF(OR($E34="",$L34="",$M34="",$Q34="YASAK"),"",$E34*$L34*$M34) -> 5999 | G34: =IF($F34="","",$F34*$H34) -> 5999 | H34: =SUMPRODUCT((BOM!$C$2:$C$675=$C34)*BOM!$H$2:$H$675*BOM!$M$2:$M$675) -> 1 | I34: шт | J34: ekt | K34: =IF(ISNA(MATCH($J34,MARKA_AD,0)),"",INDEX(MARKA_PARA,MATCH($J34,MARKA_AD,0))) -> KZT | L34: =IF(ISNA(MATCH($J34,MARKA_AD,0)),"",INDEX(MARKA_KAT,MATCH($J34,MARKA_AD,0))) -> 1 | M34: =IF(OR($K34="",ISNA(MATCH($K34,KUR_AD,0))),"",IF(INDEX(KUR_DEG,MATCH($K34,KUR_AD,0))="","",INDEX(KUR_DEG,MATCH($K34,KUR_AD,0)))) -> 1 | N34: EKT2506 | O34: =IF(ISNA(MATCH($N34,KAYNAK_KOD,0)),"",IF(INDEX(KAYNAK_TARIH,MATCH($N34,KAYNAK_KOD,0))="","",INDEX(KAYNAK_TARIH,MATCH($N34,KAYNAK_KOD,0)))) -> 45820 | P34: =IF($O34="","",ROUND((TARIH-$O34)/30.4375,1)) -> 15.2 | Q34: =IF(ISNA(MATCH($J34,MARKA_AD,0)),"MARKA YOK",IF(INDEX(MARKA_IZIN,MATCH($J34,MARKA_AD,0))="HAYIR","YASAK",IF($E34="","FİYAT YOK",IF($P34="","TARİH YOK",IF($P34>YAS_YASAK_AY,"YASAK",IF($P34>YAS_ESKI_AY,"ESKİ","OK")))))) -> ESKİ | AB34: =IF(ISNA(MATCH($B34,TIP_AD,0)),"",INDEX(TIP_GRUP,MATCH($B34,TIP_AD,0))) -> AKSESUAR | AC34: =IF(OR($AB34="GUC"),IF(OR($AI34=0,$AI34>KABLO_MAX_IN),0,LOOKUP($AI34,KABLO_IN_ALT,KABLO_KESIT)),IF($AB34="KUMANDA",KUMANDA_KESIT,IF($AB34="OLCU",OLCU_KESIT,0))) -> 0 | AD34: =IF(OR($AC34=0,ISNA(MATCH($B34,TIP_AD,0))),0,IF(INDEX(TIP_TEL,MATCH($B34,TIP_AD,0))="",2*N($S34)+IF(OR(N($S34)=1,N($S34)=3),1,0),INDEX(TIP_TEL,MATCH($B34,TIP_AD,0)))) -> 0 | AE34: =IF(OR($AD34=0,ISNA(MATCH($B34,TIP_AD,0))),0,$AD34*INDEX(TIP_TELM,MATCH($B34,TIP_AD,0))) -> 0 | AF34: =IF(OR($AB34<>"GUC",$AC34=0,$AC34>KLEMENS_MAX_KESIT),0,LOOKUP($AC34,KLEMENS_ALT,KLEMENS_KES)) -> 0 | AG34: =IF($AF34=0,0,N($S34)+IF(OR(N($S34)=1,N($S34)=3),1,0)) -> 0 | AH34: =IF($AF34=0,0,1) -> 0 | AI34: =N($T34) -> 0 | AJ34: =IF(OR($B34="mccb",$B34="oto",$B34="bh",$B34="rubilnik",$B34="ats",$B34="dif",$B34="uzo"),N($T34),0) -> 0
A35: =ROW()-1 -> 34 | B35: kanal | C35: 280100020 | D35: Кабель.канал перф. 40х40 ИМПАКТ IEK (36) | E35: 1486 | F35: =IF(OR($E35="",$L35="",$M35="",$Q35="YASAK"),"",$E35*$L35*$M35) -> 1486 | G35: =IF($F35="","",$F35*$H35) -> 13076.8 | H35: =SUMPRODUCT((BOM!$C$2:$C$675=$C35)*BOM!$H$2:$H$675*BOM!$M$2:$M$675) -> 8.8 | I35: м | J35: ekt | K35: =IF(ISNA(MATCH($J35,MARKA_AD,0)),"",INDEX(MARKA_PARA,MATCH($J35,MARKA_AD,0))) -> KZT | L35: =IF(ISNA(MATCH($J35,MARKA_AD,0)),"",INDEX(MARKA_KAT,MATCH($J35,MARKA_AD,0))) -> 1 | M35: =IF(OR($K35="",ISNA(MATCH($K35,KUR_AD,0))),"",IF(INDEX(KUR_DEG,MATCH($K35,KUR_AD,0))="","",INDEX(KUR_DEG,MATCH($K35,KUR_AD,0)))) -> 1 | N35: EKT2506 | O35: =IF(ISNA(MATCH($N35,KAYNAK_KOD,0)),"",IF(INDEX(KAYNAK_TARIH,MATCH($N35,KAYNAK_KOD,0))="","",INDEX(KAYNAK_TARIH,MATCH($N35,KAYNAK_KOD,0)))) -> 45820 | P35: =IF($O35="","",ROUND((TARIH-$O35)/30.4375,1)) -> 15.2 | Q35: =IF(ISNA(MATCH($J35,MARKA_AD,0)),"MARKA YOK",IF(INDEX(MARKA_IZIN,MATCH($J35,MARKA_AD,0))="HAYIR","YASAK",IF($E35="","FİYAT YOK",IF($P35="","TARİH YOK",IF($P35>YAS_YASAK_AY,"YASAK",IF($P35>YAS_ESKI_AY,"ESKİ","OK")))))) -> ESKİ | AB35: =IF(ISNA(MATCH($B35,TIP_AD,0)),"",INDEX(TIP_GRUP,MATCH($B35,TIP_AD,0))) -> SARF | AC35: =IF(OR($AB35="GUC"),IF(OR($AI35=0,$AI35>KABLO_MAX_IN),0,LOOKUP($AI35,KABLO_IN_ALT,KABLO_KESIT)),IF($AB35="KUMANDA",KUMANDA_KESIT,IF($AB35="OLCU",OLCU_KESIT,0))) -> 0 | AD35: =IF(OR($AC35=0,ISNA(MATCH($B35,TIP_AD,0))),0,IF(INDEX(TIP_TEL,MATCH($B35,TIP_AD,0))="",2*N($S35)+IF(OR(N($S35)=1,N($S35)=3),1,0),INDEX(TIP_TEL,MATCH($B35,TIP_AD,0)))) -> 0 | AE35: =IF(OR($AD35=0,ISNA(MATCH($B35,TIP_AD,0))),0,$AD35*INDEX(TIP_TELM,MATCH($B35,TIP_AD,0))) -> 0 | AF35: =IF(OR($AB35<>"GUC",$AC35=0,$AC35>KLEMENS_MAX_KESIT),0,LOOKUP($AC35,KLEMENS_ALT,KLEMENS_KES)) -> 0 | AG35: =IF($AF35=0,0,N($S35)+IF(OR(N($S35)=1,N($S35)=3),1,0)) -> 0 | AH35: =IF($AF35=0,0,1) -> 0 | AI35: =N($T35) -> 0 | AJ35: =IF(OR($B35="mccb",$B35="oto",$B35="bh",$B35="rubilnik",$B35="ats",$B35="dif",$B35="uzo"),N($T35),0) -> 0
A36: =ROW()-1 -> 35 | B36: yuksuk | C36: 311100829 | D36: Наконечник НШВИ 16-12 изолированный 79452 (100шт) КВТ NEW | E36: 1919 | F36: =IF(OR($E36="",$L36="",$M36="",$Q36="YASAK"),"",$E36*$L36*$M36) -> 1919 | G36: =IF($F36="","",$F36*$H36) -> 5757 | H36: =SUMPRODUCT((BOM!$C$2:$C$675=$C36)*BOM!$H$2:$H$675*BOM!$M$2:$M$675) -> 3 | I36: упак | J36: ekt | K36: =IF(ISNA(MATCH($J36,MARKA_AD,0)),"",INDEX(MARKA_PARA,MATCH($J36,MARKA_AD,0))) -> KZT | L36: =IF(ISNA(MATCH($J36,MARKA_AD,0)),"",INDEX(MARKA_KAT,MATCH($J36,MARKA_AD,0))) -> 1 | M36: =IF(OR($K36="",ISNA(MATCH($K36,KUR_AD,0))),"",IF(INDEX(KUR_DEG,MATCH($K36,KUR_AD,0))="","",INDEX(KUR_DEG,MATCH($K36,KUR_AD,0)))) -> 1 | N36: EKT2506 | O36: =IF(ISNA(MATCH($N36,KAYNAK_KOD,0)),"",IF(INDEX(KAYNAK_TARIH,MATCH($N36,KAYNAK_KOD,0))="","",INDEX(KAYNAK_TARIH,MATCH($N36,KAYNAK_KOD,0)))) -> 45820 | P36: =IF($O36="","",ROUND((TARIH-$O36)/30.4375,1)) -> 15.2 | Q36: =IF(ISNA(MATCH($J36,MARKA_AD,0)),"MARKA YOK",IF(INDEX(MARKA_IZIN,MATCH($J36,MARKA_AD,0))="HAYIR","YASAK",IF($E36="","FİYAT YOK",IF($P36="","TARİH YOK",IF($P36>YAS_YASAK_AY,"YASAK",IF($P36>YAS_ESKI_AY,"ESKİ","OK")))))) -> ESKİ | V36: 100 | W36: 16 | AB36: =IF(ISNA(MATCH($B36,TIP_AD,0)),"",INDEX(TIP_GRUP,MATCH($B36,TIP_AD,0))) -> SARF | AC36: =IF(OR($AB36="GUC"),IF(OR($AI36=0,$AI36>KABLO_MAX_IN),0,LOOKUP($AI36,KABLO_IN_ALT,KABLO_KESIT)),IF($AB36="KUMANDA",KUMANDA_KESIT,IF($AB36="OLCU",OLCU_KESIT,0))) -> 0 | AD36: =IF(OR($AC36=0,ISNA(MATCH($B36,TIP_AD,0))),0,IF(INDEX(TIP_TEL,MATCH($B36,TIP_AD,0))="",2*N($S36)+IF(OR(N($S36)=1,N($S36)=3),1,0),INDEX(TIP_TEL,MATCH($B36,TIP_AD,0)))) -> 0 | AE36: =IF(OR($AD36=0,ISNA(MATCH($B36,TIP_AD,0))),0,$AD36*INDEX(TIP_TELM,MATCH($B36,TIP_AD,0))) -> 0 | AF36: =IF(OR($AB36<>"GUC",$AC36=0,$AC36>KLEMENS_MAX_KESIT),0,LOOKUP($AC36,KLEMENS_ALT,KLEMENS_KES)) -> 0 | AG36: =IF($AF36=0,0,N($S36)+IF(OR(N($S36)=1,N($S36)=3),1,0)) -> 0 | AH36: =IF($AF36=0,0,1) -> 0 | AI36: =N($T36) -> 0 | AJ36: =IF(OR($B36="mccb",$B36="oto",$B36="bh",$B36="rubilnik",$B36="ats",$B36="dif",$B36="uzo"),N($T36),0) -> 0
A37: =ROW()-1 -> 36 | B37: sayac | C37: 989-190-0114 | D37: Счет.элек Меркурий 3ф 5 (7,5)A 230 ART-03 PQRSIDN многотариф/трансф | E37: 105000 | F37: =IF(OR($E37="",$L37="",$M37="",$Q37="YASAK"),"",$E37*$L37*$M37) -> 105000 | G37: =IF($F37="","",$F37*$H37) -> 105000 | H37: =SUMPRODUCT((BOM!$C$2:$C$675=$C37)*BOM!$H$2:$H$675*BOM!$M$2:$M$675) -> 1 | I37: шт | J37: pys | K37: =IF(ISNA(MATCH($J37,MARKA_AD,0)),"",INDEX(MARKA_PARA,MATCH($J37,MARKA_AD,0))) -> KZT | L37: =IF(ISNA(MATCH($J37,MARKA_AD,0)),"",INDEX(MARKA_KAT,MATCH($J37,MARKA_AD,0))) -> 1 | M37: =IF(OR($K37="",ISNA(MATCH($K37,KUR_AD,0))),"",IF(INDEX(KUR_DEG,MATCH($K37,KUR_AD,0))="","",INDEX(KUR_DEG,MATCH($K37,KUR_AD,0)))) -> 1 | N37: KAZTEK2607 | O37: =IF(ISNA(MATCH($N37,KAYNAK_KOD,0)),"",IF(INDEX(KAYNAK_TARIH,MATCH($N37,KAYNAK_KOD,0))="","",INDEX(KAYNAK_TARIH,MATCH($N37,KAYNAK_KOD,0)))) -> 46218 | P37: =IF($O37="","",ROUND((TARIH-$O37)/30.4375,1)) -> 2.1 | Q37: =IF(ISNA(MATCH($J37,MARKA_AD,0)),"MARKA YOK",IF(INDEX(MARKA_IZIN,MATCH($J37,MARKA_AD,0))="HAYIR","YASAK",IF($E37="","FİYAT YOK",IF($P37="","TARİH YOK",IF($P37>YAS_YASAK_AY,"YASAK",IF($P37>YAS_ESKI_AY,"ESKİ","OK")))))) -> OK | T37: 5 | AB37: =IF(ISNA(MATCH($B37,TIP_AD,0)),"",INDEX(TIP_GRUP,MATCH($B37,TIP_AD,0))) -> OLCU | AC37: =IF(OR($AB37="GUC"),IF(OR($AI37=0,$AI37>KABLO_MAX_IN),0,LOOKUP($AI37,KABLO_IN_ALT,KABLO_KESIT)),IF($AB37="KUMANDA",KUMANDA_KESIT,IF($AB37="OLCU",OLCU_KESIT,0))) -> 2.5 | AD37: =IF(OR($AC37=0,ISNA(MATCH($B37,TIP_AD,0))),0,IF(INDEX(TIP_TEL,MATCH($B37,TIP_AD,0))="",2*N($S37)+IF(OR(N($S37)=1,N($S37)=3),1,0),INDEX(TIP_TEL,MATCH($B37,TIP_AD,0)))) -> 10 | AE37: =IF(OR($AD37=0,ISNA(MATCH($B37,TIP_AD,0))),0,$AD37*INDEX(TIP_TELM,MATCH($B37,TIP_AD,0))) -> 12 | AF37: =IF(OR($AB37<>"GUC",$AC37=0,$AC37>KLEMENS_MAX_KESIT),0,LOOKUP($AC37,KLEMENS_ALT,KLEMENS_KES)) -> 0 | AG37: =IF($AF37=0,0,N($S37)+IF(OR(N($S37)=1,N($S37)=3),1,0)) -> 0 | AH37: =IF($AF37=0,0,1) -> 0 | AI37: =N($T37) -> 5 | AJ37: =IF(OR($B37="mccb",$B37="oto",$B37="bh",$B37="rubilnik",$B37="ats",$B37="dif",$B37="uzo"),N($T37),0) -> 0
A38: =ROW()-1 -> 37 | B38: korpus | C38: 719-15696 | D38: Shit 2000x800x450+100mm | E38: 172785 | F38: =IF(OR($E38="",$L38="",$M38="",$Q38="YASAK"),"",$E38*$L38*$M38) -> 103671 | G38: =IF($F38="","",$F38*$H38) -> 103671 | H38: =SUMPRODUCT((BOM!$C$2:$C$675=$C38)*BOM!$H$2:$H$675*BOM!$M$2:$M$675) -> 1 | I38: шт | J38: kaztek | K38: =IF(ISNA(MATCH($J38,MARKA_AD,0)),"",INDEX(MARKA_PARA,MATCH($J38,MARKA_AD,0))) -> KZT | L38: =IF(ISNA(MATCH($J38,MARKA_AD,0)),"",INDEX(MARKA_KAT,MATCH($J38,MARKA_AD,0))) -> 0.6 | M38: =IF(OR($K38="",ISNA(MATCH($K38,KUR_AD,0))),"",IF(INDEX(KUR_DEG,MATCH($K38,KUR_AD,0))="","",INDEX(KUR_DEG,MATCH($K38,KUR_AD,0)))) -> 1 | N38: KAZTEK2607 | O38: =IF(ISNA(MATCH($N38,KAYNAK_KOD,0)),"",IF(INDEX(KAYNAK_TARIH,MATCH($N38,KAYNAK_KOD,0))="","",INDEX(KAYNAK_TARIH,MATCH($N38,KAYNAK_KOD,0)))) -> 46218 | P38: =IF($O38="","",ROUND((TARIH-$O38)/30.4375,1)) -> 2.1 | Q38: =IF(ISNA(MATCH($J38,MARKA_AD,0)),"MARKA YOK",IF(INDEX(MARKA_IZIN,MATCH($J38,MARKA_AD,0))="HAYIR","YASAK",IF($E38="","FİYAT YOK",IF($P38="","TARİH YOK",IF($P38>YAS_YASAK_AY,"YASAK",IF($P38>YAS_ESKI_AY,"ESKİ","OK")))))) -> OK | X38: 800 | Y38: 2000 | Z38: 450 | AB38: =IF(ISNA(MATCH($B38,TIP_AD,0)),"",INDEX(TIP_GRUP,MATCH($B38,TIP_AD,0))) -> KORPUS | AC38: =IF(OR($AB38="GUC"),IF(OR($AI38=0,$AI38>KABLO_MAX_IN),0,LOOKUP($AI38,KABLO_IN_ALT,KABLO_KESIT)),IF($AB38="KUMANDA",KUMANDA_KESIT,IF($AB38="OLCU",OLCU_KESIT,0))) -> 0 | AD38: =IF(OR($AC38=0,ISNA(MATCH($B38,TIP_AD,0))),0,IF(INDEX(TIP_TEL,MATCH($B38,TIP_AD,0))="",2*N($S38)+IF(OR(N($S38)=1,N($S38)=3),1,0),INDEX(TIP_TEL,MATCH($B38,TIP_AD,0)))) -> 0 | AE38: =IF(OR($AD38=0,ISNA(MATCH($B38,TIP_AD,0))),0,$AD38*INDEX(TIP_TELM,MATCH($B38,TIP_AD,0))) -> 0 | AF38: =IF(OR($AB38<>"GUC",$AC38=0,$AC38>KLEMENS_MAX_KESIT),0,LOOKUP($AC38,KLEMENS_ALT,KLEMENS_KES)) -> 0 | AG38: =IF($AF38=0,0,N($S38)+IF(OR(N($S38)=1,N($S38)=3),1,0)) -> 0 | AH38: =IF($AF38=0,0,1) -> 0 | AI38: =N($T38) -> 0 | AJ38: =IF(OR($B38="mccb",$B38="oto",$B38="bh",$B38="rubilnik",$B38="ats",$B38="dif",$B38="uzo"),N($T38),0) -> 0
A39: =ROW()-1 -> 38 | B39: korpus | C39: 714-15040 | D39: Мет. Корпус ЩРН- 48 (660x310x120) IP31 (TS) | E39: 24000 | F39: =IF(OR($E39="",$L39="",$M39="",$Q39="YASAK"),"",$E39*$L39*$M39) -> 14400 | G39: =IF($F39="","",$F39*$H39) -> 14400 | H39: =SUMPRODUCT((BOM!$C$2:$C$675=$C39)*BOM!$H$2:$H$675*BOM!$M$2:$M$675) -> 1 | I39: шт | J39: kaztek | K39: =IF(ISNA(MATCH($J39,MARKA_AD,0)),"",INDEX(MARKA_PARA,MATCH($J39,MARKA_AD,0))) -> KZT | L39: =IF(ISNA(MATCH($J39,MARKA_AD,0)),"",INDEX(MARKA_KAT,MATCH($J39,MARKA_AD,0))) -> 0.6 | M39: =IF(OR($K39="",ISNA(MATCH($K39,KUR_AD,0))),"",IF(INDEX(KUR_DEG,MATCH($K39,KUR_AD,0))="","",INDEX(KUR_DEG,MATCH($K39,KUR_AD,0)))) -> 1 | N39: KAZTEK2607 | O39: =IF(ISNA(MATCH($N39,KAYNAK_KOD,0)),"",IF(INDEX(KAYNAK_TARIH,MATCH($N39,KAYNAK_KOD,0))="","",INDEX(KAYNAK_TARIH,MATCH($N39,KAYNAK_KOD,0)))) -> 46218 | P39: =IF($O39="","",ROUND((TARIH-$O39)/30.4375,1)) -> 2.1 | Q39: =IF(ISNA(MATCH($J39,MARKA_AD,0)),"MARKA YOK",IF(INDEX(MARKA_IZIN,MATCH($J39,MARKA_AD,0))="HAYIR","YASAK",IF($E39="","FİYAT YOK",IF($P39="","TARİH YOK",IF($P39>YAS_YASAK_AY,"YASAK",IF($P39>YAS_ESKI_AY,"ESKİ","OK")))))) -> OK | X39: 310 | Y39: 660 | Z39: 120 | AA39: 48 | AB39: =IF(ISNA(MATCH($B39,TIP_AD,0)),"",INDEX(TIP_GRUP,MATCH($B39,TIP_AD,0))) -> KORPUS | AC39: =IF(OR($AB39="GUC"),IF(OR($AI39=0,$AI39>KABLO_MAX_IN),0,LOOKUP($AI39,KABLO_IN_ALT,KABLO_KESIT)),IF($AB39="KUMANDA",KUMANDA_KESIT,IF($AB39="OLCU",OLCU_KESIT,0))) -> 0 | AD39: =IF(OR($AC39=0,ISNA(MATCH($B39,TIP_AD,0))),0,IF(INDEX(TIP_TEL,MATCH($B39,TIP_AD,0))="",2*N($S39)+IF(OR(N($S39)=1,N($S39)=3),1,0),INDEX(TIP_TEL,MATCH($B39,TIP_AD,0)))) -> 0 | AE39: =IF(OR($AD39=0,ISNA(MATCH($B39,TIP_AD,0))),0,$AD39*INDEX(TIP_TELM,MATCH($B39,TIP_AD,0))) -> 0 | AF39: =IF(OR($AB39<>"GUC",$AC39=0,$AC39>KLEMENS_MAX_KESIT),0,LOOKUP($AC39,KLEMENS_ALT,KLEMENS_KES)) -> 0 | AG39: =IF($AF39=0,0,N($S39)+IF(OR(N($S39)=1,N($S39)=3),1,0)) -> 0 | AH39: =IF($AF39=0,0,1) -> 0 | AI39: =N($T39) -> 0 | AJ39: =IF(OR($B39="mccb",$B39="oto",$B39="bh",$B39="rubilnik",$B39="ats",$B39="dif",$B39="uzo"),N($T39),0) -> 0
A40: =ROW()-1 -> 39 | B40: korpus | C40: 719-15925 | D40: Щит ЩРв-48з-3 620х310х120мм) | E40: 24490 | F40: =IF(OR($E40="",$L40="",$M40="",$Q40="YASAK"),"",$E40*$L40*$M40) -> 14694 | G40: =IF($F40="","",$F40*$H40) -> 29388 | H40: =SUMPRODUCT((BOM!$C$2:$C$675=$C40)*BOM!$H$2:$H$675*BOM!$M$2:$M$675) -> 2 | I40: шт | J40: kaztek | K40: =IF(ISNA(MATCH($J40,MARKA_AD,0)),"",INDEX(MARKA_PARA,MATCH($J40,MARKA_AD,0))) -> KZT | L40: =IF(ISNA(MATCH($J40,MARKA_AD,0)),"",INDEX(MARKA_KAT,MATCH($J40,MARKA_AD,0))) -> 0.6 | M40: =IF(OR($K40="",ISNA(MATCH($K40,KUR_AD,0))),"",IF(INDEX(KUR_DEG,MATCH($K40,KUR_AD,0))="","",INDEX(KUR_DEG,MATCH($K40,KUR_AD,0)))) -> 1 | N40: KAZTEK2607 | O40: =IF(ISNA(MATCH($N40,KAYNAK_KOD,0)),"",IF(INDEX(KAYNAK_TARIH,MATCH($N40,KAYNAK_KOD,0))="","",INDEX(KAYNAK_TARIH,MATCH($N40,KAYNAK_KOD,0)))) -> 46218 | P40: =IF($O40="","",ROUND((TARIH-$O40)/30.4375,1)) -> 2.1 | Q40: =IF(ISNA(MATCH($J40,MARKA_AD,0)),"MARKA YOK",IF(INDEX(MARKA_IZIN,MATCH($J40,MARKA_AD,0))="HAYIR","YASAK",IF($E40="","FİYAT YOK",IF($P40="","TARİH YOK",IF($P40>YAS_YASAK_AY,"YASAK",IF($P40>YAS_ESKI_AY,"ESKİ","OK")))))) -> OK | X40: 450 | Y40: 670 | Z40: 125 | AA40: 72 | AB40: =IF(ISNA(MATCH($B40,TIP_AD,0)),"",INDEX(TIP_GRUP,MATCH($B40,TIP_AD,0))) -> KORPUS | AC40: =IF(OR($AB40="GUC"),IF(OR($AI40=0,$AI40>KABLO_MAX_IN),0,LOOKUP($AI40,KABLO_IN_ALT,KABLO_KESIT)),IF($AB40="KUMANDA",KUMANDA_KESIT,IF($AB40="OLCU",OLCU_KESIT,0))) -> 0 | AD40: =IF(OR($AC40=0,ISNA(MATCH($B40,TIP_AD,0))),0,IF(INDEX(TIP_TEL,MATCH($B40,TIP_AD,0))="",2*N($S40)+IF(OR(N($S40)=1,N($S40)=3),1,0),INDEX(TIP_TEL,MATCH($B40,TIP_AD,0)))) -> 0 | AE40: =IF(OR($AD40=0,ISNA(MATCH($B40,TIP_AD,0))),0,$AD40*INDEX(TIP_TELM,MATCH($B40,TIP_AD,0))) -> 0 | AF40: =IF(OR($AB40<>"GUC",$AC40=0,$AC40>KLEMENS_MAX_KESIT),0,LOOKUP($AC40,KLEMENS_ALT,KLEMENS_KES)) -> 0 | AG40: =IF($AF40=0,0,N($S40)+IF(OR(N($S40)=1,N($S40)=3),1,0)) -> 0 | AH40: =IF($AF40=0,0,1) -> 0 | AI40: =N($T40) -> 0 | AJ40: =IF(OR($B40="mccb",$B40="oto",$B40="bh",$B40="rubilnik",$B40="ats",$B40="dif",$B40="uzo"),N($T40),0) -> 0
A41: =ROW()-1 -> 40 | B41: korpus | C41: 711-03056 | D41: Щит расп. x32, пластик., c/у, крышка черн., IP40, корп. черный, серия NEXUS (TEKLED ELECTRIC)5 | E41: 17500 | F41: =IF(OR($E41="",$L41="",$M41="",$Q41="YASAK"),"",$E41*$L41*$M41) -> 10500 | G41: =IF($F41="","",$F41*$H41) -> 10500 | H41: =SUMPRODUCT((BOM!$C$2:$C$675=$C41)*BOM!$H$2:$H$675*BOM!$M$2:$M$675) -> 1 | I41: шт | J41: tekled | K41: =IF(ISNA(MATCH($J41,MARKA_AD,0)),"",INDEX(MARKA_PARA,MATCH($J41,MARKA_AD,0))) -> KZT | L41: =IF(ISNA(MATCH($J41,MARKA_AD,0)),"",INDEX(MARKA_KAT,MATCH($J41,MARKA_AD,0))) -> 0.6 | M41: =IF(OR($K41="",ISNA(MATCH($K41,KUR_AD,0))),"",IF(INDEX(KUR_DEG,MATCH($K41,KUR_AD,0))="","",INDEX(KUR_DEG,MATCH($K41,KUR_AD,0)))) -> 1 | N41: KAZTEK2607 | O41: =IF(ISNA(MATCH($N41,KAYNAK_KOD,0)),"",IF(INDEX(KAYNAK_TARIH,MATCH($N41,KAYNAK_KOD,0))="","",INDEX(KAYNAK_TARIH,MATCH($N41,KAYNAK_KOD,0)))) -> 46218 | P41: =IF($O41="","",ROUND((TARIH-$O41)/30.4375,1)) -> 2.1 | Q41: =IF(ISNA(MATCH($J41,MARKA_AD,0)),"MARKA YOK",IF(INDEX(MARKA_IZIN,MATCH($J41,MARKA_AD,0))="HAYIR","YASAK",IF($E41="","FİYAT YOK",IF($P41="","TARİH YOK",IF($P41>YAS_YASAK_AY,"YASAK",IF($P41>YAS_ESKI_AY,"ESKİ","OK")))))) -> OK | X41: 320 | Y41: 550 | Z41: 120 | AA41: 36 | AB41: =IF(ISNA(MATCH($B41,TIP_AD,0)),"",INDEX(TIP_GRUP,MATCH($B41,TIP_AD,0))) -> KORPUS | AC41: =IF(OR($AB41="GUC"),IF(OR($AI41=0,$AI41>KABLO_MAX_IN),0,LOOKUP($AI41,KABLO_IN_ALT,KABLO_KESIT)),IF($AB41="KUMANDA",KUMANDA_KESIT,IF($AB41="OLCU",OLCU_KESIT,0))) -> 0 | AD41: =IF(OR($AC41=0,ISNA(MATCH($B41,TIP_AD,0))),0,IF(INDEX(TIP_TEL,MATCH($B41,TIP_AD,0))="",2*N($S41)+IF(OR(N($S41)=1,N($S41)=3),1,0),INDEX(TIP_TEL,MATCH($B41,TIP_AD,0)))) -> 0 | AE41: =IF(OR($AD41=0,ISNA(MATCH($B41,TIP_AD,0))),0,$AD41*INDEX(TIP_TELM,MATCH($B41,TIP_AD,0))) -> 0 | AF41: =IF(OR($AB41<>"GUC",$AC41=0,$AC41>KLEMENS_MAX_KESIT),0,LOOKUP($AC41,KLEMENS_ALT,KLEMENS_KES)) -> 0 | AG41: =IF($AF41=0,0,N($S41)+IF(OR(N($S41)=1,N($S41)=3),1,0)) -> 0 | AH41: =IF($AF41=0,0,1) -> 0 | AI41: =N($T41) -> 0 | AJ41: =IF(OR($B41="mccb",$B41="oto",$B41="bh",$B41="rubilnik",$B41="ats",$B41="dif",$B41="uzo"),N($T41),0) -> 0
A42: =ROW()-1 -> 41 | B42: korpus | C42: 711-03052 | D42: Щит расп. x18, пластик., c/у, крышка черн., IP40, корп. черный, серия NEXUS (TEKLED ELECTRIC)5 | E42: 11000 | F42: =IF(OR($E42="",$L42="",$M42="",$Q42="YASAK"),"",$E42*$L42*$M42) -> 6600 | G42: =IF($F42="","",$F42*$H42) -> 6600 | H42: =SUMPRODUCT((BOM!$C$2:$C$675=$C42)*BOM!$H$2:$H$675*BOM!$M$2:$M$675) -> 1 | I42: шт | J42: tekled | K42: =IF(ISNA(MATCH($J42,MARKA_AD,0)),"",INDEX(MARKA_PARA,MATCH($J42,MARKA_AD,0))) -> KZT | L42: =IF(ISNA(MATCH($J42,MARKA_AD,0)),"",INDEX(MARKA_KAT,MATCH($J42,MARKA_AD,0))) -> 0.6 | M42: =IF(OR($K42="",ISNA(MATCH($K42,KUR_AD,0))),"",IF(INDEX(KUR_DEG,MATCH($K42,KUR_AD,0))="","",INDEX(KUR_DEG,MATCH($K42,KUR_AD,0)))) -> 1 | N42: KAZTEK2607 | O42: =IF(ISNA(MATCH($N42,KAYNAK_KOD,0)),"",IF(INDEX(KAYNAK_TARIH,MATCH($N42,KAYNAK_KOD,0))="","",INDEX(KAYNAK_TARIH,MATCH($N42,KAYNAK_KOD,0)))) -> 46218 | P42: =IF($O42="","",ROUND((TARIH-$O42)/30.4375,1)) -> 2.1 | Q42: =IF(ISNA(MATCH($J42,MARKA_AD,0)),"MARKA YOK",IF(INDEX(MARKA_IZIN,MATCH($J42,MARKA_AD,0))="HAYIR","YASAK",IF($E42="","FİYAT YOK",IF($P42="","TARİH YOK",IF($P42>YAS_YASAK_AY,"YASAK",IF($P42>YAS_ESKI_AY,"ESKİ","OK")))))) -> OK | X42: 450 | Y42: 275 | Z42: 120 | AA42: 18 | AB42: =IF(ISNA(MATCH($B42,TIP_AD,0)),"",INDEX(TIP_GRUP,MATCH($B42,TIP_AD,0))) -> KORPUS | AC42: =IF(OR($AB42="GUC"),IF(OR($AI42=0,$AI42>KABLO_MAX_IN),0,LOOKUP($AI42,KABLO_IN_ALT,KABLO_KESIT)),IF($AB42="KUMANDA",KUMANDA_KESIT,IF($AB42="OLCU",OLCU_KESIT,0))) -> 0 | AD42: =IF(OR($AC42=0,ISNA(MATCH($B42,TIP_AD,0))),0,IF(INDEX(TIP_TEL,MATCH($B42,TIP_AD,0))="",2*N($S42)+IF(OR(N($S42)=1,N($S42)=3),1,0),INDEX(TIP_TEL,MATCH($B42,TIP_AD,0)))) -> 0 | AE42: =IF(OR($AD42=0,ISNA(MATCH($B42,TIP_AD,0))),0,$AD42*INDEX(TIP_TELM,MATCH($B42,TIP_AD,0))) -> 0 | AF42: =IF(OR($AB42<>"GUC",$AC42=0,$AC42>KLEMENS_MAX_KESIT),0,LOOKUP($AC42,KLEMENS_ALT,KLEMENS_KES)) -> 0 | AG42: =IF($AF42=0,0,N($S42)+IF(OR(N($S42)=1,N($S42)=3),1,0)) -> 0 | AH42: =IF($AF42=0,0,1) -> 0 | AI42: =N($T42) -> 0 | AJ42: =IF(OR($B42="mccb",$B42="oto",$B42="bh",$B42="rubilnik",$B42="ats",$B42="dif",$B42="uzo"),N($T42),0) -> 0
A43: =ROW()-1 -> 42 | B43: korpus | C43: 713-15030 | D43: Мет. ЩРВ-36 (550x320x120) | E43: 19500 | F43: =IF(OR($E43="",$L43="",$M43="",$Q43="YASAK"),"",$E43*$L43*$M43) -> 11700 | G43: =IF($F43="","",$F43*$H43) -> 11700 | H43: =SUMPRODUCT((BOM!$C$2:$C$675=$C43)*BOM!$H$2:$H$675*BOM!$M$2:$M$675) -> 1 | I43: шт | J43: kaztek | K43: =IF(ISNA(MATCH($J43,MARKA_AD,0)),"",INDEX(MARKA_PARA,MATCH($J43,MARKA_AD,0))) -> KZT | L43: =IF(ISNA(MATCH($J43,MARKA_AD,0)),"",INDEX(MARKA_KAT,MATCH($J43,MARKA_AD,0))) -> 0.6 | M43: =IF(OR($K43="",ISNA(MATCH($K43,KUR_AD,0))),"",IF(INDEX(KUR_DEG,MATCH($K43,KUR_AD,0))="","",INDEX(KUR_DEG,MATCH($K43,KUR_AD,0)))) -> 1 | N43: elle | O43: =IF(ISNA(MATCH($N43,KAYNAK_KOD,0)),"",IF(INDEX(KAYNAK_TARIH,MATCH($N43,KAYNAK_KOD,0))="","",INDEX(KAYNAK_TARIH,MATCH($N43,KAYNAK_KOD,0)))) -> 46282 | P43: =IF($O43="","",ROUND((TARIH-$O43)/30.4375,1)) -> 0 | Q43: =IF(ISNA(MATCH($J43,MARKA_AD,0)),"MARKA YOK",IF(INDEX(MARKA_IZIN,MATCH($J43,MARKA_AD,0))="HAYIR","YASAK",IF($E43="","FİYAT YOK",IF($P43="","TARİH YOK",IF($P43>YAS_YASAK_AY,"YASAK",IF($P43>YAS_ESKI_AY,"ESKİ","OK")))))) -> OK | X43: 310 | Y43: 395 | Z43: 120 | AA43: 24 | AB43: =IF(ISNA(MATCH($B43,TIP_AD,0)),"",INDEX(TIP_GRUP,MATCH($B43,TIP_AD,0))) -> KORPUS | AC43: =IF(OR($AB43="GUC"),IF(OR($AI43=0,$AI43>KABLO_MAX_IN),0,LOOKUP($AI43,KABLO_IN_ALT,KABLO_KESIT)),IF($AB43="KUMANDA",KUMANDA_KESIT,IF($AB43="OLCU",OLCU_KESIT,0))) -> 0 | AD43: =IF(OR($AC43=0,ISNA(MATCH($B43,TIP_AD,0))),0,IF(INDEX(TIP_TEL,MATCH($B43,TIP_AD,0))="",2*N($S43)+IF(OR(N($S43)=1,N($S43)=3),1,0),INDEX(TIP_TEL,MATCH($B43,TIP_AD,0)))) -> 0 | AE43: =IF(OR($AD43=0,ISNA(MATCH($B43,TIP_AD,0))),0,$AD43*INDEX(TIP_TELM,MATCH($B43,TIP_AD,0))) -> 0 | AF43: =IF(OR($AB43<>"GUC",$AC43=0,$AC43>KLEMENS_MAX_KESIT),0,LOOKUP($AC43,KLEMENS_ALT,KLEMENS_KES)) -> 0 | AG43: =IF($AF43=0,0,N($S43)+IF(OR(N($S43)=1,N($S43)=3),1,0)) -> 0 | AH43: =IF($AF43=0,0,1) -> 0 | AI43: =N($T43) -> 0 | AJ43: =IF(OR($B43="mccb",$B43="oto",$B43="bh",$B43="rubilnik",$B43="ats",$B43="dif",$B43="uzo"),N($T43),0) -> 0
A44: =ROW()-1 -> 43 | B44: korpus | C44: 719-15410 | D44: Мет.Корпус ЩМП-1 (395х310х150) УХЛ3 IP54 | E44: 10620 | F44: =IF(OR($E44="",$L44="",$M44="",$Q44="YASAK"),"",$E44*$L44*$M44) -> 6372 | G44: =IF($F44="","",$F44*$H44) -> 6372 | H44: =SUMPRODUCT((BOM!$C$2:$C$675=$C44)*BOM!$H$2:$H$675*BOM!$M$2:$M$675) -> 1 | I44: шт | J44: kaztek | K44: =IF(ISNA(MATCH($J44,MARKA_AD,0)),"",INDEX(MARKA_PARA,MATCH($J44,MARKA_AD,0))) -> KZT | L44: =IF(ISNA(MATCH($J44,MARKA_AD,0)),"",INDEX(MARKA_KAT,MATCH($J44,MARKA_AD,0))) -> 0.6 | M44: =IF(OR($K44="",ISNA(MATCH($K44,KUR_AD,0))),"",IF(INDEX(KUR_DEG,MATCH($K44,KUR_AD,0))="","",INDEX(KUR_DEG,MATCH($K44,KUR_AD,0)))) -> 1 | N44: KAZTEK2607 | O44: =IF(ISNA(MATCH($N44,KAYNAK_KOD,0)),"",IF(INDEX(KAYNAK_TARIH,MATCH($N44,KAYNAK_KOD,0))="","",INDEX(KAYNAK_TARIH,MATCH($N44,KAYNAK_KOD,0)))) -> 46218 | P44: =IF($O44="","",ROUND((TARIH-$O44)/30.4375,1)) -> 2.1 | Q44: =IF(ISNA(MATCH($J44,MARKA_AD,0)),"MARKA YOK",IF(INDEX(MARKA_IZIN,MATCH($J44,MARKA_AD,0))="HAYIR","YASAK",IF($E44="","FİYAT YOK",IF($P44="","TARİH YOK",IF($P44>YAS_YASAK_AY,"YASAK",IF($P44>YAS_ESKI_AY,"ESKİ","OK")))))) -> OK | X44: 310 | Y44: 395 | Z44: 120 | AA44: 24 | AB44: =IF(ISNA(MATCH($B44,TIP_AD,0)),"",INDEX(TIP_GRUP,MATCH($B44,TIP_AD,0))) -> KORPUS | AC44: =IF(OR($AB44="GUC"),IF(OR($AI44=0,$AI44>KABLO_MAX_IN),0,LOOKUP($AI44,KABLO_IN_ALT,KABLO_KESIT)),IF($AB44="KUMANDA",KUMANDA_KESIT,IF($AB44="OLCU",OLCU_KESIT,0))) -> 0 | AD44: =IF(OR($AC44=0,ISNA(MATCH($B44,TIP_AD,0))),0,IF(INDEX(TIP_TEL,MATCH($B44,TIP_AD,0))="",2*N($S44)+IF(OR(N($S44)=1,N($S44)=3),1,0),INDEX(TIP_TEL,MATCH($B44,TIP_AD,0)))) -> 0 | AE44: =IF(OR($AD44=0,ISNA(MATCH($B44,TIP_AD,0))),0,$AD44*INDEX(TIP_TELM,MATCH($B44,TIP_AD,0))) -> 0 | AF44: =IF(OR($AB44<>"GUC",$AC44=0,$AC44>KLEMENS_MAX_KESIT),0,LOOKUP($AC44,KLEMENS_ALT,KLEMENS_KES)) -> 0 | AG44: =IF($AF44=0,0,N($S44)+IF(OR(N($S44)=1,N($S44)=3),1,0)) -> 0 | AH44: =IF($AF44=0,0,1) -> 0 | AI44: =N($T44) -> 0 | AJ44: =IF(OR($B44="mccb",$B44="oto",$B44="bh",$B44="rubilnik",$B44="ats",$B44="dif",$B44="uzo"),N($T44),0) -> 0
A45: =ROW()-1 -> 44 | B45: lamb | C45: PYS-001 | D45: Светильник ЛПО 2001 8Вт IEK | F45: =IF(OR($E45="",$L45="",$M45="",$Q45="YASAK"),"",$E45*$L45*$M45) | G45: =IF($F45="","",$F45*$H45) | H45: =SUMPRODUCT((BOM!$C$2:$C$675=$C45)*BOM!$H$2:$H$675*BOM!$M$2:$M$675) -> 1 | I45: шт | J45: pys | K45: =IF(ISNA(MATCH($J45,MARKA_AD,0)),"",INDEX(MARKA_PARA,MATCH($J45,MARKA_AD,0))) -> KZT | L45: =IF(ISNA(MATCH($J45,MARKA_AD,0)),"",INDEX(MARKA_KAT,MATCH($J45,MARKA_AD,0))) -> 1 | M45: =IF(OR($K45="",ISNA(MATCH($K45,KUR_AD,0))),"",IF(INDEX(KUR_DEG,MATCH($K45,KUR_AD,0))="","",INDEX(KUR_DEG,MATCH($K45,KUR_AD,0)))) -> 1 | N45: PYS | O45: =IF(ISNA(MATCH($N45,KAYNAK_KOD,0)),"",IF(INDEX(KAYNAK_TARIH,MATCH($N45,KAYNAK_KOD,0))="","",INDEX(KAYNAK_TARIH,MATCH($N45,KAYNAK_KOD,0)))) -> 46282 | P45: =IF($O45="","",ROUND((TARIH-$O45)/30.4375,1)) -> 0 | Q45: =IF(ISNA(MATCH($J45,MARKA_AD,0)),"MARKA YOK",IF(INDEX(MARKA_IZIN,MATCH($J45,MARKA_AD,0))="HAYIR","YASAK",IF($E45="","FİYAT YOK",IF($P45="","TARİH YOK",IF($P45>YAS_YASAK_AY,"YASAK",IF($P45>YAS_ESKI_AY,"ESKİ","OK")))))) -> FİYAT YOK | AB45: =IF(ISNA(MATCH($B45,TIP_AD,0)),"",INDEX(TIP_GRUP,MATCH($B45,TIP_AD,0))) -> KUMANDA | AC45: =IF(OR($AB45="GUC"),IF(OR($AI45=0,$AI45>KABLO_MAX_IN),0,LOOKUP($AI45,KABLO_IN_ALT,KABLO_KESIT)),IF($AB45="KUMANDA",KUMANDA_KESIT,IF($AB45="OLCU",OLCU_KESIT,0))) -> 1.5 | AD45: =IF(OR($AC45=0,ISNA(MATCH($B45,TIP_AD,0))),0,IF(INDEX(TIP_TEL,MATCH($B45,TIP_AD,0))="",2*N($S45)+IF(OR(N($S45)=1,N($S45)=3),1,0),INDEX(TIP_TEL,MATCH($B45,TIP_AD,0)))) -> 2 | AE45: =IF(OR($AD45=0,ISNA(MATCH($B45,TIP_AD,0))),0,$AD45*INDEX(TIP_TELM,MATCH($B45,TIP_AD,0))) -> 1.6 | AF45: =IF(OR($AB45<>"GUC",$AC45=0,$AC45>KLEMENS_MAX_KESIT),0,LOOKUP($AC45,KLEMENS_ALT,KLEMENS_KES)) -> 0 | AG45: =IF($AF45=0,0,N($S45)+IF(OR(N($S45)=1,N($S45)=3),1,0)) -> 0 | AH45: =IF($AF45=0,0,1) -> 0 | AI45: =N($T45) -> 0 | AJ45: =IF(OR($B45="mccb",$B45="oto",$B45="bh",$B45="rubilnik",$B45="ats",$B45="dif",$B45="uzo"),N($T45),0) -> 0
A46: =ROW()-1 -> 45 | B46: kablo | C46: 151.01.PV3.0,75 | D46: HARMONY ПВ3 1*0,75 | E46: 55 | F46: =IF(OR($E46="",$L46="",$M46="",$Q46="YASAK"),"",$E46*$L46*$M46) -> 55 | G46: =IF($F46="","",$F46*$H46) -> 0 | H46: =SUMPRODUCT((BOM!$C$2:$C$675=$C46)*BOM!$H$2:$H$675*BOM!$M$2:$M$675) -> 0 | I46: м | J46: harmony | K46: =IF(ISNA(MATCH($J46,MARKA_AD,0)),"",INDEX(MARKA_PARA,MATCH($J46,MARKA_AD,0))) -> KZT | L46: =IF(ISNA(MATCH($J46,MARKA_AD,0)),"",INDEX(MARKA_KAT,MATCH($J46,MARKA_AD,0))) -> 1 | M46: =IF(OR($K46="",ISNA(MATCH($K46,KUR_AD,0))),"",IF(INDEX(KUR_DEG,MATCH($K46,KUR_AD,0))="","",INDEX(KUR_DEG,MATCH($K46,KUR_AD,0)))) -> 1 | N46: HARMONY | O46: =IF(ISNA(MATCH($N46,KAYNAK_KOD,0)),"",IF(INDEX(KAYNAK_TARIH,MATCH($N46,KAYNAK_KOD,0))="","",INDEX(KAYNAK_TARIH,MATCH($N46,KAYNAK_KOD,0)))) | P46: =IF($O46="","",ROUND((TARIH-$O46)/30.4375,1)) | Q46: =IF(ISNA(MATCH($J46,MARKA_AD,0)),"MARKA YOK",IF(INDEX(MARKA_IZIN,MATCH($J46,MARKA_AD,0))="HAYIR","YASAK",IF($E46="","FİYAT YOK",IF($P46="","TARİH YOK",IF($P46>YAS_YASAK_AY,"YASAK",IF($P46>YAS_ESKI_AY,"ESKİ","OK")))))) -> TARİH YOK | W46: 0.75 | AB46: =IF(ISNA(MATCH($B46,TIP_AD,0)),"",INDEX(TIP_GRUP,MATCH($B46,TIP_AD,0))) -> SARF | AC46: =IF(OR($AB46="GUC"),IF(OR($AI46=0,$AI46>KABLO_MAX_IN),0,LOOKUP($AI46,KABLO_IN_ALT,KABLO_KESIT)),IF($AB46="KUMANDA",KUMANDA_KESIT,IF($AB46="OLCU",OLCU_KESIT,0))) -> 0 | AD46: =IF(OR($AC46=0,ISNA(MATCH($B46,TIP_AD,0))),0,IF(INDEX(TIP_TEL,MATCH($B46,TIP_AD,0))="",2*N($S46)+IF(OR(N($S46)=1,N($S46)=3),1,0),INDEX(TIP_TEL,MATCH($B46,TIP_AD,0)))) -> 0 | AE46: =IF(OR($AD46=0,ISNA(MATCH($B46,TIP_AD,0))),0,$AD46*INDEX(TIP_TELM,MATCH($B46,TIP_AD,0))) -> 0 | AF46: =IF(OR($AB46<>"GUC",$AC46=0,$AC46>KLEMENS_MAX_KESIT),0,LOOKUP($AC46,KLEMENS_ALT,KLEMENS_KES)) -> 0 | AG46: =IF($AF46=0,0,N($S46)+IF(OR(N($S46)=1,N($S46)=3),1,0)) -> 0 | AH46: =IF($AF46=0,0,1) -> 0 | AI46: =N($T46) -> 0 | AJ46: =IF(OR($B46="mccb",$B46="oto",$B46="bh",$B46="rubilnik",$B46="ats",$B46="dif",$B46="uzo"),N($T46),0) -> 0
A47: =ROW()-1 -> 46 | B47: kablo | C47: 151.01.PV3.01 | D47: HARMONY ПВ3 1*1 | E47: 77 | F47: =IF(OR($E47="",$L47="",$M47="",$Q47="YASAK"),"",$E47*$L47*$M47) -> 77 | G47: =IF($F47="","",$F47*$H47) -> 0 | H47: =SUMPRODUCT((BOM!$C$2:$C$675=$C47)*BOM!$H$2:$H$675*BOM!$M$2:$M$675) -> 0 | I47: м | J47: harmony | K47: =IF(ISNA(MATCH($J47,MARKA_AD,0)),"",INDEX(MARKA_PARA,MATCH($J47,MARKA_AD,0))) -> KZT | L47: =IF(ISNA(MATCH($J47,MARKA_AD,0)),"",INDEX(MARKA_KAT,MATCH($J47,MARKA_AD,0))) -> 1 | M47: =IF(OR($K47="",ISNA(MATCH($K47,KUR_AD,0))),"",IF(INDEX(KUR_DEG,MATCH($K47,KUR_AD,0))="","",INDEX(KUR_DEG,MATCH($K47,KUR_AD,0)))) -> 1 | N47: HARMONY | O47: =IF(ISNA(MATCH($N47,KAYNAK_KOD,0)),"",IF(INDEX(KAYNAK_TARIH,MATCH($N47,KAYNAK_KOD,0))="","",INDEX(KAYNAK_TARIH,MATCH($N47,KAYNAK_KOD,0)))) | P47: =IF($O47="","",ROUND((TARIH-$O47)/30.4375,1)) | Q47: =IF(ISNA(MATCH($J47,MARKA_AD,0)),"MARKA YOK",IF(INDEX(MARKA_IZIN,MATCH($J47,MARKA_AD,0))="HAYIR","YASAK",IF($E47="","FİYAT YOK",IF($P47="","TARİH YOK",IF($P47>YAS_YASAK_AY,"YASAK",IF($P47>YAS_ESKI_AY,"ESKİ","OK")))))) -> TARİH YOK | W47: 1 | AB47: =IF(ISNA(MATCH($B47,TIP_AD,0)),"",INDEX(TIP_GRUP,MATCH($B47,TIP_AD,0))) -> SARF | AC47: =IF(OR($AB47="GUC"),IF(OR($AI47=0,$AI47>KABLO_MAX_IN),0,LOOKUP($AI47,KABLO_IN_ALT,KABLO_KESIT)),IF($AB47="KUMANDA",KUMANDA_KESIT,IF($AB47="OLCU",OLCU_KESIT,0))) -> 0 | AD47: =IF(OR($AC47=0,ISNA(MATCH($B47,TIP_AD,0))),0,IF(INDEX(TIP_TEL,MATCH($B47,TIP_AD,0))="",2*N($S47)+IF(OR(N($S47)=1,N($S47)=3),1,0),INDEX(TIP_TEL,MATCH($B47,TIP_AD,0)))) -> 0 | AE47: =IF(OR($AD47=0,ISNA(MATCH($B47,TIP_AD,0))),0,$AD47*INDEX(TIP_TELM,MATCH($B47,TIP_AD,0))) -> 0 | AF47: =IF(OR($AB47<>"GUC",$AC47=0,$AC47>KLEMENS_MAX_KESIT),0,LOOKUP($AC47,KLEMENS_ALT,KLEMENS_KES)) -> 0 | AG47: =IF($AF47=0,0,N($S47)+IF(OR(N($S47)=1,N($S47)=3),1,0)) -> 0 | AH47: =IF($AF47=0,0,1) -> 0 | AI47: =N($T47) -> 0 | AJ47: =IF(OR($B47="mccb",$B47="oto",$B47="bh",$B47="rubilnik",$B47="ats",$B47="dif",$B47="uzo"),N($T47),0) -> 0
A48: =ROW()-1 -> 47 | B48: kablo | C48: 151.01.PV3.01,5 | D48: HARMONY ПВ3 1*1,5 | E48: 105 | F48: =IF(OR($E48="",$L48="",$M48="",$Q48="YASAK"),"",$E48*$L48*$M48) -> 105 | G48: =IF($F48="","",$F48*$H48) -> 2971.5 | H48: =SUMPRODUCT((BOM!$C$2:$C$675=$C48)*BOM!$H$2:$H$675*BOM!$M$2:$M$675) -> 28.3 | I48: м | J48: harmony | K48: =IF(ISNA(MATCH($J48,MARKA_AD,0)),"",INDEX(MARKA_PARA,MATCH($J48,MARKA_AD,0))) -> KZT | L48: =IF(ISNA(MATCH($J48,MARKA_AD,0)),"",INDEX(MARKA_KAT,MATCH($J48,MARKA_AD,0))) -> 1 | M48: =IF(OR($K48="",ISNA(MATCH($K48,KUR_AD,0))),"",IF(INDEX(KUR_DEG,MATCH($K48,KUR_AD,0))="","",INDEX(KUR_DEG,MATCH($K48,KUR_AD,0)))) -> 1 | N48: HARMONY | O48: =IF(ISNA(MATCH($N48,KAYNAK_KOD,0)),"",IF(INDEX(KAYNAK_TARIH,MATCH($N48,KAYNAK_KOD,0))="","",INDEX(KAYNAK_TARIH,MATCH($N48,KAYNAK_KOD,0)))) | P48: =IF($O48="","",ROUND((TARIH-$O48)/30.4375,1)) | Q48: =IF(ISNA(MATCH($J48,MARKA_AD,0)),"MARKA YOK",IF(INDEX(MARKA_IZIN,MATCH($J48,MARKA_AD,0))="HAYIR","YASAK",IF($E48="","FİYAT YOK",IF($P48="","TARİH YOK",IF($P48>YAS_YASAK_AY,"YASAK",IF($P48>YAS_ESKI_AY,"ESKİ","OK")))))) -> TARİH YOK | W48: 1.5 | AB48: =IF(ISNA(MATCH($B48,TIP_AD,0)),"",INDEX(TIP_GRUP,MATCH($B48,TIP_AD,0))) -> SARF | AC48: =IF(OR($AB48="GUC"),IF(OR($AI48=0,$AI48>KABLO_MAX_IN),0,LOOKUP($AI48,KABLO_IN_ALT,KABLO_KESIT)),IF($AB48="KUMANDA",KUMANDA_KESIT,IF($AB48="OLCU",OLCU_KESIT,0))) -> 0 | AD48: =IF(OR($AC48=0,ISNA(MATCH($B48,TIP_AD,0))),0,IF(INDEX(TIP_TEL,MATCH($B48,TIP_AD,0))="",2*N($S48)+IF(OR(N($S48)=1,N($S48)=3),1,0),INDEX(TIP_TEL,MATCH($B48,TIP_AD,0)))) -> 0 | AE48: =IF(OR($AD48=0,ISNA(MATCH($B48,TIP_AD,0))),0,$AD48*INDEX(TIP_TELM,MATCH($B48,TIP_AD,0))) -> 0 | AF48: =IF(OR($AB48<>"GUC",$AC48=0,$AC48>KLEMENS_MAX_KESIT),0,LOOKUP($AC48,KLEMENS_ALT,KLEMENS_KES)) -> 0 | AG48: =IF($AF48=0,0,N($S48)+IF(OR(N($S48)=1,N($S48)=3),1,0)) -> 0 | AH48: =IF($AF48=0,0,1) -> 0 | AI48: =N($T48) -> 0 | AJ48: =IF(OR($B48="mccb",$B48="oto",$B48="bh",$B48="rubilnik",$B48="ats",$B48="dif",$B48="uzo"),N($T48),0) -> 0
A49: =ROW()-1 -> 48 | B49: kablo | C49: 151.01.PV3.02,5 | D49: HARMONY ПВ3 1*2,5 | E49: 174 | F49: =IF(OR($E49="",$L49="",$M49="",$Q49="YASAK"),"",$E49*$L49*$M49) -> 174 | G49: =IF($F49="","",$F49*$H49) -> 7690.8 | H49: =SUMPRODUCT((BOM!$C$2:$C$675=$C49)*BOM!$H$2:$H$675*BOM!$M$2:$M$675) -> 44.2 | I49: м | J49: harmony | K49: =IF(ISNA(MATCH($J49,MARKA_AD,0)),"",INDEX(MARKA_PARA,MATCH($J49,MARKA_AD,0))) -> KZT | L49: =IF(ISNA(MATCH($J49,MARKA_AD,0)),"",INDEX(MARKA_KAT,MATCH($J49,MARKA_AD,0))) -> 1 | M49: =IF(OR($K49="",ISNA(MATCH($K49,KUR_AD,0))),"",IF(INDEX(KUR_DEG,MATCH($K49,KUR_AD,0))="","",INDEX(KUR_DEG,MATCH($K49,KUR_AD,0)))) -> 1 | N49: HARMONY | O49: =IF(ISNA(MATCH($N49,KAYNAK_KOD,0)),"",IF(INDEX(KAYNAK_TARIH,MATCH($N49,KAYNAK_KOD,0))="","",INDEX(KAYNAK_TARIH,MATCH($N49,KAYNAK_KOD,0)))) | P49: =IF($O49="","",ROUND((TARIH-$O49)/30.4375,1)) | Q49: =IF(ISNA(MATCH($J49,MARKA_AD,0)),"MARKA YOK",IF(INDEX(MARKA_IZIN,MATCH($J49,MARKA_AD,0))="HAYIR","YASAK",IF($E49="","FİYAT YOK",IF($P49="","TARİH YOK",IF($P49>YAS_YASAK_AY,"YASAK",IF($P49>YAS_ESKI_AY,"ESKİ","OK")))))) -> TARİH YOK | W49: 2.5 | AB49: =IF(ISNA(MATCH($B49,TIP_AD,0)),"",INDEX(TIP_GRUP,MATCH($B49,TIP_AD,0))) -> SARF | AC49: =IF(OR($AB49="GUC"),IF(OR($AI49=0,$AI49>KABLO_MAX_IN),0,LOOKUP($AI49,KABLO_IN_ALT,KABLO_KESIT)),IF($AB49="KUMANDA",KUMANDA_KESIT,IF($AB49="OLCU",OLCU_KESIT,0))) -> 0 | AD49: =IF(OR($AC49=0,ISNA(MATCH($B49,TIP_AD,0))),0,IF(INDEX(TIP_TEL,MATCH($B49,TIP_AD,0))="",2*N($S49)+IF(OR(N($S49)=1,N($S49)=3),1,0),INDEX(TIP_TEL,MATCH($B49,TIP_AD,0)))) -> 0 | AE49: =IF(OR($AD49=0,ISNA(MATCH($B49,TIP_AD,0))),0,$AD49*INDEX(TIP_TELM,MATCH($B49,TIP_AD,0))) -> 0 | AF49: =IF(OR($AB49<>"GUC",$AC49=0,$AC49>KLEMENS_MAX_KESIT),0,LOOKUP($AC49,KLEMENS_ALT,KLEMENS_KES)) -> 0 | AG49: =IF($AF49=0,0,N($S49)+IF(OR(N($S49)=1,N($S49)=3),1,0)) -> 0 | AH49: =IF($AF49=0,0,1) -> 0 | AI49: =N($T49) -> 0 | AJ49: =IF(OR($B49="mccb",$B49="oto",$B49="bh",$B49="rubilnik",$B49="ats",$B49="dif",$B49="uzo"),N($T49),0) -> 0
A50: =ROW()-1 -> 49 | B50: kablo | C50: 151.01.PV3.04 | D50: HARMONY ПВ3 1*4 | E50: 274 | F50: =IF(OR($E50="",$L50="",$M50="",$Q50="YASAK"),"",$E50*$L50*$M50) -> 274 | G50: =IF($F50="","",$F50*$H50) -> 1178.2 | H50: =SUMPRODUCT((BOM!$C$2:$C$675=$C50)*BOM!$H$2:$H$675*BOM!$M$2:$M$675) -> 4.3 | I50: м | J50: harmony | K50: =IF(ISNA(MATCH($J50,MARKA_AD,0)),"",INDEX(MARKA_PARA,MATCH($J50,MARKA_AD,0))) -> KZT | L50: =IF(ISNA(MATCH($J50,MARKA_AD,0)),"",INDEX(MARKA_KAT,MATCH($J50,MARKA_AD,0))) -> 1 | M50: =IF(OR($K50="",ISNA(MATCH($K50,KUR_AD,0))),"",IF(INDEX(KUR_DEG,MATCH($K50,KUR_AD,0))="","",INDEX(KUR_DEG,MATCH($K50,KUR_AD,0)))) -> 1 | N50: HARMONY | O50: =IF(ISNA(MATCH($N50,KAYNAK_KOD,0)),"",IF(INDEX(KAYNAK_TARIH,MATCH($N50,KAYNAK_KOD,0))="","",INDEX(KAYNAK_TARIH,MATCH($N50,KAYNAK_KOD,0)))) | P50: =IF($O50="","",ROUND((TARIH-$O50)/30.4375,1)) | Q50: =IF(ISNA(MATCH($J50,MARKA_AD,0)),"MARKA YOK",IF(INDEX(MARKA_IZIN,MATCH($J50,MARKA_AD,0))="HAYIR","YASAK",IF($E50="","FİYAT YOK",IF($P50="","TARİH YOK",IF($P50>YAS_YASAK_AY,"YASAK",IF($P50>YAS_ESKI_AY,"ESKİ","OK")))))) -> TARİH YOK | W50: 4 | AB50: =IF(ISNA(MATCH($B50,TIP_AD,0)),"",INDEX(TIP_GRUP,MATCH($B50,TIP_AD,0))) -> SARF | AC50: =IF(OR($AB50="GUC"),IF(OR($AI50=0,$AI50>KABLO_MAX_IN),0,LOOKUP($AI50,KABLO_IN_ALT,KABLO_KESIT)),IF($AB50="KUMANDA",KUMANDA_KESIT,IF($AB50="OLCU",OLCU_KESIT,0))) -> 0 | AD50: =IF(OR($AC50=0,ISNA(MATCH($B50,TIP_AD,0))),0,IF(INDEX(TIP_TEL,MATCH($B50,TIP_AD,0))="",2*N($S50)+IF(OR(N($S50)=1,N($S50)=3),1,0),INDEX(TIP_TEL,MATCH($B50,TIP_AD,0)))) -> 0 | AE50: =IF(OR($AD50=0,ISNA(MATCH($B50,TIP_AD,0))),0,$AD50*INDEX(TIP_TELM,MATCH($B50,TIP_AD,0))) -> 0 | AF50: =IF(OR($AB50<>"GUC",$AC50=0,$AC50>KLEMENS_MAX_KESIT),0,LOOKUP($AC50,KLEMENS_ALT,KLEMENS_KES)) -> 0 | AG50: =IF($AF50=0,0,N($S50)+IF(OR(N($S50)=1,N($S50)=3),1,0)) -> 0 | AH50: =IF($AF50=0,0,1) -> 0 | AI50: =N($T50) -> 0 | AJ50: =IF(OR($B50="mccb",$B50="oto",$B50="bh",$B50="rubilnik",$B50="ats",$B50="dif",$B50="uzo"),N($T50),0) -> 0
A51: =ROW()-1 -> 50 | B51: kablo | C51: 151.01.PV3.06 | D51: HARMONY ПВ3 1*6 | E51: 398 | F51: =IF(OR($E51="",$L51="",$M51="",$Q51="YASAK"),"",$E51*$L51*$M51) -> 398 | G51: =IF($F51="","",$F51*$H51) -> 4019.8 | H51: =SUMPRODUCT((BOM!$C$2:$C$675=$C51)*BOM!$H$2:$H$675*BOM!$M$2:$M$675) -> 10.1 | I51: м | J51: harmony | K51: =IF(ISNA(MATCH($J51,MARKA_AD,0)),"",INDEX(MARKA_PARA,MATCH($J51,MARKA_AD,0))) -> KZT | L51: =IF(ISNA(MATCH($J51,MARKA_AD,0)),"",INDEX(MARKA_KAT,MATCH($J51,MARKA_AD,0))) -> 1 | M51: =IF(OR($K51="",ISNA(MATCH($K51,KUR_AD,0))),"",IF(INDEX(KUR_DEG,MATCH($K51,KUR_AD,0))="","",INDEX(KUR_DEG,MATCH($K51,KUR_AD,0)))) -> 1 | N51: HARMONY | O51: =IF(ISNA(MATCH($N51,KAYNAK_KOD,0)),"",IF(INDEX(KAYNAK_TARIH,MATCH($N51,KAYNAK_KOD,0))="","",INDEX(KAYNAK_TARIH,MATCH($N51,KAYNAK_KOD,0)))) | P51: =IF($O51="","",ROUND((TARIH-$O51)/30.4375,1)) | Q51: =IF(ISNA(MATCH($J51,MARKA_AD,0)),"MARKA YOK",IF(INDEX(MARKA_IZIN,MATCH($J51,MARKA_AD,0))="HAYIR","YASAK",IF($E51="","FİYAT YOK",IF($P51="","TARİH YOK",IF($P51>YAS_YASAK_AY,"YASAK",IF($P51>YAS_ESKI_AY,"ESKİ","OK")))))) -> TARİH YOK | W51: 6 | AB51: =IF(ISNA(MATCH($B51,TIP_AD,0)),"",INDEX(TIP_GRUP,MATCH($B51,TIP_AD,0))) -> SARF | AC51: =IF(OR($AB51="GUC"),IF(OR($AI51=0,$AI51>KABLO_MAX_IN),0,LOOKUP($AI51,KABLO_IN_ALT,KABLO_KESIT)),IF($AB51="KUMANDA",KUMANDA_KESIT,IF($AB51="OLCU",OLCU_KESIT,0))) -> 0 | AD51: =IF(OR($AC51=0,ISNA(MATCH($B51,TIP_AD,0))),0,IF(INDEX(TIP_TEL,MATCH($B51,TIP_AD,0))="",2*N($S51)+IF(OR(N($S51)=1,N($S51)=3),1,0),INDEX(TIP_TEL,MATCH($B51,TIP_AD,0)))) -> 0 | AE51: =IF(OR($AD51=0,ISNA(MATCH($B51,TIP_AD,0))),0,$AD51*INDEX(TIP_TELM,MATCH($B51,TIP_AD,0))) -> 0 | AF51: =IF(OR($AB51<>"GUC",$AC51=0,$AC51>KLEMENS_MAX_KESIT),0,LOOKUP($AC51,KLEMENS_ALT,KLEMENS_KES)) -> 0 | AG51: =IF($AF51=0,0,N($S51)+IF(OR(N($S51)=1,N($S51)=3),1,0)) -> 0 | AH51: =IF($AF51=0,0,1) -> 0 | AI51: =N($T51) -> 0 | AJ51: =IF(OR($B51="mccb",$B51="oto",$B51="bh",$B51="rubilnik",$B51="ats",$B51="dif",$B51="uzo"),N($T51),0) -> 0
A52: =ROW()-1 -> 51 | B52: kablo | C52: 151.01.PV3.10 | D52: HARMONY ПВ3 1*10 | E52: 697 | F52: =IF(OR($E52="",$L52="",$M52="",$Q52="YASAK"),"",$E52*$L52*$M52) -> 697 | G52: =IF($F52="","",$F52*$H52) -> 557.6 | H52: =SUMPRODUCT((BOM!$C$2:$C$675=$C52)*BOM!$H$2:$H$675*BOM!$M$2:$M$675) -> 0.8 | I52: м | J52: harmony | K52: =IF(ISNA(MATCH($J52,MARKA_AD,0)),"",INDEX(MARKA_PARA,MATCH($J52,MARKA_AD,0))) -> KZT | L52: =IF(ISNA(MATCH($J52,MARKA_AD,0)),"",INDEX(MARKA_KAT,MATCH($J52,MARKA_AD,0))) -> 1 | M52: =IF(OR($K52="",ISNA(MATCH($K52,KUR_AD,0))),"",IF(INDEX(KUR_DEG,MATCH($K52,KUR_AD,0))="","",INDEX(KUR_DEG,MATCH($K52,KUR_AD,0)))) -> 1 | N52: HARMONY | O52: =IF(ISNA(MATCH($N52,KAYNAK_KOD,0)),"",IF(INDEX(KAYNAK_TARIH,MATCH($N52,KAYNAK_KOD,0))="","",INDEX(KAYNAK_TARIH,MATCH($N52,KAYNAK_KOD,0)))) | P52: =IF($O52="","",ROUND((TARIH-$O52)/30.4375,1)) | Q52: =IF(ISNA(MATCH($J52,MARKA_AD,0)),"MARKA YOK",IF(INDEX(MARKA_IZIN,MATCH($J52,MARKA_AD,0))="HAYIR","YASAK",IF($E52="","FİYAT YOK",IF($P52="","TARİH YOK",IF($P52>YAS_YASAK_AY,"YASAK",IF($P52>YAS_ESKI_AY,"ESKİ","OK")))))) -> TARİH YOK | W52: 10 | AB52: =IF(ISNA(MATCH($B52,TIP_AD,0)),"",INDEX(TIP_GRUP,MATCH($B52,TIP_AD,0))) -> SARF | AC52: =IF(OR($AB52="GUC"),IF(OR($AI52=0,$AI52>KABLO_MAX_IN),0,LOOKUP($AI52,KABLO_IN_ALT,KABLO_KESIT)),IF($AB52="KUMANDA",KUMANDA_KESIT,IF($AB52="OLCU",OLCU_KESIT,0))) -> 0 | AD52: =IF(OR($AC52=0,ISNA(MATCH($B52,TIP_AD,0))),0,IF(INDEX(TIP_TEL,MATCH($B52,TIP_AD,0))="",2*N($S52)+IF(OR(N($S52)=1,N($S52)=3),1,0),INDEX(TIP_TEL,MATCH($B52,TIP_AD,0)))) -> 0 | AE52: =IF(OR($AD52=0,ISNA(MATCH($B52,TIP_AD,0))),0,$AD52*INDEX(TIP_TELM,MATCH($B52,TIP_AD,0))) -> 0 | AF52: =IF(OR($AB52<>"GUC",$AC52=0,$AC52>KLEMENS_MAX_KESIT),0,LOOKUP($AC52,KLEMENS_ALT,KLEMENS_KES)) -> 0 | AG52: =IF($AF52=0,0,N($S52)+IF(OR(N($S52)=1,N($S52)=3),1,0)) -> 0 | AH52: =IF($AF52=0,0,1) -> 0 | AI52: =N($T52) -> 0 | AJ52: =IF(OR($B52="mccb",$B52="oto",$B52="bh",$B52="rubilnik",$B52="ats",$B52="dif",$B52="uzo"),N($T52),0) -> 0
A53: =ROW()-1 -> 52 | B53: kablo | C53: 151.01.PV3.16 | D53: HARMONY ПВ3 1*16 | E53: 1084 | F53: =IF(OR($E53="",$L53="",$M53="",$Q53="YASAK"),"",$E53*$L53*$M53) -> 1084 | G53: =IF($F53="","",$F53*$H53) -> 3252 | H53: =SUMPRODUCT((BOM!$C$2:$C$675=$C53)*BOM!$H$2:$H$675*BOM!$M$2:$M$675) -> 3 | I53: м | J53: harmony | K53: =IF(ISNA(MATCH($J53,MARKA_AD,0)),"",INDEX(MARKA_PARA,MATCH($J53,MARKA_AD,0))) -> KZT | L53: =IF(ISNA(MATCH($J53,MARKA_AD,0)),"",INDEX(MARKA_KAT,MATCH($J53,MARKA_AD,0))) -> 1 | M53: =IF(OR($K53="",ISNA(MATCH($K53,KUR_AD,0))),"",IF(INDEX(KUR_DEG,MATCH($K53,KUR_AD,0))="","",INDEX(KUR_DEG,MATCH($K53,KUR_AD,0)))) -> 1 | N53: HARMONY | O53: =IF(ISNA(MATCH($N53,KAYNAK_KOD,0)),"",IF(INDEX(KAYNAK_TARIH,MATCH($N53,KAYNAK_KOD,0))="","",INDEX(KAYNAK_TARIH,MATCH($N53,KAYNAK_KOD,0)))) | P53: =IF($O53="","",ROUND((TARIH-$O53)/30.4375,1)) | Q53: =IF(ISNA(MATCH($J53,MARKA_AD,0)),"MARKA YOK",IF(INDEX(MARKA_IZIN,MATCH($J53,MARKA_AD,0))="HAYIR","YASAK",IF($E53="","FİYAT YOK",IF($P53="","TARİH YOK",IF($P53>YAS_YASAK_AY,"YASAK",IF($P53>YAS_ESKI_AY,"ESKİ","OK")))))) -> TARİH YOK | W53: 16 | AB53: =IF(ISNA(MATCH($B53,TIP_AD,0)),"",INDEX(TIP_GRUP,MATCH($B53,TIP_AD,0))) -> SARF | AC53: =IF(OR($AB53="GUC"),IF(OR($AI53=0,$AI53>KABLO_MAX_IN),0,LOOKUP($AI53,KABLO_IN_ALT,KABLO_KESIT)),IF($AB53="KUMANDA",KUMANDA_KESIT,IF($AB53="OLCU",OLCU_KESIT,0))) -> 0 | AD53: =IF(OR($AC53=0,ISNA(MATCH($B53,TIP_AD,0))),0,IF(INDEX(TIP_TEL,MATCH($B53,TIP_AD,0))="",2*N($S53)+IF(OR(N($S53)=1,N($S53)=3),1,0),INDEX(TIP_TEL,MATCH($B53,TIP_AD,0)))) -> 0 | AE53: =IF(OR($AD53=0,ISNA(MATCH($B53,TIP_AD,0))),0,$AD53*INDEX(TIP_TELM,MATCH($B53,TIP_AD,0))) -> 0 | AF53: =IF(OR($AB53<>"GUC",$AC53=0,$AC53>KLEMENS_MAX_KESIT),0,LOOKUP($AC53,KLEMENS_ALT,KLEMENS_KES)) -> 0 | AG53: =IF($AF53=0,0,N($S53)+IF(OR(N($S53)=1,N($S53)=3),1,0)) -> 0 | AH53: =IF($AF53=0,0,1) -> 0 | AI53: =N($T53) -> 0 | AJ53: =IF(OR($B53="mccb",$B53="oto",$B53="bh",$B53="rubilnik",$B53="ats",$B53="dif",$B53="uzo"),N($T53),0) -> 0
