Workbook

Sheet Kurallar
A1: TEKLED / YSF HICH — BOM KURALLARI VE PARAMETRELERİ
A2: Проект | B2: 260729 Sensata — «Строительство футбольной академии в г.Талгар», SA-25ДП-192-ЭМ, Альбом 8
A3: BOM tarihi | B3: 46232
A4: Para birimi | B4: KZT (₸), KDV hariç
A5: Marka | B5: CHINT (ana aparat) + EKT/IEK/UNIT (korpus, bara, klemens) + Сайман (sayaç, akım trafosu)
A7: 1. FİYAT VE İŞÇİLİK PARAMETRELERİ (sarı hücreler düzenlenebilir)
A8: Parametre | B8: Değer | C8: Birim | D8: Açıklama
A9: Montaj malzemesi oranı | B9: 0.03 | C9: — | D9: Pano malzeme ara toplamının oranı
A10: İşçilik birim fiyat | B10: 100 | C10: ₸/dk | D10: Kol. G = bu hücre, Kol. I = dakika
A11: Test / etiket / kontrol çarpanı | B11: 1.15 | C11: × | D11: Tüm işçilik normlarına uygulanır
A12: Fiyat yaşı — kullanılabilir sınır | B12: 12 | C12: ay | D12: ≤ bu değer → KULLANILABİLİR
A13: Fiyat yaşı — uyarı sınırı | B13: 18 | C13: ay | D13: > bu değer → YASAK
A15: 2. MARKA KATSAYILARI VE FİYAT LİSTESİ YAŞI
A16: Marka | B16: Katsayı (net = liste × kat.) | C16: Liste tarihi | D16: Yaş, ay | E16: YAŞ_DURUM (formül) | F16: Kaynak dosya
A17: CHINT | B17: 0.6 | C17: 46231 | D17: =ROUND(($B$3-C17)/30.44,1) -> 0 | E17: =IF(D17<=$B$12,"KULLANILABİLİR",IF(D17<=$B$13,"UYARI — teyit et","YASAK — fiyat güncellenmeli")) -> KULLANILABİLİR | F17: 260728_chint_fiyatli_stok_listesi.xlsx
A18: Сайман | B18: 1 | C18: 46023 | D18: =ROUND(($B$3-C18)/30.44,1) -> 6.9 | E18: =IF(D18<=$B$12,"KULLANILABİLİR",IF(D18<=$B$13,"UYARI — teyit et","YASAK — fiyat güncellenmeli")) -> KULLANILABİLİR | F18: САЙМАН_2026_прайс_askardan.xlsx
A19: EKT | B19: 1 | C19: 45827 | D19: =ROUND(($B$3-C19)/30.44,1) -> 13.3 | E19: =IF(D19<=$B$12,"KULLANILABİLİR",IF(D19<=$B$13,"UYARI — teyit et","YASAK — fiyat güncellenmeli")) -> UYARI — teyit et | F19: 19062025_EKT_PRICE.xlsx
A20: IEK | B20: 1 | C20: 45827 | D20: =ROUND(($B$3-C20)/30.44,1) -> 13.3 | E20: =IF(D20<=$B$12,"KULLANILABİLİR",IF(D20<=$B$13,"UYARI — teyit et","YASAK — fiyat güncellenmeli")) -> UYARI — teyit et | F20: 19062025_EKT_PRICE.xlsx
A21: UNIT | B21: 1 | C21: 45827 | D21: =ROUND(($B$3-C21)/30.44,1) -> 13.3 | E21: =IF(D21<=$B$12,"KULLANILABİLİR",IF(D21<=$B$13,"UYARI — teyit et","YASAK — fiyat güncellenmeli")) -> UYARI — teyit et | F21: 19062025_EKT_PRICE.xlsx
A22: Generica | B22: 1 | C22: 45827 | D22: =ROUND(($B$3-C22)/30.44,1) -> 13.3 | E22: =IF(D22<=$B$12,"KULLANILABİLİR",IF(D22<=$B$13,"UYARI — teyit et","YASAK — fiyat güncellenmeli")) -> UYARI — teyit et | F22: 19062025_EKT_PRICE.xlsx
A25: 3. İŞÇİLİK NORMLARI (dk — sarı hücreler düzenlenebilir)
A26: Norm kodu | B26: Açıklama | C26: dk | D26: Birim
A27: OTO1 | B27: Otomatik sigorta 1P | C27: 10 | D27: adet
A28: OTO3 | B28: Otomatik sigorta 3P | C28: 18 | D28: adet
A29: DIF2 | B29: Diferansiyel otomat 1P+N (2 modül) | C29: 14 | D29: adet
A30: DIF4 | B30: Diferansiyel otomat 3P+N (4 modül) | C30: 22 | D30: adet
A31: TMS | B31: Kompakt şalter (MCCB) ≤250A | C31: 60 | D31: adet
A32: RUB | B32: Modüler yük ayırıcı (rubilnik) | C32: 45 | D32: adet
A33: RUBP | B33: Perekidnoy rubilnik 400A (I-0-II) | C33: 90 | D33: adet
A34: SAYAC | B34: Sayaç + akım trafosu grubu | C34: 90 | D34: adet
A35: OLCU | B35: Multimetre / ölçü cihazı (pano kapağı) | C35: 30 | D35: adet
A36: KONT | B36: Kontaktör | C36: 20 | D36: adet
A37: ROLE | B37: Röle / termostat | C37: 10 | D37: adet
A38: BLOK | B38: Yardımcı blok / açtırma bobini | C38: 10 | D38: adet
... A46: KORPUS_F | B46: Korpus hazırlığı — dikili tip (ВРУ) | C46: 90 | D46: adet
A49: 4. ÇAPRAZ DOĞRULAMA — ŞEMA / SPESİFİKASYON UYUŞMAZLIKLARI (⚠ KONTROL)
A50: No | B50: Pano | C50: Konu | D50: Şemada (лист) | E50: Spesifikasyonda (СО) | F50: Alınan karar
A51: 1 | B51: 1-ВРУ | C51: Çıkış Ir=32A adedi | D51: 4 ad. (1QF3, 1QF4, 1QF6, 2QF3) — лист 2 | E51: 3 ad. | F51: ŞEMA esas → 4 adet
A52: 2 | B52: 2-ВРУ | C52: 2QF1 ayar akımı | D52: In=160A, Ir=100A — лист 3 | E52: 3P 160A Ir=125A ×2 | F52: ŞEMA esas → 125A ×1 + 100A ×1
A53: 3 | B53: ЩПС | C53: Çıkış 1P C10 adedi | D53: 4 ad. (QF4, QF5, QF6, QF10) — лист 5 | E53: 3 ad. | F53: ŞEMA esas → 4 adet
A54: 4 | B54: ЩПС | C54: Çıkış 3P 20A karakteristiği | D54: QF7–QF9 3P 20A | E54: ВА47-60МА 3P 20A D (MVA33-3-020-D) | F54: CHINT NXB-63 3P 20A "D" YOK → "C" alındı ⚠ onay gerekli
A55: 5 | B55: 1.2-ЩРв | C55: 3P C16 / C10 dağılımı | D55: C16 ×3, C10 ×1 — лист 10 | E55: C16 ×1, C10 ×3 | F55: ŞEMA esas → C16 ×3, C10 ×1
A56: 6 | B56: 2.1-ЩР-4(хол) | C56: QF3 kutup sayısı | D56: 2P C32 30мА (yük 3х4, tek faz) — лист 21 | E56: АВДТ 34 (4P) C32 | F56: ŞEMA esas → 1P+N (2P) alındı
A57: 7 | B57: 3.0-ЩРк ve 2.1-ЩР-1 | C57: Giriş aparatı | D57: QF 3P C125A 15кА (otomat) — лист 13, 18 | E57: ВН-32 3Р 125А (rubilnik) | F57: SPESİFİKASYON esas (kardeş panolarla tutarlılık). Otomat isteniyorsa NXM-160S/3Р 125A (art. 844326) eklenir ⚠
A58: 8 | B58: Çeşitli | C58: Korpus ЩРн / ЩРв karışıklığı | D58: Bazı antetlerde ЩРв | E58: Aynı panoda ЩРн | F58: SPESİFİKASYON esas. Sıva üstü/sıva altı sahada teyit edilmeli ⚠
A59: 9 | B59: 3.3 / 3.4 grubu | C59: Pano isimlendirmesi | D59: 3.3-ЩР-1/2, 3.4-ЩР-1/2 | E59: 3.3-ЩР-2/3, 3.4-ЩР-2/3 | F59: Adet aynı (8 komplekt); yalnız isim farkı
A60: 10 | B60: ЩО / ЩАО (18 pano) | C60: Prensip şeması YOK | D60: Albümde bu panolara ait şema yok | E60: СО л.10–11 | F60: ÇİFT KAYNAK DOĞRULAMASI YAPILAMADI — yalnız spesifikasyondan ⚠⚠
A61: 11 | B61: Genel | C61: Spesifikasyon eksik | D61: — | E61: СО 15 sayfa, elde 10 sayfa | F61: Kalan 5 sayfa (kablo, armatür, priz/anahtar) BOM kapsamı dışı sayıldı ⚠
A63: 5. MARKA / MUADİL SEÇİM NOTLARI (IEK → CHINT)
A64: Projede (IEK) | B64: CHINT karşılığı | C64: Not / risk
A65: ВН-32 3Р (мини-рубильник) | B65: NXHB-125 3P | C65: 25A kademesi CHINT’te YOK → 32A alındı (ЩСоб, 1.0/2.0-ЩР-1, 2.1-ЩР-5, 3.0-ЩР-1, lift)
A66: ВА47-60M 1P/3P C, 6кА | B66: NXB-63 1P/3P C, 6кА | C66: Birebir karşılık
A67: АВДТ 32 (1P+N, тип A, 30мА, 6кА) | B67: NXBLE-63YH 1P+N тип A, 6кА | C67: Birebir karşılık, stok iyi
A68: АВДТ 34 (3P+N, тип A, 30мА) | B68: NXBLE-63YH 3P+N тип A, 6кА | C68: C20 için тип A YOK → тип AC alındı (1.0-ЩРк, 2 ad.) ⚠
A69: ВРУ giriş 3P 250A Ir=200/160, Icu>50кА | B69: NM8N-250S TM 3P 200А / 160А, 50кА (ayarlı) | C69: Ekonomik alternatif: NXM-250H/3Р 200A 50кА (art. 844331, liste 54.225 ₸) — sabit akım, ayarsız
A70: ВРУ çıkış 3P 100A Ir=xx, Icu≥35кА | B70: NXM-160S/3Р (36кА), In = Ir | C70: Ayarlı istenirse NM8N-125C TM 3P 36кА, liste ~64–68 bin ₸/ad. (+~40 bin ₸/ad.)
A71: ВРУ çıkış Ir=16A (5 ad.) | B71: NM8N-125C TM 3P 16А 36кА | C71: NXM-160S’te 16A yok. 25A’e çıkılsa 5х2,5 kablo koruması sınırda kalırdı — düşürülmedi
A72: Выкл.-разъединитель реверсивный 3P 400A | B72: NH40-400/3CS перекидной (I-0-II) | C72: Basit ayırıcı yeterliyse NH40-400/3 (art. 393266, liste 93.336 ₸) → 6 ad. için ~730 bin ₸ tasarruf ⚠ teyit
A73: ТТ ТТИ-60 200/5А 15ВА 0,5S | B73: CHINT’te 200/5 YOK → Сайман ТОП-0,66 200/5 кл.0,5 | C73: 0,5S sınıfı gerekiyorsa ayrıca teyit edilmeli ⚠
A74: Счетчик 3ф 380В 5-7,5А | B74: Сайман Дала СА4У-Э720 (3x220/380V 5-7,5A) | C74: Projedeki tarif ile birebir
A75: MMD9-C (DKC) | B75: CHINT PD666-3S4 96x96 RS-485 | C75: Stokta YOK ⚠
... A83: РУСМ5135-2874 (ЯУВ1.3/4) | B83: Muadil yok | C83: Fiyat listesinde yok → KONTROL bloğunda, fiyatsız ⚠
A85: 6. STOK DURUMU UYARILARI (CHINT stok listesi 28.07.2026)
A86: Artikül | B86: Ürün | C86: İhtiyaç | D86: Stok | E86: Durum
A87: 146332 | B87: NXM-160S/3Р 25A 36кА | C87: 20 | D87: 12 | E87: ⚠ EKSİK — 8 ad. sipariş
A88: 146335 | B88: NXM-160S/3Р 50A 36кА | C88: 13 | D88: 12 | E88: ⚠ EKSİK — 1 ad. sipariş
A89: 146333 | B89: NXM-160S/3Р 32A 36кА | C89: 8 | D89: 12 | E89: ✔ yeterli
A90: 146334 | B90: NXM-160S/3Р 40A 36кА | C90: 2 | D90: 12 | E90: ✔ yeterli
A91: 146337 | B91: NXM-160S/3Р 80A 36кА | C91: 2 | D91: 12 | E91: ✔ yeterli
A92: 146338 | B92: NXM-160S/3Р 100A 36кА | C92: 1 | D92: 126 | E92: ✔ yeterli
A93: 844326 | B93: NXM-160S/3Р 125A 36кА | C93: 3 | D93: 55 | E93: ✔ yeterli
A94: 271531 | B94: NM8N-125C TM 3P 16А 36кА | C94: 5 | D94: 34 | E94: ✔ yeterli
A95: 271174 | B95: NM8N-250S TM 3P 200А 50кА | C95: 4 | D95: 22 | E95: ✔ yeterli
A96: 271172 | B96: NM8N-250S TM 3P 160А 50кА | C96: 2 | D96: 22 | E96: ✔ yeterli
A97: 393375 | B97: NH40-400/3CS 400A перекидной | C97: 6 | D97: 3 | E97: ⚠ EKSİK — alternatif NH40-400/3CSW (выносная рукоятка) stok 8
A98: 539848 | B98: NXBLE-63YH 3P+N C16 тип A | C98: 4 | D98: 0 | E98: ⚠⚠ STOK YOK — sipariş süresi teyit edilmeli
... A105: 504550 | B105: DB4-24G IP65 (ЩУ бассейн) | C105: 1 | D105: 0 | E105: ⚠ STOK YOK — DB4-36G (stok 15) alternatif
A106: 515381 | B106: NXBLE-63YH 1P+N C16 тип A | D106: 2459 | E106: ✔ bol
A107: 836704 | B107: NXC-09 9A 220В | C107: 22 | D107: 8373 | E107: ✔ bol
A109: 7. RİSK VE KONTROL LİSTESİ
A110: Fiyat listesi yaşı: EKT / IEK / UNIT = 19.06.2025 → ~13 ay. UYARI aralığında. Korpus, bara, klemens, iletken fiyatları teklif verilmeden önce güncellenmelidir.
A111: Klemsan (11.2022), ONKA (07.2022), EKF (02.2022) listeleri >18 ay → bu BOM’da hiç kullanılmadı.
A112: PARAFUDR YOK: Projede hiçbir ВРУ’da ОПН/УЗИП öngörülmemiş. Bina III. kat. yıldırımdan korunmalı (СП РК 2.04-103-2013) ve TN-C-S. ВРУ girişlerine T1+T2 parafudr önerilir — bu BOM’a DAHİL EDİLMEDİ. ⚠
A113: Modül hesabı — 3.0-ЩРк: 5×4 + 10×2 + 3 = 43 modül / ЩРн-48. Yedek kapasite yalnız %10. %20 yedek isteniyorsa ЩРн-54 (540×440×120) alınmalı. ⚠
A114: Modül hesabı — 2.1-ЩР-1: 6×4 + 4×2 + 3 = 35 mod. / ЩРн-48 ✔ ; 1.1-ЩР-1: 15×2 + 2×4 + 3 = 41 mod. / ЩРв-48 ✔ ; 2.2-ЩР-1: 16×2 + 3 = 35 mod. / ЩРв-48 ✔ ; 2.1-ЩР-2: 41 mod. / ЩРв-48 ✔
A115: Modül hesabı — 1.0-ЩР-1 ve 2.0-ЩР-1: 8×2 + 3 = 19 modül; projede ЩРн-П-36 istenmiş (fazla büyük). ЩРн-П-24 yeterli olur — proje esas alındı, opsiyonel tasarruf.
A116: ВРУ iç yerleşimi: her ВРУ = 2 kabin (секция I / секция II). Her kabinde 1 перекидной 400A + 1 MCCB 250A + sayaç bölmesi + 9 çıkış MCCB. 1700×800×440 gövdeye sığar ancak açılım (компоновка) çizimi yapılmadan kesin değildir. ⚠
A117: ВРУ bara kesiti: 400 A için Cu 4×40 (160 mm²) seçildi — ПУЭ 1.3.31’e göre yeterli. Kısadevre dinamik dayanım hesabı yapılmadı. ⚠
A118: Kablo, gofre boru, lotok, aydınlatma armatürleri, priz/anahtar bu BOM’a DAHİL DEĞİLDİR (ЭМ bölümü saha montajı).
A119: «KONTROL / KAPSAM DIŞI» bloğundaki satırların GERÇEK ADETLERİ korunmuştur (atölye ve satınalma için); fiyatları toplama dahil edilmemiştir.
A120: Tüm fiyatlar KDV HARİÇ, ₸ (KZT). CHINT net = liste × 0,60; EKT/IEK/UNIT/Сайман = liste × 1,00.
... A122: Montaj malzemesi = pano malzeme ara toplamının %3’ü (Kurallar B9).

Sheet BOM
A1: № | B1: Наименование1 | C1: Тип | D1: Артикул | E1: Номенклатура | F1: Цена лист., ₸ | G1: Цена нетто, ₸ | H1: Сумма, ₸ | I1: Кол-во | J1: Ед.изм. | K1: Завод | L1: Примечание
A2: 1 | B2: =E2 -> 1-ВРУ (Блок 1, напольное, 2 секции) | C2: пано | E2: 1-ВРУ (Блок 1, напольное, 2 секции) | I2: 1 | J2: компл.
A3: 2 | C3: korpus | D3: 250200158_ | E3: Корпус ВРУ-1-22 (1700x800x440) пустой щит EKT | F3: 96220 | G3: =F3*VLOOKUP(K3,Kurallar!$A$17:$B$22,2,0) -> 96220 | H3: =G3*I3 -> 192440 | I3: 2 | J3: шт | K3: EKT
A4: 3 | C4: korpus | D4: ст-9951059 | E4: Подставка (цоколь) под ВРУ EKT | F4: 24090 | G4: =F4*VLOOKUP(K4,Kurallar!$A$17:$B$22,2,0) -> 24090 | H4: =G4*I4 -> 48180 | I4: 2 | J4: шт | K4: EKT
A5: 4 | C5: rubilnik | D5: 393375 | E5: Перекидной рубильник NH40-400/3CS, 3P, 400А, 3 положения I-0-II | F5: 215150 | G5: =F5*VLOOKUP(K5,Kurallar!$A$17:$B$22,2,0) -> 129090 | H5: =G5*I5 -> 258180 | I5: 2 | J5: шт | K5: CHINT
A6: 5 | C6: TMŞ | D6: 271174 | E6: Авт. выкл. NM8N-250S TM 3P 200А 50кА с рег. термомаг. расцепителем | F6: 95515 | G6: =F6*VLOOKUP(K6,Kurallar!$A$17:$B$22,2,0) -> 57309 | H6: =G6*I6 -> 114618 | I6: 2 | J6: шт | K6: CHINT
A7: 6 | C7: blok | D7: 269604 | E7: Независимый расцепитель SHT22-M8 AC220-240V для NM8N-250 | F7: 18552 | G7: =F7*VLOOKUP(K7,Kurallar!$A$17:$B$22,2,0) -> 11131.2 | H7: =G7*I7 -> 22262.4 | I7: 2 | J7: шт | K7: CHINT
A8: 7 | C8: tt | D8: TJ | E8: Трансформатор тока ТОП-0,66 У3 кл.точ. 0,5 200/5А | F8: 5100 | G8: =F8*VLOOKUP(K8,Kurallar!$A$17:$B$22,2,0) -> 5100 | H8: =G8*I8 -> 61200 | I8: 12 | J8: шт | K8: Сайман
A9: 8 | C9: sayac | D9: ND | E9: Счетчик Дала СА4У-Э720 (3x220/380V 5-7,5A), акт.+реакт. | F9: 19000 | G9: =F9*VLOOKUP(K9,Kurallar!$A$17:$B$22,2,0) -> 19000 | H9: =G9*I9 -> 38000 | I9: 2 | J9: шт | K9: Сайман
A10: 9 | C10: olcu | D10: 313309 | E10: Многофунк. изм. прибор PD666-3S4 380V 5A 3ф 96x96 RS485 | F10: 70343 | G10: =F10*VLOOKUP(K10,Kurallar!$A$17:$B$22,2,0) -> 42205.8 | H10: =G10*I10 -> 84411.6 | I10: 2 | J10: шт | K10: CHINT
A11: 10 | C11: TMŞ | D11: 146337 | E11: Авт. выкл. NXM-160S/3Р 80A 36кА | F11: 24075 | G11: =F11*VLOOKUP(K11,Kurallar!$A$17:$B$22,2,0) -> 14445 | H11: =G11*I11 -> 14445 | I11: 1 | J11: шт | K11: CHINT
A12: 11 | C12: TMŞ | D12: 146335 | E12: Авт. выкл. NXM-160S/3Р 50A 36кА | F12: 24075 | G12: =F12*VLOOKUP(K12,Kurallar!$A$17:$B$22,2,0) -> 14445 | H12: =G12*I12 -> 101115 | I12: 7 | J12: шт | K12: CHINT
A13: 12 | C13: TMŞ | D13: 146333 | E13: Авт. выкл. NXM-160S/3Р 32A 36кА | F13: 24075 | G13: =F13*VLOOKUP(K13,Kurallar!$A$17:$B$22,2,0) -> 14445 | H13: =G13*I13 -> 57780 | I13: 4 | J13: шт | K13: CHINT
A14: 13 | C14: TMŞ | D14: 146332 | E14: Авт. выкл. NXM-160S/3Р 25A 36кА | F14: 24075 | G14: =F14*VLOOKUP(K14,Kurallar!$A$17:$B$22,2,0) -> 14445 | H14: =G14*I14 -> 86670 | I14: 6 | J14: шт | K14: CHINT
... A24: 23 | C24: montaj | D24: 100300023_ | E24: Провод ПВ3-50 (ПуГВ) | F24: 2935 | G24: =F24*VLOOKUP(K24,Kurallar!$A$17:$B$22,2,0) -> 2935 | H24: =G24*I24 -> 88050 | I24: 30 | J24: м | K24: EKT
A25: 24 | C25: montajный материал | D25: — | E25: Монтажные материалы (наконечники, маркировка, крепёж, метизы) | G25: =SUM(H3:H24)*Kurallar!$B$9 -> 38116.608 | H25: =G25*I25 -> 38116.608 | I25: 1 | J25: компл. | K25: — | L25: Kurallar!B9 = %
A26: 25 | C26: montajная работа | D26: — | E26: Сборка, монтаж, маркировка, испытание щита | F26: =I26/60 -> 47.033333 | G26: =Kurallar!$B$10 -> 100 | H26: =G26*I26 -> 282200 | I26: =ROUND((Kurallar!$C$41*8+Kurallar!$C$38*2+Kurallar!$C$42*6+Kurallar!$C$43*16+Kurallar!$C$39*36+Kurallar!$C$46*2+Kurallar!$C$35*2+Kurallar!$C$37*2+Kurallar!$C$33*2+Kurallar!$C$34*2+Kurallar!$C$31*20)*Kurallar!$B$11,0) -> 2822 | J26: мин. | K26: — | L26: Кол-во = минуты; F = н/час
B27: Toplam: 1-ВРУ (Блок 1, напольное, 2 секции) | H27: =SUBTOTAL(9,H3:H26) -> 1590870.2 | L27: на 1 щит
A28: 27 | B28: =E28 -> 2-ВРУ (Блок 2, напольное, 2 секции) | C28: пано | E28: 2-ВРУ (Блок 2, напольное, 2 секции) | I28: 1 | J28: компл.
A29: 28 | C29: korpus | D29: 250200158_ | E29: Корпус ВРУ-1-22 (1700x800x440) пустой щит EKT | F29: 96220 | G29: =F29*VLOOKUP(K29,Kurallar!$A$17:$B$22,2,0) -> 96220 | H29: =G29*I29 -> 192440 | I29: 2 | J29: шт | K29: EKT
A30: 29 | C30: korpus | D30: ст-9951059 | E30: Подставка (цоколь) под ВРУ EKT | F30: 24090 | G30: =F30*VLOOKUP(K30,Kurallar!$A$17:$B$22,2,0) -> 24090 | H30: =G30*I30 -> 48180 | I30: 2 | J30: шт | K30: EKT
A31: 30 | C31: rubilnik | D31: 393375 | E31: Перекидной рубильник NH40-400/3CS, 3P, 400А, 3 положения I-0-II | F31: 215150 | G31: =F31*VLOOKUP(K31,Kurallar!$A$17:$B$22,2,0) -> 129090 | H31: =G31*I31 -> 258180 | I31: 2 | J31: шт | K31: CHINT
A32: 31 | C32: TMŞ | D32: 271174 | E32: Авт. выкл. NM8N-250S TM 3P 200А 50кА с рег. термомаг. расцепителем | F32: 95515 | G32: =F32*VLOOKUP(K32,Kurallar!$A$17:$B$22,2,0) -> 57309 | H32: =G32*I32 -> 114618 | I32: 2 | J32: шт | K32: CHINT
A33: 32 | C33: blok | D33: 269604 | E33: Независимый расцепитель SHT22-M8 AC220-240V для NM8N-250 | F33: 18552 | G33: =F33*VLOOKUP(K33,Kurallar!$A$17:$B$22,2,0) -> 11131.2 | H33: =G33*I33 -> 22262.4 | I33: 2 | J33: шт | K33: CHINT
A34: 33 | C34: tt | D34: TJ | E34: Трансформатор тока ТОП-0,66 У3 кл.точ. 0,5 200/5А | F34: 5100 | G34: =F34*VLOOKUP(K34,Kurallar!$A$17:$B$22,2,0) -> 5100 | H34: =G34*I34 -> 61200 | I34: 12 | J34: шт | K34: Сайман
A35: 34 | C35: sayac | D35: ND | E35: Счетчик Дала СА4У-Э720 (3x220/380V 5-7,5A), акт.+реакт. | F35: 19000 | G35: =F35*VLOOKUP(K35,Kurallar!$A$17:$B$22,2,0) -> 19000 | H35: =G35*I35 -> 38000 | I35: 2 | J35: шт | K35: Сайман
A36: 35 | C36: olcu | D36: 313309 | E36: Многофунк. изм. прибор PD666-3S4 380V 5A 3ф 96x96 RS485 | F36: 70343 | G36: =F36*VLOOKUP(K36,Kurallar!$A$17:$B$22,2,0) -> 42205.8 | H36: =G36*I36 -> 84411.6 | I36: 2 | J36: шт | K36: CHINT
A37: 36 | C37: TMŞ | D37: 844326 | E37: Авт. выкл. NXM-160S/3Р 125A 36кА | F37: 27656 | G37: =F37*VLOOKUP(K37,Kurallar!$A$17:$B$22,2,0) -> 16593.6 | H37: =G37*I37 -> 16593.6 | I37: 1 | J37: шт | K37: CHINT
A38: 37 | C38: TMŞ | D38: 146338 | E38: Авт. выкл. NXM-160S/3Р 100A 36кА | F38: 24075 | G38: =F38*VLOOKUP(K38,Kurallar!$A$17:$B$22,2,0) -> 14445 | H38: =G38*I38 -> 14445 | I38: 1 | J38: шт | K38: CHINT
A39: 38 | C39: TMŞ | D39: 146337 | E39: Авт. выкл. NXM-160S/3Р 80A 36кА | F39: 24075 | G39: =F39*VLOOKUP(K39,Kurallar!$A$17:$B$22,2,0) -> 14445 | H39: =G39*I39 -> 14445 | I39: 1 | J39: шт | K39: CHINT
A40: 39 | C40: TMŞ | D40: 146335 | E40: Авт. выкл. NXM-160S/3Р 50A 36кА | F40: 24075 | G40: =F40*VLOOKUP(K40,Kurallar!$A$17:$B$22,2,0) -> 14445 | H40: =G40*I40 -> 43335 | I40: 3 | J40: шт | K40: CHINT
... A54: 53 | C54: montaj | D54: 100300023_ | E54: Провод ПВ3-50 (ПуГВ) | F54: 2935 | G54: =F54*VLOOKUP(K54,Kurallar!$A$17:$B$22,2,0) -> 2935 | H54: =G54*I54 -> 88050 | I54: 30 | J54: м | K54: EKT
A55: 54 | C55: montajный материал | D55: — | E55: Монтажные материалы (наконечники, маркировка, крепёж, метизы) | G55: =SUM(H29:H54)*Kurallar!$B$9 -> 38918.058 | H55: =G55*I55 -> 38918.058 | I55: 1 | J55: компл. | K55: — | L55: Kurallar!B9 = %
A56: 55 | C56: montajная работа | D56: — | E56: Сборка, монтаж, маркировка, испытание щита | F56: =I56/60 -> 47.033333 | G56: =Kurallar!$B$10 -> 100 | H56: =G56*I56 -> 282200 | I56: =ROUND((Kurallar!$C$41*8+Kurallar!$C$38*2+Kurallar!$C$42*6+Kurallar!$C$43*16+Kurallar!$C$39*36+Kurallar!$C$46*2+Kurallar!$C$35*2+Kurallar!$C$37*2+Kurallar!$C$33*2+Kurallar!$C$34*2+Kurallar!$C$31*20)*Kurallar!$B$11,0) -> 2822 | J56: мин. | K56: — | L56: Кол-во = минуты; F = н/час
B57: Toplam: 2-ВРУ (Блок 2, напольное, 2 секции) | H57: =SUBTOTAL(9,H29:H56) -> 1618386.7 | L57: на 1 щит
A58: 57 | B58: =E58 -> 3-ВРУ (Блок 3, напольное, 2 секции) | C58: пано | E58: 3-ВРУ (Блок 3, напольное, 2 секции) | I58: 1 | J58: компл.
A59: 58 | C59: korpus | D59: 250200158_ | E59: Корпус ВРУ-1-22 (1700x800x440) пустой щит EKT | F59: 96220 | G59: =F59*VLOOKUP(K59,Kurallar!$A$17:$B$22,2,0) -> 96220 | H59: =G59*I59 -> 192440 | I59: 2 | J59: шт | K59: EKT
A60: 59 | C60: korpus | D60: ст-9951059 | E60: Подставка (цоколь) под ВРУ EKT | F60: 24090 | G60: =F60*VLOOKUP(K60,Kurallar!$A$17:$B$22,2,0) -> 24090 | H60: =G60*I60 -> 48180 | I60: 2 | J60: шт | K60: EKT
A61: 60 | C61: rubilnik | D61: 393375 | E61: Перекидной рубильник NH40-400/3CS, 3P, 400А, 3 положения I-0-II | F61: 215150 | G61: =F61*VLOOKUP(K61,Kurallar!$A$17:$B$22,2,0) -> 129090 | H61: =G61*I61 -> 258180 | I61: 2 | J61: шт | K61: CHINT
A62: 61 | C62: TMŞ | D62: 271172 | E62: Авт. выкл. NM8N-250S TM 3P 160А 50кА с рег. термомаг. расцепителем | F62: 94890 | G62: =F62*VLOOKUP(K62,Kurallar!$A$17:$B$22,2,0) -> 56934 | H62: =G62*I62 -> 113868 | I62: 2 | J62: шт | K62: CHINT
A63: 62 | C63: blok | D63: 269604 | E63: Независимый расцепитель SHT22-M8 AC220-240V для NM8N-250 | F63: 18552 | G63: =F63*VLOOKUP(K63,Kurallar!$A$17:$B$22,2,0) -> 11131.2 | H63: =G63*I63 -> 22262.4 | I63: 2 | J63: шт | K63: CHINT
A64: 63 | C64: tt | D64: TJ | E64: Трансформатор тока ТОП-0,66 У3 кл.точ. 0,5 200/5А | F64: 5100 | G64: =F64*VLOOKUP(K64,Kurallar!$A$17:$B$22,2,0) -> 5100 | H64: =G64*I64 -> 61200 | I64: 12 | J64: шт | K64: Сайман
A65: 64 | C65: sayac | D65: ND | E65: Счетчик Дала СА4У-Э720 (3x220/380V 5-7,5A), акт.+реакт. | F65: 19000 | G65: =F65*VLOOKUP(K65,Kurallar!$A$17:$B$22,2,0) -> 19000 | H65: =G65*I65 -> 38000 | I65: 2 | J65: шт | K65: Сайман
A66: 65 | C66: olcu | D66: 313309 | E66: Многофунк. изм. прибор PD666-3S4 380V 5A 3ф 96x96 RS485 | F66: 70343 | G66: =F66*VLOOKUP(K66,Kurallar!$A$17:$B$22,2,0) -> 42205.8 | H66: =G66*I66 -> 84411.6 | I66: 2 | J66: шт | K66: CHINT
A67: 66 | C67: TMŞ | D67: 844326 | E67: Авт. выкл. NXM-160S/3Р 125A 36кА | F67: 27656 | G67: =F67*VLOOKUP(K67,Kurallar!$A$17:$B$22,2,0) -> 16593.6 | H67: =G67*I67 -> 33187.2 | I67: 2 | J67: шт | K67: CHINT
A68: 67 | C68: TMŞ | D68: 146335 | E68: Авт. выкл. NXM-160S/3Р 50A 36кА | F68: 24075 | G68: =F68*VLOOKUP(K68,Kurallar!$A$17:$B$22,2,0) -> 14445 | H68: =G68*I68 -> 43335 | I68: 3 | J68: шт | K68: CHINT
A69: 68 | C69: TMŞ | D69: 146333 | E69: Авт. выкл. NXM-160S/3Р 32A 36кА | F69: 24075 | G69: =F69*VLOOKUP(K69,Kurallar!$A$17:$B$22,2,0) -> 14445 | H69: =G69*I69 -> 43335 | I69: 3 | J69: шт | K69: CHINT
A70: 69 | C70: TMŞ | D70: 146332 | E70: Авт. выкл. NXM-160S/3Р 25A 36кА | F70: 24075 | G70: =F70*VLOOKUP(K70,Kurallar!$A$17:$B$22,2,0) -> 14445 | H70: =G70*I70 -> 86670 | I70: 6 | J70: шт | K70: CHINT
... A81: 80 | C81: montaj | D81: 100300023_ | E81: Провод ПВ3-50 (ПуГВ) | F81: 2935 | G81: =F81*VLOOKUP(K81,Kurallar!$A$17:$B$22,2,0) -> 2935 | H81: =G81*I81 -> 88050 | I81: 30 | J81: м | K81: EKT
A82: 81 | C82: montajный материал | D82: — | E82: Монтажные материалы (наконечники, маркировка, крепёж, метизы) | G82: =SUM(H59:H81)*Kurallar!$B$9 -> 41170.992 | H82: =G82*I82 -> 41170.992 | I82: 1 | J82: компл. | K82: — | L82: Kurallar!B9 = %
A83: 82 | C83: montajная работа | D83: — | E83: Сборка, монтаж, маркировка, испытание щита | F83: =I83/60 -> 47.033333 | G83: =Kurallar!$B$10 -> 100 | H83: =G83*I83 -> 282200 | I83: =ROUND((Kurallar!$C$41*8+Kurallar!$C$38*2+Kurallar!$C$42*6+Kurallar!$C$43*16+Kurallar!$C$39*36+Kurallar!$C$46*2+Kurallar!$C$35*2+Kurallar!$C$37*2+Kurallar!$C$33*2+Kurallar!$C$34*2+Kurallar!$C$31*20)*Kurallar!$B$11,0) -> 2822 | J83: мин. | K83: — | L83: Кол-во = минуты; F = н/час
B84: Toplam: 3-ВРУ (Блок 3, напольное, 2 секции) | H84: =SUBTOTAL(9,H59:H83) -> 1695737.4 | L84: на 1 щит
A85: 84 | B85: =E85 -> ЩПС — щит противопожарных систем | C85: пано | E85: ЩПС — щит противопожарных систем | I85: 1 | J85: компл.
A86: 85 | C86: korpus | D86: 250200145_ | E86: Корпус металлический ЩРН-36 (540x310x120) IP31 EKT | F86: 7220 | G86: =F86*VLOOKUP(K86,Kurallar!$A$17:$B$22,2,0) -> 7220 | H86: =G86*I86 -> 7220 | I86: 1 | J86: шт | K86: EKT
A87: 86 | C87: OTO | D87: 814187 | E87: Авт. выкл. NXB-63 3P 40A 6кА х-ка D | F87: 6271 | G87: =F87*VLOOKUP(K87,Kurallar!$A$17:$B$22,2,0) -> 3762.6 | H87: =G87*I87 -> 3762.6 | I87: 1 | J87: шт | K87: CHINT
A88: 87 | C88: OTO | D88: 814171 | E88: Авт. выкл. NXB-63 3P 20A 6кА х-ка C | F88: 5884 | G88: =F88*VLOOKUP(K88,Kurallar!$A$17:$B$22,2,0) -> 3530.4 | H88: =G88*I88 -> 14121.6 | I88: 4 | J88: шт | K88: CHINT
A89: 88 | C89: OTO | D89: 814169 | E89: Авт. выкл. NXB-63 3P 10A 6кА х-ка C | F89: 5878 | G89: =F89*VLOOKUP(K89,Kurallar!$A$17:$B$22,2,0) -> 3526.8 | H89: =G89*I89 -> 7053.6 | I89: 2 | J89: шт | K89: CHINT
A90: 89 | C90: OTO | D90: 814013 | E90: Авт. выкл. NXB-63 1P 10A 6кА х-ка C | F90: 1362 | G90: =F90*VLOOKUP(K90,Kurallar!$A$17:$B$22,2,0) -> 817.2 | H90: =G90*I90 -> 3268.8 | I90: 4 | J90: шт | K90: CHINT
A91: 90 | C91: LOOBAR | D91: 130200357_ | E91: Шина "N" нулевая ШНИ-6х9-12 комб. с изолятором "Стойка" UNIT | F91: 461 | G91: =F91*VLOOKUP(K91,Kurallar!$A$17:$B$22,2,0) -> 461 | H91: =G91*I91 -> 922 | I91: 2 | J91: шт | K91: UNIT
A92: 91 | C92: montaj | D92: 570003 | E92: DIN-рейка оцинкованная TH35-7.5 100cm | F92: 869 | G92: =F92*VLOOKUP(K92,Kurallar!$A$17:$B$22,2,0) -> 521.4 | H92: =G92*I92 -> 1042.8 | I92: 2 | J92: шт | K92: CHINT
A93: 92 | C93: montaj | D93: 270300200_ | E93: Кабель-канал перфорированный 60х40 ИМПАКТ (2 м) | F93: 1801 | G93: =F93*VLOOKUP(K93,Kurallar!$A$17:$B$22,2,0) -> 1801 | H93: =G93*I93 -> 3602 | I93: 2 | J93: шт | K93: IEK
A94: 93 | C94: montaj | D94: 100300025_ | E94: Провод ПВ3-2,5 (ПуГВ) | F94: 127 | G94: =F94*VLOOKUP(K94,Kurallar!$A$17:$B$22,2,0) -> 127 | H94: =G94*I94 -> 3175 | I94: 25 | J94: м | K94: EKT
A95: 94 | C95: montaj | D95: 100300031_ | E95: Провод ПВ3-6 (ПуГВ) | F95: 319 | G95: =F95*VLOOKUP(K95,Kurallar!$A$17:$B$22,2,0) -> 319 | H95: =G95*I95 -> 1914 | I95: 6 | J95: м | K95: EKT
A96: 95 | C96: montajный материал | D96: — | E96: Монтажные материалы (наконечники, маркировка, крепёж, метизы) | G96: =SUM(H86:H95)*Kurallar!$B$9 -> 1382.472 | H96: =G96*I96 -> 1382.472 | I96: 1 | J96: компл. | K96: — | L96: Kurallar!B9 = %
A97: 96 | C97: montajная работа | D97: — | E97: Сборка, монтаж, маркировка, испытание щита | F97: =I97/60 -> 5 | G97: =Kurallar!$B$10 -> 100 | H97: =G97*I97 -> 30000 | I97: =ROUND((Kurallar!$C$42*2+Kurallar!$C$43*4+Kurallar!$C$45*1+Kurallar!$C$27*4+Kurallar!$C$28*7+Kurallar!$C$40*2)*Kurallar!$B$11,0) -> 300 | J97: мин. | K97: — | L97: Кол-во = минуты; F = н/час
B98: Toplam: ЩПС — щит противопожарных систем | H98: =SUBTOTAL(9,H86:H97) -> 77464.872 | L98: на 1 щит
A99: 98 | B99: =E99 -> ЩГП — щит гарантированного питания | C99: пано | E99: ЩГП — щит гарантированного питания | I99: 1 | J99: компл.
A100: 99 | C100: korpus | D100: 250200145_ | E100: Корпус металлический ЩРН-36 (540x310x120) IP31 EKT | F100: 7220 | G100: =F100*VLOOKUP(K100,Kurallar!$A$17:$B$22,2,0) -> 7220 | H100: =G100*I100 -> 7220 | I100: 1 | J100: шт | K100: EKT
A101: 100 | C101: OTO | D101: 814175 | E101: Авт. выкл. NXB-63 3P 50A 6кА х-ка C | F101: 5719 | G101: =F101*VLOOKUP(K101,Kurallar!$A$17:$B$22,2,0) -> 3431.4 | H101: =G101*I101 -> 3431.4 | I101: 1 | J101: шт | K101: CHINT
A102: 101 | C102: OTO | D102: 814171 | E102: Авт. выкл. NXB-63 3P 20A 6кА х-ка C | F102: 5884 | G102: =F102*VLOOKUP(K102,Kurallar!$A$17:$B$22,2,0) -> 3530.4 | H102: =G102*I102 -> 3530.4 | I102: 1 | J102: шт | K102: CHINT
A103: 102 | C103: OTO | D103: 814015 | E103: Авт. выкл. NXB-63 1P 20A 6кА х-ка C | F103: 1434 | G103: =F103*VLOOKUP(K103,Kurallar!$A$17:$B$22,2,0) -> 860.4 | H103: =G103*I103 -> 1720.8 | I103: 2 | J103: шт | K103: CHINT
A104: 103 | C104: OTO | D104: 814014 | E104: Авт. выкл. NXB-63 1P 16A 6кА х-ка C | F104: 1389 | G104: =F104*VLOOKUP(K104,Kurallar!$A$17:$B$22,2,0) -> 833.4 | H104: =G104*I104 -> 2500.2 | I104: 3 | J104: шт | K104: CHINT
A105: 104 | C105: OTO | D105: 814013 | E105: Авт. выкл. NXB-63 1P 10A 6кА х-ка C | F105: 1362 | G105: =F105*VLOOKUP(K105,Kurallar!$A$17:$B$22,2,0) -> 817.2 | H105: =G105*I105 -> 4086 | I105: 5 | J105: шт | K105: CHINT
A106: 105 | C106: blok | D106: 814989 | E106: Независимый расцепитель SHT-X1 AC230V/400V для NXB-63 | F106: 5354 | G106: =F106*VLOOKUP(K106,Kurallar!$A$17:$B$22,2,0) -> 3212.4 | H106: =G106*I106 -> 12849.6 | I106: 4 | J106: шт | K106: CHINT
A107: 106 | C107: LOOBAR | D107: 130200357_ | E107: Шина "N" нулевая ШНИ-6х9-12 комб. с изолятором "Стойка" UNIT | F107: 461 | G107: =F107*VLOOKUP(K107,Kurallar!$A$17:$B$22,2,0) -> 461 | H107: =G107*I107 -> 922 | I107: 2 | J107: шт | K107: UNIT
A108: 107 | C108: montaj | D108: 570003 | E108: DIN-рейка оцинкованная TH35-7.5 100cm | F108: 869 | G108: =F108*VLOOKUP(K108,Kurallar!$A$17:$B$22,2,0) -> 521.4 | H108: =G108*I108 -> 1042.8 | I108: 2 | J108: шт | K108: CHINT
A109: 108 | C109: montaj | D109: 270300200_ | E109: Кабель-канал перфорированный 60х40 ИМПАКТ (2 м) | F109: 1801 | G109: =F109*VLOOKUP(K109,Kurallar!$A$17:$B$22,2,0) -> 1801 | H109: =G109*I109 -> 3602 | I109: 2 | J109: шт | K109: IEK
A110: 109 | C110: montaj | D110: 100300025_ | E110: Провод ПВ3-2,5 (ПуГВ) | F110: 127 | G110: =F110*VLOOKUP(K110,Kurallar!$A$17:$B$22,2,0) -> 127 | H110: =G110*I110 -> 3810 | I110: 30 | J110: м | K110: EKT
A111: 110 | C111: montaj | D111: 100300031_ | E111: Провод ПВ3-6 (ПуГВ) | F111: 319 | G111: =F111*VLOOKUP(K111,Kurallar!$A$17:$B$22,2,0) -> 319 | H111: =G111*I111 -> 1914 | I111: 6 | J111: м | K111: EKT
A112: 111 | C112: montajный материал | D112: — | E112: Монтажные материалы (наконечники, маркировка, крепёж, метизы) | G112: =SUM(H100:H111)*Kurallar!$B$9 -> 1398.876 | H112: =G112*I112 -> 1398.876 | I112: 1 | J112: компл. | K112: — | L112: Kurallar!B9 = %
A113: 112 | C113: montajная работа | D113: — | E113: Сборка, монтаж, маркировка, испытание щита | F113: =I113/60 -> 5.2 | G113: =Kurallar!$B$10 -> 100 | H113: =G113*I113 -> 31200 | I113: =ROUND((Kurallar!$C$38*4+Kurallar!$C$42*2+Kurallar!$C$43*4+Kurallar!$C$45*1+Kurallar!$C$27*10+Kurallar!$C$28*2+Kurallar!$C$40*2)*Kurallar!$B$11,0) -> 312 | J113: мин. | K113: — | L113: Кол-во = минуты; F = н/час
B114: Toplam: ЩГП — щит гарантированного питания | H114: =SUBTOTAL(9,H100:H113) -> 79228.076 | L114: на 1 щит
A115: 114 | B115: =E115 -> ЩСоб — щит силовой обогрева | C115: пано | E115: ЩСоб — щит силовой обогрева | I115: 1 | J115: компл.
A116: 115 | C116: korpus | D116: 250200145_ | E116: Корпус металлический ЩРН-36 (540x310x120) IP31 EKT | F116: 7220 | G116: =F116*VLOOKUP(K116,Kurallar!$A$17:$B$22,2,0) -> 7220 | H116: =G116*I116 -> 7220 | I116: 1 | J116: шт | K116: EKT
A117: 116 | C117: rubilnik | D117: 193181 | E117: Выключатель нагрузки NXHB-125 3P 32A | F117: 3372 | G117: =F117*VLOOKUP(K117,Kurallar!$A$17:$B$22,2,0) -> 2023.2 | H117: =G117*I117 -> 2023.2 | I117: 1 | J117: шт | K117: CHINT
A118: 117 | C118: OTO | D118: 814013 | E118: Авт. выкл. NXB-63 1P 10A 6кА х-ка C | F118: 1362 | G118: =F118*VLOOKUP(K118,Kurallar!$A$17:$B$22,2,0) -> 817.2 | H118: =G118*I118 -> 817.2 | I118: 1 | J118: шт | K118: CHINT
A119: 118 | C119: DİF | D119: 515374 | E119: Диф. авт. выкл. NXBLE-63YH 1P+N C10 30mA тип A, 6kA | F119: 5719 | G119: =F119*VLOOKUP(K119,Kurallar!$A$17:$B$22,2,0) -> 3431.4 | H119: =G119*I119 -> 10294.2 | I119: 3 | J119: шт | K119: CHINT
A120: 119 | C120: kontaktör | D120: 256054 | E120: Контактор модульный NCH8-20/20 20A 2НО AC220/230В 50Гц | F120: 6145 | G120: =F120*VLOOKUP(K120,Kurallar!$A$17:$B$22,2,0) -> 3687 | H120: =G120*I120 -> 11061 | I120: 3 | J120: шт | K120: CHINT
A121: 120 | C121: Röle | D121: 050700199_ | E121: Терморегулятор на DIN-рейку RTC 70.26 (аналог РТ-300) | F121: 5210 | G121: =F121*VLOOKUP(K121,Kurallar!$A$17:$B$22,2,0) -> 5210 | H121: =G121*I121 -> 5210 | I121: 1 | J121: шт | K121: EKT
A122: 121 | C122: LOOBAR | D122: 130200357_ | E122: Шина "N" нулевая ШНИ-6х9-12 комб. с изолятором "Стойка" UNIT | F122: 461 | G122: =F122*VLOOKUP(K122,Kurallar!$A$17:$B$22,2,0) -> 461 | H122: =G122*I122 -> 922 | I122: 2 | J122: шт | K122: UNIT
A123: 122 | C123: montaj | D123: 570003 | E123: DIN-рейка оцинкованная TH35-7.5 100cm | F123: 869 | G123: =F123*VLOOKUP(K123,Kurallar!$A$17:$B$22,2,0) -> 521.4 | H123: =G123*I123 -> 1042.8 | I123: 2 | J123: шт | K123: CHINT
A124: 123 | C124: montaj | D124: 270300200_ | E124: Кабель-канал перфорированный 60х40 ИМПАКТ (2 м) | F124: 1801 | G124: =F124*VLOOKUP(K124,Kurallar!$A$17:$B$22,2,0) -> 1801 | H124: =G124*I124 -> 3602 | I124: 2 | J124: шт | K124: IEK
A125: 124 | C125: montaj | D125: 100300025_ | E125: Провод ПВ3-2,5 (ПуГВ) | F125: 127 | G125: =F125*VLOOKUP(K125,Kurallar!$A$17:$B$22,2,0) -> 127 | H125: =G125*I125 -> 2540 | I125: 20 | J125: м | K125: EKT
A126: 125 | C126: montaj | D126: 100300031_ | E126: Провод ПВ3-6 (ПуГВ) | F126: 319 | G126: =F126*VLOOKUP(K126,Kurallar!$A$17:$B$22,2,0) -> 319 | H126: =G126*I126 -> 1914 | I126: 6 | J126: м | K126: EKT
A127: 126 | C127: montajный материал | D127: — | E127: Монтажные материалы (наконечники, маркировка, крепёж, метизы) | G127: =SUM(H116:H126)*Kurallar!$B$9 -> 1399.392 | H127: =G127*I127 -> 1399.392 | I127: 1 | J127: компл. | K127: — | L127: Kurallar!B9 = %
A128: 127 | C128: montajная работа | D128: — | E128: Сборка, монтаж, маркировка, испытание щита | F128: =I128/60 -> 5.0166667 | G128: =Kurallar!$B$10 -> 100 | H128: =G128*I128 -> 30100 | I128: =ROUND((Kurallar!$C$29*3+Kurallar!$C$42*2+Kurallar!$C$43*4+Kurallar!$C$36*3+Kurallar!$C$45*1+Kurallar!$C$27*1+Kurallar!$C$37*1+Kurallar!$C$32*1+Kurallar!$C$40*2)*Kurallar!$B$11,0) -> 301 | J128: мин. | K128: — | L128: Кол-во = минуты; F = н/час
B129: Toplam: ЩСоб — щит силовой обогрева | H129: =SUBTOTAL(9,H116:H128) -> 78145.792 | L129: на 1 щит
A130: 129 | B130: =E130 -> 1.2-ЩРв — щит силовой вентиляции | C130: пано | E130: 1.2-ЩРв — щит силовой вентиляции | I130: 1 | J130: компл.
A131: 130 | C131: korpus | D131: 250200145_ | E131: Корпус металлический ЩРН-36 (540x310x120) IP31 EKT | F131: 7220 | G131: =F131*VLOOKUP(K131,Kurallar!$A$17:$B$22,2,0) -> 7220 | H131: =G131*I131 -> 7220 | I131: 1 | J131: шт | K131: EKT
A132: 131 | C132: rubilnik | D132: 193183 | E132: Выключатель нагрузки NXHB-125 3P 63A | F132: 4217 | G132: =F132*VLOOKUP(K132,Kurallar!$A$17:$B$22,2,0) -> 2530.2 | H132: =G132*I132 -> 2530.2 | I132: 1 | J132: шт | K132: CHINT
...

Sheet СВОД
A1: № | B1: Наименование щита | C1: Кол-во компл. | D1: Сумма за 1 компл., ₸ | E1: Итого, ₸
A2: 1 | B2: 1-ВРУ (Блок 1, напольное, 2 секции) | C2: 1 | D2: =BOM!H27 -> 1590870.2 | E2: =C2*D2 -> 1590870.2
A3: 2 | B3: 2-ВРУ (Блок 2, напольное, 2 секции) | C3: 1 | D3: =BOM!H57 -> 1618386.7 | E3: =C3*D3 -> 1618386.7
A4: 3 | B4: 3-ВРУ (Блок 3, напольное, 2 секции) | C4: 1 | D4: =BOM!H84 -> 1695737.4 | E4: =C4*D4 -> 1695737.4
A5: 4 | B5: ЩПС — щит противопожарных систем | C5: 1 | D5: =BOM!H98 -> 77464.872 | E5: =C5*D5 -> 77464.872
A6: 5 | B6: ЩГП — щит гарантированного питания | C6: 1 | D6: =BOM!H114 -> 79228.076 | E6: =C6*D6 -> 79228.076
A7: 6 | B7: ЩСоб — щит силовой обогрева | C7: 1 | D7: =BOM!H129 -> 78145.792 | E7: =C7*D7 -> 78145.792
A8: 7 | B8: 1.2-ЩРв — щит силовой вентиляции | C8: 1 | D8: =BOM!H144 -> 72258.996 | E8: =C8*D8 -> 72258.996
A9: 8 | B9: 2.0-ЩРв — щит силовой вентиляции | C9: 1 | D9: =BOM!H160 -> 109466.37 | E9: =C9*D9 -> 109466.37
A10: 9 | B10: 3.0-ЩРв — щит силовой вентиляции | C10: 1 | D10: =BOM!H173 -> 62193.788 | E10: =C10*D10 -> 62193.788
A11: 10 | B11: 1.0-ЩРк — щит силовой кондиционеров | C11: 1 | D11: =BOM!H188 -> 91052.916 | E11: =C11*D11 -> 91052.916
A12: 11 | B12: 2.0-ЩРк — щит силовой кондиционеров | C12: 1 | D12: =BOM!H203 -> 97685.302 | E12: =C12*D12 -> 97685.302
A13: 12 | B13: 3.0-ЩРк — щит силовой кондиционеров | C13: 1 | D13: =BOM!H218 -> 152164.7 | E13: =C13*D13 -> 152164.7
A14: 13 | B14: 1.0-ЩР-1 / 2.0-ЩР-1 — щит силовой | C14: 2 | D14: =BOM!H230 -> 76658.306 | E14: =C14*D14 -> 153316.61
A15: 14 | B15: 1.1-ЩР-1 — щит силовой | C15: 1 | D15: =BOM!H243 -> 141554.83 | E15: =C15*D15 -> 141554.83
A16: 15 | B16: 1.2-ЩР-1 — щит силовой | C16: 1 | D16: =BOM!H255 -> 84362.498 | E16: =C16*D16 -> 84362.498
A17: 16 | B17: 2.1-ЩР-1 — щит силовой (пищеблок) | C17: 1 | D17: =BOM!H269 -> 125850.78 | E17: =C17*D17 -> 125850.78
A18: 17 | B18: 2.1-ЩР-2 — щит силовой | C18: 1 | D18: =BOM!H284 -> 142483.69 | E18: =C18*D18 -> 142483.69
A19: 18 | B19: 2.1-ЩР-3 — щит силовой | C19: 1 | D19: =BOM!H300 -> 121156.3 | E19: =C19*D19 -> 121156.3
A20: 19 | B20: 2.1-ЩР-4(хол) — щит силовой | C20: 1 | D20: =BOM!H314 -> 90017.378 | E20: =C20*D20 -> 90017.378
A21: 20 | B21: 2.1-ЩР-5 — щит силовой | C21: 1 | D21: =BOM!H326 -> 62582.152 | E21: =C21*D21 -> 62582.152
A22: 21 | B22: 2.2-ЩР-1 — щит силовой | C22: 1 | D22: =BOM!H338 -> 130986.03 | E22: =C22*D22 -> 130986.03
A23: 22 | B23: 3.0-ЩР-1 — щит силовой | C23: 1 | D23: =BOM!H350 -> 62582.152 | E23: =C23*D23 -> 62582.152
A24: 23 | B24: 3.1-ЩР-1 — щит силовой (прачечная) | C24: 1 | D24: =BOM!H365 -> 90783.336 | E24: =C24*D24 -> 90783.336
A25: 24 | B25: 3.1-ЩР-2/3, 3.2-ЩР-2/3, 3.3-ЩР-1/2, 3.4-ЩР-1/2 — щит силовой | C25: 8 | D25: =BOM!H377 -> 64786.418 | E25: =C25*D25 -> 518291.34
A26: 25 | B26: 3.2-ЩР-1 — щит силовой | C26: 1 | D26: =BOM!H389 -> 86468.848 | E26: =C26*D26 -> 86468.848
A27: 26 | B27: 1.0-ЩО-1, 2.0-ЩО-1, 3.0-ЩО-1 — щит освещения | C27: 3 | D27: =BOM!H401 -> 40483.254 | E27: =C27*D27 -> 121449.76
A28: 27 | B28: 3.1-ЩО-2, 1.2-ЩО-1, 2.2-ЩО-1, 3.2-ЩО-2, 3.3-ЩО-1/2, 3.4-ЩО-1/2 — щит освещения | C28: 8 | D28: =BOM!H413 -> 40483.254 | E28: =C28*D28 -> 323866.03
A29: 28 | B29: 3.1-ЩО-1, 3.2-ЩО-1 — щит освещения | C29: 2 | D29: =BOM!H425 -> 42917.4 | E29: =C29*D29 -> 85834.8
A30: 29 | B30: 1.1-ЩО-1, 2.1-ЩО-1 — щит освещения | C30: 2 | D30: =BOM!H437 -> 45120.736 | E30: =C30*D30 -> 90241.472
A31: 30 | B31: 1.0-ЩАО-1, 2.0-ЩАО-1 — щит аварийного освещения | C31: 2 | D31: =BOM!H449 -> 42917.4 | E31: =C31*D31 -> 85834.8
A32: 31 | B32: 3.0-ЩАО-1 — щит аварийного освещения | C32: 1 | D32: =BOM!H461 -> 49758.218 | E32: =C32*D32 -> 49758.218
A33: 32 | B33: Щиток лифта (в корпусе в лифтовой шахте) | C33: 1 | D33: =BOM!H470 -> 16542.624 | E33: =C33*D33 -> 16542.624
A34: 33 | B34: ЩУ(бассейн) — щит управления IP65, 24 мод. | C34: 1 | D34: =BOM!H485 -> 112337.16 | E34: =C34*D34 -> 112337.16
A35: 34 | B35: КВ — контакторы вентиляторов (россыпью) | C35: 1 | D35: =BOM!H490 -> 121489.54 | E35: =C35*D35 -> 121489.54
A36: 35 | B36: ЯТП — ящик с понижающим трансформатором 220/36В | C36: 2 | D36: =BOM!H496 -> 30360.34 | E36: =C36*D36 -> 60720.68
B37: ИТОГО по щитам (без НДС) | E37: =SUM(E2:E36) -> 8603166.1
B39: Примечание: позиции блока «KONTROL / KAPSAM DIŞI» в листе BOM в итог не входят — см. лист Kurallar, разделы 4–7.
