Workbook

Sheet BOM
A1: № | B1: Наименование1 | C1: Тип мат. | D1: Артикул | E1: Номенклатура | F1: Цена прайс, KZT | G1: Цена нетто, KZT | H1: Сумма, KZT | I1: Кол-во | J1: Ед.изм. | K1: Завод
B2: =E2 -> ВРУ-1 — Вводно-распределительное устройство ВРУ1-13-20 УХЛ4 (аналог, сборка YSF HICH) | C2: пано | D2: ВРУ-1 | E2: ВРУ-1 — Вводно-распределительное устройство ВРУ1-13-20 УХЛ4 (аналог, сборка YSF HICH) | I2: 1 | J2: комплект | K2: TEKLED ELECTRIC
A3: 1 | B3: =E2 -> ВРУ-1 — Вводно-распределительное устройство ВРУ1-13-20 УХЛ4 (аналог, сборка YSF HICH) | C3: korpus | D3: 719-15043 | E3: Мет. Щит ВРУ 1700х800х450+10CM База | F3: 155000 | G3: =ROUND(F3*Kurallar!$B$6,0) -> 93000 | H3: =G3*I3 -> 93000 | I3: 1 | J3: шт. | K3: Kaztek/TEKSAN
A4: 2 | B4: =E2 -> ВРУ-1 — Вводно-распределительное устройство ВРУ1-13-20 УХЛ4 (аналог, сборка YSF HICH) | C4: TMŞ | D4: 131364 | E4: Авт. выкл. NXM-160S/3Р 160A 36кА (R) | F4: 27169 | G4: =ROUND(F4*Kurallar!$B$4,0) -> 16301 | H4: =G4*I4 -> 16301 | I4: 1 | J4: шт. | K4: CHINT
A5: 3 | B5: =E2 -> ВРУ-1 — Вводно-распределительное устройство ВРУ1-13-20 УХЛ4 (аналог, сборка YSF HICH) | C5: TMŞ | D5: 131363 | E5: Авт. выкл. NXM-125S/3Р 125A 25кА (R) | F5: 19760 | G5: =ROUND(F5*Kurallar!$B$4,0) -> 11856 | H5: =G5*I5 -> 11856 | I5: 1 | J5: шт. | K5: CHINT
A6: 4 | B6: =E2 -> ВРУ-1 — Вводно-распределительное устройство ВРУ1-13-20 УХЛ4 (аналог, сборка YSF HICH) | C6: rubilnik | D6: 270100160_ | E6: Рубильник ВР-32-35 В71250-250А на 2 направления (+6камер) UNIT (1/8) | F6: 16414 | G6: =F6 -> 16414 | H6: =G6*I6 -> 32828 | I6: 2 | J6: шт. | K6: pys
A7: 5 | B7: =E2 -> ВРУ-1 — Вводно-распределительное устройство ВРУ1-13-20 УХЛ4 (аналог, сборка YSF HICH) | C7: tt | D7: 256478 | E7: Трансформатор тока BH-0.66 30 B 150/5А, кл. точн. 0,5 (аналог ТТИ-А 150/5А 5ВА) | F7: 5682 | G7: =ROUND(F7*Kurallar!$B$4,0) -> 3409 | H7: =G7*I7 -> 20454 | I7: 6 | J7: шт. | K7: CHINT
A8: 6 | B8: =E2 -> ВРУ-1 — Вводно-распределительное устройство ВРУ1-13-20 УХЛ4 (аналог, сборка YSF HICH) | C8: sayac | D8: ЦЭ 6850М | E8: Счётчик электроэнергии ЦЭ 6850М 380В 5А, электронный, АСКУЭ (Энергомера) — см. K02 | F8: 125000 | G8: =F8 -> 125000 | H8: =G8*I8 -> 0 | I8: 0 | J8: шт. | K8: Энергомера / прочее
A9: 8 | B9: =E2 -> ВРУ-1 — Вводно-распределительное устройство ВРУ1-13-20 УХЛ4 (аналог, сборка YSF HICH) | C9: LOOBAR | D9: 130200152_ | E9: Шина алюм АД31Т 3х30х4000 | F9: 724 | G9: =ROUND(F9*Kurallar!$B$5,0) -> 724 | H9: =G9*I9 -> 7240 | I9: 10 | J9: м | K9: pys
A10: 9 | B10: =E2 -> ВРУ-1 — Вводно-распределительное устройство ВРУ1-13-20 УХЛ4 (аналог, сборка YSF HICH) | C10: blok | D10: 130500106_ | E10: Изолятор SM40 с болтом (М8) 475А 12кВ UNIT | F10: 324 | G10: =ROUND(F10*Kurallar!$B$5,0) -> 324 | H10: =G10*I10 -> 1944 | I10: 6 | J10: шт. | K10: pys
A11: 10 | B11: =E2 -> ВРУ-1 — Вводно-распределительное устройство ВРУ1-13-20 УХЛ4 (аналог, сборка YSF HICH) | C11: montajный материал | D11: 570003 | E11: DIN-рейка оцинкованная TH35-7.5 100 см | F11: 869 | G11: =ROUND(F11*Kurallar!$B$4,0) -> 521 | H11: =G11*I11 -> 2084 | I11: 4 | J11: шт. | K11: CHINT
A12: 11 | B12: =E2 -> ВРУ-1 — Вводно-распределительное устройство ВРУ1-13-20 УХЛ4 (аналог, сборка YSF HICH) | C12: montajный материал | D12: 270300200_ | E12: Кабель-канал перфорированный 60х40 ИМПАКТ IEK (2 м) | F12: 1801 | G12: =ROUND(F12*Kurallar!$B$5,0) -> 1801 | H12: =G12*I12 -> 10806 | I12: 6 | J12: шт. | K12: pys
A13: 12 | B13: =E2 -> ВРУ-1 — Вводно-распределительное устройство ВРУ1-13-20 УХЛ4 (аналог, сборка YSF HICH) | C13: Klemens | D13: 701-03250-1 | E13: Клемма проходная JHUK2.5B (TEKLED ELECTRIC)2000/100 | F13: 120 | G13: =0.6*F13 -> 72 | H13: =G13*I13 -> 2880 | I13: 40 | J13: шт. | K13: tekled
A14: 13 | B14: =E2 -> ВРУ-1 — Вводно-распределительное устройство ВРУ1-13-20 УХЛ4 (аналог, сборка YSF HICH) | C14: kablo | D14: 100300025_ | E14: Провод ПВ3-2,5 белый ГОСТ | F14: 127 | G14: =ROUND(F14*Kurallar!$B$5,0) -> 127 | H14: =G14*I14 -> 7620 | I14: 60 | J14: м | K14: pys
A15: 14 | B15: =E2 -> ВРУ-1 — Вводно-распределительное устройство ВРУ1-13-20 УХЛ4 (аналог, сборка YSF HICH) | C15: kablo | D15: 100300100_ | E15: Провод ПВ3-2,5 жёлто-зелёный ГОСТ | F15: 127 | G15: =ROUND(F15*Kurallar!$B$5,0) -> 127 | H15: =G15*I15 -> 2540 | I15: 20 | J15: м | K15: pys
A16: 15 | B16: =E2 -> ВРУ-1 — Вводно-распределительное устройство ВРУ1-13-20 УХЛ4 (аналог, сборка YSF HICH) | C16: nakonechnik | D16: 260100016_ | E16: Наконечник медный М 70-10-13 | F16: 329 | G16: =ROUND(F16*Kurallar!$B$5,0) -> 329 | H16: =G16*I16 -> 9870 | I16: 30 | J16: шт. | K16: pys
A17: 16 | B17: =E2 -> ВРУ-1 — Вводно-распределительное устройство ВРУ1-13-20 УХЛ4 (аналог, сборка YSF HICH) | C17: nakonechnik | D17: 260100058_ | E17: Наконечник медно-лужёный Мл 2,5-4-2,6 | F17: 37 | G17: =ROUND(F17*Kurallar!$B$5,0) -> 37 | H17: =G17*I17 -> 3700 | I17: 100 | J17: шт. | K17: pys
A18: 17 | B18: =E2 -> ВРУ-1 — Вводно-распределительное устройство ВРУ1-13-20 УХЛ4 (аналог, сборка YSF HICH) | C18: montajный материал | D18: MONT-3% | E18: Монтажный материал (крепёж, маркировка, кабельные стяжки, наконечники НШВИ) — % от суммы материалов панели | G18: =ROUND(SUM(H3:H17)*Kurallar!$B$9,0) -> 6694 | H18: =G18*I18 -> 6694 | I18: 1 | J18: компл. | K18: montajный материал
A19: 18 | B19: =E2 -> ВРУ-1 — Вводно-распределительное устройство ВРУ1-13-20 УХЛ4 (аналог, сборка YSF HICH) | C19: montajная работа | D19: ISC | E19: Монтажные работы по сборке панели (норма времени, мин) — расчёт в листе Kurallar | F19: =I19/60 -> 10.2 | G19: =Kurallar!$B$10 -> 100 | H19: =G19*I19 -> 61200 | I19: =Kurallar!G62 -> 612 | J19: мин | K19: montajная работа
B20: Итого ВРУ-1 (1 шт.) | H20: =SUBTOTAL(9,H3:H19) -> 291017
B21: =E21 -> ВРУ-2 — Распределительная панель ВРУ1-50-00 УХЛ4 (аналог, сборка YSF HICH) | C21: пано | D21: ВРУ-2 | E21: ВРУ-2 — Распределительная панель ВРУ1-50-00 УХЛ4 (аналог, сборка YSF HICH) | I21: 1 | J21: комплект | K21: TEKLED ELECTRIC
A22: 19 | B22: =E21 -> ВРУ-2 — Распределительная панель ВРУ1-50-00 УХЛ4 (аналог, сборка YSF HICH) | C22: korpus | D22: 719-15043 | E22: Мет. Щит ВРУ 1700х800х450+10CM База | F22: 155000 | G22: =ROUND(F22*Kurallar!$B$6,0) -> 93000 | H22: =G22*I22 -> 93000 | I22: 1 | J22: шт. | K22: Kaztek/TEKSAN
A23: 20 | B23: =E21 -> ВРУ-2 — Распределительная панель ВРУ1-50-00 УХЛ4 (аналог, сборка YSF HICH) | C23: fu | D23: 521260 | E23: Держатель плавкой вставки RT36-00-160, габарит 00, 160А | F23: 2038 | G23: =ROUND(F23*Kurallar!$B$4,0) -> 1223 | H23: =G23*I23 -> 7338 | I23: 6 | J23: шт. | K23: CHINT
A24: 21 | B24: =E21 -> ВРУ-2 — Распределительная панель ВРУ1-50-00 УХЛ4 (аналог, сборка YSF HICH) | C24: fu | D24: 521349 | E24: Плавкая вставка предохранителя RT36-00-160, габарит 00, 100А | F24: 1545 | G24: =ROUND(F24*Kurallar!$B$4,0) -> 927 | H24: =G24*I24 -> 5562 | I24: 6 | J24: шт. | K24: CHINT
A25: 22 | B25: =E21 -> ВРУ-2 — Распределительная панель ВРУ1-50-00 УХЛ4 (аналог, сборка YSF HICH) | C25: fu | D25: 521260 | E25: Держатель плавкой вставки RT36-00-160, габарит 00, 160А | F25: 2038 | G25: =ROUND(F25*Kurallar!$B$4,0) -> 1223 | H25: =G25*I25 -> 22014 | I25: 18 | J25: шт. | K25: CHINT
A26: 23 | B26: =E21 -> ВРУ-2 — Распределительная панель ВРУ1-50-00 УХЛ4 (аналог, сборка YSF HICH) | C26: fu | D26: 521345 | E26: Плавкая вставка предохранителя RT36-00-160, габарит 00, 50А | F26: 1525 | G26: =ROUND(F26*Kurallar!$B$4,0) -> 915 | H26: =G26*I26 -> 2745 | I26: 3 | J26: шт. | K26: CHINT
A27: 24 | B27: =E21 -> ВРУ-2 — Распределительная панель ВРУ1-50-00 УХЛ4 (аналог, сборка YSF HICH) | C27: fu | D27: 521344 | E27: Плавкая вставка предохранителя RT36-00-160, габарит 00, 40А | F27: 1525 | G27: =ROUND(F27*Kurallar!$B$4,0) -> 915 | H27: =G27*I27 -> 13725 | I27: 15 | J27: шт. | K27: CHINT
A28: 25 | B28: =E21 -> ВРУ-2 — Распределительная панель ВРУ1-50-00 УХЛ4 (аналог, сборка YSF HICH) | C28: LOOBAR | D28: 130200152_ | E28: Шина алюм АД31Т 3х30х4000 | F28: 724 | G28: =ROUND(F28*Kurallar!$B$5,0) -> 724 | H28: =G28*I28 -> 7240 | I28: 10 | J28: м | K28: pys
A29: 26 | B29: =E21 -> ВРУ-2 — Распределительная панель ВРУ1-50-00 УХЛ4 (аналог, сборка YSF HICH) | C29: blok | D29: 130500106_ | E29: Изолятор SM40 с болтом (М8) 475А 12кВ UNIT | F29: 324 | G29: =ROUND(F29*Kurallar!$B$5,0) -> 324 | H29: =G29*I29 -> 1296 | I29: 4 | J29: шт. | K29: pys
A30: 31 | B30: =E21 -> ВРУ-2 — Распределительная панель ВРУ1-50-00 УХЛ4 (аналог, сборка YSF HICH) | C30: kablo | D30: 100300100_ | E30: Провод ПВ3-2,5 жёлто-зелёный ГОСТ | F30: 127 | G30: =ROUND(F30*Kurallar!$B$5,0) -> 127 | H30: =G30*I30 -> 1270 | I30: 10 | J30: м | K30: pys
A31: 32 | B31: =E21 -> ВРУ-2 — Распределительная панель ВРУ1-50-00 УХЛ4 (аналог, сборка YSF HICH) | C31: montajный материал | D31: MONT-3% | E31: Монтажный материал (крепёж, маркировка, кабельные стяжки, наконечники НШВИ) — % от суммы материалов панели | G31: =ROUND(SUM(H22:H30)*Kurallar!$B$9,0) -> 4626 | H31: =G31*I31 -> 4626 | I31: 1 | J31: компл. | K31: montajный материал
A32: 33 | B32: =E21 -> ВРУ-2 — Распределительная панель ВРУ1-50-00 УХЛ4 (аналог, сборка YSF HICH) | C32: montajная работа | D32: ISC | E32: Монтажные работы по сборке панели (норма времени, мин) — расчёт в листе Kurallar | F32: =I32/60 -> 7.1 | G32: =Kurallar!$B$10 -> 100 | H32: =G32*I32 -> 42600 | I32: =Kurallar!H62 -> 426 | J32: мин | K32: montajная работа
B33: Итого ВРУ-2 (1 шт.) | H33: =SUBTOTAL(9,H22:H32) -> 201416
B34: =E34 -> АВР-101-100А | E34: АВР-101-100А | F34: =2.3*H51 -> 528954 | G34: =0.65*F34 -> 343820.1 | I34: 1 | J34: комплект | K34: TEKSAN
B35: =B34 -> АВР-101-100А | C35: korpus | D35: 719-15450 | E35: Корпус ЩМП5 (1000x650x300) IP54 | F35: 40030 | G35: =F35*0.6 -> 24018 | H35: =I35*G35 -> 24018 | I35: 1 | J35: ШТ. | K35: teksan f
B36: =B35 -> АВР-101-100А | C36: oto | D36: 131362 | E36: Авт. выкл. NXM-125S/3Р 100A 25кА (R) | F36: 19443 | G36: =F36*0.6 -> 11665.8 | H36: =G36*I36 -> 23331.6 | I36: 2 | J36: ШТ. | K36: chint
B37: =B36 -> АВР-101-100А | C37: contactor | D37: 235643 | E37: Контактор NC2-115 115A 220-240В/АС3 50Гц (старый артикул) | F37: 84983 | G37: =F37*0.6 -> 50989.8 | H37: =G37*I37 -> 101979.6 | I37: 2 | J37: ШТ. | K37: chint
B38: =B37 -> АВР-101-100А | C38: rele | D38: 285448 | E38: Промежуточное реле JZX-22F(D) 4 конт. с инд. LED 3А 220В AC (R) | F38: 1565 | G38: =F38*0.6 -> 939 | H38: =G38*I38 -> 1878 | I38: 2 | J38: ШТ. | K38: chint
B39: =B38 -> АВР-101-100А | C39: rozetka | D39: 285976 | E39: Розетка CZY14A для JZX-22F(D) 4 контакта | F39: 682 | G39: =F39*0.6 -> 409.2 | H39: =G39*I39 -> 818.4 | I39: 2 | J39: ШТ. | K39: chint
B40: =B39 -> АВР-101-100А | C40: rele | D40: 296829 | E40: CKF-318-1 | F40: 15000 | G40: =F40 -> 15000 | H40: =G40*I40 -> 30000 | I40: 2 | J40: ШТ. | K40: pys
B41: =B40 -> АВР-101-100А | C41: oto | D41: 296708 | E41: Авт. выкл. NXB-63S 1P 6А 4.5kA х-ка C (R) | F41: 975 | G41: =F41*0.6 -> 585 | H41: =G41*I41 -> 1170 | I41: 2 | J41: ШТ. | K41: chint
B42: =B41 -> АВР-101-100А | C42: oto | D42: 296825 | E42: Авт. выкл. NXB-63S 3P 6А 4.5kA х-ка C (R) | F42: 2873 | G42: =F42*0.6 -> 1723.8 | H42: =G42*I42 -> 3447.6 | I42: 2 | J42: ШТ. | K42: chint
B43: =B42 -> АВР-101-100А | C43: perekluchatel | D43: 574849 | E43: Переключатель NP2-BD33, 3 положения с фиксацией, 2НО IP40 | F43: 1836 | G43: =F43*0.6 -> 1101.6 | H43: =G43*I43 -> 1101.6 | I43: 1 | J43: ШТ. | K43: chint
B44: =B43 -> АВР-101-100А | C44: button | D44: 574842 | E44: Кнопка управления NP2-BA31 без подсветки зеленая 1НО IP40 | F44: 1602 | G44: =F44*0.6 -> 961.2 | H44: =G44*I44 -> 1922.4 | I44: 2 | J44: ШТ. | K44: chint
B45: =B44 -> АВР-101-100А | C45: button | D45: 574843 | E45: Кнопка управления NP2-BA42 без подсветки красная 1НЗ IP40 | F45: 1621 | G45: =F45*0.6 -> 972.6 | H45: =G45*I45 -> 1945.2 | I45: 2 | J45: ШТ. | K45: chint
B46: =B45 -> АВР-101-100А | C46: indicator | D46: 593077 | E46: Индикатор ND16-22D/2 зеленый AC/DC230В (R) | F46: 589 | G46: =F46*0.6 -> 353.4 | H46: =G46*I46 -> 706.8 | I46: 2 | J46: ШТ. | K46: chint
B47: =B46 -> АВР-101-100А | C47: block | D47: 576728 | E47: Блоки контактные NP2-BE101, 1НО | F47: 350 | G47: =F47*0.6 -> 210 | H47: =G47*I47 -> 420 | I47: 2 | J47: ШТ. | K47: chint
B48: =B47 -> АВР-101-100А | C48: contactor | D48: 257022 | E48: Приставка доп.контакты F4-11 к контактору NC1 и NC2 (R) | F48: 1034 | G48: =F48*0.6 -> 620.4 | H48: =G48*I48 -> 1240.8 | I48: 2 | J48: ШТ. | K48: chint
B49: =B43 -> АВР-101-100А | C49: монтажный материал | D49: монтажный материал | E49: монтажный материал | F49: =OFFSET(F49,1,2) -> 18000 | G49: =F49 -> 18000 | H49: =G49*I49 -> 18000 | I49: 1 | J49: ШТ. | K49: монтажный материал
B50: =B49 -> АВР-101-100А | C50: монтажная работа | D50: монтажная работа | E50: монтажная работа | F50: 3 | G50: 100 | H50: =60*F50*G50 -> 18000 | I50: =60*F50 -> 180 | J50: ШТ. | K50: монтажная работа
B51: =B50 -> АВР-101-100А | H51: =SUM(H35:H50) -> 229980
B52: =E52 -> ЩС-1 — Щит силовой распределительный ЩУРн-3/48 (проект: ЩУРн-3/36зо-1-36 УХЛ3) | C52: пано | D52: ЩС-1 | E52: ЩС-1 — Щит силовой распределительный ЩУРн-3/48 (проект: ЩУРн-3/36зо-1-36 УХЛ3) | I52: 1 | J52: комплект | K52: TEKLED ELECTRIC
A53: 34 | B53: =E52 -> ЩС-1 — Щит силовой распределительный ЩУРн-3/48 (проект: ЩУРн-3/36зо-1-36 УХЛ3) | C53: korpus | D53: 716-15020 | E53: Щит ЩУРн-3/48 с окном (540х600х165) 36 IP31 (Kaztek/TEKSAN) — см. K12, K13 | F53: 28500 | G53: =ROUND(F53*Kurallar!$B$6,0) -> 17100 | H53: =G53*I53 -> 17100 | I53: 1 | J53: шт. | K53: Kaztek/TEKSAN
A54: 35 | B54: =E52 -> ЩС-1 — Щит силовой распределительный ЩУРн-3/48 (проект: ЩУРн-3/36зо-1-36 УХЛ3) | C54: rubilnik | D54: 193183 | E54: Выключатель нагрузки NXHB-125 3P 63А (аналог ВН 32 3Р, вводной) | F54: 4217 | G54: =ROUND(F54*Kurallar!$B$4,0) -> 2530 | H54: =G54*I54 -> 2530 | I54: 1 | J54: шт. | K54: CHINT
A55: 36 | B55: =E52 -> ЩС-1 — Щит силовой распределительный ЩУРн-3/48 (проект: ЩУРн-3/36зо-1-36 УХЛ3) | C55: sayac | D55: СЕ 301 S31 | E55: Счётчик электроэнергии СЕ 301 S31 146 JAVZ, электронный, АСКУЭ (Энергомера) — см. K02 | F55: 125000 | G55: =F55 -> 125000 | H55: =G55*I55 -> 0 | I55: 0 | J55: шт. | K55: Энергомера / прочее
A56: 37 | B56: =E52 -> ЩС-1 — Щит силовой распределительный ЩУРн-3/48 (проект: ЩУРн-3/36зо-1-36 УХЛ3) | C56: OTO | D56: 814014 | E56: Авт. выкл. NXB-63 1P 16A х-ка C 6кА (аналог ВА47-29 1Р 16А) — гр.1…гр.8, БТП | F56: 1389 | G56: =ROUND(F56*Kurallar!$B$4,0) -> 833 | H56: =G56*I56 -> 7497 | I56: 9 | J56: шт. | K56: CHINT
A57: 38 | B57: =E52 -> ЩС-1 — Щит силовой распределительный ЩУРн-3/48 (проект: ЩУРн-3/36зо-1-36 УХЛ3) | C57: OTO | D57: 814017 | E57: Авт. выкл. NXB-63 1P 32A х-ка C 6кА (аналог ВА47-29 1Р 32А) — ШУО | F57: 1556 | G57: =ROUND(F57*Kurallar!$B$4,0) -> 934 | H57: =G57*I57 -> 934 | I57: 1 | J57: шт. | K57: CHINT
A58: 39 | B58: =E52 -> ЩС-1 — Щит силовой распределительный ЩУРн-3/48 (проект: ЩУРн-3/36зо-1-36 УХЛ3) | C58: OTO | D58: 814172 | E58: Авт. выкл. NXB-63 3P 25A х-ка C 6кА (аналог ВА47-29 3Р 25А) — Н1 ШУ | F58: 5334 | G58: =ROUND(F58*Kurallar!$B$4,0) -> 3200 | H58: =G58*I58 -> 3200 | I58: 1 | J58: шт. | K58: CHINT
A59: 40 | B59: =E52 -> ЩС-1 — Щит силовой распределительный ЩУРн-3/48 (проект: ЩУРн-3/36зо-1-36 УХЛ3) | C59: DİF | D59: 515381 | E59: Диф. авт. выкл. NXBLE-63YH 1P+N C16 30mA тип A, 6kA (R) | F59: 5104 | G59: =ROUND(F59*Kurallar!$B$4,0) -> 3062 | H59: =G59*I59 -> 12248 | I59: 4 | J59: шт. | K59: CHINT
A60: 41 | B60: =E52 -> ЩС-1 — Щит силовой распределительный ЩУРн-3/48 (проект: ЩУРн-3/36зо-1-36 УХЛ3) | C60: LOOBAR | D60: 130200366_ | E60: Шина соединительная PIN (штырь) 1ф 63А (1 м) UNIT | F60: 1825 | G60: =ROUND(F60*Kurallar!$B$5,0) -> 1825 | H60: =G60*I60 -> 1825 | I60: 1 | J60: шт. | K60: pys
A61: 42 | B61: =E52 -> ЩС-1 — Щит силовой распределительный ЩУРн-3/48 (проект: ЩУРн-3/36зо-1-36 УХЛ3) | C61: LOOBAR | D61: 130200368_ | E61: Шина соединительная PIN (штырь) 3ф 63А (1 м) UNIT | F61: 4966 | G61: =ROUND(F61*Kurallar!$B$5,0) -> 4966 | H61: =G61*I61 -> 4966 | I61: 1 | J61: шт. | K61: pys
A62: 43 | B62: =E52 -> ЩС-1 — Щит силовой распределительный ЩУРн-3/48 (проект: ЩУРн-3/36зо-1-36 УХЛ3) | C62: Klemens | D62: 130200363_ | E62: Шина "N" нулевая 8х12 мм ШНИ 14-КС с изолятором "Стойка" | F62: 1094 | G62: =0.6*F62 -> 656.4 | H62: =G62*I62 -> 656.4 | I62: 1 | J62: шт. | K62: tekled
A63: 44 | B63: =E52 -> ЩС-1 — Щит силовой распределительный ЩУРн-3/48 (проект: ЩУРн-3/36зо-1-36 УХЛ3) | C63: Klemens | D63: 130200401_ | E63: Шина "PE" земля ШНИ 6х9 12-К-З на DIN-рейку в корпусном изоляторе | F63: 547 | G63: =0.6*F63 -> 328.2 | H63: =G63*I63 -> 328.2 | I63: 1 | J63: шт. | K63: tekled
A64: 47 | B64: =E52 -> ЩС-1 — Щит силовой распределительный ЩУРн-3/48 (проект: ЩУРн-3/36зо-1-36 УХЛ3) | C64: Klemens | D64: 701-03250-1 | E64: Клемма проходная JHUK2.5B (TEKLED ELECTRIC)2000/100 | F64: 120 | G64: =0.6*F64 -> 72 | H64: =G64*I64 -> 720 | I64: 10 | J64: шт. | K64: tekled
A65: 48 | B65: =E52 -> ЩС-1 — Щит силовой распределительный ЩУРн-3/48 (проект: ЩУРн-3/36зо-1-36 УХЛ3) | C65: Klemens | D65: 701-03254-1 | E65: Клемма проходная JHUK10N (TEKLED ELECTRIC)1000/50 | F65: 325 | G65: =0.6*F65 -> 195 | H65: =G65*I65 -> 975 | I65: 5 | J65: шт. | K65: tekled
A66: 49 | B66: =E52 -> ЩС-1 — Щит силовой распределительный ЩУРн-3/48 (проект: ЩУРн-3/36зо-1-36 УХЛ3) | C66: kablo | D66: 100300025_ | E66: Провод ПВ3-2,5 белый ГОСТ | F66: 127 | G66: =ROUND(F66*Kurallar!$B$5,0) -> 127 | H66: =G66*I66 -> 1905 | I66: 15 | J66: м | K66: pys
A67: 50 | B67: =E52 -> ЩС-1 — Щит силовой распределительный ЩУРн-3/48 (проект: ЩУРн-3/36зо-1-36 УХЛ3) | C67: kablo | D67: 100300031_ | E67: Провод ПВ3-6 белый ГОСТ | F67: 319 | G67: =ROUND(F67*Kurallar!$B$5,0) -> 319 | H67: =G67*I67 -> 1595 | I67: 5 | J67: м | K67: pys
A68: 51 | B68: =E52 -> ЩС-1 — Щит силовой распределительный ЩУРн-3/48 (проект: ЩУРн-3/36зо-1-36 УХЛ3) | C68: kablo | D68: 100300100_ | E68: Провод ПВ3-2,5 жёлто-зелёный ГОСТ | F68: 127 | G68: =ROUND(F68*Kurallar!$B$5,0) -> 127 | H68: =G68*I68 -> 635 | I68: 5 | J68: м | K68: pys
A69: 53 | B69: =E52 -> ЩС-1 — Щит силовой распределительный ЩУРн-3/48 (проект: ЩУРн-3/36зо-1-36 УХЛ3) | C69: montajный материал | D69: MONT-3% | E69: Монтажный материал (крепёж, маркировка, кабельные стяжки, наконечники НШВИ) — % от суммы материалов панели | G69: =ROUND(SUM(H53:H68)*Kurallar!$B$9,0) -> 1713 | H69: =G69*I69 -> 1713 | I69: 1 | J69: компл. | K69: montajный материал
A70: 54 | B70: =E52 -> ЩС-1 — Щит силовой распределительный ЩУРн-3/48 (проект: ЩУРн-3/36зо-1-36 УХЛ3) | C70: montajная работа | D70: ISC | E70: Монтажные работы по сборке панели (норма времени, мин) — расчёт в листе Kurallar | F70: =I70/60 -> 4.5 | G70: =Kurallar!$B$10 -> 100 | H70: =G70*I70 -> 27000 | I70: =Kurallar!I62 -> 270 | J70: мин | K70: montajная работа
B71: Итого ЩС-1 (1 шт.) | H71: =SUBTOTAL(9,H53:H70) -> 85827.6
B72: =E72 -> ЩС-2 — Щит силовой распределительный ЩУРн-3/30 (проект: ЩУРн-3/24зо-1-36 УХЛ3) | C72: пано | D72: ЩС-2 | E72: ЩС-2 — Щит силовой распределительный ЩУРн-3/30 (проект: ЩУРн-3/24зо-1-36 УХЛ3) | I72: 1 | J72: комплект | K72: TEKLED ELECTRIC
A73: 55 | B73: =E72 -> ЩС-2 — Щит силовой распределительный ЩУРн-3/30 (проект: ЩУРн-3/24зо-1-36 УХЛ3) | C73: korpus | D73: 716-15015 | E73: Щит ЩУРн-3/30 с окном (490х540х165) 36 IP31 (Kaztek/TEKSAN) — см. K12, K14 | F73: 27500 | G73: =ROUND(F73*Kurallar!$B$6,0) -> 16500 | H73: =G73*I73 -> 16500 | I73: 1 | J73: шт. | K73: Kaztek/TEKSAN
A74: 56 | B74: =E72 -> ЩС-2 — Щит силовой распределительный ЩУРн-3/30 (проект: ЩУРн-3/24зо-1-36 УХЛ3) | C74: rubilnik | D74: 193183 | E74: Выключатель нагрузки NXHB-125 3P 63А (аналог ВН 32 3Р, вводной) | F74: 4217 | G74: =ROUND(F74*Kurallar!$B$4,0) -> 2530 | H74: =G74*I74 -> 2530 | I74: 1 | J74: шт. | K74: CHINT
A75: 57 | B75: =E72 -> ЩС-2 — Щит силовой распределительный ЩУРн-3/30 (проект: ЩУРн-3/24зо-1-36 УХЛ3) | C75: sayac | D75: СЕ 301 S31 | E75: Счётчик электроэнергии СЕ 301 S31 146 JAVZ, электронный, АСКУЭ (Энергомера) — см. K02 | F75: 125000 | G75: =F75 -> 125000 | H75: =G75*I75 -> 0 | I75: 0 | J75: шт. | K75: Энергомера / прочее
A76: 58 | B76: =E72 -> ЩС-2 — Щит силовой распределительный ЩУРн-3/30 (проект: ЩУРн-3/24зо-1-36 УХЛ3) | C76: OTO | D76: 814174 | E76: Авт. выкл. NXB-63 3P 40A х-ка C 6кА (аналог ВА47-29 3Р 40А) — Л1 лифт | F76: 5647 | G76: =ROUND(F76*Kurallar!$B$4,0) -> 3388 | H76: =G76*I76 -> 3388 | I76: 1 | J76: шт. | K76: CHINT
A77: 59 | B77: =E72 -> ЩС-2 — Щит силовой распределительный ЩУРн-3/30 (проект: ЩУРн-3/24зо-1-36 УХЛ3) | C77: OTO | D77: 814172 | E77: Авт. выкл. NXB-63 3P 25A х-ка C 6кА (аналог ВА47-29 3Р 25А) — Н2 ШУ | F77: 5334 | G77: =ROUND(F77*Kurallar!$B$4,0) -> 3200 | H77: =G77*I77 -> 3200 | I77: 1 | J77: шт. | K77: CHINT
A78: 60 | B78: =E72 -> ЩС-2 — Щит силовой распределительный ЩУРн-3/30 (проект: ЩУРн-3/24зо-1-36 УХЛ3) | C78: OTO | D78: 814014 | E78: Авт. выкл. NXB-63 1P 16A х-ка C 6кА (аналог ВА47-29 1Р 16А + ВА47-100 1Р 16А, см. K09) | F78: 1389 | G78: =ROUND(F78*Kurallar!$B$4,0) -> 833 | H78: =G78*I78 -> 6664 | I78: 8 | J78: шт. | K78: CHINT
A79: 61 | B79: =E72 -> ЩС-2 — Щит силовой распределительный ЩУРн-3/30 (проект: ЩУРн-3/24зо-1-36 УХЛ3) | C79: DİF | D79: 515381 | E79: Диф. авт. выкл. NXBLE-63YH 1P+N C16 30mA тип A, 6kA (R) | F79: 5104 | G79: =ROUND(F79*Kurallar!$B$4,0) -> 3062 | H79: =G79*I79 -> 6124 | I79: 2 | J79: шт. | K79: CHINT
A80: 62 | B80: =E72 -> ЩС-2 — Щит силовой распределительный ЩУРн-3/30 (проект: ЩУРн-3/24зо-1-36 УХЛ3) | C80: LOOBAR | D80: 130200366_ | E80: Шина соединительная PIN (штырь) 1ф 63А (1 м) UNIT | F80: 1825 | G80: =ROUND(F80*Kurallar!$B$5,0) -> 1825 | H80: =G80*I80 -> 1825 | I80: 1 | J80: шт. | K80: pys
A81: 63 | B81: =E72 -> ЩС-2 — Щит силовой распределительный ЩУРн-3/30 (проект: ЩУРн-3/24зо-1-36 УХЛ3) | C81: LOOBAR | D81: 130200368_ | E81: Шина соединительная PIN (штырь) 3ф 63А (1 м) UNIT | F81: 4966 | G81: =ROUND(F81*Kurallar!$B$5,0) -> 4966 | H81: =G81*I81 -> 4966 | I81: 1 | J81: шт. | K81: pys
A82: 64 | B82: =E72 -> ЩС-2 — Щит силовой распределительный ЩУРн-3/30 (проект: ЩУРн-3/24зо-1-36 УХЛ3) | C82: Klemens | D82: 130200363_ | E82: Шина "N" нулевая 8х12 мм ШНИ 14-КС с изолятором "Стойка" | F82: 1094 | G82: =0.6*F82 -> 656.4 | H82: =G82*I82 -> 656.4 | I82: 1 | J82: шт. | K82: tekled
A83: 65 | B83: =E72 -> ЩС-2 — Щит силовой распределительный ЩУРн-3/30 (проект: ЩУРн-3/24зо-1-36 УХЛ3) | C83: Klemens | D83: 130200401_ | E83: Шина "PE" земля ШНИ 6х9 12-К-З на DIN-рейку в корпусном изоляторе | F83: 547 | G83: =0.6*F83 -> 328.2 | H83: =G83*I83 -> 328.2 | I83: 1 | J83: шт. | K83: tekled
A84: 68 | B84: =E72 -> ЩС-2 — Щит силовой распределительный ЩУРн-3/30 (проект: ЩУРн-3/24зо-1-36 УХЛ3) | C84: Klemens | D84: 701-03250-1 | E84: Клемма проходная JHUK2.5B (TEKLED ELECTRIC)2000/100 | F84: 120 | G84: =0.6*F84 -> 72 | H84: =G84*I84 -> 720 | I84: 10 | J84: шт. | K84: tekled
A85: 69 | B85: =E72 -> ЩС-2 — Щит силовой распределительный ЩУРн-3/30 (проект: ЩУРн-3/24зо-1-36 УХЛ3) | C85: Klemens | D85: 701-03254-1 | E85: Клемма проходная JHUK10N (TEKLED ELECTRIC)1000/50 | F85: 325 | G85: =0.6*F85 -> 195 | H85: =G85*I85 -> 975 | I85: 5 | J85: шт. | K85: tekled
A86: 70 | B86: =E72 -> ЩС-2 — Щит силовой распределительный ЩУРн-3/30 (проект: ЩУРн-3/24зо-1-36 УХЛ3) | C86: kablo | D86: 100300025_ | E86: Провод ПВ3-2,5 белый ГОСТ | F86: 127 | G86: =ROUND(F86*Kurallar!$B$5,0) -> 127 | H86: =G86*I86 -> 1905 | I86: 15 | J86: м | K86: pys
A87: 71 | B87: =E72 -> ЩС-2 — Щит силовой распределительный ЩУРн-3/30 (проект: ЩУРн-3/24зо-1-36 УХЛ3) | C87: kablo | D87: 100300031_ | E87: Провод ПВ3-6 белый ГОСТ | F87: 319 | G87: =ROUND(F87*Kurallar!$B$5,0) -> 319 | H87: =G87*I87 -> 1595 | I87: 5 | J87: м | K87: pys
A88: 72 | B88: =E72 -> ЩС-2 — Щит силовой распределительный ЩУРн-3/30 (проект: ЩУРн-3/24зо-1-36 УХЛ3) | C88: kablo | D88: 100300100_ | E88: Провод ПВ3-2,5 жёлто-зелёный ГОСТ | F88: 127 | G88: =ROUND(F88*Kurallar!$B$5,0) -> 127 | H88: =G88*I88 -> 635 | I88: 5 | J88: м | K88: pys
A89: 74 | B89: =E72 -> ЩС-2 — Щит силовой распределительный ЩУРн-3/30 (проект: ЩУРн-3/24зо-1-36 УХЛ3) | C89: montajный материал | D89: MONT-3% | E89: Монтажный материал (крепёж, маркировка, кабельные стяжки, наконечники НШВИ) — % от суммы материалов панели | G89: =ROUND(SUM(H73:H88)*Kurallar!$B$9,0) -> 1560 | H89: =G89*I89 -> 1560 | I89: 1 | J89: компл. | K89: montajный материал
A90: 75 | B90: =E72 -> ЩС-2 — Щит силовой распределительный ЩУРн-3/30 (проект: ЩУРн-3/24зо-1-36 УХЛ3) | C90: montajная работа | D90: ISC | E90: Монтажные работы по сборке панели (норма времени, мин) — расчёт в листе Kurallar | F90: =I90/60 -> 4.2166667 | G90: =Kurallar!$B$10 -> 100 | H90: =G90*I90 -> 25300 | I90: =Kurallar!J62 -> 253 | J90: мин | K90: montajная работа
B91: Итого ЩС-2 (1 шт.) | H91: =SUBTOTAL(9,H73:H90) -> 78871.6
B92: =E92 -> ЩУО | C92: пано | D92: ЩУО | E92: ЩУО | F92: =2.3*H101 -> 284960.8 | G92: =0.65*F92 -> 185224.52 | I92: 1 | J92: комплект | K92: TEKLED ELECTRIC
A93: 55 | B93: =E92 -> ЩУО | C93: korpus | D93: 714-15005 | E93: Pano met.ShRn-12 b/o (313х268х120)S/U 36 IP31 (TS) | F93: 10270 | G93: =ROUND(F93*Kurallar!$B$6,0) -> 6162 | H93: =G93*I93 -> 6162 | I93: 1 | J93: шт. | K93: Kaztek/TEKSAN
A94: 56 | B94: =E92 -> ЩУО | C94: bh32 | D94: 193181 | E94: Выключатель нагрузки NXHB-125 3P 32A (R) | F94: 3372 | G94: =ROUND(F94*Kurallar!$B$4,0) -> 2023 | H94: =G94*I94 -> 2023 | I94: 1 | J94: шт. | K94: CHINT
A95: 57 | B95: =E92 -> ЩУО | C95: OTO | D95: 296710 | E95: Авт. выкл. NXB-63S 1P 16А 4.5kA х-ка C (R) | F95: 783 | G95: =ROUND(F95*Kurallar!$B$4,0) -> 470 | H95: =G95*I95 -> 940 | I95: 2 | J95: шт. | K95: Энергомера / прочее
A96: 58 | B96: =E92 -> ЩУО | C96: tregulator | D96: 814174 | E96: Регулятор температуры Teploluxe 100 NEW (Замена вместо РТ 330) | F96: 18880 | G96: =F96 -> 18880 | H96: =G96*I96 -> 18880 | I96: 1 | J96: шт. | K96: pys
A97: 59 | B97: =E92 -> ЩУО | C97: OTO | D97: 296708 | E97: Авт. выкл. NXB-63S 1P 6А 4.5kA х-ка C (R) | F97: 975 | G97: =ROUND(F97*Kurallar!$B$4,0) -> 585 | H97: =G97*I97 -> 585 | I97: 1 | J97: шт. | K97: CHINT
A98: 60 | B98: =E92 -> ЩУО | C98: mod kontaktor | D98: 256081 | E98: Контактор модульный NCH8-40/20 40A 2НО AC220/230В 50Гц (R) | F98: 11463 | G98: 85872 | H98: =G98*I98 -> 85872 | I98: 1 | J98: шт. | K98: CHINT
A99: 74 | B99: =E92 -> ЩУО | C99: montajный материал | D99: MONT-3% | E99: Монтажный материал (крепёж, маркировка, кабельные стяжки, наконечники НШВИ) — % от суммы материалов панели | G99: =ROUND(SUM(H93:H98)*Kurallar!$B$9,0) -> 3434 | H99: =G99*I99 -> 3434 | I99: 1 | J99: компл. | K99: montajный материал
A100: 75 | B100: =E92 -> ЩУО | C100: montajная работа | D100: ISC | E100: Монтажные работы по сборке панели (норма времени, мин) — расчёт в листе Kurallar | F100: 1 | G100: =Kurallar!$B$10 -> 100 | H100: =G100*I100 -> 6000 | I100: =60*F100 -> 60 | J100: мин | K100: montajная работа
...

Sheet СВОД
A1: СВОД — 260818 Laura Chimkent VRU / Заявка ТМЦ №36995
A2: № | B2: Панель | C2: Наименование | D2: Цена за 1 шт., KZT | E2: Кол-во, шт. | F2: Сумма, KZT
A3: 1 | B3: ВРУ-1 | C3: ВРУ1-13-20 УХЛ4 (аналог) — вводная панель | D3: =BOM!H20 -> 291017 | E3: 1 | F3: =D3*E3 -> 291017
A4: 2 | B4: ВРУ-2 | C4: ВРУ1-50-00 УХЛ4 (аналог) — распределительная панель | D4: =BOM!H33 -> 201416 | E4: 1 | F4: =D4*E4 -> 201416
A5: 3 | B5: ЩС-1 | C5: ЩУРн-3/48 (проект ЩУРн-3/36зо) | D5: =BOM!H71 -> 85827.6 | E5: 1 | F5: =D5*E5 -> 85827.6
A6: 4 | B6: ЩС-2 | C6: ЩУРн-3/30 (проект ЩУРн-3/24зо) | D6: =BOM!H91 -> 78871.6 | E6: 1 | F6: =D6*E6 -> 78871.6
C7: ИТОГО по заявке №36995 | F7: =SUM(F3:F6) -> 657132.2
C8: ВНИМАНИЕ: цены счётчиков (ЦЭ 6850М, СЕ 301 S31) и АВР-101-100 отсутствуют в прайс-листах — итог НЕПОЛНЫЙ (см. Kurallar K02, K03).

Sheet Kurallar
A1: KURALLAR / KATSAYILAR — 260818 Laura Chimkent VRU (Заявка ТМЦ №36995)
A2: 1. MARKA KATSAYILARI (sarı hücreler düzenlenebilir)
A3: Marka | B3: Katsayı | C3: Açıklama
A4: CHINT | B4: 0.6 | C4: liste × 0,60 (%40 iskonto)
A5: EKT / IEK / UNIT | B5: 1 | C5: EKT liste fiyatı, net
A6: Kaztek / TEKSAN | B6: 0.6 | C6: Kaztek liste fiyatı, net
A7: 2. GENEL PARAMETRELER
A8: Parametre | B8: Değer | C8: Açıklama
A9: Montaj malzemesi oranı | B9: 0.03 | C9: pano malzeme ara toplamının %3'ü
A10: İşçilik birim fiyat (KZT/dk) | B10: 100 | C10: BOM sütun G
A11: İşçilik çarpanı | B11: 1.15 | C11: test, etiketleme, kontrol
A12: Pano seti adedi | B12: 15 | C12: Заявка №36995: 1-15 blok
A13: BOM tarihi | B13: 46252 | C13: yaş hesabı bu tarihe göre
A14: 3. FİYAT LİSTESİ YAŞI (YAS_DURUM formülle hesaplanır)
A15: Marka / liste | B15: Liste tarihi | C15: Yaş (ay) | D15: YAS_DURUM | E15: Bu BOM'da kullanım
A16: CHINT (260728 stok+fiyat) | B16: 46231 | C16: =ROUND((YEAR($B$13)-YEAR(B16))*12+(MONTH($B$13)-MONTH(B16))+(DAY($B$13)-DAY(B16))/30.44,1) -> 0.7 | D16: =IF(C16>18,"YASAK",IF(C16>12,"UYARI","OK")) -> OK | E16: Ana cihaz markası — kullanıldı
A17: Kaztek pano (2607_15) | B17: 46218 | C17: =ROUND((YEAR($B$13)-YEAR(B17))*12+(MONTH($B$13)-MONTH(B17))+(DAY($B$13)-DAY(B17))/30.44,1) -> 1.1 | D17: =IF(C17>18,"YASAK",IF(C17>12,"UYARI","OK")) -> OK | E17: Korpuslar — kullanıldı
A18: EKT (19062025) | B18: 45827 | C18: =ROUND((YEAR($B$13)-YEAR(B18))*12+(MONTH($B$13)-MONTH(B18))+(DAY($B$13)-DAY(B18))/30.44,1) -> 14 | D18: =IF(C18>18,"YASAK",IF(C18>12,"UYARI","OK")) -> UYARI | E18: Pano içi malzeme — UYARI ile kullanıldı
A19: Schneider (2025 Temmuz) | B19: 45839 | C19: =ROUND((YEAR($B$13)-YEAR(B19))*12+(MONTH($B$13)-MONTH(B19))+(DAY($B$13)-DAY(B19))/30.44,1) -> 13.6 | D19: =IF(C19>18,"YASAK",IF(C19>12,"UYARI","OK")) -> UYARI | E19: Kullanılmadı
A20: ABB (2025 Kasım) | B20: 45962 | C20: =ROUND((YEAR($B$13)-YEAR(B20))*12+(MONTH($B$13)-MONTH(B20))+(DAY($B$13)-DAY(B20))/30.44,1) -> 9.6 | D20: =IF(C20>18,"YASAK",IF(C20>12,"UYARI","OK")) -> OK | E20: Kullanılmadı
A21: Legrand (2025 Ekim) | B21: 45931 | C21: =ROUND((YEAR($B$13)-YEAR(B21))*12+(MONTH($B$13)-MONTH(B21))+(DAY($B$13)-DAY(B21))/30.44,1) -> 10.6 | D21: =IF(C21>18,"YASAK",IF(C21>12,"UYARI","OK")) -> OK | E21: Kullanılmadı (×0,50 katsayı teyitsiz)
A22: CNC (250204) | B22: 45692 | C22: =ROUND((YEAR($B$13)-YEAR(B22))*12+(MONTH($B$13)-MONTH(B22))+(DAY($B$13)-DAY(B22))/30.44,1) -> 18.5 | D22: =IF(C22>18,"YASAK",IF(C22>12,"UYARI","OK")) -> YASAK | E22: YASAK — 18 ay eşiği aşıldı, yenilenmeli
A23: EKF (22.02.2022) | B23: 44614 | C23: =ROUND((YEAR($B$13)-YEAR(B23))*12+(MONTH($B$13)-MONTH(B23))+(DAY($B$13)-DAY(B23))/30.44,1) -> 53.9 | D23: =IF(C23>18,"YASAK",IF(C23>12,"UYARI","OK")) -> YASAK | E23: Fiyatlama yasak — sadece artikül referansı
A24: Klemsan (Kasım 2022) | B24: 44866 | C24: =ROUND((YEAR($B$13)-YEAR(B24))*12+(MONTH($B$13)-MONTH(B24))+(DAY($B$13)-DAY(B24))/30.44,1) -> 45.6 | D24: =IF(C24>18,"YASAK",IF(C24>12,"UYARI","OK")) -> YASAK | E24: Fiyatlama yasak
A25: ONKA (Temmuz 2022) | B25: 44743 | C25: =ROUND((YEAR($B$13)-YEAR(B25))*12+(MONTH($B$13)-MONTH(B25))+(DAY($B$13)-DAY(B25))/30.44,1) -> 49.6 | D25: =IF(C25>18,"YASAK",IF(C25>12,"UYARI","OK")) -> YASAK | E25: Fiyatlama yasak
A26: Harmony kablo prays-listi | B26: TARİH YOK | E26: Tarih belirsiz — kablo fiyatlaması yapılmadı
A27: 4. İŞÇİLİK ZAMAN NORMLARI (dk/birim) — sarı hücreler düzenlenebilir
A28: Norm kalemi | B28: dk
A29: MCB 1P (otomat) | B29: 10
A30: MCB 3P (otomat) | B30: 18
A31: Diferansiyel 2P (RCBO) | B31: 14
A32: MCCB ≤250A (TMŞ) | B32: 60
A33: Perekidnoy rubilnik / переключатель 250A | B33: 60
A34: Rubilnik modüler (выкл. нагрузки) | B34: 45
A35: Sigorta yuvası (RT36 держатель) | B35: 20
A36: Sayaç + akım trafosu seti | B36: 90
A37: AVR cihazı | B37: 60
A38: Klemens (adet) | B38: 4
A39: Tarak bara (adet) | B39: 10
A40: Bakır bara (m) | B40: 45
... A43: Korpus hazırlığı — ayaklı (напольный) | B43: 90
A44: 5. İŞÇİLİK HESABI (1 pano için, dk)
A45: Norm kalemi | B45: Norm dk | C45: ВРУ-1 ad. | D45: ВРУ-2 ad. | E45: ЩС-1 ad. | F45: ЩС-2 ad. | G45: ВРУ-1 dk | H45: ВРУ-2 dk | I45: ЩС-1 dk | J45: ЩС-2 dk
A46: MCB 1P (otomat) | B46: 3 | C46: 0 | D46: 0 | E46: 10 | F46: 8 | G46: =$B46*C46 -> 0 | H46: =$B46*D46 -> 0 | I46: =$B46*E46 -> 30 | J46: =$B46*F46 -> 24
A47: MCB 3P (otomat) | B47: 5 | C47: 0 | D47: 0 | E47: 1 | F47: 2 | G47: =$B47*C47 -> 0 | H47: =$B47*D47 -> 0 | I47: =$B47*E47 -> 5 | J47: =$B47*F47 -> 10
A48: Diferansiyel 2P (RCBO) | B48: 7 | C48: 0 | D48: 0 | E48: 4 | F48: 2 | G48: =$B48*C48 -> 0 | H48: =$B48*D48 -> 0 | I48: =$B48*E48 -> 28 | J48: =$B48*F48 -> 14
A49: MCCB ≤250A (TMŞ) | B49: 30 | C49: 2 | D49: 0 | E49: 0 | F49: 0 | G49: =$B49*C49 -> 60 | H49: =$B49*D49 -> 0 | I49: =$B49*E49 -> 0 | J49: =$B49*F49 -> 0
A50: Perekidnoy rubilnik / переключатель 250A | B50: 30 | C50: 2 | D50: 0 | E50: 0 | F50: 0 | G50: =$B50*C50 -> 60 | H50: =$B50*D50 -> 0 | I50: =$B50*E50 -> 0 | J50: =$B50*F50 -> 0
A51: Rubilnik modüler (выкл. нагрузки) | B51: 5 | C51: 0 | D51: 0 | E51: 1 | F51: 1 | G51: =$B51*C51 -> 0 | H51: =$B51*D51 -> 0 | I51: =$B51*E51 -> 5 | J51: =$B51*F51 -> 5
A52: Sigorta yuvası (RT36 держатель) | B52: 10 | C52: 0 | D52: 24 | E52: 0 | F52: 0 | G52: =$B52*C52 -> 0 | H52: =$B52*D52 -> 240 | I52: =$B52*E52 -> 0 | J52: =$B52*F52 -> 0
A53: Sayaç + akım trafosu seti | B53: 40 | C53: 2 | D53: 0 | E53: 1 | F53: 1 | G53: =$B53*C53 -> 80 | H53: =$B53*D53 -> 0 | I53: =$B53*E53 -> 40 | J53: =$B53*F53 -> 40
A54: AVR cihazı | B54: 40 | C54: 1 | D54: 0 | E54: 0 | F54: 0 | G54: =$B54*C54 -> 40 | H54: =$B54*D54 -> 0 | I54: =$B54*E54 -> 0 | J54: =$B54*F54 -> 0
A55: Klemens (adet) | B55: =B38 -> 4 | C55: 40 | D55: 0 | E55: 25 | F55: 25 | G55: =$B55*C55 -> 160 | H55: =$B55*D55 -> 0 | I55: =$B55*E55 -> 100 | J55: =$B55*F55 -> 100
A56: Tarak bara (adet) | B56: 5 | C56: 0 | D56: 0 | E56: 2 | F56: 2 | G56: =$B56*C56 -> 0 | H56: =$B56*D56 -> 0 | I56: =$B56*E56 -> 10 | J56: =$B56*F56 -> 10
A57: Bakır bara (m) | B57: 10 | C57: 7 | D57: 8 | E57: 0 | F57: 0 | G57: =$B57*C57 -> 70 | H57: =$B57*D57 -> 80 | I57: =$B57*E57 -> 0 | J57: =$B57*F57 -> 0
A58: DIN ray + kablo kanalı (m) | B58: 2 | C58: 16 | D58: 10 | E58: 6 | F58: 6 | G58: =$B58*C58 -> 32 | H58: =$B58*D58 -> 20 | I58: =$B58*E58 -> 12 | J58: =$B58*F58 -> 12
A59: Korpus hazırlığı — orta (навесной) | B59: 5 | C59: 0 | D59: 0 | E59: 1 | F59: 1 | G59: =$B59*C59 -> 0 | H59: =$B59*D59 -> 0 | I59: =$B59*E59 -> 5 | J59: =$B59*F59 -> 5
A60: Korpus hazırlığı — ayaklı (напольный) | B60: 30 | C60: 1 | D60: 1 | E60: 0 | F60: 0 | G60: =$B60*C60 -> 30 | H60: =$B60*D60 -> 30 | I60: =$B60*E60 -> 0 | J60: =$B60*F60 -> 0
A61: Ara toplam (dk) | G61: =SUM(G46:G60) -> 532 | H61: =SUM(H46:H60) -> 370 | I61: =SUM(I46:I60) -> 235 | J61: =SUM(J46:J60) -> 220
A62: Toplam işçilik (dk) — çarpan dahil | B62: =B11 -> 1.15 | G62: =ROUND(G61*$B$11,0) -> 612 | H62: =ROUND(H61*$B$11,0) -> 426 | I62: =ROUND(I61*$B$11,0) -> 270 | J62: =ROUND(J61*$B$11,0) -> 253
A63: 6. NOTLAR / KONTROL EDİLECEK MADDELER
A64: Kod | B64: Açıklama
A65: K01 | B65: Proje: 03-24.2-ЭОМ, 9 katlı konut, Kızılorda. Заявка ТМЦ №36995 (13.08.2026) — her pano tipinden 15 adet.
A66: K02 | B66: Sayaçlar (ЦЭ 6850М — 2 ad./ВРУ-1, СЕ 301 S31 146 JAVZ — 1 ad./ЩС) 'Энергомера' ürünü. Elimizdeki hiçbir fiyat listesinde yok → BOM'da fiyat hücresi BOŞ. Fiyat girilmeden pano toplamı eksiktir.
A67: K03 | B67: АВР-101-100 (100А) otomatik yedek devreye alma cihazı fiyat listelerinde yok → fiyat hücresi BOŞ. CHINT alternatifi: NH40 serisi reverse rubilnik + АВР bloğu (art. 420123, 512 793 KZT liste) — çok pahalı, ayrıca teklif alınmalı.
A68: K04 | B68: ŞEMA/SPESİFİKASYON ÇELİŞKİSİ — ППНИ-35: Şema (lst.2) 8 sigorta sembolü gösteriyor (2×100А, 1×50А, 5×40А = 24 kartuş). Опросный лист (lst.6) ise 3×100А, 1×50А, 4×40А diyor. Спецификация şemayla uyumlu (6+3+15=24). ŞEMA ESAS ALINDI.
A69: K05 | B69: Л9 (ВРУ→ЩС-2, 5х70/5х25 mm²) hattı şemada koruma cihazı OLMADAN çiziliyor. ВРУ-2'de 8 sigorta pozisyonunun tamamı Л1-Л8'e ait. Л9 için ilave koruma gerekiyor mu — PROJECİYE SORULACAK.
A70: K06 | B70: Kablo kesiti çelişkisi: ВРУ şemasında Л9 = АВВГнг(А)-FRLS 5х70, ЩС-2 şemasında aynı hat 'от ВРУ-1 Л9 АВВГнг(А)-FRLS-5х25 мм²'. Kablo bu BOM kapsamında değil, yine de projeye bildirilmeli.
A71: K07 | B71: ВА88-33 Icu=35 kA. Seçilen CHINT NM1-250S Icu=25 kA. Binanın giriş kısa devre akımı 25 kA'nın altındaysa uygundur. 35 kA şart ise alternatif: NM8N-250S TM 3P 160А 50кА (art. 271172, liste 94 890) ve 125А (art. 271590, liste 67 739).
A72: K08 | B72: ППНИ-35 габ.1: CHINT'te габ.1 (RT36-1-250) eriyen kartuşları 100А'den başlıyor; 40А ve 50А yok. Bu iki değer için габ.0 (RT36-0-160) yuva+kartuş kullanıldı. Proje 'габ.1' diyorsa yuvaların tamamı RT36-1-250 olur, ancak 40/50А kartuş temin edilemez — PROJECİYE BİLDİRİLECEK.
A73: K09 | B73: ARK1 çıkışı şemada ВА47-100 1Р 16А. CHINT NXB-125 serisi 63А'den başlıyor → NXB-63 1P C16 kullanıldı (ЩС-2'de toplam 8 ad. 1P C16). Спецификация'da ЩС-2 için ВА47-100 zaten listelenmemiş.
A74: K10 | B74: ВН 32 3Р (40А/50А) yerine CHINT NXHB-125 3P 63А seçildi — rubilnik ana korumadan bir kademe üstte kuralı.
A75: K11 | B75: Korpus önceliği Kaztek. Kaztek listesinde 719-15015 'ВРУ 1-13 20 УХЛ4 (1700х800х450)' kalemi VAR ama FİYATI YOK (0). Bu yüzden fiyatlı Kaztek ayaklı korpus 719-15691 (1700x800x500+100mm baza IP31) kullanıldı. Tip panolar tercih edilirse EKT alternatifleri: ВРУ 1-13 20 УХЛ4 komple montajlı 290 000 KZT (art. 250800013), ВРУ-1-50 boş korpus 82 950 KZT (art. 250200159).
... A84: K20 | B84: Tüm fiyatlar KZT. F sütunu = liste fiyatı, G sütunu = F × marka katsayısı. İşçilik satırında I=dakika, G=KZT/dk, F=saat.
