Workbook

Sheet 01_BOM_DUZELTILDI
A1: № | B1: Pano | C1: Kategori | D1: Ürün Kodu | E1: Ürün İsmi / Açıklama | F1: Birim Fiyat | G1: Birim Net Fiyat2 | H1: Toplam Net (1 pano) | I1: Miktar | J1: Birim | K1: Marka/Tedarikçi | L1: Teknik Özellik | M1: Projedeki Korpus Ölçüsü | N1: Önerilen / Seçilen Korpus | O1: Kaynak | P1: Not | Q1: Tahmini modül | R1: Para | S1: İndirim %
A2: 1 | B2: ВРУ | C2: PANO | E2: ВРУ | G2: ='01_BOM_DUZELTILDI'!$F2 -> 0 | I2: 1 | J2: компл. | K2: TEKLED/TEKSAN | L2: ВРУ / индивидуального изготовления — IP30 / IP30 | M2: индивидуальное изготовление; глубина 450 мм по проекту | N2: ВРУ инд. изг.; глубина 450 мм; габариты уточнить при изготовлении | O2: PDF/Claude BOM | P2: Toplanmış pano satırı; iç malzemeler 1 pano içindir
A3: 2 | B3: ВРУ | C3: korpus | D3: 719-15075 | E3: Met.Korpus Pustoi 1800x800x450 10sm | F3: 165000 | G3: =0.6*F3 -> 99000 | H3: ='01_BOM_DUZELTILDI'!$G3*'01_BOM_DUZELTILDI'!$I3 -> 198000 | I3: 2 | J3: шт | K3: TEKSAN f | L3: индивидуальное изготовление; глубина 450 мм по проекту; IP30 | M3: индивидуальное изготовление; глубина 450 мм по проекту | N3: ВРУ инд. изг.; глубина 450 мм; габариты уточнить при изготовлении | O3: PDF + Claude BOM | P3: Birim düzeltildi: iç malzemede "компл." kullanılmadı | R3: KZT
A4: 3 | B4: ВРУ | C4: rubilnik | D4: 270100161_ | E4: Рубильник ВР-32-37 В71250-400А на 2 направления (+6камер) UNIT (1/6) | F4: 24000 | G4: ='01_BOM_DUZELTILDI'!$F4 -> 24000 | H4: ='01_BOM_DUZELTILDI'!$G4*'01_BOM_DUZELTILDI'!$I4 -> 48000 | I4: 2 | J4: шт | K4: PYS | L4: 3P, 400A | O4: CHINT muadil; fiyat kontrol | P4: Ввод 1 и Ввод 2; аналог вместо BP32И-37B71250; Fiyat IEK kaynaklı olabilir; CHINT fiyat listesi ile kontrol et | R4: KZT
A5: 4 | B5: ВРУ | C5: MCCB | D5: 131369 | E5: Авт. выкл. NXM-250S/3Р 250A 36кА (R) | F5: 36869 | G5: =0.6*F5 -> 22121.4 | H5: ='01_BOM_DUZELTILDI'!$G5*'01_BOM_DUZELTILDI'!$I5 -> 44242.8 | I5: 2 | J5: шт | K5: CHINT | L5: 3P, 250A | O5: CHINT muadil; fiyat kontrol | P5: Секции I+II; аналог вместо ВА88-35; Fiyat IEK kaynaklı olabilir; CHINT fiyat listesi ile kontrol et | R5: KZT
A6: 5 | B6: ВРУ | C6: MCCB | D6: 131364 | E6: Авт. выкл. NXM-160S/3Р 160A 36кА (R) | F6: 27169 | G6: =0.6*F6 -> 16301.4 | H6: ='01_BOM_DUZELTILDI'!$G6*'01_BOM_DUZELTILDI'!$I6 -> 48904.2 | I6: 3 | J6: шт | K6: CHINT | L6: 3P, 160A | O6: CHINT muadil; fiyat kontrol | P6: 4 шт распределение; аналог вместо ВА88-32; Fiyat IEK kaynaklı olabilir; CHINT fiyat listesi ile kontrol et | R6: KZT
A7: 6 | B7: ВРУ | C7: MCB | D7: 296708 | E7: Авт. выкл. NXB-63S 1P 6А 4.5kA х-ка C (R) | F7: 975 | G7: =0.6*F7 -> 585 | H7: ='01_BOM_DUZELTILDI'!$G7*'01_BOM_DUZELTILDI'!$I7 -> 1170 | I7: 2 | J7: шт | K7: CHINT | L7: 1P 6A | O7: CHINT muadil; fiyat kontrol | P7: Отходящие линии; аналог вместо ВА47-100-3Р25А; Fiyat IEK kaynaklı olabilir; CHINT fiyat listesi ile kontrol et | Q7: 30 | R7: KZT
A8: 6 | B8: ВРУ | C8: MCB | D8: 296829 | E8: Авт. выкл. NXB-63S 3P 25А 4.5kA х-ка C (R) | F8: 2429 | G8: =0.6*F8 -> 1457.4 | H8: ='01_BOM_DUZELTILDI'!$G8*'01_BOM_DUZELTILDI'!$I8 -> 8744.4 | I8: 6 | J8: шт | K8: CHINT | L8: 3P, C25A | O8: CHINT muadil; fiyat kontrol | P8: Отходящие линии; аналог вместо ВА47-100-3Р25А; Fiyat IEK kaynaklı olabilir; CHINT fiyat listesi ile kontrol et | Q8: 30 | R8: KZT
A9: 7 | B9: ВРУ | C9: RCBO | D9: 515381 | E9: Диф. авт. выкл. NXBLE-63YH 1P+N C16 30mA тип A, 6kA (R) | F9: 5104 | G9: =0.6*F9 -> 3062.4 | H9: ='01_BOM_DUZELTILDI'!$G9*'01_BOM_DUZELTILDI'!$I9 -> 3062.4 | I9: 1 | J9: шт | K9: CHINT | L9: 1P+N, C16A, 30mA, 30мА | O9: CHINT muadil; fiyat kontrol | P9: ЩАО сигнализация; аналог вместо АВДТ32М; Fiyat IEK kaynaklı olabilir; CHINT fiyat listesi ile kontrol et | Q9: 2 | R9: KZT
A10: 8 | B10: ВРУ | C10: MTR | D10: 270300182_ | E10: Трансформатор Т-0,66 250\5 (9) | F10: 6350 | G10: ='01_BOM_DUZELTILDI'!$F10 -> 6350 | H10: ='01_BOM_DUZELTILDI'!$G10*'01_BOM_DUZELTILDI'!$I10 -> 38100 | I10: 6 | J10: шт | K10: pys | L10: 5A | O10: PDF + Claude BOM | P10: 3 шт секция I + 3 шт секция II | R10: KZT
A11: 9 | B11: ВРУ | C11: WH | D11: LQ | E11: ДАЛА СА4У-Э720 R TX IP П RS1 Д W (3x220/380V 5-7,5A) | F11: 99000 | G11: ='01_BOM_DUZELTILDI'!$F11 -> 99000 | H11: ='01_BOM_DUZELTILDI'!$G11*'01_BOM_DUZELTILDI'!$I11 -> 198000 | I11: 2 | J11: шт | K11: SAIMAN | L11: 5A | O11: PDF + Claude BOM | P11: ПЛК учёт, 2 ввода | R11: KZT
A12: 20 | B12: ВРУ | C12: WH | D12: LP | E12: ДАЛА СА4-Э720 R TX IP P П RS1 Д W (3x220/380V 5-60A) | F12: 105000 | G12: ='01_BOM_DUZELTILDI'!$F12 -> 105000 | H12: ='01_BOM_DUZELTILDI'!$G12*'01_BOM_DUZELTILDI'!$I12 -> 315000 | I12: 3 | J12: шт | K12: SAIMAN | O12: PDF + Claude BOM | R12: KZT
A13: 6 | B13: ВРУ | C13: SPD | D13: 252578 | E13: Ограничитель имп. перенапр. NU6-IIG 4Р In=25kA Uc=440B Im=65kA (R) | F13: 33208 | G13: =0.6*F13 -> 19924.8 | H13: ='01_BOM_DUZELTILDI'!$G13*'01_BOM_DUZELTILDI'!$I13 -> 39849.6 | I13: 2 | J13: шт | K13: CHINT | O13: CHINT muadil; fiyat kontrol | P13: Отходящие линии; аналог вместо ВА47-100-3Р25А; Fiyat IEK kaynaklı olabilir; CHINT fiyat listesi ile kontrol et | Q13: 30 | R13: KZT
A14: 10 | B14: ВРУ | C14: bara | D14: 130200152_ | E14: Шина алюм АД31Т 3х30х4000 | F14: 675 | G14: ='01_BOM_DUZELTILDI'!$F14 -> 675 | H14: ='01_BOM_DUZELTILDI'!$G14*'01_BOM_DUZELTILDI'!$I14 -> 4050 | I14: 6 | J14: м | K14: pys | L14: 100A | O14: PDF + Claude BOM | P14: Секции I+II+общая PE | R14: KZT
A15: 12 | B15: ВРУ | C15: kablo kanalı | D15: KK-60x40 | E15: Кабельный канал 60×40мм | F15: 2530 | G15: ='01_BOM_DUZELTILDI'!$F15 -> 2530 | H15: ='01_BOM_DUZELTILDI'!$G15*'01_BOM_DUZELTILDI'!$I15 -> 15180 | I15: 6 | J15: м | K15: EKT | O15: PDF + Claude BOM | R15: KZT
A16: 13 | B16: ВРУ | C16: montaj malzeme | E16: Монтажный материал | F16: =OFFSET('01_BOM_DUZELTILDI'!$F16,1,2) -> 96000 | G16: ='01_BOM_DUZELTILDI'!$F16 -> 96000 | H16: ='01_BOM_DUZELTILDI'!$G16*'01_BOM_DUZELTILDI'!$I16 -> 96000 | I16: 1 | J16: шт | K16: pys | O16: PDF + Claude BOM | P16: Birim düzeltildi: iç malzemede "компл." kullanılmadı | R16: KZT
A17: 14 | B17: ВРУ | C17: montaj işçilik | E17: Монтажные работы ВРУ | F17: 16 | G17: 100 | H17: ='01_BOM_DUZELTILDI'!$G17*'01_BOM_DUZELTILDI'!$I17 -> 96000 | I17: =60*'01_BOM_DUZELTILDI'!$F17 -> 960 | J17: сағат | K17: Manual | O17: PDF + Claude BOM | P17: Birim düzeltildi: iç malzemede "компл." kullanılmadı | R17: KZT
A18: 15 | B18: ЩГП | C18: PANO | E18: ЩГП | G18: ='01_BOM_DUZELTILDI'!$F18 -> 0 | I18: 1 | J18: компл. | K18: TEKLED/TEKSAN | L18: ЩГП / ЩМП-6.6.1-0 600×600×150 — IP30 / IP30 | M18: 600×600×150 | N18: 600×600×150 | O18: PDF/Claude BOM | P18: Toplanmış pano satırı; iç malzemeler 1 pano içindir
A19: 16 | B19: ЩГП | C19: korpus | D19: 719-15075 | E19: Met.Korpus Pustoi 1800x800x450 10sm | F19: 165000 | G19: =0.6*F19 -> 99000 | H19: ='01_BOM_DUZELTILDI'!$G19*'01_BOM_DUZELTILDI'!$I19 -> 99000 | I19: 1 | J19: шт | K19: TEKSAN f | L19: 600×600×150; IP30 | M19: 600×600×150 | N19: 600×600×150 | O19: PDF + Claude BOM | R19: KZT
A20: 17 | B20: ЩГП | C20: ATS | D20: 256780 | E20: Устройство автоматического ввода резерва NXZM-125S/3B 125A (R) | F20: 204604 | G20: =0.6*F20 -> 122762.4 | H20: ='01_BOM_DUZELTILDI'!$G20*'01_BOM_DUZELTILDI'!$I20 -> 122762.4 | I20: 1 | J20: шт | K20: CHINT | L20: 3P, C125A 10kA, MCCB YAZDIM | O20: CHINT muadil; fiyat kontrol | P20: Главный ввод ЩГП; аналог вместо ВА47-100-3Р125А; Fiyat IEK kaynaklı olabilir; CHINT fiyat listesi ile kontrol et | Q20: 3 | R20: KZT
A21: 17 | B21: ЩГП | C21: mccb | D21: 131363 | E21: Авт. выкл. NXM-125S/3Р 125A 25кА (R) | F21: 19760 | G21: =0.6*F21 -> 11856 | H21: ='01_BOM_DUZELTILDI'!$G21*'01_BOM_DUZELTILDI'!$I21 -> 11856 | I21: 1 | J21: шт | K21: CHINT | L21: 3P, C125A 10kA, MCCB YAZDIM | O21: CHINT muadil; fiyat kontrol | P21: Главный ввод ЩГП; аналог вместо ВА47-100-3Р125А; Fiyat IEK kaynaklı olabilir; CHINT fiyat listesi ile kontrol et | Q21: 3 | R21: KZT
A22: 19 | B22: ЩГП | C22: MTR | D22: 270300100_ | E22: Трансформатор тока ТТИ-А 150/5А 5ВА класс 0,5 IEK | F22: 6350 | G22: ='01_BOM_DUZELTILDI'!$F22 -> 6350 | H22: ='01_BOM_DUZELTILDI'!$G22*'01_BOM_DUZELTILDI'!$I22 -> 19050 | I22: 3 | J22: шт | K22: pys | L22: 5A | O22: PDF + Claude BOM | R22: KZT
A23: 9 | B23: ЩГП | C23: WH | D23: LQ | E23: ДАЛА СА4У-Э720 R TX IP П RS1 Д W (3x220/380V 5-7,5A) | F23: 99000 | G23: ='01_BOM_DUZELTILDI'!$F23 -> 99000 | H23: ='01_BOM_DUZELTILDI'!$G23*'01_BOM_DUZELTILDI'!$I23 -> 99000 | I23: 1 | J23: шт | K23: SAIMAN | L23: 5A | O23: PDF + Claude BOM | P23: ПЛК учёт, 2 ввода | R23: KZT
A24: 20 | B24: ЩГП | C24: WH | D24: LP | E24: ДАЛА СА4-Э720 R TX IP P П RS1 Д W (3x220/380V 5-60A) | F24: 105000 | G24: ='01_BOM_DUZELTILDI'!$F24 -> 105000 | H24: ='01_BOM_DUZELTILDI'!$G24*'01_BOM_DUZELTILDI'!$I24 -> 210000 | I24: 2 | J24: шт | K24: SAIMAN | O24: PDF + Claude BOM | R24: KZT
A25: 21 | B25: ЩГП | C25: MCB | D25: 296830 | E25: Авт. выкл. NXB-63S 3P 32А 4.5kA х-ка C (R) | F25: 2606 | G25: =0.6*F25 -> 1563.6 | H25: ='01_BOM_DUZELTILDI'!$G25*'01_BOM_DUZELTILDI'!$I25 -> 6254.4 | I25: 4 | J25: шт | K25: CHINT | L25: 3P, C32A 1 tanesi 3*40 oldu | O25: CHINT muadil; fiyat kontrol | P25: Отходящие гл.линии; аналог вместо ВА47-29-3Р32А; Fiyat IEK kaynaklı olabilir; CHINT fiyat listesi ile kontrol et | Q25: 15 | R25: KZT
A26: 22 | B26: ЩГП | C26: MCB | D26: 296829 | E26: Авт. выкл. NXB-63S 3P 25А 4.5kA х-ка C (R) | F26: 2429 | G26: =0.6*F26 -> 1457.4 | H26: ='01_BOM_DUZELTILDI'!$G26*'01_BOM_DUZELTILDI'!$I26 -> 1457.4 | I26: 1 | J26: шт | K26: CHINT | L26: 3P, C25A | O26: CHINT muadil; fiyat kontrol | P26: аналог вместо ВА47-29-3Р25А; Fiyat IEK kaynaklı olabilir; CHINT fiyat listesi ile kontrol et | Q26: 3 | R26: KZT
A27: 25 | B27: ЩГП | C27: MCB | D27: 296831 | E27: Авт. выкл. NXB-63S 3P 40А 4.5kA х-ка C (R) | F27: 2807 | G27: =0.6*F27 -> 1684.2 | H27: ='01_BOM_DUZELTILDI'!$G27*'01_BOM_DUZELTILDI'!$I27 -> 1684.2 | I27: 1 | J27: шт | K27: CHINT | L27: 3P, C40A 1. etaptan eklenen | O27: CHINT muadil; fiyat kontrol | P27: аналог вместо ВА47-29-1Р10А; Fiyat IEK kaynaklı olabilir; CHINT fiyat listesi ile kontrol et | Q27: 1 | R27: KZT
A28: 25 | B28: ЩГП | C28: MCB | D28: 296788 | E28: Авт. выкл. NXB-63S 2P 16А 4.5kA х-ка C (R) | F28: 1589 | G28: =0.6*F28 -> 953.4 | H28: ='01_BOM_DUZELTILDI'!$G28*'01_BOM_DUZELTILDI'!$I28 -> 953.4 | I28: 1 | J28: шт | K28: CHINT | L28: 2P, C16A 1. . etaptan eklenen | O28: CHINT muadil; fiyat kontrol | P28: аналог вместо ВА47-29-1Р10А; Fiyat IEK kaynaklı olabilir; CHINT fiyat listesi ile kontrol et | Q28: 1 | R28: KZT
A29: 23 | B29: ЩГП | C29: MCB | D29: 296827 | E29: Авт. выкл. NXB-63S 3P 16А 4.5kA х-ка C (R) | F29: 2337 | G29: =0.6*F29 -> 1402.2 | H29: ='01_BOM_DUZELTILDI'!$G29*'01_BOM_DUZELTILDI'!$I29 -> 4206.6 | I29: 3 | J29: шт | K29: CHINT | L29: 3P, C16A | O29: CHINT muadil; fiyat kontrol | P29: аналог вместо ВА47-29-3Р16А; Fiyat IEK kaynaklı olabilir; CHINT fiyat listesi ile kontrol et | Q29: 9 | R29: KZT
A30: 24 | B30: ЩГП | C30: MCB | D30: 296710 | E30: Авт. выкл. NXB-63S 1P 16А 4.5kA х-ка C (R) | F30: 783 | G30: =0.6*F30 -> 469.8 | H30: ='01_BOM_DUZELTILDI'!$G30*'01_BOM_DUZELTILDI'!$I30 -> 939.6 | I30: 2 | J30: шт | K30: CHINT | L30: 1P, C16A | O30: CHINT muadil; fiyat kontrol | P30: аналог вместо ВА47-29-1Р16А; Fiyat IEK kaynaklı olabilir; CHINT fiyat listesi ile kontrol et | Q30: 2 | R30: KZT
A31: 25 | B31: ЩГП | C31: MCB | D31: 296696 | E31: Авт. выкл. NXB-63S 1P 10А 4.5kA х-ка B (R) | F31: 897 | G31: =0.6*F31 -> 538.2 | H31: ='01_BOM_DUZELTILDI'!$G31*'01_BOM_DUZELTILDI'!$I31 -> 538.2 | I31: 1 | J31: шт | K31: CHINT | L31: 1P, C10A | O31: CHINT muadil; fiyat kontrol | P31: аналог вместо ВА47-29-1Р10А; Fiyat IEK kaynaklı olabilir; CHINT fiyat listesi ile kontrol et | Q31: 1 | R31: KZT
A32: 28 | B32: ЩГП | C32: kablo kanalı | D32: KK-40x40 | E32: Кабельный канал 40×40 | F32: 2200 | G32: ='01_BOM_DUZELTILDI'!$F32 -> 2200 | H32: ='01_BOM_DUZELTILDI'!$G32*'01_BOM_DUZELTILDI'!$I32 -> 6600 | I32: 3 | J32: м | K32: EKT | O32: PDF + Claude BOM | R32: KZT
A33: 29 | B33: ЩГП | C33: montaj malzeme | E33: Монтажный материал | F33: =OFFSET('01_BOM_DUZELTILDI'!$F33,1,2) -> 78000 | G33: ='01_BOM_DUZELTILDI'!$F33 -> 78000 | H33: ='01_BOM_DUZELTILDI'!$G33*'01_BOM_DUZELTILDI'!$I33 -> 78000 | I33: 1 | J33: шт | K33: pys | O33: PDF + Claude BOM | P33: Birim düzeltildi: iç malzemede "компл." kullanılmadı | R33: KZT
A34: 30 | B34: ЩГП | C34: montaj işçilik | E34: Монтажные работы | F34: 13 | G34: 100 | H34: ='01_BOM_DUZELTILDI'!$G34*'01_BOM_DUZELTILDI'!$I34 -> 78000 | I34: =60*'01_BOM_DUZELTILDI'!$F34 -> 780 | J34: сағат | K34: Manual | O34: PDF + Claude BOM | R34: KZT
A35: 31 | B35: ЩРоб | C35: PANO | E35: ЩРоб | G35: ='01_BOM_DUZELTILDI'!$F35 -> 0 | I35: 1 | J35: компл. | K35: TEKLED/TEKSAN | L35: ЩРоб / навесной — IP54 / IP54 | M35: 400×300×150 | N35: 400×300×150 | O35: PDF/Claude BOM | P35: Toplanmış pano satırı; iç malzemeler 1 pano içindir
A36: 32 | B36: ЩРоб | C36: korpus | D36: 714-15128 | E36: Щит мет. ЩРн-1-1 PR (395x310x150) IP31 (TS) | F36: 13500 | G36: =0.6*F36 -> 8100 | H36: ='01_BOM_DUZELTILDI'!$G36*'01_BOM_DUZELTILDI'!$I36 -> 8100 | I36: 1 | J36: шт | K36: TEKSAN f | L36: 400×300×150; IP54 | M36: 400×300×150 | N36: 400×300×150 | O36: PDF + Claude BOM | R36: KZT
A37: 33 | B37: ЩРоб | C37: MCB | D37: 296831 | E37: Авт. выкл. NXB-63S 3P 40А 4.5kA х-ка C (R) | F37: 2807 | G37: =0.6*F37 -> 1684.2 | H37: ='01_BOM_DUZELTILDI'!$G37*'01_BOM_DUZELTILDI'!$I37 -> 1684.2 | I37: 1 | J37: шт | K37: CHINT | L37: 3P, 40A | O37: CHINT muadil; fiyat kontrol | P37: Главный ввод; аналог вместо ВН-32-3Р40А; Fiyat IEK kaynaklı olabilir; CHINT fiyat listesi ile kontrol et | R37: KZT
A38: 36 | B38: ЩРоб | C38: RCBO | D38: 515381 | E38: Диф. авт. выкл. NXBLE-63YH 1P+N C16 30mA тип A, 6kA (R) | F38: 5104 | G38: =0.6*F38 -> 3062.4 | H38: ='01_BOM_DUZELTILDI'!$G38*'01_BOM_DUZELTILDI'!$I38 -> 18374.4 | I38: 6 | J38: шт | K38: CHINT | L38: 1P+N, C16A, 30mA, 30мА projede 5 adet | O38: CHINT muadil; fiyat kontrol | P38: Линии к обогреву ×5; аналог вместо АВДТ32; Fiyat IEK kaynaklı olabilir; CHINT fiyat listesi ile kontrol et | Q38: 10 | R38: KZT
A39: 37 | B39: ЩРоб | C39: contactor | D39: 256054 | E39: Контактор модульный NCH8-20/20 20A 2НО AC220/230В 50Гц (R) | F39: 6145 | G39: =0.6*F39 -> 3687 | H39: ='01_BOM_DUZELTILDI'!$G39*'01_BOM_DUZELTILDI'!$I39 -> 14748 | I39: 4 | J39: шт | K39: CHINT | L39: 20A projede 3 adet | O39: CHINT muadil; fiyat kontrol | P39: Управление нагревом; аналог вместо КМ20-11М-20A; Fiyat IEK kaynaklı olabilir; CHINT fiyat listesi ile kontrol et | Q39: 3 | R39: KZT
A40: 38 | B40: ЩРоб | C40: other | D40: 03-Б2-T1 | E40: Терморегулятор ECOTHERM-03-Б2-T1 | F40: 37000 | G40: ='01_BOM_DUZELTILDI'!$F40 -> 37000 | H40: ='01_BOM_DUZELTILDI'!$G40*'01_BOM_DUZELTILDI'!$I40 -> 37000 | I40: 1 | J40: шт | K40: DEVI | O40: PDF + Claude BOM | P40: Датчик температуры DEVisnow | R40: KZT
A41: 41 | B41: ЩРоб | C41: montaj malzeme | E41: Монтажный материал | F41: =OFFSET('01_BOM_DUZELTILDI'!$F41,1,2) -> 15000 | G41: ='01_BOM_DUZELTILDI'!$F41 -> 15000 | H41: ='01_BOM_DUZELTILDI'!$G41*'01_BOM_DUZELTILDI'!$I41 -> 15000 | I41: 1 | J41: шт | K41: pys | O41: PDF + Claude BOM | P41: Birim düzeltildi: iç malzemede "компл." kullanılmadı | R41: KZT
A42: 42 | B42: ЩРоб | C42: montaj işçilik | E42: Монтажные работы | F42: 2.5 | G42: 100 | H42: ='01_BOM_DUZELTILDI'!$G42*'01_BOM_DUZELTILDI'!$I42 -> 15000 | I42: =60*'01_BOM_DUZELTILDI'!$F42 -> 150 | J42: сағат | K42: Manual | O42: PDF + Claude BOM | R42: KZT
A43: 43 | B43: ЩР | C43: PANO | E43: ЩРк-1, ЩРк-2 | G43: ='01_BOM_DUZELTILDI'!$F43 -> 0 | I43: 2 | J43: компл. | K43: TEKLED/TEKSAN | L43: ЩР / навесной — IP54 / IP54 | M43: 300×400×150 | N43: 300×400×150 | O43: PDF/Claude BOM | P43: Toplanmış pano satırı; iç malzemeler 1 pano içindir
A44: 44 | B44: ЩР | C44: korpus | D44: 714-15125 | E44: Щит мет. ЩРн-2-1 PR (540x400x150) IP31 (TS) | F44: 18270 | G44: =0.6*F44 -> 10962 | H44: ='01_BOM_DUZELTILDI'!$G44*'01_BOM_DUZELTILDI'!$I44 -> 10962 | I44: 1 | J44: шт | K44: TEKSAN f | L44: 300×400×150; IP54 | M44: 300×400×150 | N44: 300×400×150 | O44: PDF + Claude BOM | R44: KZT
A45: 20 | B45: ЩР | C45: WH | D45: LP | E45: ДАЛА СА4-Э720 R TX IP P П RS1 Д W (3x220/380V 5-60A) | F45: 105000 | G45: ='01_BOM_DUZELTILDI'!$F45 -> 105000 | H45: ='01_BOM_DUZELTILDI'!$G45*'01_BOM_DUZELTILDI'!$I45 -> 105000 | I45: 1 | J45: шт | K45: SAIMAN | O45: PDF + Claude BOM | R45: KZT
A46: 45 | B46: ЩР | C46: MCB | D46: 296831 | E46: Авт. выкл. NXB-63S 3P 40А 4.5kA х-ка C (R) | F46: 2807 | G46: =0.6*F46 -> 1684.2 | H46: ='01_BOM_DUZELTILDI'!$G46*'01_BOM_DUZELTILDI'!$I46 -> 1684.2 | I46: 1 | J46: шт | K46: CHINT | L46: 3P, 40A | O46: CHINT muadil; fiyat kontrol | P46: Ввод QS; аналог вместо ВН-32-3Р40А; Fiyat IEK kaynaklı olabilir; CHINT fiyat listesi ile kontrol et | R46: KZT
A47: 46 | B47: ЩР | C47: MCB | D47: 296827 | E47: Авт. выкл. NXB-63S 3P 16А 4.5kA х-ка C (R) | F47: 2337 | G47: =0.6*F47 -> 1402.2 | H47: ='01_BOM_DUZELTILDI'!$G47*'01_BOM_DUZELTILDI'!$I47 -> 1402.2 | I47: 1 | J47: шт | K47: CHINT | L47: 3P, C16A | O47: CHINT muadil; fiyat kontrol | P47: аналог вместо ВА47-29-3Р16А; Fiyat IEK kaynaklı olabilir; CHINT fiyat listesi ile kontrol et | Q47: 6 | R47: KZT
A48: 48 | B48: ЩР | C48: MCB | D48: 296710 | E48: Авт. выкл. NXB-63S 1P 16А 4.5kA х-ка C (R) | F48: 783 | G48: =0.6*F48 -> 469.8 | H48: ='01_BOM_DUZELTILDI'!$G48*'01_BOM_DUZELTILDI'!$I48 -> 4228.2 | I48: 9 | J48: шт | K48: CHINT | L48: 1P, C16A | O48: CHINT muadil; fiyat kontrol | P48: аналог вместо ВА47-29-1Р16А; Fiyat IEK kaynaklı olabilir; CHINT fiyat listesi ile kontrol et | Q48: 2 | R48: KZT
A49: 51 | B49: ЩР | C49: montaj malzeme | E49: Монтажный материал | F49: =OFFSET('01_BOM_DUZELTILDI'!$F49,1,2) -> 10200 | G49: ='01_BOM_DUZELTILDI'!$F49 -> 10200 | H49: ='01_BOM_DUZELTILDI'!$G49*'01_BOM_DUZELTILDI'!$I49 -> 10200 | I49: 1 | J49: шт | K49: pys | O49: PDF + Claude BOM | P49: Birim düzeltildi: iç malzemede "компл." kullanılmadı | R49: KZT
A50: 52 | B50: ЩР | C50: montaj işçilik | E50: Монтажные работы | F50: 1.7 | G50: 100 | H50: ='01_BOM_DUZELTILDI'!$G50*'01_BOM_DUZELTILDI'!$I50 -> 10200 | I50: =60*'01_BOM_DUZELTILDI'!$F50 -> 102 | J50: сағат | K50: Manual | O50: PDF + Claude BOM | R50: KZT
A51: 53 | B51: ЩО | C51: PANO | E51: ЩО | G51: ='01_BOM_DUZELTILDI'!$F51 -> 0 | I51: 1 | J51: компл. | K51: TEKLED/TEKSAN | L51: ЩО / навесной — IP31 / IP31 | M51: 400×300×150 | N51: 400×300×150 | O51: PDF/Claude BOM | P51: Toplanmış pano satırı; iç malzemeler 1 pano içindir
A52: 54 | B52: ЩО | C52: korpus | D52: 714-15128 | E52: Щит мет. ЩРн-1-1 PR (395x310x150) IP31 (TS) | F52: 13500 | G52: =0.6*F52 -> 8100 | H52: ='01_BOM_DUZELTILDI'!$G52*'01_BOM_DUZELTILDI'!$I52 -> 8100 | I52: 1 | J52: шт | K52: TEKSAN f | L52: 400×300×150; IP31 | M52: 400×300×150 | N52: 400×300×150 | O52: PDF + Claude BOM | R52: KZT
A53: 55 | B53: ЩО | C53: MCB | D53: 296827 | E53: Авт. выкл. NXB-63S 3P 16А 4.5kA х-ка C (R) | F53: 2337 | G53: =0.6*F53 -> 1402.2 | H53: ='01_BOM_DUZELTILDI'!$G53*'01_BOM_DUZELTILDI'!$I53 -> 1402.2 | I53: 1 | J53: шт | K53: CHINT | L53: 3P, C16A | O53: CHINT muadil; fiyat kontrol | P53: Ввод 3P; аналог вместо ВА47-29-3Р16А; Fiyat IEK kaynaklı olabilir; CHINT fiyat listesi ile kontrol et | Q53: 3 | R53: KZT
A54: 56 | B54: ЩО | C54: MCB | D54: 296696 | E54: Авт. выкл. NXB-63S 1P 10А 4.5kA х-ка B (R) | F54: 897 | G54: =0.6*F54 -> 538.2 | H54: ='01_BOM_DUZELTILDI'!$G54*'01_BOM_DUZELTILDI'!$I54 -> 4305.6 | I54: 8 | J54: шт | K54: CHINT | L54: 1P, 1Р, B10A | O54: CHINT muadil; fiyat kontrol | P54: Выходы ×8; аналог вместо ВА47-29-1Р-В10А; Fiyat IEK kaynaklı olabilir; CHINT fiyat listesi ile kontrol et | Q54: 8 | R54: KZT
A55: 57 | B55: ЩО | C55: klemens | D55: X1-4 | E55: Клемма 4мм² | F55: 200 | G55: ='01_BOM_DUZELTILDI'!$F55 -> 200 | H55: ='01_BOM_DUZELTILDI'!$G55*'01_BOM_DUZELTILDI'!$I55 -> 4000 | I55: 20 | J55: шт | K55: Klemsan | O55: PDF + Claude BOM | R55: KZT
A56: 59 | B56: ЩО | C56: montaj malzeme | E56: Монтажный материал | F56: =OFFSET('01_BOM_DUZELTILDI'!$F56,1,2) -> 6000 | G56: ='01_BOM_DUZELTILDI'!$F56 -> 6000 | H56: ='01_BOM_DUZELTILDI'!$G56*'01_BOM_DUZELTILDI'!$I56 -> 6000 | I56: 1 | J56: шт | K56: pys | O56: PDF + Claude BOM | P56: Birim düzeltildi: iç malzemede "компл." kullanılmadı | R56: KZT
A57: 60 | B57: ЩО | C57: montaj işçilik | E57: Монтажные работы | F57: 1 | G57: 100 | H57: ='01_BOM_DUZELTILDI'!$G57*'01_BOM_DUZELTILDI'!$I57 -> 6000 | I57: =60*'01_BOM_DUZELTILDI'!$F57 -> 60 | J57: сағат | K57: Manual | O57: PDF + Claude BOM | R57: KZT
A58: 61 | B58: ЩАО | C58: PANO | E58: ЩАО | G58: ='01_BOM_DUZELTILDI'!$F58 -> 0 | I58: 1 | J58: компл. | K58: TEKLED/TEKSAN | L58: ЩАО / навесной — IP31 / IP31 | M58: 400×300×150 | N58: 400×300×150 | O58: PDF/Claude BOM | P58: Toplanmış pano satırı; iç malzemeler 1 pano içindir
A59: 62 | B59: ЩАО | C59: korpus | D59: 714-15128 | E59: Щит мет. ЩРн-1-1 PR (395x310x150) IP31 (TS) | F59: 13500 | G59: =0.6*F59 -> 8100 | H59: ='01_BOM_DUZELTILDI'!$G59*'01_BOM_DUZELTILDI'!$I59 -> 8100 | I59: 1 | J59: шт | K59: TEKSAN f | L59: 400×300×150; IP31 | M59: 400×300×150 | N59: 400×300×150 | O59: PDF + Claude BOM | R59: KZT
A60: 63 | B60: ЩАО | C60: MCB | D60: 296827 | E60: Авт. выкл. NXB-63S 3P 16А 4.5kA х-ка C (R) | F60: 2337 | G60: =0.6*F60 -> 1402.2 | H60: ='01_BOM_DUZELTILDI'!$G60*'01_BOM_DUZELTILDI'!$I60 -> 1402.2 | I60: 1 | J60: шт | K60: CHINT | L60: 3P, C16A | O60: CHINT muadil; fiyat kontrol | P60: Ввод 3P; аналог вместо ВА47-29-3Р16А; Fiyat IEK kaynaklı olabilir; CHINT fiyat listesi ile kontrol et | Q60: 3 | R60: KZT
A61: 64 | B61: ЩАО | C61: MCB | D61: 296696 | E61: Авт. выкл. NXB-63S 1P 10А 4.5kA х-ка B (R) | F61: 897 | G61: =0.6*F61 -> 538.2 | H61: ='01_BOM_DUZELTILDI'!$G61*'01_BOM_DUZELTILDI'!$I61 -> 5382 | I61: 10 | J61: шт | K61: CHINT | L61: 1P, 1Р, B10A | O61: CHINT muadil; fiyat kontrol | P61: Выходы ×10; аналог вместо ВА47-29-1Р-В10А; Fiyat IEK kaynaklı olabilir; CHINT fiyat listesi ile kontrol et | Q61: 10 | R61: KZT
A62: 65 | B62: ЩАО | C62: contactor | D62: 256054 | E62: Контактор модульный NCH8-20/20 20A 2НО AC220/230В 50Гц (R) | F62: 6145 | G62: =0.6*F62 -> 3687 | H62: ='01_BOM_DUZELTILDI'!$G62*'01_BOM_DUZELTILDI'!$I62 -> 3687 | I62: 1 | J62: шт | K62: CHINT | L62: 9A | O62: CHINT muadil; fiyat kontrol | P62: Дистанционное управление; аналог вместо КМИ-10910; Fiyat IEK kaynaklı olabilir; CHINT fiyat listesi ile kontrol et | Q62: 1 | R62: KZT
A63: 65 | B63: ЩАО | C63: fotorole | D63: D003173 | E63: FOTORELE DIN-1(FR)2-100LK 25A 3000W EKF PROXIMA | F63: 6500 | G63: ='01_BOM_DUZELTILDI'!$F63 -> 6500 | H63: ='01_BOM_DUZELTILDI'!$G63*'01_BOM_DUZELTILDI'!$I63 -> 6500 | I63: 1 | J63: шт | K63: ekf | L63: 9A | O63: CHINT muadil; fiyat kontrol | P63: Дистанционное управление; аналог вместо КМИ-10910; Fiyat IEK kaynaklı olabilir; CHINT fiyat listesi ile kontrol et | Q63: 1 | R63: KZT
A64: 66 | B64: ЩАО | C64: klemens | D64: X1-4 | E64: Клемма 4мм² | F64: 200 | G64: ='01_BOM_DUZELTILDI'!$F64 -> 200 | H64: ='01_BOM_DUZELTILDI'!$G64*'01_BOM_DUZELTILDI'!$I64 -> 4000 | I64: 20 | J64: шт | K64: Klemsan | O64: PDF + Claude BOM | R64: KZT
A65: 68 | B65: ЩАО | C65: montaj malzeme | E65: Монтажный материал | F65: =OFFSET('01_BOM_DUZELTILDI'!$F65,1,2) -> 9000 | G65: ='01_BOM_DUZELTILDI'!$F65 -> 9000 | H65: ='01_BOM_DUZELTILDI'!$G65*'01_BOM_DUZELTILDI'!$I65 -> 9000 | I65: 1 | J65: шт | K65: pys | O65: PDF + Claude BOM | P65: Birim düzeltildi: iç malzemede "компл." kullanılmadı | R65: KZT
A66: 69 | B66: ЩАО | C66: montaj işçilik | E66: Монтажные работы | F66: 1.5 | G66: 100 | H66: ='01_BOM_DUZELTILDI'!$G66*'01_BOM_DUZELTILDI'!$I66 -> 9000 | I66: =60*'01_BOM_DUZELTILDI'!$F66 -> 90 | J66: сағат | K66: Manual | O66: PDF + Claude BOM | R66: KZT
A67: 70 | B67: ЩЗ1 | C67: PANO | E67: ЩЗ1 | G67: ='01_BOM_DUZELTILDI'!$F67 -> 0 | I67: 1 | J67: компл. | K67: TEKLED/TEKSAN | L67: ЩЗ / индив.изготовления — IP20 / IP20 | M67: индивидуальное изготовление; размер уточнить | N67: KONTROL: подобрать по компоновке | O67: PDF/Claude BOM | P67: Toplanmış pano satırı; iç malzemeler 1 pano içindir
A68: 71 | B68: ЩЗ1 | C68: korpus | D68: ЩЗ1-ИЗГ | E68: Корпус этажный ЩЗ1 IP20 индивидуального изготовления | F68: 120000 | G68: =0.6*F68 -> 72000 | H68: ='01_BOM_DUZELTILDI'!$G68*'01_BOM_DUZELTILDI'!$I68 -> 72000 | I68: 1 | J68: шт | K68: TEKSAN f | L68: индивидуальное изготовление; размер уточнить; IP20 | M68: индивидуальное изготовление; размер уточнить | N68: KONTROL: подобрать по компоновке | O68: PDF + Claude BOM | R68: KZT
A69: 72 | B69: ЩЗ1 | C69: timer | D69: 310024 | E69: Таймер электронный NKG3 AC230В (R) | F69: 18847 | G69: =0.6*F69 -> 11308.2 | H69: ='01_BOM_DUZELTILDI'!$G69*'01_BOM_DUZELTILDI'!$I69 -> 11308.2 | I69: 1 | J69: шт | K69: CHINT | L69: 1P, C50A | O69: CHINT muadil; fiyat kontrol | P69: Вводы квартир 1÷6; аналог вместо ВА47-29-1Р50А; Fiyat IEK kaynaklı olabilir; CHINT fiyat listesi ile kontrol et | Q69: 6 | R69: KZT
A70: 72 | B70: ЩЗ1 | C70: rozetka | D70: 775001 | E70: Розетка AC30-111 с заземляющим контактом на DIN-рейку (R) | F70: 1738 | G70: =0.6*F70 -> 1042.8 | H70: ='01_BOM_DUZELTILDI'!$G70*'01_BOM_DUZELTILDI'!$I70 -> 1042.8 | I70: 1 | J70: шт | K70: CHINT | L70: 1P, C50A | O70: CHINT muadil; fiyat kontrol | P70: Вводы квартир 1÷6; аналог вместо ВА47-29-1Р50А; Fiyat IEK kaynaklı olabilir; CHINT fiyat listesi ile kontrol et | Q70: 6 | R70: KZT
A71: 72 | B71: ЩЗ1 | C71: MCB | D71: 296710 | E71: Авт. выкл. NXB-63S 1P 16А 4.5kA х-ка C (R) | F71: 783 | G71: =0.6*F71 -> 469.8 | H71: ='01_BOM_DUZELTILDI'!$G71*'01_BOM_DUZELTILDI'!$I71 -> 469.8 | I71: 1 | J71: шт | K71: CHINT | L71: 1P, C50A | O71: CHINT muadil; fiyat kontrol | P71: Вводы квартир 1÷6; аналог вместо ВА47-29-1Р50А; Fiyat IEK kaynaklı olabilir; CHINT fiyat listesi ile kontrol et | Q71: 6 | R71: KZT
A72: 72 | B72: ЩЗ1 | C72: MCB | D72: 296708 | E72: Авт. выкл. NXB-63S 1P 6А 4.5kA х-ка C (R) | F72: 975 | G72: =0.6*F72 -> 585 | H72: ='01_BOM_DUZELTILDI'!$G72*'01_BOM_DUZELTILDI'!$I72 -> 1755 | I72: 3 | J72: шт | K72: CHINT | L72: 1P, C50A | O72: CHINT muadil; fiyat kontrol | P72: Вводы квартир 1÷6; аналог вместо ВА47-29-1Р50А; Fiyat IEK kaynaklı olabilir; CHINT fiyat listesi ile kontrol et | Q72: 6 | R72: KZT
A73: 72 | B73: ЩЗ1 | C73: MCB | D73: 296715 | E73: Авт. выкл. NXB-63S 1P 50А 4.5kA х-ка C (R) | F73: 1030 | G73: =0.6*F73 -> 618 | H73: ='01_BOM_DUZELTILDI'!$G73*'01_BOM_DUZELTILDI'!$I73 -> 3708 | I73: 6 | J73: шт | K73: CHINT | L73: 1P, C50A | O73: CHINT muadil; fiyat kontrol | P73: Вводы квартир 1÷6; аналог вместо ВА47-29-1Р50А; Fiyat IEK kaynaklı olabilir; CHINT fiyat listesi ile kontrol et | Q73: 6 | R73: KZT
A74: 73 | B74: ЩЗ1 | C74: WH | D74: CU | E74: Орман TX P PLC IP П RS СО-Э711 (10-60А 220В) | F74: 42000 | G74: ='01_BOM_DUZELTILDI'!$F74 -> 42000 | H74: ='01_BOM_DUZELTILDI'!$G74*'01_BOM_DUZELTILDI'!$I74 -> 252000 | I74: 6 | J74: шт | K74: SAIMAN | L74: 60А | O74: PDF + Claude BOM | P74: Учёт 6 квартир | R74: KZT
A75: 74 | B75: ЩЗ1 | C75: RCBO | D75: 515414 | E75: Диф. авт. выкл. NXBLE-63YH 1P+N C50 300mA тип AC, 6kA (R) | F75: 6215 | G75: =0.6*F75 -> 3729 | H75: ='01_BOM_DUZELTILDI'!$G75*'01_BOM_DUZELTILDI'!$I75 -> 22374 | I75: 6 | J75: шт | K75: CHINT | L75: 2P, C50A, 300mA, 300мА | O75: CHINT muadil; fiyat kontrol | P75: Защита квартир 300мА; аналог вместо АВДТ32-2Р50А; Fiyat IEK kaynaklı olabilir; CHINT fiyat listesi ile kontrol et | Q75: 12 | R75: KZT
A76: 77 | B76: ЩЗ1 | C76: montaj malzeme | E76: Монтажный материал | F76: =OFFSET('01_BOM_DUZELTILDI'!$F76,1,2) -> 21000 | G76: ='01_BOM_DUZELTILDI'!$F76 -> 21000 | H76: ='01_BOM_DUZELTILDI'!$G76*'01_BOM_DUZELTILDI'!$I76 -> 21000 | I76: 1 | J76: шт | K76: pys | O76: PDF + Claude BOM | P76: Birim düzeltildi: iç malzemede "компл." kullanılmadı | R76: KZT
A77: 78 | B77: ЩЗ1 | C77: montaj işçilik | E77: Монтажные работы | F77: 3.5 | G77: 100 | H77: ='01_BOM_DUZELTILDI'!$G77*'01_BOM_DUZELTILDI'!$I77 -> 21000 | I77: =60*'01_BOM_DUZELTILDI'!$F77 -> 210 | J77: сағат | K77: Manual | O77: PDF + Claude BOM | R77: KZT
A78: 79 | B78: ЩЗ2-12 | C78: PANO | E78: ЩЗ2-12 | G78: ='01_BOM_DUZELTILDI'!$F78 -> 0 | I78: 11 | J78: компл. | K78: TEKLED/TEKSAN | L78: ЩЗ / индив.изготовления — IP20 / IP20 | M78: индивидуальное изготовление; размер уточнить | N78: KONTROL: подобрать по компоновке | O78: PDF/Claude BOM | P78: Toplanmış pano satırı; iç malzemeler 1 pano içindir
A79: 80 | B79: ЩЗ2-12 | C79: korpus | D79: ЩЗ-ИЗГ-8 | E79: Корпус этажный ЩЗ IP20 индивидуального изготовления | F79: 120000 | G79: =0.6*F79 -> 72000 | H79: ='01_BOM_DUZELTILDI'!$G79*'01_BOM_DUZELTILDI'!$I79 -> 72000 | I79: 1 | J79: шт | K79: TEKSAN f | L79: индивидуальное изготовление; размер уточнить; IP20 | M79: индивидуальное изготовление; размер уточнить | N79: KONTROL: подобрать по компоновке | O79: PDF + Claude BOM | P79: 11 этажных щитов ×8 квартир; Miktar 1 pano içindir; pano adedi üst satırda: 11 компл. | R79: KZT
A80: 72 | B80: ЩЗ1 | C80: timer | D80: 310024 | E80: Таймер электронный NKG3 AC230В (R) | F80: 18847 | G80: =0.6*F80 -> 11308.2 | H80: ='01_BOM_DUZELTILDI'!$G80*'01_BOM_DUZELTILDI'!$I80 -> 11308.2 | I80: 1 | J80: шт | K80: CHINT | L80: 1P, C50A | O80: CHINT muadil; fiyat kontrol | P80: Вводы квартир 1÷6; аналог вместо ВА47-29-1Р50А; Fiyat IEK kaynaklı olabilir; CHINT fiyat listesi ile kontrol et | Q80: 6 | R80: KZT
A81: 72 | B81: ЩЗ1 | C81: rozetka | D81: 775001 | E81: Розетка AC30-111 с заземляющим контактом на DIN-рейку (R) | F81: 1738 | G81: =0.6*F81 -> 1042.8 | H81: ='01_BOM_DUZELTILDI'!$G81*'01_BOM_DUZELTILDI'!$I81 -> 1042.8 | I81: 1 | J81: шт | K81: CHINT | L81: 1P, C50A | O81: CHINT muadil; fiyat kontrol | P81: Вводы квартир 1÷6; аналог вместо ВА47-29-1Р50А; Fiyat IEK kaynaklı olabilir; CHINT fiyat listesi ile kontrol et | Q81: 6 | R81: KZT
A82: 72 | B82: ЩЗ1 | C82: MCB | D82: 296710 | E82: Авт. выкл. NXB-63S 1P 16А 4.5kA х-ка C (R) | F82: 783 | G82: =0.6*F82 -> 469.8 | H82: ='01_BOM_DUZELTILDI'!$G82*'01_BOM_DUZELTILDI'!$I82 -> 469.8 | I82: 1 | J82: шт | K82: CHINT | L82: 1P, C50A | O82: CHINT muadil; fiyat kontrol | P82: Вводы квартир 1÷6; аналог вместо ВА47-29-1Р50А; Fiyat IEK kaynaklı olabilir; CHINT fiyat listesi ile kontrol et | Q82: 6 | R82: KZT
A83: 72 | B83: ЩЗ1 | C83: MCB | D83: 296708 | E83: Авт. выкл. NXB-63S 1P 6А 4.5kA х-ка C (R) | F83: 975 | G83: =0.6*F83 -> 585 | H83: ='01_BOM_DUZELTILDI'!$G83*'01_BOM_DUZELTILDI'!$I83 -> 1755 | I83: 3 | J83: шт | K83: CHINT | L83: 1P, C50A | O83: CHINT muadil; fiyat kontrol | P83: Вводы квартир 1÷6; аналог вместо ВА47-29-1Р50А; Fiyat IEK kaynaklı olabilir; CHINT fiyat listesi ile kontrol et | Q83: 6 | R83: KZT
A84: 81 | B84: ЩЗ2-12 | C84: MCB | D84: 296715 | E84: Авт. выкл. NXB-63S 1P 50А 4.5kA х-ка C (R) | F84: 1030 | G84: =0.6*F84 -> 618 | H84: ='01_BOM_DUZELTILDI'!$G84*'01_BOM_DUZELTILDI'!$I84 -> 4944 | I84: 8 | J84: шт | K84: CHINT | L84: 1P, C50A | O84: CHINT muadil; fiyat kontrol | P84: 8 вводов × 11 этажей; аналог вместо ВА47-29-1Р50А; Miktar 1 pano içindir; pano adedi üst satırda: 11 компл.; Fiyat IEK kaynaklı olabilir; CHINT fiyat listesi ile kontrol et | Q84: 8 | R84: KZT
A85: 82 | B85: ЩЗ2-12 | C85: WH | D85: CU | E85: Орман TX P PLC IP П RS СО-Э711 (10-60А 220В) | F85: 42000 | G85: ='01_BOM_DUZELTILDI'!$F85 -> 42000 | H85: ='01_BOM_DUZELTILDI'!$G85*'01_BOM_DUZELTILDI'!$I85 -> 336000 | I85: 8 | J85: шт | K85: SAIMAN | L85: 60А | O85: PDF + Claude BOM | P85: Учёт 88 квартир; Miktar 1 pano içindir; pano adedi üst satırda: 11 компл. | R85: KZT
A86: 83 | B86: ЩЗ2-12 | C86: RCBO | D86: 515414 | E86: Диф. авт. выкл. NXBLE-63YH 1P+N C50 300mA тип AC, 6kA (R) | F86: 6215 | G86: =0.6*F86 -> 3729 | H86: ='01_BOM_DUZELTILDI'!$G86*'01_BOM_DUZELTILDI'!$I86 -> 29832 | I86: 8 | J86: шт | K86: CHINT | L86: 2P, C50A, 300mA, 300мА | O86: CHINT muadil; fiyat kontrol | P86: Защита 88 квартир; аналог вместо АВДТ32-2Р50А; Miktar 1 pano içindir; pano adedi üst satırda: 11 компл.; Fiyat IEK kaynaklı olabilir; CHINT fiyat listesi ile kontrol et | Q86: 16 | R86: KZT
A87: 86 | B87: ЩЗ2-12 | C87: montaj malzeme | E87: Монтажный материал | F87: =OFFSET('01_BOM_DUZELTILDI'!$F87,1,2) -> 21000 | G87: ='01_BOM_DUZELTILDI'!$F87 -> 21000 | H87: ='01_BOM_DUZELTILDI'!$G87*'01_BOM_DUZELTILDI'!$I87 -> 21000 | I87: 1 | J87: шт | K87: pys | O87: PDF + Claude BOM | P87: Miktar 1 pano içindir; pano adedi üst satırda: 11 компл.; Birim düzeltildi: iç malzemede "компл." kullanılmadı | R87: KZT
A88: 87 | B88: ЩЗ2-12 | C88: montaj işçilik | E88: Монтажные работы | F88: 3.5 | G88: 100 | H88: ='01_BOM_DUZELTILDI'!$G88*'01_BOM_DUZELTILDI'!$I88 -> 21000 | I88: =60*'01_BOM_DUZELTILDI'!$F88 -> 210 | J88: сағат | K88: Manual | O88: PDF + Claude BOM | P88: 18 ч × 11 этажей; Miktar 1 pano içindir; pano adedi üst satırda: 11 компл. | R88: KZT
A89: 88 | B89: ЩК Тип A | C89: PANO | E89: ЩК Тип A | G89: ='01_BOM_DUZELTILDI'!$F89 -> 0 | I89: 36 | J89: компл. | K89: TEKLED/TEKSAN | L89: ЩК / навесной — IP20 / IP20 | M89: 24 мод. | N89: 24 мод. | O89: PDF/Claude BOM | P89: Toplanmış pano satırı; iç malzemeler 1 pano içindir
A90: 89 | B90: ЩК Тип A | C90: korpus | D90: 711-03012 | E90: DX10-A24SWB V10 Щит пластиковый c/у Х24 (крышка прозрачная) NEXUS (TEKLED ELECTR) | F90: 11400 | G90: =0.6*F90 -> 6840 | H90: ='01_BOM_DUZELTILDI'!$G90*'01_BOM_DUZELTILDI'!$I90 -> 6840 | I90: 1 | J90: шт | K90: TEKSAN f | L90: 24 мод.; IP20 | M90: 24 мод. | N90: 24 мод. | O90: PDF + Claude BOM | P90: Miktar 1 pano içindir; pano adedi üst satırda: 36 компл. | R90: KZT
A91: 90 | B91: ЩК Тип A | C91: MCB | D91: 296716 | E91: Авт. выкл. NXB-63S 1P 63А 4.5kA х-ка C (R) | F91: 1045 | G91: =0.6*F91 -> 627 | H91: ='01_BOM_DUZELTILDI'!$G91*'01_BOM_DUZELTILDI'!$I91 -> 627 | I91: 1 | J91: шт | K91: CHINT | L91: 1P, 63A | O91: CHINT muadil; fiyat kontrol | P91: Вводной QS; аналог вместо ВА47-29-1Р63А; Miktar 1 pano içindir; pano adedi üst satırda: 36 компл.; Fiyat IEK kaynaklı olabilir; CHINT fiyat listesi ile kontrol et | R91: KZT
A92: 91 | B92: ЩК Тип A | C92: MCB | D92: 296696 | E92: Авт. выкл. NXB-63S 1P 10А 4.5kA х-ка B (R) | F92: 897 | G92: =0.6*F92 -> 538.2 | H92: ='01_BOM_DUZELTILDI'!$G92*'01_BOM_DUZELTILDI'!$I92 -> 538.2 | I92: 1 | J92: шт | K92: CHINT | L92: 1P, 1Р, B10A | O92: CHINT muadil; fiyat kontrol | P92: Освещение; аналог вместо ВА47-29-1Р-В10А; Miktar 1 pano içindir; pano adedi üst satırda: 36 компл.; Fiyat IEK kaynaklı olabilir; CHINT fiyat listesi ile kontrol et | Q92: 1 | R92: KZT
A93: 92 | B93: ЩК Тип A | C93: RCBO | D93: 515381 | E93: Диф. авт. выкл. NXBLE-63YH 1P+N C16 30mA тип A, 6kA (R) | F93: 5104 | G93: =0.6*F93 -> 3062.4 | H93: ='01_BOM_DUZELTILDI'!$G93*'01_BOM_DUZELTILDI'!$I93 -> 9187.2 | I93: 3 | J93: шт | K93: CHINT | L93: 2P, B16A, 30mA, 30мА | O93: CHINT muadil; fiyat kontrol | P93: Розетки 3×36=108 шт; аналог вместо АВДТ32-2Р16А; Miktar 1 pano içindir; pano adedi üst satırda: 36 компл.; Fiyat IEK kaynaklı olabilir; CHINT fiyat listesi ile kontrol et | Q93: 6 | R93: KZT
A94: 93 | B94: ЩК Тип A | C94: RCBO | D94: 515409 | E94: Диф. авт. выкл. NXBLE-63YH 1P+N C40 30mA тип A, 6kA (R) | F94: 5556 | G94: =0.6*F94 -> 3333.6 | H94: ='01_BOM_DUZELTILDI'!$G94*'01_BOM_DUZELTILDI'!$I94 -> 3333.6 | I94: 1 | J94: шт | K94: CHINT | L94: 2P, B40A, 30mA, 30мА | O94: CHINT muadil; fiyat kontrol | P94: Эл.плита 1×36=36 шт; аналог вместо АВДТ32-2Р40А; Miktar 1 pano içindir; pano adedi üst satırda: 36 компл.; Fiyat IEK kaynaklı olabilir; CHINT fiyat listesi ile kontrol et | Q94: 2 | R94: KZT
A95: 95 | B95: ЩК Тип A | C95: montaj malzeme | E95: Монтажный материал | F95: =OFFSET('01_BOM_DUZELTILDI'!$F95,1,2) -> 6000 | G95: ='01_BOM_DUZELTILDI'!$F95 -> 6000 | H95: ='01_BOM_DUZELTILDI'!$G95*'01_BOM_DUZELTILDI'!$I95 -> 6000 | I95: 1 | J95: шт | K95: pys | O95: PDF + Claude BOM | P95: Miktar 1 pano içindir; pano adedi üst satırda: 36 компл.; Birim düzeltildi: iç malzemede "компл." kullanılmadı | R95: KZT
A96: 96 | B96: ЩК Тип A | C96: montaj işçilik | E96: Монтажные работы | F96: 1 | G96: 100 | H96: ='01_BOM_DUZELTILDI'!$G96*'01_BOM_DUZELTILDI'!$I96 -> 6000 | I96: =60*'01_BOM_DUZELTILDI'!$F96 -> 60 | J96: сағат | K96: Manual | O96: PDF + Claude BOM | P96: 5 ч × 36 шт; Miktar 1 pano içindir; pano adedi üst satırda: 36 компл. | R96: KZT
A97: 97 | B97: ЩК Тип B | C97: PANO | E97: ЩК Тип B | G97: ='01_BOM_DUZELTILDI'!$F97 -> 0 | I97: 47 | J97: компл. | K97: TEKLED/TEKSAN | L97: ЩК / навесной — IP20 / IP20 | M97: 24 мод. | N97: 24 мод. | O97: PDF/Claude BOM | P97: Toplanmış pano satırı; iç malzemeler 1 pano içindir
A98: 98 | B98: ЩК Тип B | C98: korpus | D98: 711-03012 | E98: DX10-A24SWB V10 Щит пластиковый c/у Х24 (крышка прозрачная) NEXUS (TEKLED ELECTR) | F98: 11400 | G98: =0.6*F98 -> 6840 | H98: ='01_BOM_DUZELTILDI'!$G98*'01_BOM_DUZELTILDI'!$I98 -> 6840 | I98: 1 | J98: шт | K98: TEKSAN f | L98: 24 мод.; IP20 | M98: 24 мод. | N98: 24 мод. | O98: PDF + Claude BOM | P98: Miktar 1 pano içindir; pano adedi üst satırda: 47 компл. | R98: KZT
A99: 99 | B99: ЩК Тип B | C99: MCB | D99: 296716 | E99: Авт. выкл. NXB-63S 1P 63А 4.5kA х-ка C (R) | F99: 1045 | G99: =0.6*F99 -> 627 | H99: ='01_BOM_DUZELTILDI'!$G99*'01_BOM_DUZELTILDI'!$I99 -> 627 | I99: 1 | J99: шт | K99: CHINT | L99: 1P, 63A | O99: CHINT muadil; fiyat kontrol | P99: аналог вместо ВА47-29-1Р63А; Miktar 1 pano içindir; pano adedi üst satırda: 47 компл.; Fiyat IEK kaynaklı olabilir; CHINT fiyat listesi ile kontrol et | R99: KZT
A100: 100 | B100: ЩК Тип B | C100: MCB | D100: 296696 | E100: Авт. выкл. NXB-63S 1P 10А 4.5kA х-ка B (R) | F100: 897 | G100: =0.6*F100 -> 538.2 | H100: ='01_BOM_DUZELTILDI'!$G100*'01_BOM_DUZELTILDI'!$I100 -> 538.2 | I100: 1 | J100: шт | K100: CHINT | L100: 1P, 1Р, B10A | O100: CHINT muadil; fiyat kontrol | P100: аналог вместо ВА47-29-1Р-В10А; Miktar 1 pano içindir; pano adedi üst satırda: 47 компл.; Fiyat IEK kaynaklı olabilir; CHINT fiyat listesi ile kontrol et | Q100: 1 | R100: KZT
...

Sheet Sayfa1
A1: № | B1: Щит | C1: Категория | D1: Код товара | E1: Наименование / Описание | F1: Цена за единицу | G1: Чистая цена за единицу | H1: Итого чистая цена (1 щит) | I1: Количество | J1: Ед. изм. | K1: Марка / Поставщик | L1: malzeme
A2: 1 | B2: ВРУ | C2: PANO | E2: ВРУ | J2: компл. | K2: TEKLED electric
A3: 2 | B3: ВРУ | C3: korpus | D3: 719-15075 | E3: Met.Korpus Pustoi 1800x800x450 10sm | F3: 165000 | G3: =0.6*F3 -> 99000 | H3: ='01_BOM_DUZELTILDI'!$G3*'01_BOM_DUZELTILDI'!$I3 -> 198000 | I3: 2 | J3: шт | K3: TEKSAN f | L3: 198000
A4: 3 | B4: ВРУ | C4: rubilnik | D4: 270100161_ | E4: Рубильник ВР-32-37 В71250-400А на 2 направления (+6камер) UNIT (1/6) | F4: 24000 | G4: ='01_BOM_DUZELTILDI'!$F4 -> 24000 | H4: ='01_BOM_DUZELTILDI'!$G4*'01_BOM_DUZELTILDI'!$I4 -> 48000 | I4: 2 | J4: шт | K4: PYS | L4: 48000
A5: 4 | B5: ВРУ | C5: MCCB | D5: 131369 | E5: Авт. выкл. NXM-250S/3Р 250A 36кА (R) | F5: 36869 | G5: =0.6*F5 -> 22121.4 | H5: ='01_BOM_DUZELTILDI'!$G5*'01_BOM_DUZELTILDI'!$I5 -> 44242.8 | I5: 2 | J5: шт | K5: CHINT | L5: 44242.8
A6: 5 | B6: ВРУ | C6: MCCB | D6: 131364 | E6: Авт. выкл. NXM-160S/3Р 160A 36кА (R) | F6: 27169 | G6: =0.6*F6 -> 16301.4 | H6: ='01_BOM_DUZELTILDI'!$G6*'01_BOM_DUZELTILDI'!$I6 -> 48904.2 | I6: 3 | J6: шт | K6: CHINT | L6: 48904.2
A7: 6 | B7: ВРУ | C7: MCB | D7: 296708 | E7: Авт. выкл. NXB-63S 1P 6А 4.5kA х-ка C (R) | F7: 975 | G7: =0.6*F7 -> 585 | H7: ='01_BOM_DUZELTILDI'!$G7*'01_BOM_DUZELTILDI'!$I7 -> 1170 | I7: 2 | J7: шт | K7: CHINT | L7: 1170
A8: 6 | B8: ВРУ | C8: MCB | D8: 296829 | E8: Авт. выкл. NXB-63S 3P 25А 4.5kA х-ка C (R) | F8: 2429 | G8: =0.6*F8 -> 1457.4 | H8: ='01_BOM_DUZELTILDI'!$G8*'01_BOM_DUZELTILDI'!$I8 -> 8744.4 | I8: 6 | J8: шт | K8: CHINT | L8: 8744.4
A9: 7 | B9: ВРУ | C9: RCBO | D9: 515381 | E9: Диф. авт. выкл. NXBLE-63YH 1P+N C16 30mA тип A, 6kA (R) | F9: 5104 | G9: =0.6*F9 -> 3062.4 | H9: ='01_BOM_DUZELTILDI'!$G9*'01_BOM_DUZELTILDI'!$I9 -> 3062.4 | I9: 1 | J9: шт | K9: CHINT | L9: 3062.4
A10: 8 | B10: ВРУ | C10: MTR | D10: 270300182_ | E10: Трансформатор Т-0,66 250\5 (9) | F10: 6350 | G10: ='01_BOM_DUZELTILDI'!$F10 -> 6350 | H10: ='01_BOM_DUZELTILDI'!$G10*'01_BOM_DUZELTILDI'!$I10 -> 38100 | I10: 6 | J10: шт | K10: pys | L10: 38100
A11: 9 | B11: ВРУ | C11: WH | D11: LQ | E11: ДАЛА СА4У-Э720 R TX IP П RS1 Д W (3x220/380V 5-7,5A) | F11: 99000 | G11: ='01_BOM_DUZELTILDI'!$F11 -> 99000 | H11: ='01_BOM_DUZELTILDI'!$G11*'01_BOM_DUZELTILDI'!$I11 -> 198000 | I11: 2 | J11: шт | K11: SAIMAN | L11: 198000
A12: 20 | B12: ВРУ | C12: WH | D12: LP | E12: ДАЛА СА4-Э720 R TX IP P П RS1 Д W (3x220/380V 5-60A) | F12: 105000 | G12: ='01_BOM_DUZELTILDI'!$F12 -> 105000 | H12: ='01_BOM_DUZELTILDI'!$G12*'01_BOM_DUZELTILDI'!$I12 -> 315000 | I12: 3 | J12: шт | K12: SAIMAN | L12: 315000
A13: 6 | B13: ВРУ | C13: SPD | D13: 252578 | E13: Ограничитель имп. перенапр. NU6-IIG 4Р In=25kA Uc=440B Im=65kA (R) | F13: 33208 | G13: =0.6*F13 -> 19924.8 | H13: ='01_BOM_DUZELTILDI'!$G13*'01_BOM_DUZELTILDI'!$I13 -> 39849.6 | I13: 2 | J13: шт | K13: CHINT | L13: 39849.6
A14: 10 | B14: ВРУ | C14: bara | D14: 130200152_ | E14: Шина алюм АД31Т 3х30х4000 | F14: 675 | G14: ='01_BOM_DUZELTILDI'!$F14 -> 675 | H14: ='01_BOM_DUZELTILDI'!$G14*'01_BOM_DUZELTILDI'!$I14 -> 4050 | I14: 6 | J14: м | K14: pys | L14: 4050
A15: 12 | B15: ВРУ | C15: kablo kanalı | D15: KK-60x40 | E15: Кабельный канал 60×40мм | F15: 2530 | G15: ='01_BOM_DUZELTILDI'!$F15 -> 2530 | H15: ='01_BOM_DUZELTILDI'!$G15*'01_BOM_DUZELTILDI'!$I15 -> 15180 | I15: 6 | J15: м | K15: EKT | L15: 15180
A16: 13 | B16: ВРУ | C16: montaj malzeme | E16: Монтажный материал | F16: =OFFSET('01_BOM_DUZELTILDI'!$F16,1,2) -> 96000 | G16: ='01_BOM_DUZELTILDI'!$F16 -> 96000 | H16: ='01_BOM_DUZELTILDI'!$G16*'01_BOM_DUZELTILDI'!$I16 -> 96000 | I16: 1 | J16: шт | K16: pys | L16: 96000
A17: 14 | B17: ВРУ | C17: montaj işçilik | E17: Монтажные работы | F17: 16 | G17: 100 | H17: ='01_BOM_DUZELTILDI'!$G17*'01_BOM_DUZELTILDI'!$I17 -> 96000 | I17: =60*'01_BOM_DUZELTILDI'!$F17 -> 960 | J17: сағат | K17: Manual | L17: 96000
B18: Toplam ВРУ | H18: =SUBTOTAL(9,H2:H17) -> 1154303.4 | L18: 1154303.4
A19: 15 | B19: ЩГП | C19: PANO | E19: ЩГП | J19: компл. | K19: TEKLED electric
A20: 16 | B20: ЩГП | C20: korpus | D20: 719-15075 | E20: Met.Korpus Pustoi 1800x800x450 10sm | F20: 165000 | G20: =0.6*F20 -> 99000 | H20: ='01_BOM_DUZELTILDI'!$G19*'01_BOM_DUZELTILDI'!$I19 -> 99000 | I20: 1 | J20: шт | K20: TEKSAN f | L20: 99000
A21: 17 | B21: ЩГП | C21: ATS | D21: 256780 | E21: Устройство автоматического ввода резерва NXZM-125S/3B 125A (R) | F21: 204604 | G21: =0.6*F21 -> 122762.4 | H21: ='01_BOM_DUZELTILDI'!$G20*'01_BOM_DUZELTILDI'!$I20 -> 122762.4 | I21: 1 | J21: шт | K21: CHINT | L21: 122762.4
A22: 17 | B22: ЩГП | C22: mccb | D22: 131363 | E22: Авт. выкл. NXM-125S/3Р 125A 25кА (R) | F22: 19760 | G22: =0.6*F22 -> 11856 | H22: ='01_BOM_DUZELTILDI'!$G21*'01_BOM_DUZELTILDI'!$I21 -> 11856 | I22: 1 | J22: шт | K22: CHINT | L22: 11856
A23: 19 | B23: ЩГП | C23: MTR | D23: 270300100_ | E23: Трансформатор тока ТТИ-А 150/5А 5ВА класс 0,5 IEK | F23: 6350 | G23: ='01_BOM_DUZELTILDI'!$F22 -> 6350 | H23: ='01_BOM_DUZELTILDI'!$G22*'01_BOM_DUZELTILDI'!$I22 -> 19050 | I23: 3 | J23: шт | K23: pys | L23: 19050
A24: 9 | B24: ЩГП | C24: WH | D24: LQ | E24: ДАЛА СА4У-Э720 R TX IP П RS1 Д W (3x220/380V 5-7,5A) | F24: 99000 | G24: ='01_BOM_DUZELTILDI'!$F23 -> 99000 | H24: ='01_BOM_DUZELTILDI'!$G23*'01_BOM_DUZELTILDI'!$I23 -> 99000 | I24: 1 | J24: шт | K24: SAIMAN | L24: 99000
A25: 20 | B25: ЩГП | C25: WH | D25: LP | E25: ДАЛА СА4-Э720 R TX IP P П RS1 Д W (3x220/380V 5-60A) | F25: 105000 | G25: ='01_BOM_DUZELTILDI'!$F24 -> 105000 | H25: ='01_BOM_DUZELTILDI'!$G24*'01_BOM_DUZELTILDI'!$I24 -> 210000 | I25: 2 | J25: шт | K25: SAIMAN | L25: 210000
A26: 21 | B26: ЩГП | C26: MCB | D26: 296830 | E26: Авт. выкл. NXB-63S 3P 32А 4.5kA х-ка C (R) | F26: 2606 | G26: =0.6*F26 -> 1563.6 | H26: ='01_BOM_DUZELTILDI'!$G25*'01_BOM_DUZELTILDI'!$I25 -> 6254.4 | I26: 4 | J26: шт | K26: CHINT | L26: 6254.4
A27: 22 | B27: ЩГП | C27: MCB | D27: 296829 | E27: Авт. выкл. NXB-63S 3P 25А 4.5kA х-ка C (R) | F27: 2429 | G27: =0.6*F27 -> 1457.4 | H27: ='01_BOM_DUZELTILDI'!$G26*'01_BOM_DUZELTILDI'!$I26 -> 1457.4 | I27: 1 | J27: шт | K27: CHINT | L27: 1457.4
A28: 25 | B28: ЩГП | C28: MCB | D28: 296831 | E28: Авт. выкл. NXB-63S 3P 40А 4.5kA х-ка C (R) | F28: 2807 | G28: =0.6*F28 -> 1684.2 | H28: ='01_BOM_DUZELTILDI'!$G27*'01_BOM_DUZELTILDI'!$I27 -> 1684.2 | I28: 1 | J28: шт | K28: CHINT | L28: 1684.2
A29: 25 | B29: ЩГП | C29: MCB | D29: 296788 | E29: Авт. выкл. NXB-63S 2P 16А 4.5kA х-ка C (R) | F29: 1589 | G29: =0.6*F29 -> 953.4 | H29: ='01_BOM_DUZELTILDI'!$G28*'01_BOM_DUZELTILDI'!$I28 -> 953.4 | I29: 1 | J29: шт | K29: CHINT | L29: 953.4
A30: 23 | B30: ЩГП | C30: MCB | D30: 296827 | E30: Авт. выкл. NXB-63S 3P 16А 4.5kA х-ка C (R) | F30: 2337 | G30: =0.6*F30 -> 1402.2 | H30: ='01_BOM_DUZELTILDI'!$G29*'01_BOM_DUZELTILDI'!$I29 -> 4206.6 | I30: 3 | J30: шт | K30: CHINT | L30: 4206.6
A31: 24 | B31: ЩГП | C31: MCB | D31: 296710 | E31: Авт. выкл. NXB-63S 1P 16А 4.5kA х-ка C (R) | F31: 783 | G31: =0.6*F31 -> 469.8 | H31: ='01_BOM_DUZELTILDI'!$G30*'01_BOM_DUZELTILDI'!$I30 -> 939.6 | I31: 2 | J31: шт | K31: CHINT | L31: 939.6
A32: 25 | B32: ЩГП | C32: MCB | D32: 296696 | E32: Авт. выкл. NXB-63S 1P 10А 4.5kA х-ка B (R) | F32: 897 | G32: =0.6*F32 -> 538.2 | H32: ='01_BOM_DUZELTILDI'!$G31*'01_BOM_DUZELTILDI'!$I31 -> 538.2 | I32: 1 | J32: шт | K32: CHINT | L32: 538.2
A33: 28 | B33: ЩГП | C33: kablo kanalı | D33: KK-40x40 | E33: Кабельный канал 40×40 | F33: 2200 | G33: ='01_BOM_DUZELTILDI'!$F32 -> 2200 | H33: ='01_BOM_DUZELTILDI'!$G32*'01_BOM_DUZELTILDI'!$I32 -> 6600 | I33: 3 | J33: м | K33: EKT | L33: 6600
A34: 29 | B34: ЩГП | C34: montaj malzeme | E34: Монтажный материал | F34: =OFFSET('01_BOM_DUZELTILDI'!$F33,1,2) -> 78000 | G34: ='01_BOM_DUZELTILDI'!$F33 -> 78000 | H34: ='01_BOM_DUZELTILDI'!$G33*'01_BOM_DUZELTILDI'!$I33 -> 78000 | I34: 1 | J34: шт | K34: pys | L34: 78000
A35: 30 | B35: ЩГП | C35: montaj işçilik | E35: Монтажные работы | F35: 13 | G35: 100 | H35: ='01_BOM_DUZELTILDI'!$G34*'01_BOM_DUZELTILDI'!$I34 -> 78000 | I35: =60*'01_BOM_DUZELTILDI'!$F34 -> 780 | J35: сағат | K35: Manual | L35: 78000
B36: Toplam ЩГП | H36: =SUBTOTAL(9,H19:H35) -> 740302.2 | L36: 740302.2
A37: 31 | B37: ЩРоб | C37: PANO | E37: ЩРоб | J37: компл. | K37: TEKLED electric
A38: 32 | B38: ЩРоб | C38: korpus | D38: 714-15128 | E38: Щит мет. ЩРн-1-1 PR (395x310x150) IP31 (TS) | F38: 13500 | G38: =0.6*F38 -> 8100 | H38: ='01_BOM_DUZELTILDI'!$G36*'01_BOM_DUZELTILDI'!$I36 -> 8100 | I38: 1 | J38: шт | K38: TEKSAN f | L38: 8100
A39: 33 | B39: ЩРоб | C39: MCB | D39: 296831 | E39: Авт. выкл. NXB-63S 3P 40А 4.5kA х-ка C (R) | F39: 2807 | G39: =0.6*F39 -> 1684.2 | H39: ='01_BOM_DUZELTILDI'!$G37*'01_BOM_DUZELTILDI'!$I37 -> 1684.2 | I39: 1 | J39: шт | K39: CHINT | L39: 1684.2
A40: 36 | B40: ЩРоб | C40: RCBO | D40: 515381 | E40: Диф. авт. выкл. NXBLE-63YH 1P+N C16 30mA тип A, 6kA (R) | F40: 5104 | G40: =0.6*F40 -> 3062.4 | H40: ='01_BOM_DUZELTILDI'!$G38*'01_BOM_DUZELTILDI'!$I38 -> 18374.4 | I40: 6 | J40: шт | K40: CHINT | L40: 18374.4
A41: 37 | B41: ЩРоб | C41: contactor | D41: 256054 | E41: Контактор модульный NCH8-20/20 20A 2НО AC220/230В 50Гц (R) | F41: 6145 | G41: =0.6*F41 -> 3687 | H41: ='01_BOM_DUZELTILDI'!$G39*'01_BOM_DUZELTILDI'!$I39 -> 14748 | I41: 4 | J41: шт | K41: CHINT | L41: 14748
A42: 38 | B42: ЩРоб | C42: other | D42: 03-Б2-T1 | E42: Терморегулятор ECOTHERM-03-Б2-T1 | F42: 37000 | G42: ='01_BOM_DUZELTILDI'!$F40 -> 37000 | H42: ='01_BOM_DUZELTILDI'!$G40*'01_BOM_DUZELTILDI'!$I40 -> 37000 | I42: 1 | J42: шт | K42: DEVI | L42: 37000
A43: 41 | B43: ЩРоб | C43: montaj malzeme | E43: Монтажный материал | F43: =OFFSET('01_BOM_DUZELTILDI'!$F41,1,2) -> 15000 | G43: ='01_BOM_DUZELTILDI'!$F41 -> 15000 | H43: ='01_BOM_DUZELTILDI'!$G41*'01_BOM_DUZELTILDI'!$I41 -> 15000 | I43: 1 | J43: шт | K43: pys | L43: 15000
A44: 42 | B44: ЩРоб | C44: montaj işçilik | E44: Монтажные работы | F44: 2.5 | G44: 100 | H44: ='01_BOM_DUZELTILDI'!$G42*'01_BOM_DUZELTILDI'!$I42 -> 15000 | I44: =60*'01_BOM_DUZELTILDI'!$F42 -> 150 | J44: сағат | K44: Manual | L44: 15000
B45: Toplam ЩРоб | H45: =SUBTOTAL(9,H37:H44) -> 109906.6 | L45: 109906.6
A46: 43 | B46: ЩР | C46: PANO | E46: ЩРк-1, ЩРк-2 | J46: компл. | K46: TEKLED electric
A47: 44 | B47: ЩР | C47: korpus | D47: 714-15125 | E47: Щит мет. ЩРн-2-1 PR (540x400x150) IP31 (TS) | F47: 18270 | G47: =0.6*F47 -> 10962 | H47: ='01_BOM_DUZELTILDI'!$G44*'01_BOM_DUZELTILDI'!$I44 -> 10962 | I47: 1 | J47: шт | K47: TEKSAN f | L47: 10962
A48: 20 | B48: ЩР | C48: WH | D48: LP | E48: ДАЛА СА4-Э720 R TX IP P П RS1 Д W (3x220/380V 5-60A) | F48: 105000 | G48: ='01_BOM_DUZELTILDI'!$F45 -> 105000 | H48: ='01_BOM_DUZELTILDI'!$G45*'01_BOM_DUZELTILDI'!$I45 -> 105000 | I48: 1 | J48: шт | K48: SAIMAN | L48: 105000
A49: 45 | B49: ЩР | C49: MCB | D49: 296831 | E49: Авт. выкл. NXB-63S 3P 40А 4.5kA х-ка C (R) | F49: 2807 | G49: =0.6*F49 -> 1684.2 | H49: ='01_BOM_DUZELTILDI'!$G46*'01_BOM_DUZELTILDI'!$I46 -> 1684.2 | I49: 1 | J49: шт | K49: CHINT | L49: 1684.2
A50: 46 | B50: ЩР | C50: MCB | D50: 296827 | E50: Авт. выкл. NXB-63S 3P 16А 4.5kA х-ка C (R) | F50: 2337 | G50: =0.6*F50 -> 1402.2 | H50: ='01_BOM_DUZELTILDI'!$G47*'01_BOM_DUZELTILDI'!$I47 -> 1402.2 | I50: 1 | J50: шт | K50: CHINT | L50: 1402.2
A51: 48 | B51: ЩР | C51: MCB | D51: 296710 | E51: Авт. выкл. NXB-63S 1P 16А 4.5kA х-ка C (R) | F51: 783 | G51: =0.6*F51 -> 469.8 | H51: ='01_BOM_DUZELTILDI'!$G48*'01_BOM_DUZELTILDI'!$I48 -> 4228.2 | I51: 9 | J51: шт | K51: CHINT | L51: 4228.2
A52: 51 | B52: ЩР | C52: montaj malzeme | E52: Монтажный материал | F52: =OFFSET('01_BOM_DUZELTILDI'!$F49,1,2) -> 10200 | G52: ='01_BOM_DUZELTILDI'!$F49 -> 10200 | H52: ='01_BOM_DUZELTILDI'!$G49*'01_BOM_DUZELTILDI'!$I49 -> 10200 | I52: 1 | J52: шт | K52: pys | L52: 10200
A53: 52 | B53: ЩР | C53: montaj işçilik | E53: Монтажные работы | F53: 1.7 | G53: 100 | H53: ='01_BOM_DUZELTILDI'!$G50*'01_BOM_DUZELTILDI'!$I50 -> 10200 | I53: =60*'01_BOM_DUZELTILDI'!$F50 -> 102 | J53: сағат | K53: Manual | L53: 10200
B54: Toplam ЩР | H54: =SUBTOTAL(9,H46:H53) -> 143676.6 | L54: 143676.6
A55: 53 | B55: ЩО | C55: PANO | E55: ЩО | J55: компл. | K55: TEKLED electric
A56: 54 | B56: ЩО | C56: korpus | D56: 714-15128 | E56: Щит мет. ЩРн-1-1 PR (395x310x150) IP31 (TS) | F56: 13500 | G56: =0.6*F56 -> 8100 | H56: ='01_BOM_DUZELTILDI'!$G52*'01_BOM_DUZELTILDI'!$I52 -> 8100 | I56: 1 | J56: шт | K56: TEKSAN f | L56: 8100
A57: 55 | B57: ЩО | C57: MCB | D57: 296827 | E57: Авт. выкл. NXB-63S 3P 16А 4.5kA х-ка C (R) | F57: 2337 | G57: =0.6*F57 -> 1402.2 | H57: ='01_BOM_DUZELTILDI'!$G53*'01_BOM_DUZELTILDI'!$I53 -> 1402.2 | I57: 1 | J57: шт | K57: CHINT | L57: 1402.2
A58: 56 | B58: ЩО | C58: MCB | D58: 296696 | E58: Авт. выкл. NXB-63S 1P 10А 4.5kA х-ка B (R) | F58: 897 | G58: =0.6*F58 -> 538.2 | H58: ='01_BOM_DUZELTILDI'!$G54*'01_BOM_DUZELTILDI'!$I54 -> 4305.6 | I58: 8 | J58: шт | K58: CHINT | L58: 4305.6
A59: 57 | B59: ЩО | C59: klemens | D59: X1-4 | E59: Клемма 4мм² | F59: 200 | G59: ='01_BOM_DUZELTILDI'!$F55 -> 200 | H59: ='01_BOM_DUZELTILDI'!$G55*'01_BOM_DUZELTILDI'!$I55 -> 4000 | I59: 20 | J59: шт | K59: Klemsan | L59: 4000
A60: 59 | B60: ЩО | C60: montaj malzeme | E60: Монтажный материал | F60: =OFFSET('01_BOM_DUZELTILDI'!$F56,1,2) -> 6000 | G60: ='01_BOM_DUZELTILDI'!$F56 -> 6000 | H60: ='01_BOM_DUZELTILDI'!$G56*'01_BOM_DUZELTILDI'!$I56 -> 6000 | I60: 1 | J60: шт | K60: pys | L60: 6000
A61: 60 | B61: ЩО | C61: montaj işçilik | E61: Монтажные работы | F61: 1 | G61: 100 | H61: ='01_BOM_DUZELTILDI'!$G57*'01_BOM_DUZELTILDI'!$I57 -> 6000 | I61: =60*'01_BOM_DUZELTILDI'!$F57 -> 60 | J61: сағат | K61: Manual | L61: 6000
B62: Toplam ЩО | H62: =SUBTOTAL(9,H55:H61) -> 29807.8 | L62: 29807.8
A63: 61 | B63: ЩАО | C63: PANO | E63: ЩАО | J63: компл. | K63: TEKLED electric
A64: 62 | B64: ЩАО | C64: korpus | D64: 714-15128 | E64: Щит мет. ЩРн-1-1 PR (395x310x150) IP31 (TS) | F64: 13500 | G64: =0.6*F64 -> 8100 | H64: ='01_BOM_DUZELTILDI'!$G59*'01_BOM_DUZELTILDI'!$I59 -> 8100 | I64: 1 | J64: шт | K64: TEKSAN f | L64: 8100
A65: 63 | B65: ЩАО | C65: MCB | D65: 296827 | E65: Авт. выкл. NXB-63S 3P 16А 4.5kA х-ка C (R) | F65: 2337 | G65: =0.6*F65 -> 1402.2 | H65: ='01_BOM_DUZELTILDI'!$G60*'01_BOM_DUZELTILDI'!$I60 -> 1402.2 | I65: 1 | J65: шт | K65: CHINT | L65: 1402.2
A66: 64 | B66: ЩАО | C66: MCB | D66: 296696 | E66: Авт. выкл. NXB-63S 1P 10А 4.5kA х-ка B (R) | F66: 897 | G66: =0.6*F66 -> 538.2 | H66: ='01_BOM_DUZELTILDI'!$G61*'01_BOM_DUZELTILDI'!$I61 -> 5382 | I66: 10 | J66: шт | K66: CHINT | L66: 5382
A67: 65 | B67: ЩАО | C67: contactor | D67: 256054 | E67: Контактор модульный NCH8-20/20 20A 2НО AC220/230В 50Гц (R) | F67: 6145 | G67: =0.6*F67 -> 3687 | H67: ='01_BOM_DUZELTILDI'!$G62*'01_BOM_DUZELTILDI'!$I62 -> 3687 | I67: 1 | J67: шт | K67: CHINT | L67: 3687
A68: 65 | B68: ЩАО | C68: fotorole | D68: D003173 | E68: FOTORELE DIN-1(FR)2-100LK 25A 3000W EKF PROXIMA | F68: 6500 | G68: ='01_BOM_DUZELTILDI'!$F63 -> 6500 | H68: ='01_BOM_DUZELTILDI'!$G63*'01_BOM_DUZELTILDI'!$I63 -> 6500 | I68: 1 | J68: шт | K68: ekf | L68: 6500
A69: 66 | B69: ЩАО | C69: klemens | D69: X1-4 | E69: Клемма 4мм² | F69: 200 | G69: ='01_BOM_DUZELTILDI'!$F64 -> 200 | H69: ='01_BOM_DUZELTILDI'!$G64*'01_BOM_DUZELTILDI'!$I64 -> 4000 | I69: 20 | J69: шт | K69: Klemsan | L69: 4000
A70: 68 | B70: ЩАО | C70: montaj malzeme | E70: Монтажный материал | F70: =OFFSET('01_BOM_DUZELTILDI'!$F65,1,2) -> 9000 | G70: ='01_BOM_DUZELTILDI'!$F65 -> 9000 | H70: ='01_BOM_DUZELTILDI'!$G65*'01_BOM_DUZELTILDI'!$I65 -> 9000 | I70: 1 | J70: шт | K70: pys | L70: 9000
A71: 69 | B71: ЩАО | C71: montaj işçilik | E71: Монтажные работы | F71: 1.5 | G71: 100 | H71: ='01_BOM_DUZELTILDI'!$G66*'01_BOM_DUZELTILDI'!$I66 -> 9000 | I71: =60*'01_BOM_DUZELTILDI'!$F66 -> 90 | J71: сағат | K71: Manual | L71: 9000
B72: Toplam ЩАО | H72: =SUBTOTAL(9,H63:H71) -> 47071.2 | L72: 47071.2
A73: 70 | B73: ЩЗ1 | C73: PANO | E73: ЩЗ1 | J73: компл. | K73: TEKLED electric
A74: 71 | B74: ЩЗ1 | C74: korpus | D74: ЩЗ1-ИЗГ | E74: Корпус этажный ЩЗ1 IP20 индивидуального изготовления | F74: 120000 | G74: =0.6*F74 -> 72000 | H74: ='01_BOM_DUZELTILDI'!$G68*'01_BOM_DUZELTILDI'!$I68 -> 72000 | I74: 1 | J74: шт | K74: TEKSAN f | L74: 72000
A75: 72 | B75: ЩЗ1 | C75: timer | D75: 310024 | E75: Таймер электронный NKG3 AC230В (R) | F75: 18847 | G75: =0.6*F75 -> 11308.2 | H75: ='01_BOM_DUZELTILDI'!$G69*'01_BOM_DUZELTILDI'!$I69 -> 11308.2 | I75: 1 | J75: шт | K75: CHINT | L75: 11308.2
A76: 72 | B76: ЩЗ1 | C76: rozetka | D76: 775001 | E76: Розетка AC30-111 с заземляющим контактом на DIN-рейку (R) | F76: 1738 | G76: =0.6*F76 -> 1042.8 | H76: ='01_BOM_DUZELTILDI'!$G70*'01_BOM_DUZELTILDI'!$I70 -> 1042.8 | I76: 1 | J76: шт | K76: CHINT | L76: 1042.8
A77: 72 | B77: ЩЗ1 | C77: MCB | D77: 296710 | E77: Авт. выкл. NXB-63S 1P 16А 4.5kA х-ка C (R) | F77: 783 | G77: =0.6*F77 -> 469.8 | H77: ='01_BOM_DUZELTILDI'!$G71*'01_BOM_DUZELTILDI'!$I71 -> 469.8 | I77: 1 | J77: шт | K77: CHINT | L77: 469.8
A78: 72 | B78: ЩЗ1 | C78: MCB | D78: 296708 | E78: Авт. выкл. NXB-63S 1P 6А 4.5kA х-ка C (R) | F78: 975 | G78: =0.6*F78 -> 585 | H78: ='01_BOM_DUZELTILDI'!$G72*'01_BOM_DUZELTILDI'!$I72 -> 1755 | I78: 3 | J78: шт | K78: CHINT | L78: 1755
A79: 72 | B79: ЩЗ1 | C79: MCB | D79: 296715 | E79: Авт. выкл. NXB-63S 1P 50А 4.5kA х-ка C (R) | F79: 1030 | G79: =0.6*F79 -> 618 | H79: ='01_BOM_DUZELTILDI'!$G73*'01_BOM_DUZELTILDI'!$I73 -> 3708 | I79: 6 | J79: шт | K79: CHINT | L79: 3708
A80: 73 | B80: ЩЗ1 | C80: WH | D80: CU | E80: Орман TX P PLC IP П RS СО-Э711 (10-60А 220В) | F80: 42000 | G80: ='01_BOM_DUZELTILDI'!$F74 -> 42000 | H80: ='01_BOM_DUZELTILDI'!$G74*'01_BOM_DUZELTILDI'!$I74 -> 252000 | I80: 6 | J80: шт | K80: SAIMAN | L80: 252000
A81: 74 | B81: ЩЗ1 | C81: RCBO | D81: 515414 | E81: Диф. авт. выкл. NXBLE-63YH 1P+N C50 300mA тип AC, 6kA (R) | F81: 6215 | G81: =0.6*F81 -> 3729 | H81: ='01_BOM_DUZELTILDI'!$G75*'01_BOM_DUZELTILDI'!$I75 -> 22374 | I81: 6 | J81: шт | K81: CHINT | L81: 22374
A82: 77 | B82: ЩЗ1 | C82: montaj malzeme | E82: Монтажный материал | F82: =OFFSET('01_BOM_DUZELTILDI'!$F76,1,2) -> 21000 | G82: ='01_BOM_DUZELTILDI'!$F76 -> 21000 | H82: ='01_BOM_DUZELTILDI'!$G76*'01_BOM_DUZELTILDI'!$I76 -> 21000 | I82: 1 | J82: шт | K82: pys | L82: 21000
A83: 78 | B83: ЩЗ1 | C83: montaj işçilik | E83: Монтажные работы | F83: 3.5 | G83: 100 | H83: ='01_BOM_DUZELTILDI'!$G77*'01_BOM_DUZELTILDI'!$I77 -> 21000 | I83: =60*'01_BOM_DUZELTILDI'!$F77 -> 210 | J83: сағат | K83: Manual | L83: 21000
B84: Toplam ЩЗ1 | H84: =SUBTOTAL(9,H73:H83) -> 406657.8 | L84: 406657.8
A85: 79 | B85: ЩЗ2-12 | C85: PANO | E85: ЩЗ2-12 | J85: компл. | K85: TEKLED electric
A86: 80 | B86: ЩЗ2-12 | C86: korpus | D86: ЩЗ-ИЗГ-8 | E86: Корпус этажный ЩЗ IP20 индивидуального изготовления | F86: 120000 | G86: =0.6*F86 -> 72000 | H86: ='01_BOM_DUZELTILDI'!$G79*'01_BOM_DUZELTILDI'!$I79 -> 72000 | I86: 1 | J86: шт | K86: TEKSAN f | L86: 72000
A87: 72 | B87: ЩЗ1 | C87: timer | D87: 310024 | E87: Таймер электронный NKG3 AC230В (R) | F87: 18847 | G87: =0.6*F87 -> 11308.2 | H87: ='01_BOM_DUZELTILDI'!$G80*'01_BOM_DUZELTILDI'!$I80 -> 11308.2 | I87: 1 | J87: шт | K87: CHINT | L87: 11308.2
A88: 72 | B88: ЩЗ1 | C88: rozetka | D88: 775001 | E88: Розетка AC30-111 с заземляющим контактом на DIN-рейку (R) | F88: 1738 | G88: =0.6*F88 -> 1042.8 | H88: ='01_BOM_DUZELTILDI'!$G81*'01_BOM_DUZELTILDI'!$I81 -> 1042.8 | I88: 1 | J88: шт | K88: CHINT | L88: 1042.8
A89: 72 | B89: ЩЗ1 | C89: MCB | D89: 296710 | E89: Авт. выкл. NXB-63S 1P 16А 4.5kA х-ка C (R) | F89: 783 | G89: =0.6*F89 -> 469.8 | H89: ='01_BOM_DUZELTILDI'!$G82*'01_BOM_DUZELTILDI'!$I82 -> 469.8 | I89: 1 | J89: шт | K89: CHINT | L89: 469.8
A90: 72 | B90: ЩЗ1 | C90: MCB | D90: 296708 | E90: Авт. выкл. NXB-63S 1P 6А 4.5kA х-ка C (R) | F90: 975 | G90: =0.6*F90 -> 585 | H90: ='01_BOM_DUZELTILDI'!$G83*'01_BOM_DUZELTILDI'!$I83 -> 1755 | I90: 3 | J90: шт | K90: CHINT | L90: 1755
A91: 81 | B91: ЩЗ2-12 | C91: MCB | D91: 296715 | E91: Авт. выкл. NXB-63S 1P 50А 4.5kA х-ка C (R) | F91: 1030 | G91: =0.6*F91 -> 618 | H91: ='01_BOM_DUZELTILDI'!$G84*'01_BOM_DUZELTILDI'!$I84 -> 4944 | I91: 8 | J91: шт | K91: CHINT | L91: 4944
A92: 82 | B92: ЩЗ2-12 | C92: WH | D92: CU | E92: Орман TX P PLC IP П RS СО-Э711 (10-60А 220В) | F92: 42000 | G92: ='01_BOM_DUZELTILDI'!$F85 -> 42000 | H92: ='01_BOM_DUZELTILDI'!$G85*'01_BOM_DUZELTILDI'!$I85 -> 336000 | I92: 8 | J92: шт | K92: SAIMAN | L92: 336000
A93: 83 | B93: ЩЗ2-12 | C93: RCBO | D93: 515414 | E93: Диф. авт. выкл. NXBLE-63YH 1P+N C50 300mA тип AC, 6kA (R) | F93: 6215 | G93: =0.6*F93 -> 3729 | H93: ='01_BOM_DUZELTILDI'!$G86*'01_BOM_DUZELTILDI'!$I86 -> 29832 | I93: 8 | J93: шт | K93: CHINT | L93: 29832
A94: 86 | B94: ЩЗ2-12 | C94: montaj malzeme | E94: Монтажный материал | F94: =OFFSET('01_BOM_DUZELTILDI'!$F87,1,2) -> 21000 | G94: ='01_BOM_DUZELTILDI'!$F87 -> 21000 | H94: ='01_BOM_DUZELTILDI'!$G87*'01_BOM_DUZELTILDI'!$I87 -> 21000 | I94: 1 | J94: шт | K94: pys | L94: 21000
A95: 87 | B95: ЩЗ2-12 | C95: montaj işçilik | E95: Монтажные работы | F95: 3.5 | G95: 100 | H95: ='01_BOM_DUZELTILDI'!$G88*'01_BOM_DUZELTILDI'!$I88 -> 21000 | I95: =60*'01_BOM_DUZELTILDI'!$F88 -> 210 | J95: сағат | K95: Manual | L95: 21000
B96: Toplam ЩЗ2-12 | H96: =SUM(H86:H95) -> 499351.8 | L96: 499351.8
A97: 88 | B97: ЩК Тип A | C97: PANO | E97: ЩК Тип A | J97: компл. | K97: TEKLED electric
A98: 89 | B98: ЩК Тип A | C98: korpus | D98: 711-03012 | E98: DX10-A24SWB V10 Щит пластиковый c/у Х24 (крышка прозрачная) NEXUS (TEKLED ELECTR) | F98: 11400 | G98: =0.6*F98 -> 6840 | H98: ='01_BOM_DUZELTILDI'!$G90*'01_BOM_DUZELTILDI'!$I90 -> 6840 | I98: 1 | J98: шт | K98: TEKSAN f | L98: 6840
A99: 90 | B99: ЩК Тип A | C99: MCB | D99: 296716 | E99: Авт. выкл. NXB-63S 1P 63А 4.5kA х-ка C (R) | F99: 1045 | G99: =0.6*F99 -> 627 | H99: ='01_BOM_DUZELTILDI'!$G91*'01_BOM_DUZELTILDI'!$I91 -> 627 | I99: 1 | J99: шт | K99: CHINT | L99: 627
A100: 91 | B100: ЩК Тип A | C100: MCB | D100: 296696 | E100: Авт. выкл. NXB-63S 1P 10А 4.5kA х-ка B (R) | F100: 897 | G100: =0.6*F100 -> 538.2 | H100: ='01_BOM_DUZELTILDI'!$G92*'01_BOM_DUZELTILDI'!$I92 -> 538.2 | I100: 1 | J100: шт | K100: CHINT | L100: 538.2
...

Sheet Sayfa2
A1: Код товара | B1: Наименование / Описание | C1: Цена за единицу | D1: 0.65 | F1: Чистая цена за единицу | G1: сумм. | H1: Количество | I1: Ед. изм. | J1: Марка / Поставщик | K1: malzeme | L1: 2.145
B2: ВРУ | C2: =ROUNDUP(L2,-3) -> 2476000 | D2: =C2*0.65 -> 1609400 | E2: =D2*H2 -> 1609400 | F2: =0.7*C2 -> 1733200 | G2: =F2*H2 -> 1733200 | H2: 1 | I2: компл. | J2: TEKLED electric | K2: 1154303.4 | L2: =2.145*K2 -> 2475980.8 | M2: =K2*H2 -> 1154303.4
B3: ЩГП | C3: =ROUNDUP(L3,-3) -> 1588000 | D3: =C3*0.65 -> 1032200 | E3: =D3*H3 -> 1032200 | F3: =0.7*C3 -> 1111600 | G3: =F3*H3 -> 1111600 | H3: 1 | I3: компл. | J3: TEKLED electric | K3: 740302.2 | L3: =2.145*K3 -> 1587948.2 | M3: =K3*H3 -> 740302.2
B4: ЩРоб | C4: =ROUNDUP(L4,-3) -> 236000 | D4: =C4*0.65 -> 153400 | E4: =D4*H4 -> 153400 | F4: =0.7*C4 -> 165200 | G4: =F4*H4 -> 165200 | H4: 1 | I4: компл. | J4: TEKLED electric | K4: 109906.6 | L4: =2.145*K4 -> 235749.66 | M4: =K4*H4 -> 109906.6
B5: ЩРк-1, ЩРк-2 | C5: =ROUNDUP(L5,-3) -> 309000 | D5: =C5*0.65 -> 200850 | E5: =D5*H5 -> 401700 | F5: =0.7*C5 -> 216300 | G5: =F5*H5 -> 432600 | H5: 2 | I5: компл. | J5: TEKLED electric | K5: 143676.6 | L5: =2.145*K5 -> 308186.31 | M5: =K5*H5 -> 287353.2
B6: ЩО | C6: =ROUNDUP(L6,-3) -> 64000 | D6: =C6*0.65 -> 41600 | E6: =D6*H6 -> 41600 | F6: =0.7*C6 -> 44800 | G6: =F6*H6 -> 44800 | H6: 1 | I6: компл. | J6: TEKLED electric | K6: 29807.8 | L6: =2.145*K6 -> 63937.731 | M6: =K6*H6 -> 29807.8
B7: ЩАО | C7: =ROUNDUP(L7,-3) -> 101000 | D7: =C7*0.65 -> 65650 | E7: =D7*H7 -> 65650 | F7: =0.7*C7 -> 70700 | G7: =F7*H7 -> 70700 | H7: 1 | I7: компл. | J7: TEKLED electric | K7: 47071.2 | L7: =2.145*K7 -> 100967.72 | M7: =K7*H7 -> 47071.2
B8: ЩЗ1 | C8: =ROUNDUP(L8,-3) -> 873000 | D8: =C8*0.65 -> 567450 | E8: =D8*H8 -> 567450 | F8: =0.7*C8 -> 611100 | G8: =F8*H8 -> 611100 | H8: 1 | I8: компл. | J8: TEKLED electric | K8: 406657.8 | L8: =2.145*K8 -> 872280.98 | M8: =K8*H8 -> 406657.8
B9: ЩЗ2-12 | C9: =ROUNDUP(L9,-3) -> 1072000 | D9: =C9*0.65 -> 696800 | E9: =D9*H9 -> 7664800 | F9: =0.7*C9 -> 750400 | G9: =F9*H9 -> 8254400 | H9: 11 | I9: компл. | J9: TEKLED electric | K9: 499351.8 | L9: =2.145*K9 -> 1071109.6 | M9: =K9*H9 -> 5492869.8
B10: ЩК Тип A | C10: =ROUNDUP(L10,-3) -> 70000 | D10: =C10*0.65 -> 45500 | E10: =D10*H10 -> 1638000 | F10: =0.7*C10 -> 49000 | G10: =F10*H10 -> 1764000 | H10: 36 | I10: компл. | J10: TEKLED electric | K10: 32526 | L10: =2.145*K10 -> 69768.27 | M10: =K10*H10 -> 1170936
B11: ЩК Тип B | C11: =ROUNDUP(L11,-3) -> 70000 | D11: =C11*0.65 -> 45500 | E11: =D11*H11 -> 2138500 | F11: =0.7*C11 -> 49000 | G11: =F11*H11 -> 2303000 | H11: 47 | I11: компл. | J11: TEKLED electric | K11: 32526 | L11: =2.145*K11 -> 69768.27 | M11: =K11*H11 -> 1528722
B12: ЩК Тип C | C12: =ROUNDUP(L12,-3) -> 77000 | D12: =C12*0.65 -> 50050 | E12: =D12*H12 -> 550550 | F12: =0.7*C12 -> 53900 | G12: =F12*H12 -> 592900 | H12: 11 | I12: компл. | J12: TEKLED electric | K12: 35588.4 | L12: =2.145*K12 -> 76337.118 | M12: =K12*H12 -> 391472.4
B13: ШУЗ | C13: =ROUNDUP(L13,-3) -> 139000 | D13: =C13*0.65 -> 90350 | E13: =D13*H13 -> 90350 | F13: =0.7*C13 -> 97300 | G13: =F13*H13 -> 97300 | H13: 1 | I13: компл. | J13: TEKLED electric | K13: 64551.6 | L13: =2.145*K13 -> 138463.18 | M13: =K13*H13 -> 64551.6
... B17: ЩПСС | C17: =ROUNDUP(L17,-3) -> 42000 | D17: =C17*0.65 -> 27300 | E17: =D17*H17 -> 27300 | F17: =0.7*C17 -> 29400 | G17: =F17*H17 -> 29400 | H17: 1 | I17: компл. | J17: TEKLED electric | K17: 19359 | L17: =2.145*K17 -> 41525.055 | M17: =K17*H17 -> 19359

Sheet 02_Satin_Alma
A1: № | B1: Kategori | C1: Ürün Kodu | D1: Ürün İsmi / Açıklama | E1: Toplam Alım Miktarı | F1: Birim | G1: Marka/Tedarikçi | H1: Birim Net Fiyat | I1: Para | J1: Toplam Net | K1: Panolar | L1: Not
A2: 1 | B2: korpus | C2: ВРУ-01 | D2: Корпус ВРУ индивидуального изготовления | E2: 1 | F2: шт | G2: TEKSAN | H2: 350000 | I2: KZT | J2: =IF(OR(E2="",H2=""),"",E2*H2) -> 350000 | K2: ВРУ | L2: Birim düzeltildi: iç malzemede "компл." kullanılmadı
A3: 2 | B3: MCCB | C3: NH40-400/3 | D3: Выключатель-разъединитель CHINT NH40 3P 400A | E3: 2 | F3: шт | G3: CHINT | H3: 480000 | I3: KZT | J3: =IF(OR(E3="",H3=""),"",E3*H3) -> 960000 | K3: ВРУ | L3: Ввод 1 и Ввод 2; аналог вместо BP32И-37B71250; Fiyat IEK kaynaklı olabilir; CHINT fiyat listesi ile kontrol et
A4: 3 | B4: MCCB | C4: NXM-250S/3300 250A | D4: Автоматический выключатель литой корпус CHINT NXM 3P 250A | E4: 2 | F4: шт | G4: CHINT | H4: 320000 | I4: KZT | J4: =IF(OR(E4="",H4=""),"",E4*H4) -> 640000 | K4: ВРУ | L4: Секции I+II; аналог вместо ВА88-35; Fiyat IEK kaynaklı olabilir; CHINT fiyat listesi ile kontrol et
A5: 4 | B5: MCCB | C5: NXM-160S/3300 160A | D5: Автоматический выключатель литой корпус CHINT NXM 3P 160A | E5: 4 | F5: шт | G5: CHINT | H5: 220000 | I5: KZT | J5: =IF(OR(E5="",H5=""),"",E5*H5) -> 880000 | K5: ВРУ | L5: 4 шт распределение; аналог вместо ВА88-32; Fiyat IEK kaynaklı olabilir; CHINT fiyat listesi ile kontrol et
A6: 5 | B6: MCB | C6: NB1-63 3P C25 | D6: Автоматический выключатель CHINT NB1-63 3P C25A | E6: 11 | F6: шт | G6: CHINT | H6: 18000 | I6: KZT | J6: =IF(OR(E6="",H6=""),"",E6*H6) -> 198000 | K6: ВРУ, ЩГП | L6: Отходящие линии; аналог вместо ВА47-100-3Р25А; Fiyat IEK kaynaklı olabilir; CHINT fiyat listesi ile kontrol et; аналог вместо ВА47-29-3Р25А; Fiyat IEK kaynaklı olabilir; CHINT fiyat listesi ile kontrol et
A7: 6 | B7: RCBO | C7: NXBLE-32 1P+N C16 30mA | D7: Дифф. автомат CHINT NXBLE-32 1P+N C16A 30mA | E7: 7 | F7: шт | G7: CHINT | H7: 13500 | I7: KZT | J7: =IF(OR(E7="",H7=""),"",E7*H7) -> 94500 | K7: ВРУ, ЩР, ЩРоб | L7: Линии к обогреву ×5; аналог вместо АВДТ32; Fiyat IEK kaynaklı olabilir; CHINT fiyat listesi ile kontrol et; аналог вместо АВДТ32; Fiyat IEK kaynaklı olabilir; CHINT fiyat listesi ile kontrol et
A8: 7 | B8: MTR | C8: ТОП-0.66-250/5 | D8: Трансформатор тока ТОП-0.66 У3 250/5A кл.0.5S | E8: 6 | F8: шт | G8: SAIMAN | H8: 22000 | I8: KZT | J8: =IF(OR(E8="",H8=""),"",E8*H8) -> 132000 | K8: ВРУ | L8: 3 шт секция I + 3 шт секция II
A9: 8 | B9: MTR | C9: ДАЛА-CA4Y-3720 | D9: Счётчик ДАЛА CA4Y-3720 R TX PLC IP П 3×220/380В 5|7.5A | E9: 2 | F9: шт | G9: SAIMAN | H9: 39100 | I9: KZT | J9: =IF(OR(E9="",H9=""),"",E9*H9) -> 78200 | K9: ВРУ | L9: ПЛК учёт, 2 ввода
A10: 9 | B10: bara | C10: BB-N-PE | D10: Шина медная N+PE 3L×100A | E10: 3 | F10: м | G10: EKT | H10: 4197 | I10: KZT | J10: =IF(OR(E10="",H10=""),"",E10*H10) -> 12591 | K10: ВРУ | L10: Секции I+II+общая PE
A11: 10 | B11: DIN | C11: DIN-35-2000 | D11: DIN рейка TH35 2м | E11: 4 | F11: шт | G11: EKT | H11: 1200 | I11: KZT | J11: =IF(OR(E11="",H11=""),"",E11*H11) -> 4800 | K11: ВРУ
A12: 11 | B12: kablo kanalı | C12: KK-60x40 | D12: Кабельный канал 60×40мм | E12: 6 | F12: м | G12: EKT | H12: 1800 | I12: KZT | J12: =IF(OR(E12="",H12=""),"",E12*H12) -> 10800 | K12: ВРУ
A13: 12 | B13: montaj malzeme | D13: Монтажный материал (крепёж, DIN, маркировка) | E13: 1 | F13: шт | G13: EKT | H13: 45000 | I13: KZT | J13: =IF(OR(E13="",H13=""),"",E13*H13) -> 45000 | K13: ВРУ | L13: Birim düzeltildi: iç malzemede "компл." kullanılmadı
A14: 13 | B14: montaj işçilik | D14: Монтажные работы ВРУ | E14: 1 | F14: шт | G14: Manual | H14: 280000 | I14: KZT | J14: =IF(OR(E14="",H14=""),"",E14*H14) -> 280000 | K14: ВРУ | L14: Birim düzeltildi: iç malzemede "компл." kullanılmadı
A15: 14 | B15: korpus | C15: ЩМП-6.6.1-0 | D15: Корпус ЩМП-6.6.1-0 600×600×150мм IP30 | E15: 1 | F15: шт | G15: TEKSAN | H15: 55000 | I15: KZT | J15: =IF(OR(E15="",H15=""),"",E15*H15) -> 55000 | K15: ЩГП
A16: 15 | B16: MCB | C16: NB1-125 3P C125 | D16: Автоматический выключатель CHINT NB1-125 3P C125A | E16: 1 | F16: шт | G16: CHINT | H16: 75000 | I16: KZT | J16: =IF(OR(E16="",H16=""),"",E16*H16) -> 75000 | K16: ЩГП | L16: Главный ввод ЩГП; аналог вместо ВА47-100-3Р125А; Fiyat IEK kaynaklı olabilir; CHINT fiyat listesi ile kontrol et
A17: 16 | B17: MCB | C17: NB1-63 3P C32 | D17: Автоматический выключатель CHINT NB1-63 3P C32A | E17: 7 | F17: шт | G17: CHINT | H17: 22000 | I17: KZT | J17: =IF(OR(E17="",H17=""),"",E17*H17) -> 154000 | K17: ЩГП | L17: Вводы от ВРУ ×2; аналог вместо ВА47-100-3Р32А; Fiyat IEK kaynaklı olabilir; CHINT fiyat listesi ile kontrol et; Отходящие гл.линии; аналог вместо ВА47-29-3Р32А; Fiyat IEK kaynaklı olabilir; CHINT fiyat listesi ile kontrol et
A18: 17 | B18: MTR | C18: ТОП-0.66-150/5 | D18: Трансформатор тока ТОП-0.66 У3 150/5A | E18: 3 | F18: шт | G18: SAIMAN | H18: 20000 | I18: KZT | J18: =IF(OR(E18="",H18=""),"",E18*H18) -> 60000 | K18: ЩГП
A19: 18 | B19: MTR | C19: ДАЛА-CA4Y-3720 | D19: Счётчик ДАЛА CA4Y-3720 R TX PLC IP П | E19: 1 | F19: шт | G19: SAIMAN | H19: 39100 | I19: KZT | J19: =IF(OR(E19="",H19=""),"",E19*H19) -> 39100 | K19: ЩГП
A20: 19 | B20: MCB | C20: NB1-63 3P C16 | D20: Автоматический выключатель CHINT NB1-63 3P C16A | E20: 9 | F20: шт | G20: CHINT | H20: 9500 | I20: KZT | J20: =IF(OR(E20="",H20=""),"",E20*H20) -> 85500 | K20: ЩАО, ЩГП, ЩО, ЩР, ЩРоб | L20: Ввод 3P; аналог вместо ВА47-29-3Р16А; Fiyat IEK kaynaklı olabilir; CHINT fiyat listesi ile kontrol et; аналог вместо ВА47-29-3Р16А; Fiyat IEK kaynaklı olabilir; CHINT fiyat listesi ile kontrol et
A21: 20 | B21: MCB | C21: NB1-63 1P C16 | D21: Автоматический выключатель CHINT NB1-63 1P C16A | E21: 6 | F21: шт | G21: CHINT | H21: 3800 | I21: KZT | J21: =IF(OR(E21="",H21=""),"",E21*H21) -> 22800 | K21: ЩГП, ЩР, ЩРоб | L21: аналог вместо ВА47-29-1Р16А; Fiyat IEK kaynaklı olabilir; CHINT fiyat listesi ile kontrol et
A22: 21 | B22: MCB | C22: NB1-63 1P C10 | D22: Автоматический выключатель CHINT NB1-63 1P C10A | E22: 1 | F22: шт | G22: CHINT | H22: 3500 | I22: KZT | J22: =IF(OR(E22="",H22=""),"",E22*H22) -> 3500 | K22: ЩГП | L22: аналог вместо ВА47-29-1Р10А; Fiyat IEK kaynaklı olabilir; CHINT fiyat listesi ile kontrol et
A23: 22 | B23: bara | C23: BB-N-PE | D23: Шина медная N+PE | E23: 1 | F23: м | G23: EKT | H23: 4197 | I23: KZT | J23: =IF(OR(E23="",H23=""),"",E23*H23) -> 4197 | K23: ЩГП
A24: 23 | B24: DIN | C24: DIN-35 | D24: DIN рейка TH35 | E24: 129 | F24: шт | G24: EKT | H24: 870 | I24: KZT | J24: =IF(OR(E24="",H24=""),"",E24*H24) -> 112230 | K24: ЩАО, ЩГП, ЩЗ1, ЩЗ2-12, ЩК Тип A, ЩК Тип B, ЩК Тип C, ЩО, ЩР, ЩРоб | L24: 2 шт на щит; Miktar 1 pano içindir; pano adedi üst satırda: 11 компл.; Miktar 1 pano içindir; pano adedi üst satırda: 47 компл.
A25: 24 | B25: kablo kanalı | C25: KK-40x40 | D25: Кабельный канал 40×40 | E25: 3 | F25: м | G25: EKT | H25: 1200 | I25: KZT | J25: =IF(OR(E25="",H25=""),"",E25*H25) -> 3600 | K25: ЩГП
A26: 25 | B26: montaj malzeme | D26: Монтажный материал | E26: 111 | F26: шт | G26: EKT | H26: 18000 | I26: KZT | J26: =IF(OR(E26="",H26=""),"",E26*H26) -> 1998000 | K26: ЩАО, ЩГП, ЩЗ1, ЩЗ2-12, ЩК Тип A, ЩК Тип B, ЩК Тип C, ЩО, ЩР, ЩРоб | L26: Miktar 1 pano içindir; pano adedi üst satırda: 47 компл.; Birim düzeltildi: iç malzemede "компл." kullanılmadı; Birim düzeltildi: iç malzemede "компл." kullanılmadı
A27: 26 | B27: montaj işçilik | D27: Монтажные работы ЩГП | E27: 40 | F27: сағат | G27: Manual | H27: 3500 | I27: KZT | J27: =IF(OR(E27="",H27=""),"",E27*H27) -> 140000 | K27: ЩГП
A28: 27 | B28: korpus | C28: TF-4030-15 | D28: Корпус навесной 400×300×150 IP54 | E28: 1 | F28: шт | G28: TEKSAN | H28: 28000 | I28: KZT | J28: =IF(OR(E28="",H28=""),"",E28*H28) -> 28000 | K28: ЩРоб
A29: 28 | B29: MCCB | C29: NH40-40/3 | D29: Выключатель нагрузки CHINT NH40 3P 40A | E29: 2 | F29: шт | G29: CHINT | H29: 25000 | I29: KZT | J29: =IF(OR(E29="",H29=""),"",E29*H29) -> 50000 | K29: ЩР, ЩРоб | L29: Главный ввод; аналог вместо ВН-32-3Р40А; Fiyat IEK kaynaklı olabilir; CHINT fiyat listesi ile kontrol et; Ввод QS; аналог вместо ВН-32-3Р40А; Fiyat IEK kaynaklı olabilir; CHINT fiyat listesi ile kontrol et
A30: 29 | B30: contactor | C30: NC1-20 230V AC | D30: Контактор CHINT NC1 20A, катушка 230V AC | E30: 3 | F30: шт | G30: CHINT | H30: 9500 | I30: KZT | J30: =IF(OR(E30="",H30=""),"",E30*H30) -> 28500 | K30: ЩРоб | L30: Управление нагревом; аналог вместо КМ20-11М-20A; Fiyat IEK kaynaklı olabilir; CHINT fiyat listesi ile kontrol et
A31: 30 | B31: other | C31: DEVIreg-316 | D31: Терморегулятор DEVIreg 316 | E31: 1 | F31: шт | G31: DEVI | H31: 45000 | I31: KZT | J31: =IF(OR(E31="",H31=""),"",E31*H31) -> 45000 | K31: ЩРоб | L31: Датчик температуры DEVisnow
A32: 31 | B32: klemens | C32: X1-4 | D32: Клемма 4мм² КВТ | E32: 20 | F32: шт | G32: Klemsan | H32: 380 | I32: KZT | J32: =IF(OR(E32="",H32=""),"",E32*H32) -> 7600 | K32: ЩРоб
A33: 32 | B33: montaj işçilik | D33: Монтажные работы ЩРоб | E33: 24 | F33: сағат | G33: Manual | H33: 3500 | I33: KZT | J33: =IF(OR(E33="",H33=""),"",E33*H33) -> 84000 | K33: ЩРоб
A34: 33 | B34: korpus | C34: TF-3040-15 | D34: Корпус навесной 300×400×150 IP54 | E34: 1 | F34: шт | G34: TEKSAN | H34: 22000 | I34: KZT | J34: =IF(OR(E34="",H34=""),"",E34*H34) -> 22000 | K34: ЩР
A35: 34 | B35: klemens | C35: X1-4 | D35: Клемма 4мм² | E35: 56 | F35: шт | G35: Klemsan | H35: 380 | I35: KZT | J35: =IF(OR(E35="",H35=""),"",E35*H35) -> 21280 | K35: ЩАО, ЩО, ЩР
A36: 35 | B36: montaj işçilik | D36: Монтажные работы | E36: 330 | F36: сағат | G36: Manual | H36: 3500 | I36: KZT | J36: =IF(OR(E36="",H36=""),"",E36*H36) -> 1155000 | K36: ЩАО, ЩК Тип B, ЩК Тип C, ЩО, ЩР | L36: 5 ч × 47; Miktar 1 pano içindir; pano adedi üst satırda: 47 компл.; Miktar 1 pano içindir; pano adedi üst satırda: 11 компл.
A37: 36 | B37: korpus | C37: TF-4030-15 | D37: Корпус навесной 400×300×150 IP31 | E37: 2 | F37: шт | G37: TEKSAN | H37: 22000 | I37: KZT | J37: =IF(OR(E37="",H37=""),"",E37*H37) -> 44000 | K37: ЩАО, ЩО
A38: 37 | B38: MCB | C38: NB1-63 1P B10 | D38: Автоматический выключатель CHINT NB1-63 1P B10A | E38: 112 | F38: шт | G38: CHINT | H38: 3500 | I38: KZT | J38: =IF(OR(E38="",H38=""),"",E38*H38) -> 392000 | K38: ЩАО, ЩК Тип A, ЩК Тип B, ЩК Тип C, ЩО | L38: Выходы ×10; аналог вместо ВА47-29-1Р-В10А; Fiyat IEK kaynaklı olabilir; CHINT fiyat listesi ile kontrol et; Выходы ×8; аналог вместо ВА47-29-1Р-В10А; Fiyat IEK kaynaklı olabilir; CHINT fiyat listesi ile kontrol et
A39: 38 | B39: contactor | C39: NC1-0910 230V AC | D39: Контактор CHINT NC1-0910, катушка 230V AC | E39: 1 | F39: шт | G39: CHINT | H39: 8000 | I39: KZT | J39: =IF(OR(E39="",H39=""),"",E39*H39) -> 8000 | K39: ЩАО | L39: Дистанционное управление; аналог вместо КМИ-10910; Fiyat IEK kaynaklı olabilir; CHINT fiyat listesi ile kontrol et
A40: 39 | B40: korpus | C40: ЩЗ1-ИЗГ | D40: Корпус этажный ЩЗ1 IP20 индивидуального изготовления | E40: 1 | F40: шт | G40: TEKSAN | H40: 65000 | I40: KZT | J40: =IF(OR(E40="",H40=""),"",E40*H40) -> 65000 | K40: ЩЗ1
A41: 40 | B41: MCB | C41: NB1-63 1P C50 | D41: Автоматический выключатель CHINT NB1-63 1P C50A | E41: 94 | F41: шт | G41: CHINT | H41: 5500 | I41: KZT | J41: =IF(OR(E41="",H41=""),"",E41*H41) -> 517000 | K41: ЩЗ1, ЩЗ2-12 | L41: 8 вводов × 11 этажей; аналог вместо ВА47-29-1Р50А; Miktar 1 pano içindir; pano adedi üst satırda: 11 компл.; Fiyat IEK k; Вводы квартир 1÷6; аналог вместо ВА47-29-1Р50А; Fiyat IEK kaynaklı olabilir; CHINT fiyat listesi ile kontrol et
A42: 41 | B42: MTR | C42: ОРМАН-CO3711 | D42: Счётчик ОРМАН CO-3711 R TX IP П RS 5-60А 220В | E42: 6 | F42: шт | G42: SAIMAN | H42: 13500 | I42: KZT | J42: =IF(OR(E42="",H42=""),"",E42*H42) -> 81000 | K42: ЩЗ1 | L42: Учёт 6 квартир
A43: 42 | B43: RCBO | C43: NXBLE-32 2P C50 300mA | D43: Дифф. автомат CHINT NXBLE-32 2P C50A 300mA | E43: 94 | F43: шт | G43: CHINT | H43: 16500 | I43: KZT | J43: =IF(OR(E43="",H43=""),"",E43*H43) -> 1551000 | K43: ЩЗ1, ЩЗ2-12 | L43: Защита 88 квартир; аналог вместо АВДТ32-2Р50А; Miktar 1 pano içindir; pano adedi üst satırda: 11 компл.; Fiyat IEK kayna; Защита квартир 300мА; аналог вместо АВДТ32-2Р50А; Fiyat IEK kaynaklı olabilir; CHINT fiyat listesi ile kontrol et
A44: 43 | B44: bara | C44: BB-N-PE | D44: Шина N+PE медная | E44: 12 | F44: м | G44: EKT | H44: 4197 | I44: KZT | J44: =IF(OR(E44="",H44=""),"",E44*H44) -> 50364 | K44: ЩЗ1, ЩЗ2-12 | L44: Miktar 1 pano içindir; pano adedi üst satırda: 11 компл.
A45: 44 | B45: montaj işçilik | D45: Монтажные работы ЩЗ1 | E45: 20 | F45: сағат | G45: Manual | H45: 3500 | I45: KZT | J45: =IF(OR(E45="",H45=""),"",E45*H45) -> 70000 | K45: ЩЗ1
A46: 45 | B46: korpus | C46: ЩЗ-ИЗГ-8 | D46: Корпус этажный ЩЗ IP20 индивидуального изготовления | E46: 11 | F46: шт | G46: TEKSAN | H46: 70000 | I46: KZT | J46: =IF(OR(E46="",H46=""),"",E46*H46) -> 770000 | K46: ЩЗ2-12 | L46: 11 этажных щитов ×8 квартир; Miktar 1 pano içindir; pano adedi üst satırda: 11 компл.
A47: 46 | B47: MTR | C47: ОРМАН-CO3711 | D47: Счётчик ОРМАН CO-3711 R TX IP П RS 5-60А | E47: 88 | F47: шт | G47: SAIMAN | H47: 13500 | I47: KZT | J47: =IF(OR(E47="",H47=""),"",E47*H47) -> 1188000 | K47: ЩЗ2-12 | L47: Учёт 88 квартир; Miktar 1 pano içindir; pano adedi üst satırda: 11 компл.
A48: 47 | B48: montaj işçilik | D48: Монтажные работы ЩЗ2-12 | E48: 198 | F48: сағат | G48: Manual | H48: 3500 | I48: KZT | J48: =IF(OR(E48="",H48=""),"",E48*H48) -> 693000 | K48: ЩЗ2-12 | L48: 18 ч × 11 этажей; Miktar 1 pano içindir; pano adedi üst satırda: 11 компл.
A49: 48 | B49: korpus | C49: ЩК-24М | D49: Корпус квартирный навесной 24 мод. IP20 | E49: 94 | F49: шт | G49: TEKSAN | H49: 12500 | I49: KZT | J49: =IF(OR(E49="",H49=""),"",E49*H49) -> 1175000 | K49: ЩК Тип A, ЩК Тип B, ЩК Тип C | L49: Miktar 1 pano içindir; pano adedi üst satırda: 11 компл.; Miktar 1 pano içindir; pano adedi üst satırda: 47 компл.
A50: 49 | B50: MCCB | C50: NH40-63/1 | D50: Выключатель нагрузки CHINT NH40 1P 63A | E50: 94 | F50: шт | G50: CHINT | H50: 7500 | I50: KZT | J50: =IF(OR(E50="",H50=""),"",E50*H50) -> 705000 | K50: ЩК Тип A, ЩК Тип B, ЩК Тип C | L50: Вводной QS; аналог вместо ВА47-29-1Р63А; Miktar 1 pano içindir; pano adedi üst satırda: 36 компл.; Fiyat IEK kaynaklı ol; аналог вместо ВА47-29-1Р63А; Miktar 1 pano içindir; pano adedi üst satırda: 47 компл.; Fiyat IEK kaynaklı olabilir; CHIN
A51: 50 | B51: RCBO | C51: NXBLE-32 2P B16 30mA | D51: Дифф. автомат CHINT NXBLE-32 2P B16A 30mA | E51: 293 | F51: шт | G51: CHINT | H51: 13500 | I51: KZT | J51: =IF(OR(E51="",H51=""),"",E51*H51) -> 3955500 | K51: ЩК Тип A, ЩК Тип B, ЩК Тип C | L51: Розетки 3×36=108 шт; аналог вместо АВДТ32-2Р16А; Miktar 1 pano içindir; pano adedi üst satırda: 36 компл.; Fiyat IEK kay; 4×11=44 шт (тип C +1); аналог вместо АВДТ32-2Р16А; Miktar 1 pano içindir; pano adedi üst satırda: 11 компл.; Fiyat IEK k
A52: 51 | B52: RCBO | C52: NXBLE-32 2P B40 30mA | D52: Дифф. автомат CHINT NXBLE-32 2P B40A 30mA | E52: 94 | F52: шт | G52: CHINT | H52: 15000 | I52: KZT | J52: =IF(OR(E52="",H52=""),"",E52*H52) -> 1410000 | K52: ЩК Тип A, ЩК Тип B, ЩК Тип C | L52: аналог вместо АВДТ32-2Р40А; Miktar 1 pano içindir; pano adedi üst satırda: 47 компл.; Fiyat IEK kaynaklı olabilir; CHINT; Эл.плита 1×36=36 шт; аналог вместо АВДТ32-2Р40А; Miktar 1 pano içindir; pano adedi üst satırda: 36 компл.; Fiyat IEK kay
A53: 52 | B53: montaj işçilik | D53: Монтажные работы квартирных щитов | E53: 180 | F53: сағат | G53: Manual | H53: 3500 | I53: KZT | J53: =IF(OR(E53="",H53=""),"",E53*H53) -> 630000 | K53: ЩК Тип A | L53: 5 ч × 36 шт; Miktar 1 pano içindir; pano adedi üst satırda: 36 компл.

Sheet 03_Kontrol_Notlari
A1: Kural | B1: Sonuç
A2: Boş satır bırakma | B2: Uygulandı: ana BOM’da boş satır yok.
A3: Sıra No’dan sonra pano adı sütunu | B3: Uygulandı: B sütunu her satırda panel adını içerir.
A4: Toplanmış pano satırı | B4: Uygulandı: her pano için Kategori=PANO, adet üst satırda, birim sadece "компл."
A5: İç malzemelerde компл. kullanılmaması | B5: Uygulandı: iç satırlarda "компл." yerine шт/м/сағат kullanıldı.
A6: Pano isminden sonraki satır korpus | B6: Uygulandı: her PANO satırından sonra korpus satırı var.
A7: Projedeki korpus ölçüsü ayrı sütun | B7: Uygulandı: Projedeki Korpus Ölçüsü ve Önerilen/Seçilen Korpus sütunları eklendi.
A8: Satır kopyala-ekle kullanılabilirliği | B8: Uygulandı: birleştirilmiş hücre kullanılmadı, her satır bağımsız.
A9: Her pano BOM’u 1 pano için | B9: Uygulandı: çok adetli panolarda iç malzeme miktarları 1 pano bazına indirildi; toplam alım 02_Satin_Alma’da hesaplandı.
A10: CHINT dönüşümü | B10: IEK şalt satırları CHINT muadiline çevrildi; kesin ürün kodu/fiyat kontrol notu bırakıldı.
