Workbook

Sheet BOM
A1: ROW | B1: Наименование1 | C1: Тип | D1: Артикул | E1: Номенклатура | F1: Цена EUR | G1: Цена нетто, KZT | H1: Сумма, KZT | I1: Кол-во | J1: Ед.изм. | K1: Завод | L1: Прайс-лист (исходная цена) | M1: Источник / дата прайса
A2: 1 | B2: =E2 -> ЩС — ресторан «Coffee Room» / Runway Kitchen, Международный аэропорт Алматы | C2: pano | E2: ЩС — ресторан «Coffee Room» / Runway Kitchen, Международный аэропорт Алматы | I2: 1 | J2: комплект
A3: 2 | B3: =$E$2 -> ЩС — ресторан «Coffee Room» / Runway Kitchen, Международный аэропорт Алматы | C3: korpus | D3: 716-15020 | E3: Щит ЩУРн-3/48 окошко (540х600х165) S/U 36 IP31(TS) | F3: 21735 | G3: =0.6*F3 -> 13041 | H3: =IF(G3="","",ROUND(G3*I3,0)) -> 13041 | I3: 1 | J3: шт. | K3: kaztek | L3: 9265 | M3: EKT 19.06.2025
A4: 3 | B4: =$E$2 -> ЩС — ресторан «Coffee Room» / Runway Kitchen, Международный аэропорт Алматы | C4: OTO | D4: 2CDS253001R0404 | E4: Автоматический выключатель S203-C40, 3P, 40A, хар-ка C, 6kA — вводной QF | F4: =ROUND(L4*Kurallar!$B$4,2) -> 85.08 | G4: =ROUND(F4*Kurallar!$B$5*Kurallar!$B$3,0) -> 13925 | H4: =IF(G4="","",ROUND(G4*I4,0)) -> 13925 | I4: 1 | J4: шт. | K4: ABB | L4: 63.02 | M4: ABB Kasım 2025
A5: 4 | B5: =$E$2 -> ЩС — ресторан «Coffee Room» / Runway Kitchen, Международный аэропорт Алматы | C5: OTO | D5: 2CDS251001R0104 | E5: Автоматический выключатель S201-C10, 1P, 10A, хар-ка C, 6kA — 1QF, Гр-1 (освещение) | F5: =ROUND(L5*Kurallar!$B$4,2) -> 14.54 | G5: =ROUND(F5*Kurallar!$B$5*Kurallar!$B$3,0) -> 2380 | H5: =IF(G5="","",ROUND(G5*I5,0)) -> 2380 | I5: 1 | J5: шт. | K5: ABB | L5: 10.77 | M5: ABB Kasım 2025
A6: 5 | B6: =$E$2 -> ЩС — ресторан «Coffee Room» / Runway Kitchen, Международный аэропорт Алматы | C6: DİF | D6: 2CSR255080R1164 | E6: Дифф. автомат (АВДТ) DS201 C16 AC30, 1P+N, 16A, 30mA, тип AC, 6kA — 2QF,3QF,5QF,6QF,8QF,9QF,10QF | F6: =ROUND(L6*Kurallar!$B$4,2) -> 118.3 | G6: =ROUND(F6*Kurallar!$B$5*Kurallar!$B$3,0) -> 19363 | H6: =IF(G6="","",ROUND(G6*I6,0)) -> 116178 | I6: 6 | J6: шт. | K6: ABB | L6: 87.63 | M6: ABB Kasım 2025
A7: 6 | B7: =$E$2 -> ЩС — ресторан «Coffee Room» / Runway Kitchen, Международный аэропорт Алматы | C7: DİF | D7: 2CSR255080R1254 | E7: Дифф. автомат (АВДТ) DS201 C25 AC30, 1P+N, 25A, 30mA, тип AC, 6kA — 7QF, Гр-7 | F7: =ROUND(L7*Kurallar!$B$4,2) -> 118.3 | G7: =ROUND(F7*Kurallar!$B$5*Kurallar!$B$3,0) -> 19363 | H7: =IF(G7="","",ROUND(G7*I7,0)) -> 38726 | I7: 2 | J7: шт. | K7: ABB | L7: 87.63 | M7: ABB Kasım 2025
A8: 7 | B8: =$E$2 -> ЩС — ресторан «Coffee Room» / Runway Kitchen, Международный аэропорт Алматы | C8: DİF | D8: 2CSR255080R1324 | E8: Дифф. автомат (АВДТ) DS201 C32 AC30, 1P+N, 32A, 30mA, тип AC, 6kA — 4QF, Гр-4 | F8: =ROUND(L8*Kurallar!$B$4,2) -> 130.48 | G8: =ROUND(F8*Kurallar!$B$5*Kurallar!$B$3,0) -> 21356 | H8: =IF(G8="","",ROUND(G8*I8,0)) -> 21356 | I8: 1 | J8: шт. | K8: ABB | L8: 96.65 | M8: ABB Kasım 2025
A9: 8 | B9: =$E$2 -> ЩС — ресторан «Coffee Room» / Runway Kitchen, Международный аэропорт Алматы | C9: sayac | D9: CE308-S34.746.0G.OYUVLFZ | E9: Счетчик электрической энергии 3-фазный, прямого включения, СПОДЭС — WH | F9: 126000 | G9: =F9 -> 126000 | H9: =IF(G9="","",ROUND(G9*I9,0)) -> 126000 | I9: 1 | J9: шт. | K9: Энергомера | M9: ПРАЙС ОТСУТСТВУЕТ
A10: 9 | B10: =$E$2 -> ЩС — ресторан «Coffee Room» / Runway Kitchen, Международный аэропорт Алматы | C10: Klemens | D10: YNN10-69-12KD-K07 | E10: Шина «N» нулевая ШНИ-6х9-12-К-С, 12 групп, в корпусном изоляторе на DIN-рейку | G10: =ROUND(L10*Kurallar!$B$6,0) -> 558 | H10: =IF(G10="","",ROUND(G10*I10,0)) -> 558 | I10: 1 | J10: шт. | K10: IEK | L10: 558 | M10: EKT 19.06.2025
A11: 10 | B11: =$E$2 -> ЩС — ресторан «Coffee Room» / Runway Kitchen, Международный аэропорт Алматы | C11: Klemens | D11: 130200401_ | E11: Шина «PE» земля ШНИ-6х9-12-К-З, 12 групп, в корпусном изоляторе на DIN-рейку | G11: =ROUND(L11*Kurallar!$B$6,0) -> 514 | H11: =IF(G11="","",ROUND(G11*I11,0)) -> 514 | I11: 1 | J11: шт. | K11: UNIT | L11: 514 | M11: EKT 19.06.2025
A12: 11 | B12: =$E$2 -> ЩС — ресторан «Coffee Room» / Runway Kitchen, Международный аэропорт Алматы | C12: montajный материал | D12: 270300079_ | E12: Кабель-канал перфорированный 25х40 мм | G12: =ROUND(L12*Kurallar!$B$6,0) -> 1094 | H12: =IF(G12="","",ROUND(G12*I12,0)) -> 2188 | I12: 2 | J12: м | K12: IEK | L12: 1094 | M12: EKT 19.06.2025
A13: 12 | B13: =$E$2 -> ЩС — ресторан «Coffee Room» / Runway Kitchen, Международный аэропорт Алматы | C13: montajный материал | D13: 130200350_ | E13: DIN-рейка 50 см (доп. ряд / запас) | G13: =ROUND(L13*Kurallar!$B$6,0) -> 296 | H13: =IF(G13="","",ROUND(G13*I13,0)) -> 296 | I13: 1 | J13: шт. | K13: UNIT | L13: 296 | M13: EKT 19.06.2025
A14: 13 | B14: =$E$2 -> ЩС — ресторан «Coffee Room» / Runway Kitchen, Международный аэропорт Алматы | C14: montajный материал | E14: Монтажный материал (провод ПуГВ, наконечники, маркировка, крепёж, метизы) | G14: =ROUND(SUM(H3:H13)*Kurallar!$B$7,0) -> 10055 | H14: =ROUND(G14*I14,0) -> 10055 | I14: 1 | J14: компл. | K14: —
A15: 14 | B15: =$E$2 -> ЩС — ресторан «Coffee Room» / Runway Kitchen, Международный аэропорт Алматы | C15: montajная работа | E15: Сборка щита, монтаж, маркировка, испытание и приёмка | F15: =ROUND(I15/60,2) -> 3.23 | G15: =Kurallar!$B$8 -> 100 | H15: =ROUND(G15*I15,0) -> 19400 | I15: =Kurallar!$B$20 -> 194 | J15: мин. | K15: —
B16: Toplam ЩС — Coffee Room / Runway Kitchen | H16: =SUBTOTAL(9,H3:H15) -> 364617 | J16: KZT
B17: KONTROL / KAPSAM DIŞI — pano toplamına DAHİL DEĞİLDİR (adetler gerçek)
A18: 1 | C18: kablo | D18: — | E18: Кабель NHXMH 3х1,5 мм² (Гр-1, освещение) | I18: 20 | J18: м | K18: VATAN
A19: 2 | C19: kablo | D19: — | E19: Кабель NHXMH 3х2,5 мм² (Гр-2,3,5,8,9, Резерв) | I19: 70 | J19: м | K19: VATAN
A20: 3 | C20: kablo | D20: — | E20: Кабель NHXMH 3х4 мм² (Гр-4,6,7) | I20: 32 | J20: м | K20: VATAN
A21: 4 | C21: kablo | D21: — | E21: Кабель питающий NHXMH 5х6 мм² — ДЛИНА НЕ УКАЗАНА, КОНТРОЛЬ | I21: 0 | J21: м | K21: VATAN
A22: 5 | C22: lamb | D22: — | E22: Люстра Л1, 450х200 | I22: 1 | J22: шт. | K22: —
A23: 6 | C23: lamb | D23: — | E23: Люстра Л2, 35х35х110 | I23: 2 | J23: шт. | K23: —
A24: 7 | C24: lamb | D24: — | E24: Люстра Л3, 100х5 | I24: 2 | J24: шт. | K24: —
A25: 8 | C25: opn | D25: — | E25: Устройство защиты от импульсных перенапряжений (ОПН/SPD) — В ПРОЕКТЕ ОТСУТСТВУЕТ, КОНТРОЛЬ | I25: 0 | J25: шт. | K25: ABB OVR

Sheet СВОД
A1: № | B1: Наименование щита | C1: Материалы, KZT | D1: Монтажный материал, KZT | E1: Работа, KZT | F1: Итого за щит, KZT | G1: Кол-во щитов | H1: Всего, KZT
A2: 1 | B2: =BOM!$E$2 -> ЩС — ресторан «Coffee Room» / Runway Kitchen, Международный аэропорт Алматы | C2: =SUM(BOM!H3:H13) -> 335162 | D2: =BOM!H14 -> 10055 | E2: =BOM!H15 -> 19400 | F2: =C2+D2+E2 -> 364617 | G2: 1 | H2: =ROUND(F2*G2,0) -> 364617
B3: ИТОГО | C3: =SUM(C2:C2) -> 335162 | D3: =SUM(D2:D2) -> 10055 | E3: =SUM(E2:E2) -> 19400 | F3: =SUM(F2:F2) -> 364617 | H3: =SUM(H2:H2) -> 364617
B4: ⚠ Позиций без цены (сумма НЕПОЛНАЯ) | C4: =COUNTBLANK(BOM!G3:G13) -> 0
B5: ⚠ Статус суммы | C5: =IF(C4>0,"НЕПОЛНАЯ — см. лист Kurallar","ПОЛНАЯ") -> ПОЛНАЯ

Sheet Kurallar
A1: Parametre | B1: Değer | C1: Birim | D1: Açıklama / Kaynak
A2: FİYAT PARAMETRELERİ (sarı hücreler düzenlenebilir)
A3: EUR/KZT kuru | B3: 545.58 | C3: KZT/EUR | D3: НБ РК 14.07.2026 — ⚠ BOM günündeki kur ile güncellenmeli
A4: ABB liste çarpanı | B4: 1.35 | C4: — | D4: Proje kuralı: liste EUR × 1.35 = F sütunu
A5: ABB net katsayısı (standart ürün) | B5: 0.3 | C5: — | D5: %70 iskonto. Ayarlanabilir/açık tip şalterlerde 0.23 kullanılır — bu projede yok
A6: EKT / IEK / UNIT katsayısı | B6: 1 | C6: — | D6: Yerel liste net fiyattır
A7: Montaj malzemesi oranı | B7: 0.03 | C7: — | D7: Malzeme ara toplamının %3'ü
A8: İşçilik birim fiyatı | B8: 100 | C8: KZT/dk | D8: Sözleşme birim fiyatı
A9: İŞÇİLİK NORMLARI (dakika)
A10: OTO (MCB) 1P | B10: 5 | C10: dk/adet
A11: OTO (MCB) 3P | B11: 8 | C11: dk/adet
A12: DİF / OTO 2P (1P+N) | B12: 10 | C12: dk/adet
A13: Sayaç (direkt bağlantı, trafosuz) | B13: 30 | C13: dk/adet | D13: Trafolu sayaç normu 90 dk
A14: Şina / klemens bloğu | B14: 4 | C14: dk/adet
A15: Kablo kanalı + DIN ray | B15: 5 | C15: dk/m
A16: Korpus hazırlık — küçük pano | B16: 15 | C16: dk | D16: Orta 45 dk / ayaklı 90 dk
A17: Test, etiketleme, kontrol çarpanı | B17: 1.15 | C17: —
A18: TOPLAM İŞÇİLİK | C18: dk | D18: Formül — elle değiştirilmez
B20: =ROUND((B11*BOM!I4 + B10*BOM!I5 + B12*(BOM!I6+BOM!I7+BOM!I8) + B13*BOM!I9 + B14*(BOM!I10+BOM!I11) + B15*(BOM!I12+0.5) + B16)*B17,0) -> 194
A21: UYARILAR VE KONTROL NOTLARI
A22: ⚠ ŞEMA–SPESİFİKASYON UYUŞMAZLIĞI | D22: Onaylı şemada (lист 2): 16A×7 (2,3,5,6,8,9,10QF), 25A×1 (7QF), 32A×1 (4QF). Spesifikasyonda: 16A×6, 25A×2, 32A×1. Toplam her iki kaynakta da 9 adet. ŞEMA ESAS ALINDI. Müşteri teyidi alınmalı.
A23: ⚠ SAYAÇ FİYATI YOK | D23: CE308-S34.746.0G.OYUVLFZ (Энергомера, СПОДЭС) hiçbir fiyat listesinde yok. G sütunu boş bırakıldı — PANO TOPLAMI EKSİKTİR. Tedarikçiden fiyat alınıp G sütununa girilmeli.
A24: ⚠ PARAFUDR (ОПН) YOK | D24: Şemadaki 'СПОДЭС/SPDS' ifadesi sayacın haberleşme protokolüdür, parafudr DEĞİLDİR. Projede ОПН bulunmuyor. Havalimanı tesisi için Tip 2 parafudr (ABB OVR T2) önerilir — müşteri onayı gerekli.
A25: ⚠ MODÜL DOLULUĞU | D25: Kullanılan: 3(giriş)+7(sayaç)+1(OTO 1P)+18(9×DİF 2P) = 29 modül / 36 modül = %80,6. Boş kapasite %19,4 — hedef %20'nin hemen altında. ЩРН-45 (540×365×120, art. 251000283_) önerilir.
A26: ⚠ KORPUS FİYAT FARKI | D26: EKT listesinde ЩРН-36 iki farklı sayfada farklı fiyatta: 'panolar' sekmesi 7 220 KZT, 'Лист1' 9 265 KZT. Yüksek olan (9 265) alındı. Tedarikçiden teyit edilmeli.
A27: ⚠ FİYAT LİSTESİ YAŞLARI | D27: ABB Kasım 2025 (~9 ay) — KULLANILABİLİR. EKT 19.06.2025 (~13,5 ay) — UYARI, güncellenmeli. Klemsan (11.2022), ONKA (07.2022), EKF (02.2022) — YASAK, bu BOM'da kullanılmadı.
A28: ⚠ DÖVİZ KURU | D28: 545,58 KZT/EUR — 14.07.2026 НБ РК. Teklif gününde güncellenmeli (Kurallar!B3).
A29: MUADİL SEÇİMİ — ВА47-29 → ABB S200 | D29: ВА47-29 (4,5 kA) yerine ABB S200 serisi (6 kA) seçildi — üst performans, GOST/IEC 60898 uyumlu.
A30: MUADİL SEÇİMİ — АД-12 → ABB DS201 | D30: АД-12 tip AC diferansiyeldir. ABB DS201 ... AC30 (1P+N, 6 kA, 30 mA, tip AC) seçildi. Tip A istenirse: DS201 C16 A30 / C25 A30 / C32 A30 olarak değiştirilmeli.
A31: TARAK BARA KULLANILMADI | D31: Gruplar 3 faza dağıtıldığı ve cihazlar 1P+N olduğu için tarak bara (PS 2/..) uygun değil. Dağıtım ПуГВ iletken ile yapılır — montaj malzemesi kalemine dahildir.
A32: DIN RAY | D32: ЩРН-36 korpusu DIN ray ile birlikte gelir. Listeye 1 adet 50 cm yedek ray eklendi.
A33: KAPSAM DIŞI KALEMLER | D33: Kablolar (NHXMH) ve aydınlatma armatürleri (люстры) pano kapsamı dışındadır. BOM'da gerçek adetleriyle KONTROL bölümünde listelenmiştir, toplama dahil edilmemiştir.
... A35: KAYNAK BELGELER | D35: 4327_001 Согласованный проект аэропортом — лист 2 (принципиальная схема ЩС, onaylı revizyon) ve лист 1 (спецификация оборудования). Лист 1'deki eski revizyon şema kullanılmadı.
