Workbook

Sheet BOM
A1: ROW | B1: Наименование1 | C1: Tip | D1: Артикул | E1: Номенклатура | F1: Цена (liste, KZT) | G1: Net KZT | H1: Сумма KZT | I1: Qty | J1: Ед.изм. | K1: Завод
A2: 1 | B2: =E2 -> ГРЩ | E2: ГРЩ | I2: 1 | J2: комплект
A3: 2 | C3: korpus | D3: 719-15614 | E3: Мет. Корпус (Пустой) (1700x600x450)+10CM База IP31 | F3: 145000 | G3: =F3*Kurallar!$B$3 -> 145000 | H3: =G3*I3 -> 145000 | I3: 1 | J3: шт | K3: EKT
A4: 3 | C4: TMŞ | D4: Мет. Корпус (Пустой) (1700x600x450)+10CM База IP31 | E4: Авт. выкл. NXM-250S/3Р 250A 36кА — ввод QF0 | F4: 36869 | G4: =F4*Kurallar!$B$2 -> 22121.4 | H4: =G4*I4 -> 22121.4 | I4: 1 | J4: шт | K4: CHINT
A5: 4 | C5: OTO | D5: 816143 | E5: Авт. выкл. NXB-125 3P 125A 10кА х-ка C — ЩСО-1 | F5: 11788 | G5: =F5*Kurallar!$B$2 -> 7072.8 | H5: =G5*I5 -> 7072.8 | I5: 1 | J5: шт | K5: CHINT
A6: 5 | C6: OTO | D6: 813876 | E6: Авт. выкл. NXB-63H 3P 50A 10кА х-ка C — ЩСО-2/ЩСО-3/П1В1/ЩЛ | F6: 11254 | G6: =F6*Kurallar!$B$2 -> 6752.4 | H6: =G6*I6 -> 27009.6 | I6: 4 | J6: шт | K6: CHINT
A7: 6 | C7: OTO | D7: 813875 | E7: Авт. выкл. NXB-63H 3P 40A 10кА х-ка C — ЩСО-0 | F7: 11002 | G7: =F7*Kurallar!$B$2 -> 6601.2 | H7: =G7*I7 -> 6601.2 | I7: 1 | J7: шт | K7: CHINT
A8: 7 | C8: OTO | D8: 813874 | E8: Авт. выкл. NXB-63H 3P 32A 10кА х-ка C — серверная/ЩАО | F8: 11771 | G8: =F8*Kurallar!$B$2 -> 7062.6 | H8: =G8*I8 -> 14125.2 | I8: 2 | J8: шт | K8: CHINT
A9: 8 | C9: OTO | D9: 813873 | E9: Авт. выкл. NXB-63H 3P 25A 10кА х-ка C — ЩУН | F9: 10552 | G9: =F9*Kurallar!$B$2 -> 6331.2 | H9: =G9*I9 -> 6331.2 | I9: 1 | J9: шт | K9: CHINT
A10: 9 | C10: OTO | D10: 814019 | E10: Авт. выкл. NXB-63 1P 50A 6кА х-ка C — МГН подъемник (⚠ проектная ошибка кабеля) | F10: 1550 | G10: =F10*Kurallar!$B$2 -> 930 | H10: =G10*I10 -> 930 | I10: 1 | J10: шт | K10: CHINT
A11: 10 | C11: DİF | D11: 515381 | E11: Диф. авт. выкл. NXBLE-63YH 1P+N C16 30mA тип A, 6kA (R) | F11: 5104 | G11: =F11*Kurallar!$B$2 -> 3062.4 | H11: =G11*I11 -> 3062.4 | I11: 1 | J11: шт | K11: CHINT
A12: 11 | C12: OTO | D12: 814013 | E12: Авт. выкл. NXB-63 1P 10A 6кА х-ка C — обогрев воронок (комб. с УЗО) | F12: 1362 | G12: =F12*Kurallar!$B$2 -> 817.2 | H12: =G12*I12 -> 817.2 | I12: 1 | J12: шт | K12: CHINT
A13: 12 | C13: sayac | D13: IA | E13: ДАЛА СА4У-Э720 R TX OP П RS1 Д W (3x220/380V 5-7,5A) | F13: 95000 | G13: =F13*Kurallar!$B$4 -> 95000 | H13: =G13*I13 -> 95000 | I13: 1 | J13: шт | K13: Saiman
A14: 13 | C14: tt | D14: TJ | E14: Трансформатор тока ТОП-0,66 кл.0,5 200/5A (⚠ на схеме 400/5, ПУЭ→200/5) | F14: 6500 | G14: =F14*Kurallar!$B$4 -> 6500 | H14: =G14*I14 -> 39000 | I14: 6 | J14: шт | K14: ekf
A15: 14 | C15: ampermetr | D15: 130300999_ | E15: Амперметр Э47 400/5А кл. точн. 1,5 96х96мм IEK !!! | F15: 4800 | G15: =F15*Kurallar!$B$3 -> 4800 | H15: =G15*I15 -> 14400 | I15: 3 | J15: шт | K15: IEK
A16: 15 | C16: voltmetr | D16: 130301016_ | E16: Вольтметр Э47 500В кл. точн. 1,5 72х72 IEK (1/100) | F16: 4806 | G16: =F16*Kurallar!$B$3 -> 4806 | H16: =G16*I16 -> 4806 | I16: 1 | J16: шт | K16: IEK
A17: 16 | C17: LOOBAR | D17: 130300554_ | E17: Шина медн. 4х30х4000 — ана бара Cu (ПУЭ 1.3.31, 250А) | F17: 8329 | G17: =F17*Kurallar!$B$3 -> 8329 | H17: =G17*I17 -> 8329 | I17: 1 | J17: шт | K17: EKT
A18: 17 | C18: Klemens | D18: 130301154_ | E18: ЗНИ 6мм² серый UNIT — ölçü/kumanda | F18: 111 | G18: =F18*Kurallar!$B$3 -> 111 | H18: =G18*I18 -> 1332 | I18: 12 | J18: шт | K18: UNIT
A19: 18 | C19: bara | D19: 130300473_ | E19: Шина медн.3х20х4000 | F19: 5538 | G19: =F19*Kurallar!$B$3 -> 5538 | H19: =G19*I19 -> 44304 | I19: 8 | J19: M. | K19: pys
A20: 21 | C20: montajный материал | D20: montajный материал | E20: Монтажный материал (наконечники, маркировка, провод, крепёж) | G20: 30000 | H20: =G20*I20 -> 30000 | I20: 1 | J20: компл. | K20: montajный материал
A21: 22 | C21: montajная работа | D21: montajная работа | E21: Монтажная работа (сборка, маркировка, тест) — Qty=dakika | F21: =I21/60 -> 7.1 | G21: =Kurallar!$B$6 -> 100 | H21: =G21*I21 -> 42600 | I21: =ROUND((33*Kurallar!$B$8+1*Kurallar!$B$9+1*Kurallar!$B$10+3*Kurallar!$B$11+4*Kurallar!$B$12+12*Kurallar!$B$14+2*Kurallar!$B$15+3*Kurallar!$B$17+10*Kurallar!$B$18+1.5*Kurallar!$B$19+1*Kurallar!$B$20)*Kurallar!$B$21,0) -> 426 | J21: дк | K21: montajная работа
A22: 23 | B22: Toplam ГРЩ | H22: =SUBTOTAL(9,H3:H21) -> 512842
A23: 24 | B23: =E23 -> ЩСО-0 | E23: ЩСО-0 | I23: 1 | J23: комплект
A24: 25 | C24: korpus | D24: 713-15010 | E24: Pano met.ShRv-24b/o(320х405х120)S/A36IP31(TS) | F24: 16500 | G24: =F24*Kurallar!$B$3 -> 16500 | H24: =G24*I24 -> 16500 | I24: 1 | J24: шт | K24: EKT
A25: 26 | C25: OTO | D25: 813874 | E25: Авт. выкл. NXB-63H 3P 32A 10кА х-ка C — ввод QF0 | F25: 11771 | G25: =F25*Kurallar!$B$2 -> 7062.6 | H25: =G25*I25 -> 7062.6 | I25: 1 | J25: шт | K25: CHINT
A26: 27 | C26: OTO | D26: 814040 | E26: Авт. выкл. NXB-63 1P 16A 6кА х-ка B — освещение Гр.0.1–0.2 | F26: 1419 | G26: =F26*Kurallar!$B$2 -> 851.4 | H26: =G26*I26 -> 1702.8 | I26: 2 | J26: шт | K26: CHINT
A27: 28 | C27: OTO | D27: 814038 | E27: Авт. выкл. NXB-63 1P 6A 6кА х-ка B — ЯТП | F27: 1419 | G27: =F27*Kurallar!$B$2 -> 851.4 | H27: =G27*I27 -> 851.4 | I27: 1 | J27: шт | K27: CHINT
A28: 29 | C28: DİF | D28: 515395 | E28: Диф. авт. выкл. NXBLE-63YH 1P+N C25 30mA тип A, 6kA (R) — розет. Гр.0.1–0.4 (комб.) | F28: 5069 | G28: =F28*Kurallar!$B$2 -> 3041.4 | H28: =G28*I28 -> 12165.6 | I28: 4 | J28: шт | K28: CHINT
A29: 30 | C29: OTO | D29: 814016 | E29: Авт. выкл. NXB-63 1P 25A 6кА х-ка C (комб. с УЗО) | F29: 1330 | G29: =F29*Kurallar!$B$2 -> 798 | H29: =G29*I29 -> 3192 | I29: 4 | J29: шт | K29: CHINT
A30: 36 | C30: montajный материал | E30: Монтажный материал (наконечники, маркировка, провод, крепёж) | G30: =ROUND(Kurallar!$B$5*SUM(H24:H29),0) -> 1244 | H30: =G30*I30 -> 1244 | I30: 1 | J30: компл. | K30: —
A31: 37 | C31: montajная работа | E31: Монтажная работа (сборка, маркировка, тест) — Qty=dakika | F31: =I31/60 -> 3.2666667 | G31: =Kurallar!$B$6 -> 100 | H31: =G31*I31 -> 19600 | I31: =ROUND((18*Kurallar!$B$8+21*Kurallar!$B$14+2*Kurallar!$B$15+1*Kurallar!$B$16+2*Kurallar!$B$17+4*Kurallar!$B$18+1*Kurallar!$B$19)*Kurallar!$B$21,0) -> 196 | J31: дк | K31: —
A32: 38 | B32: Toplam ЩСО-0 | H32: =SUBTOTAL(9,H24:H31) -> 62318.4
A33: 39 | B33: =E33 -> ЩСО-1 | E33: ЩСО-1 | I33: 1 | J33: комплект
A34: 40 | C34: korpus | D34: 713-15024 | E34: ЩРВ- 72 (670x450x125) (TS) | F34: 24490 | G34: =F34*Kurallar!$B$3 -> 24490 | H34: =G34*I34 -> 24490 | I34: 1 | J34: шт | K34: EKT
A35: 41 | C35: OTO | D35: 816143 | E35: Авт. выкл. NXB-125 3P 125A 10кА х-ка C — ввод QF0 | F35: 11788 | G35: =F35*Kurallar!$B$2 -> 7072.8 | H35: =G35*I35 -> 7072.8 | I35: 1 | J35: шт | K35: CHINT
A36: 42 | C36: OTO | D36: 814040 | E36: Авт. выкл. NXB-63 1P 16A 6кА х-ка B — QF1/QF2/QF16 освещение | F36: 1419 | G36: =F36*Kurallar!$B$2 -> 851.4 | H36: =G36*I36 -> 2554.2 | I36: 3 | J36: шт | K36: CHINT
A37: 43 | C37: OTO | D37: 814039 | E37: Авт. выкл. NXB-63 1P 10A 6кА х-ка B — QF10 | F37: 1419 | G37: =F37*Kurallar!$B$2 -> 851.4 | H37: =G37*I37 -> 851.4 | I37: 1 | J37: шт | K37: CHINT
A38: 44 | C38: DİF | D38: 515395 | E38: Диф. авт. выкл. NXBLE-63YH 1P+N C25 30mA тип A, 6kA (R)C — розет. группы (комб.) | F38: 5069 | G38: =F38*Kurallar!$B$2 -> 3041.4 | H38: =G38*I38 -> 18248.4 | I38: 6 | J38: шт | K38: CHINT
A39: 45 | C39: OTO | D39: 814016 | E39: Авт. выкл. NXB-63 1P 25A 6кА х-ка C (комб. с УЗО) | F39: 1330 | G39: =F39*Kurallar!$B$2 -> 798 | H39: =G39*I39 -> 4788 | I39: 6 | J39: шт | K39: CHINT
A40: 46 | C40: OTO | D40: 814170 | E40: Авт. выкл. NXB-63 3P 16A 6кА х-ка C — QF7 (К1) | F40: 5462 | G40: =F40*Kurallar!$B$2 -> 3277.2 | H40: =G40*I40 -> 3277.2 | I40: 1 | J40: шт | K40: CHINT
A41: 47 | C41: OTO | D41: 814173 | E41: Авт. выкл. NXB-63 3P 32A 6кА х-ка C — QF8×2, QF9 (РН47) | F41: 6060 | G41: =F41*Kurallar!$B$2 -> 3636 | H41: =G41*I41 -> 10908 | I41: 3 | J41: шт | K41: CHINT
A42: 48 | C42: OTO | D42: 814016 | E42: Авт. выкл. NXB-63 1P 25A 6кА х-ка C — QF13 (РН47) | F42: 1330 | G42: =F42*Kurallar!$B$2 -> 798 | H42: =G42*I42 -> 798 | I42: 1 | J42: шт | K42: CHINT
A43: 49 | C43: OTO | D43: 814014 | E43: Авт. выкл. NXB-63 1P 16A 6кА х-ка C — QF14/QF15 (РН47) | F43: 1389 | G43: =F43*Kurallar!$B$2 -> 833.4 | H43: =G43*I43 -> 1666.8 | I43: 2 | J43: шт | K43: CHINT
A44: 50 | C44: Röle | D44: 814989 | E44: Независимый расцепитель SHT-X1 AC230V для NXB-63 — РН47 | F44: 5354 | G44: =F44*Kurallar!$B$2 -> 3212.4 | H44: =G44*I44 -> 12849.6 | I44: 4 | J44: шт | K44: CHINT
A45: 51 | C45: Klemens | D45: 130301153_ | E45: ЗНИ 4мм² серый UNIT | F45: 90 | G45: =F45*Kurallar!$B$3 -> 90 | H45: =G45*I45 -> 1890 | I45: 21 | J45: шт | K45: UNIT
A46: 52 | C46: Klemens | D46: 130301154_ | E46: ЗНИ 6мм² серый UNIT | F46: 111 | G46: =F46*Kurallar!$B$3 -> 111 | H46: =G46*I46 -> 2220 | I46: 20 | J46: шт | K46: UNIT
A47: 53 | C47: Klemens | D47: 130200007_ | E47: Шина N/PE ШНИ 6х9 14/2 | F47: 494 | G47: =F47*Kurallar!$B$3 -> 494 | H47: =G47*I47 -> 988 | I47: 2 | J47: шт | K47: IEK
A48: 57 | C48: montajный материал | E48: Монтажный материал (наконечники, маркировка, провод, крепёж) | G48: =ROUND(Kurallar!$B$5*SUM(H34:H47),0) -> 2778 | H48: =G48*I48 -> 2778 | I48: 1 | J48: компл. | K48: —
A49: 58 | C49: montajная работа | E49: Монтажная работа (сборка, маркировка, тест) — Qty=dakika | F49: =I49/60 -> 5.9833333 | G49: =Kurallar!$B$6 -> 100 | H49: =G49*I49 -> 35900 | I49: =ROUND((46*Kurallar!$B$8+4*Kurallar!$B$13+41*Kurallar!$B$14+2*Kurallar!$B$15+1*Kurallar!$B$16+3*Kurallar!$B$17+8*Kurallar!$B$18+1*Kurallar!$B$19)*Kurallar!$B$21,0) -> 359 | J49: дк | K49: —
A50: 59 | B50: Toplam ЩСО-1 | H50: =SUBTOTAL(9,H34:H49) -> 131280.4
A51: 60 | B51: =E51 -> ЩСО-2 | E51: ЩСО-2 | I51: 1 | J51: комплект
A52: 61 | C52: korpus | D52: 713-15022 | E52: ЩРВ- 45 (550x375x120) (TS) | F52: 22000 | G52: =F52*Kurallar!$B$3 -> 22000 | H52: =G52*I52 -> 22000 | I52: 1 | J52: шт | K52: EKT
A53: 62 | C53: OTO | D53: 813875 | E53: Авт. выкл. NXB-63H 3P 40A 10кА х-ка C — ввод QF0 | F53: 11002 | G53: =F53*Kurallar!$B$2 -> 6601.2 | H53: =G53*I53 -> 6601.2 | I53: 1 | J53: шт | K53: CHINT
A54: 63 | C54: OTO | D54: 814040 | E54: Авт. выкл. NXB-63 1P 16A 6кА х-ка B — QF1/QF2 освещение | F54: 1419 | G54: =F54*Kurallar!$B$2 -> 851.4 | H54: =G54*I54 -> 1702.8 | I54: 2 | J54: шт | K54: CHINT
A55: 64 | C55: DİF | D55: 515395 | E55: Диф. авт. выкл. NXBLE-63YH 1P+N C25 30mA тип A, 6kA (R) — розет. Гр.2.1–2.7 + 2 резерв (комб.) | F55: 5069 | G55: =F55*Kurallar!$B$2 -> 3041.4 | H55: =G55*I55 -> 27372.6 | I55: 9 | J55: шт | K55: CHINT
A56: 65 | C56: OTO | D56: 814016 | E56: Авт. выкл. NXB-63 1P 25A 6кА х-ка C (комб. с УЗО) | F56: 1330 | G56: =F56*Kurallar!$B$2 -> 798 | H56: =G56*I56 -> 7182 | I56: 9 | J56: шт | K56: CHINT
A57: 66 | C57: OTO | D57: 814014 | E57: Авт. выкл. NXB-63 1P 16A 6кА х-ка C — QF10 | F57: 1389 | G57: =F57*Kurallar!$B$2 -> 833.4 | H57: =G57*I57 -> 833.4 | I57: 1 | J57: шт | K57: CHINT
A58: 67 | C58: OTO | D58: 814039 | E58: Авт. выкл. NXB-63 1P 10A 6кА х-ка B — QF11 | F58: 1419 | G58: =F58*Kurallar!$B$2 -> 851.4 | H58: =G58*I58 -> 851.4 | I58: 1 | J58: шт | K58: CHINT
A59: 68 | C59: Klemens | D59: 130301153_ | E59: ЗНИ 4мм² серый UNIT | F59: 90 | G59: =F59*Kurallar!$B$3 -> 90 | H59: =G59*I59 -> 3510 | I59: 39 | J59: шт | K59: UNIT
A60: 69 | C60: Klemens | D60: 130200007_ | E60: Шина N/PE ШНИ 6х9 14/2 | F60: 494 | G60: =F60*Kurallar!$B$3 -> 494 | H60: =G60*I60 -> 988 | I60: 2 | J60: шт | K60: IEK
A61: 73 | C61: montajный материал | E61: Монтажный материал (наконечники, маркировка, провод, крепёж) | G61: =ROUND(Kurallar!$B$5*SUM(H52:H60),0) -> 2131 | H61: =G61*I61 -> 2131 | I61: 1 | J61: компл. | K61: —
A62: 74 | C62: montajная работа | E62: Монтажная работа (сборка, маркировка, тест) — Qty=dakika | F62: =I62/60 -> 4.8333333 | G62: =Kurallar!$B$6 -> 100 | H62: =G62*I62 -> 29000 | I62: =ROUND((35*Kurallar!$B$8+39*Kurallar!$B$14+2*Kurallar!$B$15+1*Kurallar!$B$16+3*Kurallar!$B$17+6*Kurallar!$B$18+1*Kurallar!$B$19)*Kurallar!$B$21,0) -> 290 | J62: дк | K62: —
A63: 75 | B63: Toplam ЩСО-2 | H63: =SUBTOTAL(9,H52:H62) -> 102172.4
A64: 76 | B64: =E64 -> ЩСО-3 | E64: ЩСО-3 | I64: 1 | J64: комплект
A65: 77 | C65: korpus | D65: 713-15022 | E65: ЩРВ- 45 (550x375x120) (TS) | F65: 22000 | G65: =F65*Kurallar!$B$3 -> 22000 | H65: =G65*I65 -> 22000 | I65: 1 | J65: шт | K65: EKT
A66: 78 | C66: OTO | D66: 813875 | E66: Авт. выкл. NXB-63H 3P 40A 10кА х-ка C — ввод QF0 | F66: 11002 | G66: =F66*Kurallar!$B$2 -> 6601.2 | H66: =G66*I66 -> 6601.2 | I66: 1 | J66: шт | K66: CHINT
A67: 79 | C67: OTO | D67: 814040 | E67: Авт. выкл. NXB-63 1P 16A 6кА х-ка B — QF1/QF2 освещение | F67: 1419 | G67: =F67*Kurallar!$B$2 -> 851.4 | H67: =G67*I67 -> 1702.8 | I67: 2 | J67: шт | K67: CHINT
A68: 80 | C68: DİF | D68: 515395 | E68: Диф. авт. выкл. NXBLE-63YH 1P+N C25 30mA тип A, 6kA (R) — розет. Гр.3.1–3.7 + 2 резерв (комб.) | F68: 5069 | G68: =F68*Kurallar!$B$2 -> 3041.4 | H68: =G68*I68 -> 27372.6 | I68: 9 | J68: шт | K68: CHINT
A69: 81 | C69: OTO | D69: 814016 | E69: Авт. выкл. NXB-63 1P 25A 6кА х-ка C (комб. с УЗО) | F69: 1330 | G69: =F69*Kurallar!$B$2 -> 798 | H69: =G69*I69 -> 7182 | I69: 9 | J69: шт | K69: CHINT
A70: 82 | C70: OTO | D70: 814014 | E70: Авт. выкл. NXB-63 1P 16A 6кА х-ка C — QF10 (РН47, кондиционеры) | F70: 1389 | G70: =F70*Kurallar!$B$2 -> 833.4 | H70: =G70*I70 -> 833.4 | I70: 1 | J70: шт | K70: CHINT
A71: 83 | C71: OTO | D71: 814039 | E71: Авт. выкл. NXB-63 1P 10A 6кА х-ка B — QF11 | F71: 1419 | G71: =F71*Kurallar!$B$2 -> 851.4 | H71: =G71*I71 -> 851.4 | I71: 1 | J71: шт | K71: CHINT
A72: 84 | C72: Röle | D72: 814989 | E72: Независимый расцепитель SHT-X1 AC230V для NXB-63 — РН47 | F72: 5354 | G72: =F72*Kurallar!$B$2 -> 3212.4 | H72: =G72*I72 -> 3212.4 | I72: 1 | J72: шт | K72: CHINT
A73: 85 | C73: Klemens | D73: 130301153_ | E73: ЗНИ 4мм² серый UNIT | F73: 90 | G73: =F73*Kurallar!$B$3 -> 90 | H73: =G73*I73 -> 3510 | I73: 39 | J73: шт | K73: UNIT
A74: 86 | C74: Klemens | D74: 130200007_ | E74: Шина N/PE ШНИ 6х9 14/2 | F74: 494 | G74: =F74*Kurallar!$B$3 -> 494 | H74: =G74*I74 -> 988 | I74: 2 | J74: шт | K74: IEK
A75: 90 | C75: montajный материал | E75: Монтажный материал (наконечники, маркировка, провод, крепёж) | G75: =ROUND(Kurallar!$B$5*SUM(H65:H74),0) -> 2228 | H75: =G75*I75 -> 2228 | I75: 1 | J75: компл. | K75: —
A76: 91 | C76: montajная работа | E76: Монтажная работа (сборка, маркировка, тест) — Qty=dakika | F76: =I76/60 -> 4.9833333 | G76: =Kurallar!$B$6 -> 100 | H76: =G76*I76 -> 29900 | I76: =ROUND((36*Kurallar!$B$8+1*Kurallar!$B$13+39*Kurallar!$B$14+2*Kurallar!$B$15+1*Kurallar!$B$16+3*Kurallar!$B$17+6*Kurallar!$B$18+1*Kurallar!$B$19)*Kurallar!$B$21,0) -> 299 | J76: дк | K76: —
A77: 92 | B77: Toplam ЩСО-3 | H77: =SUBTOTAL(9,H65:H76) -> 106381.8
A78: 93 | B78: =E78 -> ЩАО | E78: ЩАО | I78: 1 | J78: комплект
A79: 94 | C79: korpus | D79: 713-15007 | E79: Pano met.ShRv-1/18b/o(450х277х120)S/AIP31(TS) | F79: 15460 | G79: =F79*Kurallar!$B$3 -> 15460 | H79: =G79*I79 -> 15460 | I79: 1 | J79: шт | K79: EKT
A80: 95 | C80: OTO | D80: 813873 | E80: Авт. выкл. NXB-63H 3P 25A 10кА х-ка C — ввод QF0 | F80: 10552 | G80: =F80*Kurallar!$B$2 -> 6331.2 | H80: =G80*I80 -> 6331.2 | I80: 1 | J80: шт | K80: CHINT
A81: 96 | C81: OTO | D81: 814040 | E81: Авт. выкл. NXB-63 1P 16A 6кА х-ка B — Гр.А0–А3 авар. освещение | F81: 1419 | G81: =F81*Kurallar!$B$2 -> 851.4 | H81: =G81*I81 -> 3405.6 | I81: 4 | J81: шт | K81: CHINT
A82: 97 | C82: OTO | D82: 814012 | E82: Авт. выкл. NXB-63 1P 6A 6кА х-ка C — оборуд. пож. автоматики | F82: 1436 | G82: =F82*Kurallar!$B$2 -> 861.6 | H82: =G82*I82 -> 861.6 | I82: 1 | J82: шт | K82: CHINT
A83: 98 | C83: OTO | D83: 814039 | E83: Авт. выкл. NXB-63 1P 10A 6кА х-ка B — резерв ×3 | F83: 1419 | G83: =F83*Kurallar!$B$2 -> 851.4 | H83: =G83*I83 -> 2554.2 | I83: 3 | J83: шт | K83: CHINT
A84: 99 | C84: Klemens | D84: 130301153_ | E84: ЗНИ 4мм² серый UNIT | F84: 90 | G84: =F84*Kurallar!$B$3 -> 90 | H84: =G84*I84 -> 2160 | I84: 24 | J84: шт | K84: UNIT
A85: 100 | C85: Klemens | D85: 130200007_ | E85: Шина N/PE ШНИ 6х9 14/2 | F85: 494 | G85: =F85*Kurallar!$B$3 -> 494 | H85: =G85*I85 -> 988 | I85: 2 | J85: шт | K85: IEK
A86: 104 | C86: montajный материал | E86: Монтажный материал (наконечники, маркировка, провод, крепёж) | G86: =ROUND(Kurallar!$B$5*SUM(H79:H85),0) -> 953 | H86: =G86*I86 -> 953 | I86: 1 | J86: компл. | K86: —
A87: 105 | C87: montajная работа | E87: Монтажная работа (сборка, маркировка, тест) — Qty=dakika | F87: =I87/60 -> 3.0833333 | G87: =Kurallar!$B$6 -> 100 | H87: =G87*I87 -> 18500 | I87: =ROUND((11*Kurallar!$B$8+24*Kurallar!$B$14+2*Kurallar!$B$15+1*Kurallar!$B$16+2*Kurallar!$B$17+4*Kurallar!$B$18+1*Kurallar!$B$19)*Kurallar!$B$21,0) -> 185 | J87: дк | K87: —
A88: 106 | B88: Toplam ЩАО | H88: =SUBTOTAL(9,H79:H87) -> 51213.6
A89: 107 | B89: =E89 -> ЩЛ | E89: ЩЛ | I89: 1 | J89: комплект
A90: 108 | C90: korpus | D90: 251000278_ | E90: Корпус ЩРН-18 (265x440x120) EKT — навесной, маш. помещение | F90: 6720 | G90: =F90*Kurallar!$B$3 -> 6720 | H90: =G90*I90 -> 6720 | I90: 1 | J90: шт | K90: EKT
A91: 109 | C91: OTO | D91: 814187 | E91: Авт. выкл. NXB-63 3P 40A 6кА х-ка D — ввод QF0 (⚠ 10кА D stokta yok) | F91: 6271 | G91: =F91*Kurallar!$B$2 -> 3762.6 | H91: =G91*I91 -> 3762.6 | I91: 1 | J91: шт | K91: CHINT
A92: 110 | C92: OTO | D92: 814185 | E92: Авт. выкл. NXB-63 3P 25A 6кА х-ка D — ВУЛ-1 лифт | F92: 5750 | G92: =F92*Kurallar!$B$2 -> 3450 | H92: =G92*I92 -> 3450 | I92: 1 | J92: шт | K92: CHINT
A93: 111 | C93: OTO | D93: 814038 | E93: Авт. выкл. NXB-63 1P 6A 6кА х-ка B — QF3/QF4 | F93: 1419 | G93: =F93*Kurallar!$B$2 -> 851.4 | H93: =G93*I93 -> 1702.8 | I93: 2 | J93: шт | K93: CHINT
A94: 112 | C94: OTO | D94: 814040 | E94: Авт. выкл. NXB-63 1P 16A 6кА х-ка B — резерв QF8 | F94: 1419 | G94: =F94*Kurallar!$B$2 -> 851.4 | H94: =G94*I94 -> 851.4 | I94: 1 | J94: шт | K94: CHINT
A95: 113 | C95: OTO | D95: 814039 | E95: Авт. выкл. NXB-63 1P 10A 6кА х-ка B — QF9 освещение шахты | F95: 1419 | G95: =F95*Kurallar!$B$2 -> 851.4 | H95: =G95*I95 -> 851.4 | I95: 1 | J95: шт | K95: CHINT
A96: 114 | C96: OTO | D96: 814014 | E96: Авт. выкл. NXB-63 1P 16A 6кА х-ка C — резерв QF7 | F96: 1389 | G96: =F96*Kurallar!$B$2 -> 833.4 | H96: =G96*I96 -> 833.4 | I96: 1 | J96: шт | K96: CHINT
A97: 115 | C97: Klemens | D97: 130301153_ | E97: ЗНИ 4мм² серый UNIT | F97: 90 | G97: =F97*Kurallar!$B$3 -> 90 | H97: =G97*I97 -> 1350 | I97: 15 | J97: шт | K97: UNIT
A98: 116 | C98: Klemens | D98: 130301154_ | E98: ЗНИ 6мм² серый UNIT | F98: 111 | G98: =F98*Kurallar!$B$3 -> 111 | H98: =G98*I98 -> 555 | I98: 5 | J98: шт | K98: UNIT
A99: 117 | C99: Klemens | D99: 130200007_ | E99: Шина N/PE ШНИ 6х9 14/2 | F99: 494 | G99: =F99*Kurallar!$B$3 -> 494 | H99: =G99*I99 -> 988 | I99: 2 | J99: шт | K99: IEK
A100: 120 | C100: montajный материал | E100: Монтажный материал (наконечники, маркировка, провод, крепёж) | G100: =ROUND(Kurallar!$B$5*SUM(H90:H99),0) -> 632 | H100: =G100*I100 -> 632 | I100: 1 | J100: компл. | K100: —
...

Sheet СВОД
A1: № | B1: Пано | C1: Компл. | D1: 1 компл. maliyeti (KZT) | E1: Toplam (KZT) | F1: 2.3
A2: 1 | B2: ГРЩ | C2: 1 | D2: =BOM!H22 -> 512842 | E2: =C2*D2 -> 512842 | F2: =2.3*D2 -> 1179536.6
A3: 2 | B3: ЩСО-0 | C3: 1 | D3: =BOM!H32 -> 62318.4 | E3: =C3*D3 -> 62318.4 | F3: =2.3*D3 -> 143332.32
A4: 3 | B4: ЩСО-1 | C4: 1 | D4: =BOM!H50 -> 131280.4 | E4: =C4*D4 -> 131280.4 | F4: =2.3*D4 -> 301944.92
A5: 4 | B5: ЩСО-2 | C5: 1 | D5: =BOM!H63 -> 102172.4 | E5: =C5*D5 -> 102172.4 | F5: =2.3*D5 -> 234996.52
A6: 5 | B6: ЩСО-3 | C6: 1 | D6: =BOM!H77 -> 106381.8 | E6: =C6*D6 -> 106381.8 | F6: =2.3*D6 -> 244678.14
A7: 6 | B7: ЩАО | C7: 1 | D7: =BOM!H88 -> 51213.6 | E7: =C7*D7 -> 51213.6 | F7: =2.3*D7 -> 117791.28
A8: 7 | B8: ЩЛ | C8: 1 | D8: =BOM!H102 -> 38896.6 | E8: =C8*D8 -> 38896.6 | F8: =2.3*D8 -> 89462.18
A9: 8 | B9: ЯТП-12/250 | C9: 2 | D9: =BOM!H105 -> 21863 | E9: =C9*D9 -> 43726 | F9: =2.3*D9 -> 50284.9
B10: GENEL TOPLAM | E10: =SUM(E2:E9) -> 1048831.2

Sheet Kurallar
A1: Katsayı / Norm | B1: Değer | C1: Açıklama
A2: CHINT net katsayı | B2: 0.6 | C2: Liste KZT × 0.60 (%40 isk.) — 260613 CHINT listesi (13.06.2026)
A3: EKT/IEK/UNIT net katsayı | B3: 1 | C3: EKT 19.06.2025 (~13 ay) ⚠ ikaz: fiyatlar güncellenmeli
A4: Saiman net katsayı | B4: 1 | C4: Saiman 2026 listesi
A5: Montaj malzeme % | B5: 0.03 | C5: Pano malzeme toplamının %3ü
A6: İşçilik KZT/dk | B6: 100 | C6: G sütunu işçilik satırında
A7: --- İşçilik zaman normları --- | C7: Dakika; I sütunu = toplam dk
A8: Modüler cihaz dk/modül | B8: 2.5 | C8: OTO/DİF(UZO+OTO)/NXB-125
A9: TMŞ (MCCB) dk/adet | B9: 30 | C9: NXM
A10: Sayaç dk/adet | B10: 20
A11: TT dk/adet | B11: 10
A12: PA/PV dk/adet | B12: 10
A13: SHT bobin dk/adet | B13: 7 | C13: РН47 muadili
A14: Klemens dk/adet | B14: 2
A15: N/PE şina dk/adet | B15: 7
A16: Tarak bara dk/adet | B16: 5 | C16: PIN
A17: DIN ray dk/metre | B17: 5
A18: Kanal dk/metre | B18: 5
A19: Korpus hazırlık dk | B19: 60 | C19: ГРЩ ×1.5
A20: Cu bara işleme dk/çubuk | B20: 30
A21: Test/etiket katsayısı | B21: 1
A24: FİYAT KAYNAKLARI:
A25: CHINT: 260613_chint_Остатки...xlsx (13.06.2026, KZT) — GÜNCEL ✅
A26: EKT: 19062025_EKT_PRICE.xlsx (19.06.2025, KZT) — ~13 AY ⚠ ikaz ile kullanıldı
A27: Saiman: САЙМАН_2026_прайс (2026, KZT) — GÜNCEL ✅
A28: Tüm fiyatlar KZT — kur hücresi gerekmez.
A30: NOT: CHINT stok listesinde АВДТ (difavtomat) yok → DİF = УЗО NXL-63 1P+N 30mA + OTO NXB-63 1P kombinasyonu (3 modül).
A31: NOT: ЩЛ ввод 40A D 10kA stokta yok → NXB-63 3P D40 6kA kullanıldı (alternatif: NXM-125S/3P 40A).
A32: NOT: TT 200/5 (ПУЭ 1.5.17 hesabı); şema sembolü 400/5 — çelişki, hesap 200/5 doğruluyor.
