Workbook

Sheet BOM
A1: ROW | B1: Наименование1 | C1: Тип | D1: Артикул | E1: Номенклатура | F1: Цена (лист×1,35) | G1: Цена нетто KZT | H1: Сумма KZT | I1: Кол-во | J1: Ед.изм. | K1: Завод | L1: малз (сумма) | M1: мал группа | N1: srk euro | O1: oguzhan | P1: ЛИСТ (источник) | Q1: Валюта
A2: 1 | B2: =E2 -> ЩАВР De-icing (AVR POWER PANEL) | E2: ЩАВР De-icing (AVR POWER PANEL) | I2: 1 | J2: комплект
A3: 2 | C3: korpus | D3: 719-15923 | E3: Мет. Щит ВРУ (2000x800x600)+10 база (TS) | F3: =IFERROR(P3*INDEX(Kurallar!$B$21:$B$28,MATCH(K3,Kurallar!$A$21:$A$28,0)),"") -> 148675 | G3: =IFERROR(F3*INDEX(Kurallar!$C$21:$C$28,MATCH(K3,Kurallar!$A$21:$A$28,0))*INDEX(Kurallar!$B$15:$B$17,MATCH(Q3,Kurallar!$A$15:$A$17,0)),"") -> 148675 | H3: =IF(OR(G3="",I3=""),"",G3*I3) -> 148675 | I3: 1 | J3: шт | K3: KAZTEK | L3: =IF(H3="","",H3) -> 148675 | M3: Корпус | N3: =IF(H3="","",H3/Kurallar!$B$16) -> 277.0944 | P3: 148675 | Q3: KZT
A4: 3 | C4: TMŞ | D4: 1SDA100385R1 | E4: Выключатель автоматический XT5N 400 TMA In=400A InN=100% 4P, Icu 36кА | F4: =IFERROR(P4*INDEX(Kurallar!$B$21:$B$28,MATCH(K4,Kurallar!$A$21:$A$28,0)),"") -> 2443.5 | G4: =IFERROR(F4*INDEX(Kurallar!$C$21:$C$28,MATCH(K4,Kurallar!$A$21:$A$28,0))*INDEX(Kurallar!$B$15:$B$17,MATCH(Q4,Kurallar!$A$15:$A$17,0)),"") -> 393317.98 | H4: =IF(OR(G4="",I4=""),"",G4*I4) -> 786635.95 | I4: 2 | J4: шт | K4: ABB | L4: =IF(H4="","",H4) -> 786635.95 | M4: Аппараты защиты | N4: =IF(H4="","",H4/Kurallar!$B$16) -> 1466.1 | P4: 1810 | Q4: EUR
A5: 4 | C5: rubilnik | D5: 1SCA022847R3250 | E5: Переключатель нагрузки автоматический (АВР) OTM400E4CM230C 400А 4P | F5: =IFERROR(P5*INDEX(Kurallar!$B$21:$B$28,MATCH(K5,Kurallar!$A$21:$A$28,0)),"") -> 5325.75 | G5: =IFERROR(F5*INDEX(Kurallar!$C$21:$C$28,MATCH(K5,Kurallar!$A$21:$A$28,0))*INDEX(Kurallar!$B$15:$B$17,MATCH(Q5,Kurallar!$A$15:$A$17,0)),"") -> 857259.35 | H5: =IF(OR(G5="",I5=""),"",G5*I5) -> 857259.35 | I5: 1 | J5: шт | K5: ABB | L5: =IF(H5="","",H5) -> 857259.35 | M5: Аппараты защиты | N5: =IF(H5="","",H5/Kurallar!$B$16) -> 1597.725 | P5: 3945 | Q5: EUR
A6: 5 | C6: TMŞ | D6: 1SDA067418R1 | E6: Выключатель автоматический XT1N 160 TMD In=160A 3P, Icu 36кА — AFL Mast | F6: =IFERROR(P6*INDEX(Kurallar!$B$21:$B$28,MATCH(K6,Kurallar!$A$21:$A$28,0)),"") -> 429.165 | G6: =IFERROR(F6*INDEX(Kurallar!$C$21:$C$28,MATCH(K6,Kurallar!$A$21:$A$28,0))*INDEX(Kurallar!$B$15:$B$17,MATCH(Q6,Kurallar!$A$15:$A$17,0)),"") -> 69080.544 | H6: =IF(OR(G6="",I6=""),"",G6*I6) -> 69080.544 | I6: 1 | J6: шт | K6: ABB | L6: =IF(H6="","",H6) -> 69080.544 | M6: Аппараты защиты | N6: =IF(H6="","",H6/Kurallar!$B$16) -> 128.7495 | P6: 317.9 | Q6: EUR
A7: 6 | C7: OTO | D7: 2CDS273001R0634 | E7: Выключатель автоматический S203M-C63 3P 63А, 10кА, хар. C — Резерв | F7: =IFERROR(P7*INDEX(Kurallar!$B$21:$B$28,MATCH(K7,Kurallar!$A$21:$A$28,0)),"") -> 144.585 | G7: =IFERROR(F7*INDEX(Kurallar!$C$21:$C$28,MATCH(K7,Kurallar!$A$21:$A$28,0))*INDEX(Kurallar!$B$15:$B$17,MATCH(Q7,Kurallar!$A$15:$A$17,0)),"") -> 23273.125 | H7: =IF(OR(G7="",I7=""),"",G7*I7) -> 23273.125 | I7: 1 | J7: шт | K7: ABB | L7: =IF(H7="","",H7) -> 23273.125 | M7: Аппараты защиты | N7: =IF(H7="","",H7/Kurallar!$B$16) -> 43.3755 | P7: 107.1 | Q7: EUR
A8: 7 | C8: TMŞ | D8: 1SDA067416R1 | E8: Выключатель автоматический XT1N 160 TMD In=100A 3P, Icu 36кА — Резерв / Пункт управления | F8: =IFERROR(P8*INDEX(Kurallar!$B$21:$B$28,MATCH(K8,Kurallar!$A$21:$A$28,0)),"") -> 332.235 | G8: =IFERROR(F8*INDEX(Kurallar!$C$21:$C$28,MATCH(K8,Kurallar!$A$21:$A$28,0))*INDEX(Kurallar!$B$15:$B$17,MATCH(Q8,Kurallar!$A$15:$A$17,0)),"") -> 53478.207 | H8: =IF(OR(G8="",I8=""),"",G8*I8) -> 106956.41 | I8: 2 | J8: шт | K8: ABB | L8: =IF(H8="","",H8) -> 106956.41 | M8: Аппараты защиты | N8: =IF(H8="","",H8/Kurallar!$B$16) -> 199.341 | P8: 246.1 | Q8: EUR
A9: 8 | C9: OTO | D9: 2CDS273001R0164 | E9: Выключатель автоматический S203M-C16 3P 16А, 10кА, хар. C — Резервуар De-icing | F9: =IFERROR(P9*INDEX(Kurallar!$B$21:$B$28,MATCH(K9,Kurallar!$A$21:$A$28,0)),"") -> 85.077 | G9: =IFERROR(F9*INDEX(Kurallar!$C$21:$C$28,MATCH(K9,Kurallar!$A$21:$A$28,0))*INDEX(Kurallar!$B$15:$B$17,MATCH(Q9,Kurallar!$A$15:$A$17,0)),"") -> 13694.419 | H9: =IF(OR(G9="",I9=""),"",G9*I9) -> 13694.419 | I9: 1 | J9: шт | K9: ABB | L9: =IF(H9="","",H9) -> 13694.419 | M9: Аппараты защиты | N9: =IF(H9="","",H9/Kurallar!$B$16) -> 25.5231 | P9: 63.02 | Q9: EUR
A10: 9 | C10: OTO | D10: 2CDS273001R0404 | E10: Выключатель автоматический S203M-C40 3P 40А, 10кА, хар. C — Резерв | F10: =IFERROR(P10*INDEX(Kurallar!$B$21:$B$28,MATCH(K10,Kurallar!$A$21:$A$28,0)),"") -> 110.5515 | G10: =IFERROR(F10*INDEX(Kurallar!$C$21:$C$28,MATCH(K10,Kurallar!$A$21:$A$28,0))*INDEX(Kurallar!$B$15:$B$17,MATCH(Q10,Kurallar!$A$15:$A$17,0)),"") -> 17794.922 | H10: =IF(OR(G10="",I10=""),"",G10*I10) -> 17794.922 | I10: 1 | J10: шт | K10: ABB | L10: =IF(H10="","",H10) -> 17794.922 | M10: Аппараты защиты | N10: =IF(H10="","",H10/Kurallar!$B$16) -> 33.16545 | P10: 81.89 | Q10: EUR
A11: 10 | C11: OTO | D11: 2CDS271001R0254 | E11: Выключатель автоматический S201M-C25 1P 25А, 10кА, хар. C — Камера / Резерв ×2 | F11: =IFERROR(P11*INDEX(Kurallar!$B$21:$B$28,MATCH(K11,Kurallar!$A$21:$A$28,0)),"") -> 18.8865 | G11: =IFERROR(F11*INDEX(Kurallar!$C$21:$C$28,MATCH(K11,Kurallar!$A$21:$A$28,0))*INDEX(Kurallar!$B$15:$B$17,MATCH(Q11,Kurallar!$A$15:$A$17,0)),"") -> 3040.0655 | H11: =IF(OR(G11="",I11=""),"",G11*I11) -> 9120.1964 | I11: 3 | J11: шт | K11: ABB | L11: =IF(H11="","",H11) -> 9120.1964 | M11: Аппараты защиты | N11: =IF(H11="","",H11/Kurallar!$B$16) -> 16.99785 | P11: 13.99 | Q11: EUR
A12: 11 | C12: LOOBAR | D12: 130200208_ | E12: Шина медная 5х50х4000 мм (сборные шины 400А, L1/L2/L3/N) | F12: =IFERROR(P12*INDEX(Kurallar!$B$21:$B$28,MATCH(K12,Kurallar!$A$21:$A$28,0)),"") -> 17515 | G12: =IFERROR(F12*INDEX(Kurallar!$C$21:$C$28,MATCH(K12,Kurallar!$A$21:$A$28,0))*INDEX(Kurallar!$B$15:$B$17,MATCH(Q12,Kurallar!$A$15:$A$17,0)),"") -> 17515 | H12: =IF(OR(G12="",I12=""),"",G12*I12) -> 35030 | I12: 2 | J12: шт | K12: EKT | L12: =IF(H12="","",H12) -> 35030 | M12: Клеммы и шины | N12: =IF(H12="","",H12/Kurallar!$B$16) -> 65.287485 | P12: 17515 | Q12: KZT
A13: 12 | C13: Klemens | D13: 130301155_ | E13: Зажим наборный ЗНИ 10мм² (70А), серый | F13: =IFERROR(P13*INDEX(Kurallar!$B$21:$B$28,MATCH(K13,Kurallar!$A$21:$A$28,0)),"") -> 151 | G13: =IFERROR(F13*INDEX(Kurallar!$C$21:$C$28,MATCH(K13,Kurallar!$A$21:$A$28,0))*INDEX(Kurallar!$B$15:$B$17,MATCH(Q13,Kurallar!$A$15:$A$17,0)),"") -> 151 | H13: =IF(OR(G13="",I13=""),"",G13*I13) -> 3624 | I13: 24 | J13: шт | K13: EKT | L13: =IF(H13="","",H13) -> 3624 | M13: Клеммы и шины | N13: =IF(H13="","",H13/Kurallar!$B$16) -> 6.7542633 | P13: 151 | Q13: KZT
A14: 13 | C14: montajный материал | D14: 570003 | E14: DIN-рейка оцинкованная TH35-7.5, 1000 мм | F14: =IFERROR(P14*INDEX(Kurallar!$B$21:$B$28,MATCH(K14,Kurallar!$A$21:$A$28,0)),"") -> 869 | G14: =IFERROR(F14*INDEX(Kurallar!$C$21:$C$28,MATCH(K14,Kurallar!$A$21:$A$28,0))*INDEX(Kurallar!$B$15:$B$17,MATCH(Q14,Kurallar!$A$15:$A$17,0)),"") -> 521.4 | H14: =IF(OR(G14="",I14=""),"",G14*I14) -> 4171.2 | I14: 8 | J14: шт | K14: CHINT | L14: =IF(H14="","",H14) -> 4171.2 | M14: Монтаж | N14: =IF(H14="","",H14/Kurallar!$B$16) -> 7.7741124 | P14: 869 | Q14: KZT
A15: 14 | C15: montajный материал | D15: 270300105_ | E15: Кабель-канал перфорированный 40х60, ИМПАКТ | F15: =IFERROR(P15*INDEX(Kurallar!$B$21:$B$28,MATCH(K15,Kurallar!$A$21:$A$28,0)),"") -> 1808 | G15: =IFERROR(F15*INDEX(Kurallar!$C$21:$C$28,MATCH(K15,Kurallar!$A$21:$A$28,0))*INDEX(Kurallar!$B$15:$B$17,MATCH(Q15,Kurallar!$A$15:$A$17,0)),"") -> 1808 | H15: =IF(OR(G15="",I15=""),"",G15*I15) -> 14464 | I15: 8 | J15: шт | K15: EKT | L15: =IF(H15="","",H15) -> 14464 | M15: Монтаж | N15: =IF(H15="","",H15/Kurallar!$B$16) -> 26.957413 | P15: 1808 | Q15: KZT
A16: 15 | C16: montajный материал | E16: Монтажные материалы (крепёж, маркировка, наконечники) | G16: =SUM(H3:H15)*Kurallar!$B$34 -> 62693.374 | H16: =IF(G16="","",G16*I16) -> 62693.374 | I16: 1 | J16: компл. | K16: — | L16: =H16 -> 62693.374 | M16: Монтаж
A17: 16 | C17: montajная работа | E17: Сборка щита (норма времени — см. лист «Kurallar») | F17: =I17/60 -> 23.575 | G17: =Kurallar!$B$32 -> 100 | H17: =IF(G17="","",G17*I17) -> 141450 | I17: =Kurallar!$E$59 -> 1414.5 | J17: мин | K17: YSF | M17: Работа
B18: Toplam ЩАВР De-icing (AVR POWER PANEL) | H18: =SUBTOTAL(9,H3:H17) -> 2293922.5 | I18: 1 | J18: компл. | L18: =SUBTOTAL(9,L3:L16) -> 2152472.5 | N18: =IF(H18="","",H18/Kurallar!$B$16) -> 4275.3192
A19: 17 | C19: opn | D19: 2CTB812111R2300 | E19: ⚠ KONTROL — Ограничитель перенапряжения OVR T1-T2 3N 100-255 P TS (класс I+II) | I19: 1 | J19: шт | K19: ABB | M19: Аппараты защиты
A20: 18 | C20: sayac | E20: ⚠ KONTROL — Счётчик электроэнергии 3-фазный (тип по ТУ АО «Алматы Энергосбыт») | I20: 1 | J20: шт | M20: Учёт
A21: 19 | C21: tt | E21: ⚠ KONTROL — Трансформатор тока 400/5 (3 шт на счётчик) | I21: 3 | J21: шт | M21: Учёт
A22: 20 | B22: =E22 -> ЩУ AFL De-icing (AFL MAST CONTROL PANEL) | E22: ЩУ AFL De-icing (AFL MAST CONTROL PANEL) | I22: 1 | J22: комплект
A23: 21 | C23: korpus | D23: 719-15420 | E23: Мет.Корпус ЩМП-4 (800x650x250) IP54 | F23: =IFERROR(P23*INDEX(Kurallar!$B$21:$B$28,MATCH(K23,Kurallar!$A$21:$A$28,0)),"") -> 30540 | G23: =IFERROR(F23*INDEX(Kurallar!$C$21:$C$28,MATCH(K23,Kurallar!$A$21:$A$28,0))*INDEX(Kurallar!$B$15:$B$17,MATCH(Q23,Kurallar!$A$15:$A$17,0)),"") -> 30540 | H23: =IF(OR(G23="",I23=""),"",G23*I23) -> 30540 | I23: 1 | J23: шт | K23: KAZTEK | L23: =IF(H23="","",H23) -> 30540 | M23: Корпус | N23: =IF(H23="","",H23/Kurallar!$B$16) -> 56.919206 | P23: 30540 | Q23: KZT
A24: 22 | C24: TMŞ | D24: 1SDA067415R1 | E24: Выключатель автоматический XT1N 160 TMD In=80A 3P, Icu 36кА — ввод от ЩАВР | F24: =IFERROR(P24*INDEX(Kurallar!$B$21:$B$28,MATCH(K24,Kurallar!$A$21:$A$28,0)),"") -> 332.235 | G24: =IFERROR(F24*INDEX(Kurallar!$C$21:$C$28,MATCH(K24,Kurallar!$A$21:$A$28,0))*INDEX(Kurallar!$B$15:$B$17,MATCH(Q24,Kurallar!$A$15:$A$17,0)),"") -> 53478.207 | H24: =IF(OR(G24="",I24=""),"",G24*I24) -> 53478.207 | I24: 1 | J24: шт | K24: ABB | L24: =IF(H24="","",H24) -> 53478.207 | M24: Аппараты защиты | N24: =IF(H24="","",H24/Kurallar!$B$16) -> 99.6705 | P24: 246.1 | Q24: EUR
A25: 23 | C25: OTO | D25: 2CDS251001R0065 | E25: Выключатель автоматический S201-B6 1P 6А, 6кА, хар. B — цепи управления | F25: =IFERROR(P25*INDEX(Kurallar!$B$21:$B$28,MATCH(K25,Kurallar!$A$21:$A$28,0)),"") -> 15.849 | G25: =IFERROR(F25*INDEX(Kurallar!$C$21:$C$28,MATCH(K25,Kurallar!$A$21:$A$28,0))*INDEX(Kurallar!$B$15:$B$17,MATCH(Q25,Kurallar!$A$15:$A$17,0)),"") -> 2551.1343 | H25: =IF(OR(G25="",I25=""),"",G25*I25) -> 2551.1343 | I25: 1 | J25: шт | K25: ABB | L25: =IF(H25="","",H25) -> 2551.1343 | M25: Аппараты защиты | N25: =IF(H25="","",H25/Kurallar!$B$16) -> 4.7547 | P25: 11.74 | Q25: EUR
A26: 24 | C26: OTO | D26: 2CDS273001R0634 | E26: Выключатель автоматический S203M-C63 3P 63А, 10кА, хар. C — AFL LIGHTs (K1…K4) | F26: =IFERROR(P26*INDEX(Kurallar!$B$21:$B$28,MATCH(K26,Kurallar!$A$21:$A$28,0)),"") -> 144.585 | G26: =IFERROR(F26*INDEX(Kurallar!$C$21:$C$28,MATCH(K26,Kurallar!$A$21:$A$28,0))*INDEX(Kurallar!$B$15:$B$17,MATCH(Q26,Kurallar!$A$15:$A$17,0)),"") -> 23273.125 | H26: =IF(OR(G26="",I26=""),"",G26*I26) -> 93092.498 | I26: 4 | J26: шт | K26: ABB | L26: =IF(H26="","",H26) -> 93092.498 | M26: Аппараты защиты | N26: =IF(H26="","",H26/Kurallar!$B$16) -> 173.502 | P26: 107.1 | Q26: EUR
A27: 25 | C27: OTO | D27: 2CDS273001R0324 | E27: Выключатель автоматический S203M-C32 3P 32А, 10кА, хар. C — Резерв | F27: =IFERROR(P27*INDEX(Kurallar!$B$21:$B$28,MATCH(K27,Kurallar!$A$21:$A$28,0)),"") -> 106.3125 | G27: =IFERROR(F27*INDEX(Kurallar!$C$21:$C$28,MATCH(K27,Kurallar!$A$21:$A$28,0))*INDEX(Kurallar!$B$15:$B$17,MATCH(Q27,Kurallar!$A$15:$A$17,0)),"") -> 17112.592 | H27: =IF(OR(G27="",I27=""),"",G27*I27) -> 17112.592 | I27: 1 | J27: шт | K27: ABB | L27: =IF(H27="","",H27) -> 17112.592 | M27: Аппараты защиты | N27: =IF(H27="","",H27/Kurallar!$B$16) -> 31.89375 | P27: 78.75 | Q27: EUR
A28: 26 | C28: OTO | D28: 2CDS271001R0164 | E28: Выключатель автоматический S201M-C16 1P 16А, 10кА, хар. C — Резерв | F28: =IFERROR(P28*INDEX(Kurallar!$B$21:$B$28,MATCH(K28,Kurallar!$A$21:$A$28,0)),"") -> 18.8865 | G28: =IFERROR(F28*INDEX(Kurallar!$C$21:$C$28,MATCH(K28,Kurallar!$A$21:$A$28,0))*INDEX(Kurallar!$B$15:$B$17,MATCH(Q28,Kurallar!$A$15:$A$17,0)),"") -> 3040.0655 | H28: =IF(OR(G28="",I28=""),"",G28*I28) -> 3040.0655 | I28: 1 | J28: шт | K28: ABB | L28: =IF(H28="","",H28) -> 3040.0655 | M28: Аппараты защиты | N28: =IF(H28="","",H28/Kurallar!$B$16) -> 5.66595 | P28: 13.99 | Q28: EUR
A29: 27 | C29: kontaktör | D29: 1SAE351111R0640 | E29: Контактор модульный ESB63-40N 63А 4НО, катушка 230В AC/DC | F29: =IFERROR(P29*INDEX(Kurallar!$B$21:$B$28,MATCH(K29,Kurallar!$A$21:$A$28,0)),"") -> 247.455 | G29: =IFERROR(F29*INDEX(Kurallar!$C$21:$C$28,MATCH(K29,Kurallar!$A$21:$A$28,0))*INDEX(Kurallar!$B$15:$B$17,MATCH(Q29,Kurallar!$A$15:$A$17,0)),"") -> 39831.594 | H29: =IF(OR(G29="",I29=""),"",G29*I29) -> 159326.38 | I29: 4 | J29: шт | K29: ABB | L29: =IF(H29="","",H29) -> 159326.38 | M29: Управление | N29: =IF(H29="","",H29/Kurallar!$B$16) -> 296.946 | P29: 183.3 | Q29: EUR
A30: 28 | C30: Röle | D30: 2CSM208141R1000 | E30: Таймер недельный AW1CO-R-120m, 7 сут, резерв 150 ч, 1 перекл. контакт | F30: =IFERROR(P30*INDEX(Kurallar!$B$21:$B$28,MATCH(K30,Kurallar!$A$21:$A$28,0)),"") -> 194.94 | G30: =IFERROR(F30*INDEX(Kurallar!$C$21:$C$28,MATCH(K30,Kurallar!$A$21:$A$28,0))*INDEX(Kurallar!$B$15:$B$17,MATCH(Q30,Kurallar!$A$15:$A$17,0)),"") -> 31378.517 | H30: =IF(OR(G30="",I30=""),"",G30*I30) -> 31378.517 | I30: 1 | J30: шт | K30: ABB | L30: =IF(H30="","",H30) -> 31378.517 | M30: Управление | N30: =IF(H30="","",H30/Kurallar!$B$16) -> 58.482 | P30: 144.4 | Q30: EUR
A31: 29 | C31: Röle | D31: 1SVR405613R3000 | E31: Реле промежуточное CR-M230AC4, 4 перекл. контакта, 230В AC | F31: =IFERROR(P31*INDEX(Kurallar!$B$21:$B$28,MATCH(K31,Kurallar!$A$21:$A$28,0)),"") -> 17.3205 | G31: =IFERROR(F31*INDEX(Kurallar!$C$21:$C$28,MATCH(K31,Kurallar!$A$21:$A$28,0))*INDEX(Kurallar!$B$15:$B$17,MATCH(Q31,Kurallar!$A$15:$A$17,0)),"") -> 2787.9943 | H31: =IF(OR(G31="",I31=""),"",G31*I31) -> 2787.9943 | I31: 1 | J31: шт | K31: ABB | L31: =IF(H31="","",H31) -> 2787.9943 | M31: Управление | N31: =IF(H31="","",H31/Kurallar!$B$16) -> 5.19615 | P31: 12.83 | Q31: EUR
A32: 30 | C32: Röle Altlığı | D32: 1SVR405651R3000 | E32: Колодка для реле CR-M4SS, 4 перекл., винтовая | F32: =IFERROR(P32*INDEX(Kurallar!$B$21:$B$28,MATCH(K32,Kurallar!$A$21:$A$28,0)),"") -> 11.475 | G32: =IFERROR(F32*INDEX(Kurallar!$C$21:$C$28,MATCH(K32,Kurallar!$A$21:$A$28,0))*INDEX(Kurallar!$B$15:$B$17,MATCH(Q32,Kurallar!$A$15:$A$17,0)),"") -> 1847.0734 | H32: =IF(OR(G32="",I32=""),"",G32*I32) -> 1847.0734 | I32: 1 | J32: шт | K32: ABB | L32: =IF(H32="","",H32) -> 1847.0734 | M32: Управление | N32: =IF(H32="","",H32/Kurallar!$B$16) -> 3.4425 | P32: 8.5 | Q32: EUR
A33: 31 | C33: blok | D33: 1SFA619210R1026 | E33: Переключатель 3-позиционный C3SS1-10B-20, 2НО (АВТО-ОТКЛ-РУЧН) | F33: =IFERROR(P33*INDEX(Kurallar!$B$21:$B$28,MATCH(K33,Kurallar!$A$21:$A$28,0)),"") -> 17.7255 | G33: =IFERROR(F33*INDEX(Kurallar!$C$21:$C$28,MATCH(K33,Kurallar!$A$21:$A$28,0))*INDEX(Kurallar!$B$15:$B$17,MATCH(Q33,Kurallar!$A$15:$A$17,0)),"") -> 2853.1851 | H33: =IF(OR(G33="",I33=""),"",G33*I33) -> 2853.1851 | I33: 1 | J33: шт | K33: ABB | L33: =IF(H33="","",H33) -> 2853.1851 | M33: Управление | N33: =IF(H33="","",H33/Kurallar!$B$16) -> 5.31765 | P33: 13.13 | Q33: EUR
A34: 32 | C34: Sinyal Lambası | D34: 1SFA619403R5232 | E34: Лампа сигнальная CL2-523G, LED 230В AC, зелёная («FLTs ON») | F34: =IFERROR(P34*INDEX(Kurallar!$B$21:$B$28,MATCH(K34,Kurallar!$A$21:$A$28,0)),"") -> 12.987 | G34: =IFERROR(F34*INDEX(Kurallar!$C$21:$C$28,MATCH(K34,Kurallar!$A$21:$A$28,0))*INDEX(Kurallar!$B$15:$B$17,MATCH(Q34,Kurallar!$A$15:$A$17,0)),"") -> 2090.4525 | H34: =IF(OR(G34="",I34=""),"",G34*I34) -> 2090.4525 | I34: 1 | J34: шт | K34: ABB | L34: =IF(H34="","",H34) -> 2090.4525 | M34: Управление | N34: =IF(H34="","",H34/Kurallar!$B$16) -> 3.8961 | P34: 9.62 | Q34: EUR
... A41: 39 | C41: montajный материал | D41: 270300079_ | E41: Кабель-канал перфорированный 25х40, ИМПАКТ | F41: =IFERROR(P41*INDEX(Kurallar!$B$21:$B$28,MATCH(K41,Kurallar!$A$21:$A$28,0)),"") -> 1094 | G41: =IFERROR(F41*INDEX(Kurallar!$C$21:$C$28,MATCH(K41,Kurallar!$A$21:$A$28,0))*INDEX(Kurallar!$B$15:$B$17,MATCH(Q41,Kurallar!$A$15:$A$17,0)),"") -> 1094 | H41: =IF(OR(G41="",I41=""),"",G41*I41) -> 5470 | I41: 5 | J41: шт | K41: EKT | L41: =IF(H41="","",H41) -> 5470 | M41: Монтаж | N41: =IF(H41="","",H41/Kurallar!$B$16) -> 10.194763 | P41: 1094 | Q41: KZT
A42: 40 | C42: montajный материал | E42: Монтажные материалы (крепёж, маркировка, наконечники) | G42: =SUM(H23:H41)*Kurallar!$B$34 -> 12785.325 | H42: =IF(G42="","",G42*I42) -> 12785.325 | I42: 1 | J42: компл. | K42: — | L42: =H42 -> 12785.325 | M42: Монтаж
A43: 41 | C43: montajная работа | E43: Сборка щита (норма времени — см. лист «Kurallar») | F43: =I43/60 -> 13.876667 | G43: =Kurallar!$B$32 -> 100 | H43: =IF(G43="","",G43*I43) -> 83260 | I43: =Kurallar!$G$59 -> 832.6 | J43: мин | K43: YSF | M43: Работа
B44: Toplam ЩУ AFL De-icing (AFL MAST CONTROL PANEL) | H44: =SUBTOTAL(9,H23:H43) -> 522222.82 | I44: 1 | J44: компл. | L44: =SUBTOTAL(9,L23:L42) -> 438962.82 | N44: =IF(H44="","",H44/Kurallar!$B$16) -> 973.29759
A45: 42 | C45: blok | E45: ⚠ KONTROL — Фотореле (сумеречный выключатель) с выносным датчиком, 230В AC | I45: 1 | J45: шт | M45: Управление
A46: 43 | B46: =E46 -> ЩАВР Cargo (AVR POWER PANEL) | E46: ЩАВР Cargo (AVR POWER PANEL) | I46: 1 | J46: комплект
A47: 44 | C47: korpus | D47: 719-15602 | E47: Щит ВРУ (1800x600x450x2)+10см база IP54 | F47: =IFERROR(P47*INDEX(Kurallar!$B$21:$B$28,MATCH(K47,Kurallar!$A$21:$A$28,0)),"") -> 78350 | G47: =IFERROR(F47*INDEX(Kurallar!$C$21:$C$28,MATCH(K47,Kurallar!$A$21:$A$28,0))*INDEX(Kurallar!$B$15:$B$17,MATCH(Q47,Kurallar!$A$15:$A$17,0)),"") -> 78350 | H47: =IF(OR(G47="",I47=""),"",G47*I47) -> 78350 | I47: 1 | J47: шт | K47: KAZTEK | L47: =IF(H47="","",H47) -> 78350 | M47: Корпус | N47: =IF(H47="","",H47/Kurallar!$B$16) -> 146.02553 | P47: 78350 | Q47: KZT
A48: 45 | C48: TMŞ | D48: 1SDA068070R1 | E48: Выключатель автоматический XT3N 250 TMD In=250A InN=100% 4P, Icu 36кА | F48: =IFERROR(P48*INDEX(Kurallar!$B$21:$B$28,MATCH(K48,Kurallar!$A$21:$A$28,0)),"") -> 1077.3 | G48: =IFERROR(F48*INDEX(Kurallar!$C$21:$C$28,MATCH(K48,Kurallar!$A$21:$A$28,0))*INDEX(Kurallar!$B$15:$B$17,MATCH(Q48,Kurallar!$A$15:$A$17,0)),"") -> 173407.59 | H48: =IF(OR(G48="",I48=""),"",G48*I48) -> 346815.19 | I48: 2 | J48: шт | K48: ABB | L48: =IF(H48="","",H48) -> 346815.19 | M48: Аппараты защиты | N48: =IF(H48="","",H48/Kurallar!$B$16) -> 646.38 | P48: 798 | Q48: EUR
A49: 46 | C49: rubilnik | D49: 1SCA022846R1910 | E49: Переключатель нагрузки автоматический (АВР) OTM250E4CM230C 250А 4P | F49: =IFERROR(P49*INDEX(Kurallar!$B$21:$B$28,MATCH(K49,Kurallar!$A$21:$A$28,0)),"") -> 4255.2 | G49: =IFERROR(F49*INDEX(Kurallar!$C$21:$C$28,MATCH(K49,Kurallar!$A$21:$A$28,0))*INDEX(Kurallar!$B$15:$B$17,MATCH(Q49,Kurallar!$A$15:$A$17,0)),"") -> 684938.27 | H49: =IF(OR(G49="",I49=""),"",G49*I49) -> 684938.27 | I49: 1 | J49: шт | K49: ABB | L49: =IF(H49="","",H49) -> 684938.27 | M49: Аппараты защиты | N49: =IF(H49="","",H49/Kurallar!$B$16) -> 1276.56 | P49: 3152 | Q49: EUR
A50: 47 | C50: TMŞ | D50: 1SDA067416R1 | E50: Выключатель автоматический XT1N 160 TMD In=100A 3P, Icu 36кА — AFL Cargo | F50: =IFERROR(P50*INDEX(Kurallar!$B$21:$B$28,MATCH(K50,Kurallar!$A$21:$A$28,0)),"") -> 332.235 | G50: =IFERROR(F50*INDEX(Kurallar!$C$21:$C$28,MATCH(K50,Kurallar!$A$21:$A$28,0))*INDEX(Kurallar!$B$15:$B$17,MATCH(Q50,Kurallar!$A$15:$A$17,0)),"") -> 53478.207 | H50: =IF(OR(G50="",I50=""),"",G50*I50) -> 53478.207 | I50: 1 | J50: шт | K50: ABB | L50: =IF(H50="","",H50) -> 53478.207 | M50: Аппараты защиты | N50: =IF(H50="","",H50/Kurallar!$B$16) -> 99.6705 | P50: 246.1 | Q50: EUR
A51: 48 | C51: OTO | D51: 2CDS273001R0634 | E51: Выключатель автоматический S203M-C63 3P 63А, 10кА, хар. C — Резерв | F51: =IFERROR(P51*INDEX(Kurallar!$B$21:$B$28,MATCH(K51,Kurallar!$A$21:$A$28,0)),"") -> 144.585 | G51: =IFERROR(F51*INDEX(Kurallar!$C$21:$C$28,MATCH(K51,Kurallar!$A$21:$A$28,0))*INDEX(Kurallar!$B$15:$B$17,MATCH(Q51,Kurallar!$A$15:$A$17,0)),"") -> 23273.125 | H51: =IF(OR(G51="",I51=""),"",G51*I51) -> 23273.125 | I51: 1 | J51: шт | K51: ABB | L51: =IF(H51="","",H51) -> 23273.125 | M51: Аппараты защиты | N51: =IF(H51="","",H51/Kurallar!$B$16) -> 43.3755 | P51: 107.1 | Q51: EUR
A52: 49 | C52: OTO | D52: 2CDS273001R0404 | E52: Выключатель автоматический S203M-C40 3P 40А, 10кА, хар. C — CCTV | F52: =IFERROR(P52*INDEX(Kurallar!$B$21:$B$28,MATCH(K52,Kurallar!$A$21:$A$28,0)),"") -> 110.5515 | G52: =IFERROR(F52*INDEX(Kurallar!$C$21:$C$28,MATCH(K52,Kurallar!$A$21:$A$28,0))*INDEX(Kurallar!$B$15:$B$17,MATCH(Q52,Kurallar!$A$15:$A$17,0)),"") -> 17794.922 | H52: =IF(OR(G52="",I52=""),"",G52*I52) -> 17794.922 | I52: 1 | J52: шт | K52: ABB | L52: =IF(H52="","",H52) -> 17794.922 | M52: Аппараты защиты | N52: =IF(H52="","",H52/Kurallar!$B$16) -> 33.16545 | P52: 81.89 | Q52: EUR
A53: 50 | C53: TMŞ | D53: 1SDA067415R1 | E53: Выключатель автоматический XT1N 160 TMD In=80A 3P, Icu 36кА — Резерв ×2 | F53: =IFERROR(P53*INDEX(Kurallar!$B$21:$B$28,MATCH(K53,Kurallar!$A$21:$A$28,0)),"") -> 332.235 | G53: =IFERROR(F53*INDEX(Kurallar!$C$21:$C$28,MATCH(K53,Kurallar!$A$21:$A$28,0))*INDEX(Kurallar!$B$15:$B$17,MATCH(Q53,Kurallar!$A$15:$A$17,0)),"") -> 53478.207 | H53: =IF(OR(G53="",I53=""),"",G53*I53) -> 106956.41 | I53: 2 | J53: шт | K53: ABB | L53: =IF(H53="","",H53) -> 106956.41 | M53: Аппараты защиты | N53: =IF(H53="","",H53/Kurallar!$B$16) -> 199.341 | P53: 246.1 | Q53: EUR
A54: 51 | C54: DİF | D54: 2CSR255080R1164 | E54: Дифавтомат DS201 C16 AC30 1P+N 16А 30мА, 6кА — Резерв | F54: =IFERROR(P54*INDEX(Kurallar!$B$21:$B$28,MATCH(K54,Kurallar!$A$21:$A$28,0)),"") -> 118.3005 | G54: =IFERROR(F54*INDEX(Kurallar!$C$21:$C$28,MATCH(K54,Kurallar!$A$21:$A$28,0))*INDEX(Kurallar!$B$15:$B$17,MATCH(Q54,Kurallar!$A$15:$A$17,0)),"") -> 19042.24 | H54: =IF(OR(G54="",I54=""),"",G54*I54) -> 19042.24 | I54: 1 | J54: шт | K54: ABB | L54: =IF(H54="","",H54) -> 19042.24 | M54: Аппараты защиты | N54: =IF(H54="","",H54/Kurallar!$B$16) -> 35.49015 | P54: 87.63 | Q54: EUR
A55: 52 | C55: DİF | D55: 2CSR255080R1254 | E55: Дифавтомат DS201 C25 AC30 1P+N 25А 30мА, 6кА — Резерв ×2 | F55: =IFERROR(P55*INDEX(Kurallar!$B$21:$B$28,MATCH(K55,Kurallar!$A$21:$A$28,0)),"") -> 118.3005 | G55: =IFERROR(F55*INDEX(Kurallar!$C$21:$C$28,MATCH(K55,Kurallar!$A$21:$A$28,0))*INDEX(Kurallar!$B$15:$B$17,MATCH(Q55,Kurallar!$A$15:$A$17,0)),"") -> 19042.24 | H55: =IF(OR(G55="",I55=""),"",G55*I55) -> 38084.48 | I55: 2 | J55: шт | K55: ABB | L55: =IF(H55="","",H55) -> 38084.48 | M55: Аппараты защиты | N55: =IF(H55="","",H55/Kurallar!$B$16) -> 70.9803 | P55: 87.63 | Q55: EUR
A56: 53 | C56: LOOBAR | D56: 130300554_ | E56: Шина медная 4х30х4000 мм (сборные шины 250А, L1/L2/L3/N) | F56: =IFERROR(P56*INDEX(Kurallar!$B$21:$B$28,MATCH(K56,Kurallar!$A$21:$A$28,0)),"") -> 8329 | G56: =IFERROR(F56*INDEX(Kurallar!$C$21:$C$28,MATCH(K56,Kurallar!$A$21:$A$28,0))*INDEX(Kurallar!$B$15:$B$17,MATCH(Q56,Kurallar!$A$15:$A$17,0)),"") -> 8329 | H56: =IF(OR(G56="",I56=""),"",G56*I56) -> 16658 | I56: 2 | J56: шт | K56: EKT | L56: =IF(H56="","",H56) -> 16658 | M56: Клеммы и шины | N56: =IF(H56="","",H56/Kurallar!$B$16) -> 31.046501 | P56: 8329 | Q56: KZT
A57: 54 | C57: Klemens | D57: 130301155_ | E57: Зажим наборный ЗНИ 10мм² (70А), серый | F57: =IFERROR(P57*INDEX(Kurallar!$B$21:$B$28,MATCH(K57,Kurallar!$A$21:$A$28,0)),"") -> 151 | G57: =IFERROR(F57*INDEX(Kurallar!$C$21:$C$28,MATCH(K57,Kurallar!$A$21:$A$28,0))*INDEX(Kurallar!$B$15:$B$17,MATCH(Q57,Kurallar!$A$15:$A$17,0)),"") -> 151 | H57: =IF(OR(G57="",I57=""),"",G57*I57) -> 3020 | I57: 20 | J57: шт | K57: EKT | L57: =IF(H57="","",H57) -> 3020 | M57: Клеммы и шины | N57: =IF(H57="","",H57/Kurallar!$B$16) -> 5.6285528 | P57: 151 | Q57: KZT
A58: 55 | C58: montajный материал | D58: 570003 | E58: DIN-рейка оцинкованная TH35-7.5, 1000 мм | F58: =IFERROR(P58*INDEX(Kurallar!$B$21:$B$28,MATCH(K58,Kurallar!$A$21:$A$28,0)),"") -> 869 | G58: =IFERROR(F58*INDEX(Kurallar!$C$21:$C$28,MATCH(K58,Kurallar!$A$21:$A$28,0))*INDEX(Kurallar!$B$15:$B$17,MATCH(Q58,Kurallar!$A$15:$A$17,0)),"") -> 521.4 | H58: =IF(OR(G58="",I58=""),"",G58*I58) -> 3128.4 | I58: 6 | J58: шт | K58: CHINT | L58: =IF(H58="","",H58) -> 3128.4 | M58: Монтаж | N58: =IF(H58="","",H58/Kurallar!$B$16) -> 5.8305843 | P58: 869 | Q58: KZT
A59: 56 | C59: montajный материал | D59: 270300105_ | E59: Кабель-канал перфорированный 40х60, ИМПАКТ | F59: =IFERROR(P59*INDEX(Kurallar!$B$21:$B$28,MATCH(K59,Kurallar!$A$21:$A$28,0)),"") -> 1808 | G59: =IFERROR(F59*INDEX(Kurallar!$C$21:$C$28,MATCH(K59,Kurallar!$A$21:$A$28,0))*INDEX(Kurallar!$B$15:$B$17,MATCH(Q59,Kurallar!$A$15:$A$17,0)),"") -> 1808 | H59: =IF(OR(G59="",I59=""),"",G59*I59) -> 10848 | I59: 6 | J59: шт | K59: EKT | L59: =IF(H59="","",H59) -> 10848 | M59: Монтаж | N59: =IF(H59="","",H59/Kurallar!$B$16) -> 20.21806 | P59: 1808 | Q59: KZT
A60: 57 | C60: montajный материал | E60: Монтажные материалы (крепёж, маркировка, наконечники) | G60: =SUM(H47:H59)*Kurallar!$B$34 -> 42071.617 | H60: =IF(G60="","",G60*I60) -> 42071.617 | I60: 1 | J60: компл. | K60: — | L60: =H60 -> 42071.617 | M60: Монтаж
A61: 58 | C61: montajная работа | E61: Сборка щита (норма времени — см. лист «Kurallar») | F61: =I61/60 -> 21.428333 | G61: =Kurallar!$B$32 -> 100 | H61: =IF(G61="","",G61*I61) -> 128570 | I61: =Kurallar!$I$59 -> 1285.7 | J61: мин | K61: YSF | M61: Работа
B62: Toplam ЩАВР Cargo (AVR POWER PANEL) | H62: =SUBTOTAL(9,H47:H61) -> 1573028.9 | I62: 1 | J62: компл. | L62: =SUBTOTAL(9,L47:L60) -> 1444458.9 | N62: =IF(H62="","",H62/Kurallar!$B$16) -> 2931.747
A63: 59 | C63: opn | D63: 2CTB812111R2300 | E63: ⚠ KONTROL — Ограничитель перенапряжения OVR T1-T2 3N 100-255 P TS (класс I+II) | I63: 1 | J63: шт | K63: ABB | M63: Аппараты защиты
A64: 60 | B64: =E64 -> ЩУ AFL Cargo (AFL MAST CONTROL PANEL) | E64: ЩУ AFL Cargo (AFL MAST CONTROL PANEL) | I64: 1 | J64: комплект
A65: 61 | C65: korpus | D65: 719-15420 | E65: Мет.Корпус ЩМП-4 (800x650x250) IP54 | F65: =IFERROR(P65*INDEX(Kurallar!$B$21:$B$28,MATCH(K65,Kurallar!$A$21:$A$28,0)),"") -> 30540 | G65: =IFERROR(F65*INDEX(Kurallar!$C$21:$C$28,MATCH(K65,Kurallar!$A$21:$A$28,0))*INDEX(Kurallar!$B$15:$B$17,MATCH(Q65,Kurallar!$A$15:$A$17,0)),"") -> 30540 | H65: =IF(OR(G65="",I65=""),"",G65*I65) -> 30540 | I65: 1 | J65: шт | K65: KAZTEK | L65: =IF(H65="","",H65) -> 30540 | M65: Корпус | N65: =IF(H65="","",H65/Kurallar!$B$16) -> 56.919206 | P65: 30540 | Q65: KZT
A66: 62 | C66: TMŞ | D66: 1SDA067415R1 | E66: Выключатель автоматический XT1N 160 TMD In=80A 3P, Icu 36кА — ввод от ЩАВР | F66: =IFERROR(P66*INDEX(Kurallar!$B$21:$B$28,MATCH(K66,Kurallar!$A$21:$A$28,0)),"") -> 332.235 | G66: =IFERROR(F66*INDEX(Kurallar!$C$21:$C$28,MATCH(K66,Kurallar!$A$21:$A$28,0))*INDEX(Kurallar!$B$15:$B$17,MATCH(Q66,Kurallar!$A$15:$A$17,0)),"") -> 53478.207 | H66: =IF(OR(G66="",I66=""),"",G66*I66) -> 53478.207 | I66: 1 | J66: шт | K66: ABB | L66: =IF(H66="","",H66) -> 53478.207 | M66: Аппараты защиты | N66: =IF(H66="","",H66/Kurallar!$B$16) -> 99.6705 | P66: 246.1 | Q66: EUR
A67: 63 | C67: OTO | D67: 2CDS251001R0065 | E67: Выключатель автоматический S201-B6 1P 6А, 6кА, хар. B — цепи управления | F67: =IFERROR(P67*INDEX(Kurallar!$B$21:$B$28,MATCH(K67,Kurallar!$A$21:$A$28,0)),"") -> 15.849 | G67: =IFERROR(F67*INDEX(Kurallar!$C$21:$C$28,MATCH(K67,Kurallar!$A$21:$A$28,0))*INDEX(Kurallar!$B$15:$B$17,MATCH(Q67,Kurallar!$A$15:$A$17,0)),"") -> 2551.1343 | H67: =IF(OR(G67="",I67=""),"",G67*I67) -> 2551.1343 | I67: 1 | J67: шт | K67: ABB | L67: =IF(H67="","",H67) -> 2551.1343 | M67: Аппараты защиты | N67: =IF(H67="","",H67/Kurallar!$B$16) -> 4.7547 | P67: 11.74 | Q67: EUR
A68: 64 | C68: OTO | D68: 2CDS273001R0634 | E68: Выключатель автоматический S203M-C63 3P 63А, 10кА, хар. C — AFL LIGHTs (K1…K4) | F68: =IFERROR(P68*INDEX(Kurallar!$B$21:$B$28,MATCH(K68,Kurallar!$A$21:$A$28,0)),"") -> 144.585 | G68: =IFERROR(F68*INDEX(Kurallar!$C$21:$C$28,MATCH(K68,Kurallar!$A$21:$A$28,0))*INDEX(Kurallar!$B$15:$B$17,MATCH(Q68,Kurallar!$A$15:$A$17,0)),"") -> 23273.125 | H68: =IF(OR(G68="",I68=""),"",G68*I68) -> 93092.498 | I68: 4 | J68: шт | K68: ABB | L68: =IF(H68="","",H68) -> 93092.498 | M68: Аппараты защиты | N68: =IF(H68="","",H68/Kurallar!$B$16) -> 173.502 | P68: 107.1 | Q68: EUR
A69: 65 | C69: OTO | D69: 2CDS273001R0324 | E69: Выключатель автоматический S203M-C32 3P 32А, 10кА, хар. C — Резерв | F69: =IFERROR(P69*INDEX(Kurallar!$B$21:$B$28,MATCH(K69,Kurallar!$A$21:$A$28,0)),"") -> 106.3125 | G69: =IFERROR(F69*INDEX(Kurallar!$C$21:$C$28,MATCH(K69,Kurallar!$A$21:$A$28,0))*INDEX(Kurallar!$B$15:$B$17,MATCH(Q69,Kurallar!$A$15:$A$17,0)),"") -> 17112.592 | H69: =IF(OR(G69="",I69=""),"",G69*I69) -> 17112.592 | I69: 1 | J69: шт | K69: ABB | L69: =IF(H69="","",H69) -> 17112.592 | M69: Аппараты защиты | N69: =IF(H69="","",H69/Kurallar!$B$16) -> 31.89375 | P69: 78.75 | Q69: EUR
A70: 66 | C70: OTO | D70: 2CDS271001R0164 | E70: Выключатель автоматический S201M-C16 1P 16А, 10кА, хар. C — Резерв | F70: =IFERROR(P70*INDEX(Kurallar!$B$21:$B$28,MATCH(K70,Kurallar!$A$21:$A$28,0)),"") -> 18.8865 | G70: =IFERROR(F70*INDEX(Kurallar!$C$21:$C$28,MATCH(K70,Kurallar!$A$21:$A$28,0))*INDEX(Kurallar!$B$15:$B$17,MATCH(Q70,Kurallar!$A$15:$A$17,0)),"") -> 3040.0655 | H70: =IF(OR(G70="",I70=""),"",G70*I70) -> 3040.0655 | I70: 1 | J70: шт | K70: ABB | L70: =IF(H70="","",H70) -> 3040.0655 | M70: Аппараты защиты | N70: =IF(H70="","",H70/Kurallar!$B$16) -> 5.66595 | P70: 13.99 | Q70: EUR
A71: 67 | C71: kontaktör | D71: 1SAE351111R0640 | E71: Контактор модульный ESB63-40N 63А 4НО, катушка 230В AC/DC | F71: =IFERROR(P71*INDEX(Kurallar!$B$21:$B$28,MATCH(K71,Kurallar!$A$21:$A$28,0)),"") -> 247.455 | G71: =IFERROR(F71*INDEX(Kurallar!$C$21:$C$28,MATCH(K71,Kurallar!$A$21:$A$28,0))*INDEX(Kurallar!$B$15:$B$17,MATCH(Q71,Kurallar!$A$15:$A$17,0)),"") -> 39831.594 | H71: =IF(OR(G71="",I71=""),"",G71*I71) -> 159326.38 | I71: 4 | J71: шт | K71: ABB | L71: =IF(H71="","",H71) -> 159326.38 | M71: Управление | N71: =IF(H71="","",H71/Kurallar!$B$16) -> 296.946 | P71: 183.3 | Q71: EUR
A72: 68 | C72: Röle | D72: 2CSM208141R1000 | E72: Таймер недельный AW1CO-R-120m, 7 сут, резерв 150 ч, 1 перекл. контакт | F72: =IFERROR(P72*INDEX(Kurallar!$B$21:$B$28,MATCH(K72,Kurallar!$A$21:$A$28,0)),"") -> 194.94 | G72: =IFERROR(F72*INDEX(Kurallar!$C$21:$C$28,MATCH(K72,Kurallar!$A$21:$A$28,0))*INDEX(Kurallar!$B$15:$B$17,MATCH(Q72,Kurallar!$A$15:$A$17,0)),"") -> 31378.517 | H72: =IF(OR(G72="",I72=""),"",G72*I72) -> 31378.517 | I72: 1 | J72: шт | K72: ABB | L72: =IF(H72="","",H72) -> 31378.517 | M72: Управление | N72: =IF(H72="","",H72/Kurallar!$B$16) -> 58.482 | P72: 144.4 | Q72: EUR
A73: 69 | C73: Röle | D73: 1SVR405613R3000 | E73: Реле промежуточное CR-M230AC4, 4 перекл. контакта, 230В AC | F73: =IFERROR(P73*INDEX(Kurallar!$B$21:$B$28,MATCH(K73,Kurallar!$A$21:$A$28,0)),"") -> 17.3205 | G73: =IFERROR(F73*INDEX(Kurallar!$C$21:$C$28,MATCH(K73,Kurallar!$A$21:$A$28,0))*INDEX(Kurallar!$B$15:$B$17,MATCH(Q73,Kurallar!$A$15:$A$17,0)),"") -> 2787.9943 | H73: =IF(OR(G73="",I73=""),"",G73*I73) -> 2787.9943 | I73: 1 | J73: шт | K73: ABB | L73: =IF(H73="","",H73) -> 2787.9943 | M73: Управление | N73: =IF(H73="","",H73/Kurallar!$B$16) -> 5.19615 | P73: 12.83 | Q73: EUR
A74: 70 | C74: Röle Altlığı | D74: 1SVR405651R3000 | E74: Колодка для реле CR-M4SS, 4 перекл., винтовая | F74: =IFERROR(P74*INDEX(Kurallar!$B$21:$B$28,MATCH(K74,Kurallar!$A$21:$A$28,0)),"") -> 11.475 | G74: =IFERROR(F74*INDEX(Kurallar!$C$21:$C$28,MATCH(K74,Kurallar!$A$21:$A$28,0))*INDEX(Kurallar!$B$15:$B$17,MATCH(Q74,Kurallar!$A$15:$A$17,0)),"") -> 1847.0734 | H74: =IF(OR(G74="",I74=""),"",G74*I74) -> 1847.0734 | I74: 1 | J74: шт | K74: ABB | L74: =IF(H74="","",H74) -> 1847.0734 | M74: Управление | N74: =IF(H74="","",H74/Kurallar!$B$16) -> 3.4425 | P74: 8.5 | Q74: EUR
A75: 71 | C75: blok | D75: 1SFA619210R1026 | E75: Переключатель 3-позиционный C3SS1-10B-20, 2НО (АВТО-ОТКЛ-РУЧН) | F75: =IFERROR(P75*INDEX(Kurallar!$B$21:$B$28,MATCH(K75,Kurallar!$A$21:$A$28,0)),"") -> 17.7255 | G75: =IFERROR(F75*INDEX(Kurallar!$C$21:$C$28,MATCH(K75,Kurallar!$A$21:$A$28,0))*INDEX(Kurallar!$B$15:$B$17,MATCH(Q75,Kurallar!$A$15:$A$17,0)),"") -> 2853.1851 | H75: =IF(OR(G75="",I75=""),"",G75*I75) -> 2853.1851 | I75: 1 | J75: шт | K75: ABB | L75: =IF(H75="","",H75) -> 2853.1851 | M75: Управление | N75: =IF(H75="","",H75/Kurallar!$B$16) -> 5.31765 | P75: 13.13 | Q75: EUR
A76: 72 | C76: Sinyal Lambası | D76: 1SFA619403R5232 | E76: Лампа сигнальная CL2-523G, LED 230В AC, зелёная («FLTs ON») | F76: =IFERROR(P76*INDEX(Kurallar!$B$21:$B$28,MATCH(K76,Kurallar!$A$21:$A$28,0)),"") -> 12.987 | G76: =IFERROR(F76*INDEX(Kurallar!$C$21:$C$28,MATCH(K76,Kurallar!$A$21:$A$28,0))*INDEX(Kurallar!$B$15:$B$17,MATCH(Q76,Kurallar!$A$15:$A$17,0)),"") -> 2090.4525 | H76: =IF(OR(G76="",I76=""),"",G76*I76) -> 2090.4525 | I76: 1 | J76: шт | K76: ABB | L76: =IF(H76="","",H76) -> 2090.4525 | M76: Управление | N76: =IF(H76="","",H76/Kurallar!$B$16) -> 3.8961 | P76: 9.62 | Q76: EUR
... A83: 79 | C83: montajный материал | D83: 270300079_ | E83: Кабель-канал перфорированный 25х40, ИМПАКТ | F83: =IFERROR(P83*INDEX(Kurallar!$B$21:$B$28,MATCH(K83,Kurallar!$A$21:$A$28,0)),"") -> 1094 | G83: =IFERROR(F83*INDEX(Kurallar!$C$21:$C$28,MATCH(K83,Kurallar!$A$21:$A$28,0))*INDEX(Kurallar!$B$15:$B$17,MATCH(Q83,Kurallar!$A$15:$A$17,0)),"") -> 1094 | H83: =IF(OR(G83="",I83=""),"",G83*I83) -> 5470 | I83: 5 | J83: шт | K83: EKT | L83: =IF(H83="","",H83) -> 5470 | M83: Монтаж | N83: =IF(H83="","",H83/Kurallar!$B$16) -> 10.194763 | P83: 1094 | Q83: KZT
A84: 80 | C84: montajный материал | E84: Монтажные материалы (крепёж, маркировка, наконечники) | G84: =SUM(H65:H83)*Kurallar!$B$34 -> 12785.325 | H84: =IF(G84="","",G84*I84) -> 12785.325 | I84: 1 | J84: компл. | K84: — | L84: =H84 -> 12785.325 | M84: Монтаж
A85: 81 | C85: montajная работа | E85: Сборка щита (норма времени — см. лист «Kurallar») | F85: =I85/60 -> 13.876667 | G85: =Kurallar!$B$32 -> 100 | H85: =IF(G85="","",G85*I85) -> 83260 | I85: =Kurallar!$K$59 -> 832.6 | J85: мин | K85: YSF | M85: Работа
B86: Toplam ЩУ AFL Cargo (AFL MAST CONTROL PANEL) | H86: =SUBTOTAL(9,H65:H85) -> 522222.82 | I86: 1 | J86: компл. | L86: =SUBTOTAL(9,L65:L84) -> 438962.82 | N86: =IF(H86="","",H86/Kurallar!$B$16) -> 973.29759
A87: 82 | C87: blok | E87: ⚠ KONTROL — Фотореле (сумеречный выключатель) с выносным датчиком, 230В AC | I87: 1 | J87: шт | M87: Управление
A88: 83 | B88: =E88 -> SUB 19 AFL LV DB (VIP) | E88: SUB 19 AFL LV DB (VIP) | I88: 1 | J88: комплект
A89: 84 | C89: korpus | D89: 719-15420 | E89: Мет.Корпус ЩМП-4 (800x650x250) IP54 | F89: =IFERROR(P89*INDEX(Kurallar!$B$21:$B$28,MATCH(K89,Kurallar!$A$21:$A$28,0)),"") -> 30540 | G89: =IFERROR(F89*INDEX(Kurallar!$C$21:$C$28,MATCH(K89,Kurallar!$A$21:$A$28,0))*INDEX(Kurallar!$B$15:$B$17,MATCH(Q89,Kurallar!$A$15:$A$17,0)),"") -> 30540 | H89: =IF(OR(G89="",I89=""),"",G89*I89) -> 30540 | I89: 1 | J89: шт | K89: KAZTEK | L89: =IF(H89="","",H89) -> 30540 | M89: Корпус | N89: =IF(H89="","",H89/Kurallar!$B$16) -> 56.919206 | P89: 30540 | Q89: KZT
A90: 85 | C90: TMŞ | D90: 1SDA067416R1 | E90: Выключатель автоматический XT1N 160 TMD In=100A 3P, Icu 36кА — ввод | F90: =IFERROR(P90*INDEX(Kurallar!$B$21:$B$28,MATCH(K90,Kurallar!$A$21:$A$28,0)),"") -> 332.235 | G90: =IFERROR(F90*INDEX(Kurallar!$C$21:$C$28,MATCH(K90,Kurallar!$A$21:$A$28,0))*INDEX(Kurallar!$B$15:$B$17,MATCH(Q90,Kurallar!$A$15:$A$17,0)),"") -> 53478.207 | H90: =IF(OR(G90="",I90=""),"",G90*I90) -> 53478.207 | I90: 1 | J90: шт | K90: ABB | L90: =IF(H90="","",H90) -> 53478.207 | M90: Аппараты защиты | N90: =IF(H90="","",H90/Kurallar!$B$16) -> 99.6705 | P90: 246.1 | Q90: EUR
A91: 86 | C91: opn | D91: 2CTB803973R1100 | E91: Ограничитель перенапряжения OVR T2 3N 40-275 P QS (класс II) | F91: =IFERROR(P91*INDEX(Kurallar!$B$21:$B$28,MATCH(K91,Kurallar!$A$21:$A$28,0)),"") -> 487.62 | G91: =IFERROR(F91*INDEX(Kurallar!$C$21:$C$28,MATCH(K91,Kurallar!$A$21:$A$28,0))*INDEX(Kurallar!$B$15:$B$17,MATCH(Q91,Kurallar!$A$15:$A$17,0)),"") -> 78489.753 | H91: =IF(OR(G91="",I91=""),"",G91*I91) -> 78489.753 | I91: 1 | J91: шт | K91: ABB | L91: =IF(H91="","",H91) -> 78489.753 | M91: Аппараты защиты | N91: =IF(H91="","",H91/Kurallar!$B$16) -> 146.286 | P91: 361.2 | Q91: EUR
A92: 87 | C92: OTO | D92: 2CDS273001R0324 | E92: Выключатель автоматический S203M-C32 3P 32А, 10кА, хар. C — PB-V1/V2/V3 | F92: =IFERROR(P92*INDEX(Kurallar!$B$21:$B$28,MATCH(K92,Kurallar!$A$21:$A$28,0)),"") -> 106.3125 | G92: =IFERROR(F92*INDEX(Kurallar!$C$21:$C$28,MATCH(K92,Kurallar!$A$21:$A$28,0))*INDEX(Kurallar!$B$15:$B$17,MATCH(Q92,Kurallar!$A$15:$A$17,0)),"") -> 17112.592 | H92: =IF(OR(G92="",I92=""),"",G92*I92) -> 51337.775 | I92: 3 | J92: шт | K92: ABB | L92: =IF(H92="","",H92) -> 51337.775 | M92: Аппараты защиты | N92: =IF(H92="","",H92/Kurallar!$B$16) -> 95.68125 | P92: 78.75 | Q92: EUR
A93: 88 | C93: LOOBAR | D93: 130200399_ | E93: Шина «N»/«PE» ШНК 3L+PEN 4х7, 100А, на DIN-рейку в корпусе | F93: =IFERROR(P93*INDEX(Kurallar!$B$21:$B$28,MATCH(K93,Kurallar!$A$21:$A$28,0)),"") -> 2567 | G93: =IFERROR(F93*INDEX(Kurallar!$C$21:$C$28,MATCH(K93,Kurallar!$A$21:$A$28,0))*INDEX(Kurallar!$B$15:$B$17,MATCH(Q93,Kurallar!$A$15:$A$17,0)),"") -> 2567 | H93: =IF(OR(G93="",I93=""),"",G93*I93) -> 2567 | I93: 1 | J93: шт | K93: EKT | L93: =IF(H93="","",H93) -> 2567 | M93: Клеммы и шины | N93: =IF(H93="","",H93/Kurallar!$B$16) -> 4.7842699 | P93: 2567 | Q93: KZT
A94: 89 | C94: Klemens | D94: 130301157_ | E94: Зажим наборный ЗНИ 16мм² (100А), серый | F94: =IFERROR(P94*INDEX(Kurallar!$B$21:$B$28,MATCH(K94,Kurallar!$A$21:$A$28,0)),"") -> 235 | G94: =IFERROR(F94*INDEX(Kurallar!$C$21:$C$28,MATCH(K94,Kurallar!$A$21:$A$28,0))*INDEX(Kurallar!$B$15:$B$17,MATCH(Q94,Kurallar!$A$15:$A$17,0)),"") -> 235 | H94: =IF(OR(G94="",I94=""),"",G94*I94) -> 3760 | I94: 16 | J94: шт | K94: EKT | L94: =IF(H94="","",H94) -> 3760 | M94: Клеммы и шины | N94: =IF(H94="","",H94/Kurallar!$B$16) -> 7.0077346 | P94: 235 | Q94: KZT
A95: 90 | C95: montajный материал | D95: 570003 | E95: DIN-рейка оцинкованная TH35-7.5, 1000 мм | F95: =IFERROR(P95*INDEX(Kurallar!$B$21:$B$28,MATCH(K95,Kurallar!$A$21:$A$28,0)),"") -> 869 | G95: =IFERROR(F95*INDEX(Kurallar!$C$21:$C$28,MATCH(K95,Kurallar!$A$21:$A$28,0))*INDEX(Kurallar!$B$15:$B$17,MATCH(Q95,Kurallar!$A$15:$A$17,0)),"") -> 521.4 | H95: =IF(OR(G95="",I95=""),"",G95*I95) -> 1564.2 | I95: 3 | J95: шт | K95: CHINT | L95: =IF(H95="","",H95) -> 1564.2 | M95: Монтаж | N95: =IF(H95="","",H95/Kurallar!$B$16) -> 2.9152921 | P95: 869 | Q95: KZT
A96: 91 | C96: montajный материал | D96: 270300079_ | E96: Кабель-канал перфорированный 25х40, ИМПАКТ | F96: =IFERROR(P96*INDEX(Kurallar!$B$21:$B$28,MATCH(K96,Kurallar!$A$21:$A$28,0)),"") -> 1094 | G96: =IFERROR(F96*INDEX(Kurallar!$C$21:$C$28,MATCH(K96,Kurallar!$A$21:$A$28,0))*INDEX(Kurallar!$B$15:$B$17,MATCH(Q96,Kurallar!$A$15:$A$17,0)),"") -> 1094 | H96: =IF(OR(G96="",I96=""),"",G96*I96) -> 3282 | I96: 3 | J96: шт | K96: EKT | L96: =IF(H96="","",H96) -> 3282 | M96: Монтаж | N96: =IF(H96="","",H96/Kurallar!$B$16) -> 6.1168577 | P96: 1094 | Q96: KZT
A97: 92 | C97: montajный материал | E97: Монтажные материалы (крепёж, маркировка, наконечники) | G97: =SUM(H89:H96)*Kurallar!$B$34 -> 6750.568 | H97: =IF(G97="","",G97*I97) -> 6750.568 | I97: 1 | J97: компл. | K97: — | L97: =H97 -> 6750.568 | M97: Монтаж
A98: 93 | C98: montajная работа | E98: Сборка щита (норма времени — см. лист «Kurallar») | F98: =I98/60 -> 5.6158333 | G98: =Kurallar!$B$32 -> 100 | H98: =IF(G98="","",G98*I98) -> 33695 | I98: =Kurallar!$M$59 -> 336.95 | J98: мин | K98: YSF | M98: Работа
B99: Toplam SUB 19 AFL LV DB (VIP) | H99: =SUBTOTAL(9,H89:H98) -> 265464.5 | I99: 1 | J99: компл. | L99: =SUBTOTAL(9,L89:L97) -> 231769.5 | N99: =IF(H99="","",H99/Kurallar!$B$16) -> 494.76191
A100: 94 | B100: =E100 -> ЩО PB-V1 (VIP) | E100: ЩО PB-V1 (VIP) | I100: 1 | J100: комплект
A101: 95 | C101: korpus | D101: 719-15425 | E101: Мет.Корпус ЩМП-2 (500x400x220) IP54 | F101: =IFERROR(P101*INDEX(Kurallar!$B$21:$B$28,MATCH(K101,Kurallar!$A$21:$A$28,0)),"") -> 17365 | G101: =IFERROR(F101*INDEX(Kurallar!$C$21:$C$28,MATCH(K101,Kurallar!$A$21:$A$28,0))*INDEX(Kurallar!$B$15:$B$17,MATCH(Q101,Kurallar!$A$15:$A$17,0)),"") -> 17365 | H101: =IF(OR(G101="",I101=""),"",G101*I101) -> 17365 | I101: 1 | J101: шт | K101: KAZTEK | L101: =IF(H101="","",H101) -> 17365 | M101: Корпус | N101: =IF(H101="","",H101/Kurallar!$B$16) -> 32.364179 | P101: 17365 | Q101: KZT
A102: 96 | C102: OTO | D102: 2CDS273001R0504 | E102: Выключатель автоматический S203M-C50 3P 50А, 10кА, хар. C — ввод | F102: =IFERROR(P102*INDEX(Kurallar!$B$21:$B$28,MATCH(K102,Kurallar!$A$21:$A$28,0)),"") -> 127.5885 | G102: =IFERROR(F102*INDEX(Kurallar!$C$21:$C$28,MATCH(K102,Kurallar!$A$21:$A$28,0))*INDEX(Kurallar!$B$15:$B$17,MATCH(Q102,Kurallar!$A$15:$A$17,0)),"") -> 20537.283 | H102: =IF(OR(G102="",I102=""),"",G102*I102) -> 20537.283 | I102: 1 | J102: шт | K102: ABB | L102: =IF(H102="","",H102) -> 20537.283 | M102: Аппараты защиты | N102: =IF(H102="","",H102/Kurallar!$B$16) -> 38.27655 | P102: 94.51 | Q102: EUR
A103: 97 | C103: opn | D103: 2CTB803973R1100 | E103: Ограничитель перенапряжения OVR T2 3N 40-275 P QS (класс II) | F103: =IFERROR(P103*INDEX(Kurallar!$B$21:$B$28,MATCH(K103,Kurallar!$A$21:$A$28,0)),"") -> 487.62 | G103: =IFERROR(F103*INDEX(Kurallar!$C$21:$C$28,MATCH(K103,Kurallar!$A$21:$A$28,0))*INDEX(Kurallar!$B$15:$B$17,MATCH(Q103,Kurallar!$A$15:$A$17,0)),"") -> 78489.753 | H103: =IF(OR(G103="",I103=""),"",G103*I103) -> 78489.753 | I103: 1 | J103: шт | K103: ABB | L103: =IF(H103="","",H103) -> 78489.753 | M103: Аппараты защиты | N103: =IF(H103="","",H103/Kurallar!$B$16) -> 146.286 | P103: 361.2 | Q103: EUR
A104: 98 | C104: OTO | D104: 2CDS273001R0324 | E104: Выключатель автоматический S203M-C32 3P 32А, 10кА, хар. C — AFL мачты (4 шт) | F104: =IFERROR(P104*INDEX(Kurallar!$B$21:$B$28,MATCH(K104,Kurallar!$A$21:$A$28,0)),"") -> 106.3125 | G104: =IFERROR(F104*INDEX(Kurallar!$C$21:$C$28,MATCH(K104,Kurallar!$A$21:$A$28,0))*INDEX(Kurallar!$B$15:$B$17,MATCH(Q104,Kurallar!$A$15:$A$17,0)),"") -> 17112.592 | H104: =IF(OR(G104="",I104=""),"",G104*I104) -> 68450.366 | I104: 4 | J104: шт | K104: ABB | L104: =IF(H104="","",H104) -> 68450.366 | M104: Аппараты защиты | N104: =IF(H104="","",H104/Kurallar!$B$16) -> 127.575 | P104: 78.75 | Q104: EUR
A105: 99 | C105: LOOBAR | D105: 130200399_ | E105: Шина «N»/«PE» ШНК 3L+PEN 4х7, 100А, на DIN-рейку в корпусе | F105: =IFERROR(P105*INDEX(Kurallar!$B$21:$B$28,MATCH(K105,Kurallar!$A$21:$A$28,0)),"") -> 2567 | G105: =IFERROR(F105*INDEX(Kurallar!$C$21:$C$28,MATCH(K105,Kurallar!$A$21:$A$28,0))*INDEX(Kurallar!$B$15:$B$17,MATCH(Q105,Kurallar!$A$15:$A$17,0)),"") -> 2567 | H105: =IF(OR(G105="",I105=""),"",G105*I105) -> 2567 | I105: 1 | J105: шт | K105: EKT | L105: =IF(H105="","",H105) -> 2567 | M105: Клеммы и шины | N105: =IF(H105="","",H105/Kurallar!$B$16) -> 4.7842699 | P105: 2567 | Q105: KZT
A106: 100 | C106: Klemens | D106: 130301155_ | E106: Зажим наборный ЗНИ 10мм² (70А), серый | F106: =IFERROR(P106*INDEX(Kurallar!$B$21:$B$28,MATCH(K106,Kurallar!$A$21:$A$28,0)),"") -> 151 | G106: =IFERROR(F106*INDEX(Kurallar!$C$21:$C$28,MATCH(K106,Kurallar!$A$21:$A$28,0))*INDEX(Kurallar!$B$15:$B$17,MATCH(Q106,Kurallar!$A$15:$A$17,0)),"") -> 151 | H106: =IF(OR(G106="",I106=""),"",G106*I106) -> 3020 | I106: 20 | J106: шт | K106: EKT | L106: =IF(H106="","",H106) -> 3020 | M106: Клеммы и шины | N106: =IF(H106="","",H106/Kurallar!$B$16) -> 5.6285528 | P106: 151 | Q106: KZT
A107: 101 | C107: montajный материал | D107: 570003 | E107: DIN-рейка оцинкованная TH35-7.5, 1000 мм | F107: =IFERROR(P107*INDEX(Kurallar!$B$21:$B$28,MATCH(K107,Kurallar!$A$21:$A$28,0)),"") -> 869 | G107: =IFERROR(F107*INDEX(Kurallar!$C$21:$C$28,MATCH(K107,Kurallar!$A$21:$A$28,0))*INDEX(Kurallar!$B$15:$B$17,MATCH(Q107,Kurallar!$A$15:$A$17,0)),"") -> 521.4 | H107: =IF(OR(G107="",I107=""),"",G107*I107) -> 1564.2 | I107: 3 | J107: шт | K107: CHINT | L107: =IF(H107="","",H107) -> 1564.2 | M107: Монтаж | N107: =IF(H107="","",H107/Kurallar!$B$16) -> 2.9152921 | P107: 869 | Q107: KZT
A108: 102 | C108: montajный материал | D108: 270300079_ | E108: Кабель-канал перфорированный 25х40, ИМПАКТ | F108: =IFERROR(P108*INDEX(Kurallar!$B$21:$B$28,MATCH(K108,Kurallar!$A$21:$A$28,0)),"") -> 1094 | G108: =IFERROR(F108*INDEX(Kurallar!$C$21:$C$28,MATCH(K108,Kurallar!$A$21:$A$28,0))*INDEX(Kurallar!$B$15:$B$17,MATCH(Q108,Kurallar!$A$15:$A$17,0)),"") -> 1094 | H108: =IF(OR(G108="",I108=""),"",G108*I108) -> 3282 | I108: 3 | J108: шт | K108: EKT | L108: =IF(H108="","",H108) -> 3282 | M108: Монтаж | N108: =IF(H108="","",H108/Kurallar!$B$16) -> 6.1168577 | P108: 1094 | Q108: KZT
A109: 103 | C109: montajный материал | E109: Монтажные материалы (крепёж, маркировка, наконечники) | G109: =SUM(H101:H108)*Kurallar!$B$34 -> 5858.2681 | H109: =IF(G109="","",G109*I109) -> 5858.2681 | I109: 1 | J109: компл. | K109: — | L109: =H109 -> 5858.2681 | M109: Монтаж
A110: 104 | C110: montajная работа | E110: Сборка щита (норма времени — см. лист «Kurallar») | F110: =I110/60 -> 5.175 | G110: =Kurallar!$B$32 -> 100 | H110: =IF(G110="","",G110*I110) -> 31050 | I110: =Kurallar!$O$59 -> 310.5 | J110: мин | K110: YSF | M110: Работа
B111: Toplam ЩО PB-V1 (VIP) | H111: =SUBTOTAL(9,H101:H110) -> 232183.87 | I111: 1 | J111: компл. | L111: =SUBTOTAL(9,L101:L109) -> 201133.87 | N111: =IF(H111="","",H111/Kurallar!$B$16) -> 432.73483
A112: 105 | B112: =E112 -> ЩО PB-V2 (VIP) | E112: ЩО PB-V2 (VIP) | I112: 1 | J112: комплект
...

Sheet СВОД
A1: Almaty International Airport — Apron Floodlighting (De-icing / Cargo / VIP), BK3812 — СВОДНАЯ ВЕДОМОСТЬ
A2: Rev. A · 2026-08-17 · EUR/KZT см. лист «Kurallar»
A4: Щит | B4: Кол-во компл. | C4: Цена за 1 компл. KZT | D4: Сумма KZT | E4: Сумма EUR | F4: Модули исп. | G4: Модули всего | H4: Заполнение | I4: Статус
A5: ЩАВР De-icing (AVR POWER PANEL) | B5: 1 | C5: =BOM!H18 -> 2293922.5 | D5: =B5*C5 -> 2293922.5 | E5: =D5/Kurallar!$B$16 -> 4275.3192 | F5: 93.2 | G5: 200 | H5: =F5/G5 -> 0.466 | I5: =IF(F5/G5>1,"⛔ КОРПУС МАЛ",IF(F5/G5>0.8,"⚠ РЕЗЕРВ <20%","✅ OK")) -> ✅ OK
A6: ЩУ AFL De-icing (AFL MAST CONTROL PANEL) | B6: 1 | C6: =BOM!H44 -> 522222.82 | D6: =B6*C6 -> 522222.82 | E6: =D6/Kurallar!$B$16 -> 973.29759 | F6: 48.6 | G6: 96 | H6: =F6/G6 -> 0.50625 | I6: =IF(F6/G6>1,"⛔ КОРПУС МАЛ",IF(F6/G6>0.8,"⚠ РЕЗЕРВ <20%","✅ OK")) -> ✅ OK
A7: ЩАВР Cargo (AVR POWER PANEL) | B7: 1 | C7: =BOM!H62 -> 1573028.9 | D7: =B7*C7 -> 1573028.9 | E7: =D7/Kurallar!$B$16 -> 2931.747 | F7: 80 | G7: 150 | H7: =F7/G7 -> 0.53333333 | I7: =IF(F7/G7>1,"⛔ КОРПУС МАЛ",IF(F7/G7>0.8,"⚠ РЕЗЕРВ <20%","✅ OK")) -> ✅ OK
A8: ЩУ AFL Cargo (AFL MAST CONTROL PANEL) | B8: 1 | C8: =BOM!H86 -> 522222.82 | D8: =B8*C8 -> 522222.82 | E8: =D8/Kurallar!$B$16 -> 973.29759 | F8: 48.6 | G8: 96 | H8: =F8/G8 -> 0.50625 | I8: =IF(F8/G8>1,"⛔ КОРПУС МАЛ",IF(F8/G8>0.8,"⚠ РЕЗЕРВ <20%","✅ OK")) -> ✅ OK
A9: SUB 19 AFL LV DB (VIP) | B9: 1 | C9: =BOM!H99 -> 265464.5 | D9: =B9*C9 -> 265464.5 | E9: =D9/Kurallar!$B$16 -> 494.76191 | F9: 23.8 | G9: 96 | H9: =F9/G9 -> 0.24791667 | I9: =IF(F9/G9>1,"⛔ КОРПУС МАЛ",IF(F9/G9>0.8,"⚠ РЕЗЕРВ <20%","✅ OK")) -> ✅ OK
A10: ЩО PB-V1 (VIP) | B10: 1 | C10: =BOM!H111 -> 232183.87 | D10: =B10*C10 -> 232183.87 | E10: =D10/Kurallar!$B$16 -> 432.73483 | F10: 25 | G10: 48 | H10: =F10/G10 -> 0.52083333 | I10: =IF(F10/G10>1,"⛔ КОРПУС МАЛ",IF(F10/G10>0.8,"⚠ РЕЗЕРВ <20%","✅ OK")) -> ✅ OK
A11: ЩО PB-V2 (VIP) | B11: 1 | C11: =BOM!H123 -> 210025.78 | D11: =B11*C11 -> 210025.78 | E11: =D11/Kurallar!$B$16 -> 391.43748 | F11: 20.8 | G11: 48 | H11: =F11/G11 -> 0.43333333 | I11: =IF(F11/G11>1,"⛔ КОРПУС МАЛ",IF(F11/G11>0.8,"⚠ РЕЗЕРВ <20%","✅ OK")) -> ✅ OK
A12: ЩО PB-V3 (VIP) | B12: 1 | C12: =BOM!H135 -> 210025.78 | D12: =B12*C12 -> 210025.78 | E12: =D12/Kurallar!$B$16 -> 391.43748 | F12: 20.8 | G12: 48 | H12: =F12/G12 -> 0.43333333 | I12: =IF(F12/G12>1,"⛔ КОРПУС МАЛ",IF(F12/G12>0.8,"⚠ РЕЗЕРВ <20%","✅ OK")) -> ✅ OK
A13: ЩА AFL INTERNAL DB (в мачте, VIP) | B13: 10 | C13: =BOM!H151 -> 136156.73 | D13: =B13*C13 -> 1361567.3 | E13: =D13/Kurallar!$B$16 -> 2537.6336 | F13: 19.5 | G13: 48 | H13: =F13/G13 -> 0.40625 | I13: =IF(F13/G13>1,"⛔ КОРПУС МАЛ",IF(F13/G13>0.8,"⚠ РЕЗЕРВ <20%","✅ OK")) -> ✅ OK
A14: ИТОГО | D14: =SUM(D5:D13) -> 7190664.3 | E14: =D14/Kurallar!$B$16 -> 13401.667
A16: Контрольная связка: СВОД!D14 = BOM!H153 | D16: =IF(ROUND(D14,0)=ROUND(BOM!H153,0),"✅ СХОДИТСЯ","⛔ РАСХОЖДЕНИЕ") -> ✅ СХОДИТСЯ

Sheet Kurallar
A1: Almaty International Airport — Apron Floodlighting (De-icing / Cargo / VIP), BK3812 — KURALLAR, KATSAYILAR VE NORMLAR
A3: Sarı hücreler DÜZENLENEBİLİR. Değiştirildiğinde tüm BOM otomatik güncellenir.
A5: PROJE BİLGİLERİ
A6: Proje kodu | B6: 260817_ALA_Apron_Floodlighting
A7: Proje adı | B7: Almaty International Airport — Apron Floodlighting (De-icing / Cargo / VIP), BK3812
A8: Müşteri | B8: Almaty International Airport / NACO
A9: Revizyon | B9: A
A10: Tarih | B10: 2026-08-17
A11: Sorumlu | B11: YSF HICH
A13: DÖVİZ KURLARI (KZT karşılığı)
A14: PARA | B14: KUR | C14: AÇIKLAMA
A15: KZT | B15: 1 | C15: baz — değiştirmeyin
A16: EUR | B16: 536.55 | C16: EUR/KZT — BOM günü kuru
A17: TL | B17: 13.5 | C17: TL/KZT — BOM günü kuru
A19: MARKA KATSAYILARI (F = ЛИСТ × liste çarpanı · G = F × net katsayı × kur)
A20: ЗАВОД | B20: LİSTE ÇARPANI | C20: NET KATSAYI | D20: AÇIKLAMA
A21: ABB | B21: 1.35 | C21: 0.3 | D21: liste(EUR) × 1,35 → sonra × 0,30 (%70 iskonto — "diğer tüm gruplar")
A22: CHINT | B22: 1 | C22: 0.6 | D22: %40 iskonto
A23: CNC | B23: 1 | C23: 0.55 | D23: %45 iskonto
A24: EKT | B24: 1 | C24: 1 | D24: net fiyat
A25: KAZTEK | B25: 1 | C25: 1 | D25: net fiyat — korpus
A26: SAYMAN | B26: 1 | C26: 1 | D26: net fiyat
A27: SCHNEIDER | B27: 1 | C27: 0.6 | D27: proje bazında teyit edilmeli
A28: LEGRAND | B28: 1 | C28: 0.5 | D28: ⚠ TEYİT EDİLMEDİ — teklifte kullanmadan önce onaylat
A29: ABB — ayar sahalı / açık tip | B29: 1.35 | C29: 0.23 | D29: ⚠ %77 iskonto. AYRI KADEMEDİR — "ABB" satırıyla birleştirilmez. Bu BOM'da bu gruptan ürün YOKTUR; ACB/ayar sahalı şalter eklenirse ilgili satırın ЗАВОД hücresi bu satır adıyla değiştirilmelidir.
A31: İŞÇİLİK VE MONTAJ PARAMETRELERİ
A32: ISCILIK_KZT_DK | B32: 100 | C32: KZT / dakika (işveren yükü dahil)
A33: UPLIFT | B33: 1.15 | C33: Test, etiketleme, muayene katsayısı (güç panosu)
A34: MONTAJ_MALZ_YUZDE | B34: 0.03 | C34: Montaj malzemesi = pano malzeme tutarı × bu oran
A36: İŞÇİLİK ZAMAN NORMLARI (dakika) — pano bazında adet ve süre
A37: NORM | B37: NORM_DK | C37: AÇIKLAMA | D37: ЩАВР De-icing (AVR POWER | E37: дк | F37: ЩУ AFL De-icing (AFL MAS | G37: дк | H37: ЩАВР Cargo (AVR POWER PA | I37: дк | J37: ЩУ AFL Cargo (AFL MAST C | K37: дк | L37: SUB 19 AFL LV DB (VIP) | M37: дк | N37: ЩО PB-V1 (VIP) | O37: дк | P37: ЩО PB-V2 (VIP) | Q37: дк | R37: ЩО PB-V3 (VIP) | S37: дк | T37: ЩА AFL INTERNAL DB (в ма | U37: дк
A38: KORPUS_KUCUK | B38: 30 | C38: Korpus hazırlık — küçük (≤500x400) | D38: 0 | E38: =$B38*D38 -> 0 | F38: 0 | G38: =$B38*F38 -> 0 | H38: 0 | I38: =$B38*H38 -> 0 | J38: 0 | K38: =$B38*J38 -> 0 | L38: 0 | M38: =$B38*L38 -> 0 | N38: 1 | O38: =$B38*N38 -> 30 | P38: 1 | Q38: =$B38*P38 -> 30 | R38: 1 | S38: =$B38*R38 -> 30 | T38: 1 | U38: =$B38*T38 -> 30
A39: KORPUS_ORTA | B39: 45 | C39: Korpus hazırlık — orta (≤1000x700) | D39: 0 | E39: =$B39*D39 -> 0 | F39: 1 | G39: =$B39*F39 -> 45 | H39: 0 | I39: =$B39*H39 -> 0 | J39: 1 | K39: =$B39*J39 -> 45 | L39: 1 | M39: =$B39*L39 -> 45 | N39: 0 | O39: =$B39*N39 -> 0 | P39: 0 | Q39: =$B39*P39 -> 0 | R39: 0 | S39: =$B39*R39 -> 0 | T39: 0 | U39: =$B39*T39 -> 0
A40: KORPUS_ZEMIN | B40: 90 | C40: Korpus hazırlık — zemine oturan / ВРУ | D40: 1 | E40: =$B40*D40 -> 90 | F40: 0 | G40: =$B40*F40 -> 0 | H40: 1 | I40: =$B40*H40 -> 90 | J40: 0 | K40: =$B40*J40 -> 0 | L40: 0 | M40: =$B40*L40 -> 0 | N40: 0 | O40: =$B40*N40 -> 0 | P40: 0 | Q40: =$B40*P40 -> 0 | R40: 0 | S40: =$B40*R40 -> 0 | T40: 0 | U40: =$B40*T40 -> 0
A41: OTO_1P | B41: 10 | C41: Otomat 1P (МСВ 1P) | D41: 3 | E41: =$B41*D41 -> 30 | F41: 2 | G41: =$B41*F41 -> 20 | H41: 0 | I41: =$B41*H41 -> 0 | J41: 2 | K41: =$B41*J41 -> 20 | L41: 0 | M41: =$B41*L41 -> 0 | N41: 0 | O41: =$B41*N41 -> 0 | P41: 0 | Q41: =$B41*P41 -> 0 | R41: 0 | S41: =$B41*R41 -> 0 | T41: 2 | U41: =$B41*T41 -> 20
A42: OTO_3P | B42: 18 | C42: Otomat 3P/4P (МСВ 3P) | D42: 3 | E42: =$B42*D42 -> 54 | F42: 5 | G42: =$B42*F42 -> 90 | H42: 2 | I42: =$B42*H42 -> 36 | J42: 5 | K42: =$B42*J42 -> 90 | L42: 3 | M42: =$B42*L42 -> 54 | N42: 5 | O42: =$B42*N42 -> 90 | P42: 4 | Q42: =$B42*P42 -> 72 | R42: 4 | S42: =$B42*R42 -> 72 | T42: 1 | U42: =$B42*T42 -> 18
A43: DIF | B43: 14 | C43: АВДТ / RCBO 1P+N | D43: 0 | E43: =$B43*D43 -> 0 | F43: 0 | G43: =$B43*F43 -> 0 | H43: 3 | I43: =$B43*H43 -> 42 | J43: 0 | K43: =$B43*J43 -> 0 | L43: 0 | M43: =$B43*L43 -> 0 | N43: 0 | O43: =$B43*N43 -> 0 | P43: 0 | Q43: =$B43*P43 -> 0 | R43: 0 | S43: =$B43*R43 -> 0 | T43: 0 | U43: =$B43*T43 -> 0
A44: TMS_250 | B44: 60 | C44: Компакт автомат (MCCB) ≤250A | D44: 3 | E44: =$B44*D44 -> 180 | F44: 1 | G44: =$B44*F44 -> 60 | H44: 5 | I44: =$B44*H44 -> 300 | J44: 1 | K44: =$B44*J44 -> 60 | L44: 1 | M44: =$B44*L44 -> 60 | N44: 0 | O44: =$B44*N44 -> 0 | P44: 0 | Q44: =$B44*P44 -> 0 | R44: 0 | S44: =$B44*R44 -> 0 | T44: 0 | U44: =$B44*T44 -> 0
A45: TMS_630 | B45: 90 | C45: Компакт автомат (MCCB) 315–630A | D45: 2 | E45: =$B45*D45 -> 180 | F45: 0 | G45: =$B45*F45 -> 0 | H45: 0 | I45: =$B45*H45 -> 0 | J45: 0 | K45: =$B45*J45 -> 0 | L45: 0 | M45: =$B45*L45 -> 0 | N45: 0 | O45: =$B45*N45 -> 0 | P45: 0 | Q45: =$B45*P45 -> 0 | R45: 0 | S45: =$B45*R45 -> 0 | T45: 0 | U45: =$B45*T45 -> 0
A46: RUBILNIK | B46: 45 | C46: Выключатель нагрузки (рубильник) | D46: 0 | E46: =$B46*D46 -> 0 | F46: 0 | G46: =$B46*F46 -> 0 | H46: 0 | I46: =$B46*H46 -> 0 | J46: 0 | K46: =$B46*J46 -> 0 | L46: 0 | M46: =$B46*L46 -> 0 | N46: 0 | O46: =$B46*N46 -> 0 | P46: 0 | Q46: =$B46*P46 -> 0 | R46: 0 | S46: =$B46*R46 -> 0 | T46: 1 | U46: =$B46*T46 -> 45
A47: AVR | B47: 120 | C47: Переключатель АВР (моторный, ≤400A) — монтаж + подключение | D47: 1 | E47: =$B47*D47 -> 120 | F47: 0 | G47: =$B47*F47 -> 0 | H47: 1 | I47: =$B47*H47 -> 120 | J47: 0 | K47: =$B47*J47 -> 0 | L47: 0 | M47: =$B47*L47 -> 0 | N47: 0 | O47: =$B47*N47 -> 0 | P47: 0 | Q47: =$B47*P47 -> 0 | R47: 0 | S47: =$B47*R47 -> 0 | T47: 0 | U47: =$B47*T47 -> 0
A48: KONTAKTOR | B48: 15 | C48: Контактор модульный | D48: 0 | E48: =$B48*D48 -> 0 | F48: 4 | G48: =$B48*F48 -> 60 | H48: 0 | I48: =$B48*H48 -> 0 | J48: 4 | K48: =$B48*J48 -> 60 | L48: 0 | M48: =$B48*L48 -> 0 | N48: 0 | O48: =$B48*N48 -> 0 | P48: 0 | Q48: =$B48*P48 -> 0 | R48: 0 | S48: =$B48*R48 -> 0 | T48: 2 | U48: =$B48*T48 -> 30
A49: ROLE | B49: 10 | C49: Реле + колодка | D49: 0 | E49: =$B49*D49 -> 0 | F49: 3 | G49: =$B49*F49 -> 30 | H49: 0 | I49: =$B49*H49 -> 0 | J49: 3 | K49: =$B49*J49 -> 30 | L49: 0 | M49: =$B49*L49 -> 0 | N49: 0 | O49: =$B49*N49 -> 0 | P49: 0 | Q49: =$B49*P49 -> 0 | R49: 0 | S49: =$B49*R49 -> 0 | T49: 1 | U49: =$B49*T49 -> 10
... A57: KANAL | B57: 10 | C57: Кабель-канал — за штуку (1 шт = 2 м) | D57: 8 | E57: =$B57*D57 -> 80 | F57: 5 | G57: =$B57*F57 -> 50 | H57: 6 | I57: =$B57*H57 -> 60 | J57: 5 | K57: =$B57*J57 -> 50 | L57: 3 | M57: =$B57*L57 -> 30 | N57: 3 | O57: =$B57*N57 -> 30 | P57: 3 | Q57: =$B57*P57 -> 30 | R57: 3 | S57: =$B57*R57 -> 30 | T57: 2 | U57: =$B57*T57 -> 20
A58: HAM TOPLAM (dk) | E58: =SUM(E38:E57) -> 1230 | G58: =SUM(G38:G57) -> 724 | I58: =SUM(I38:I57) -> 1118 | K58: =SUM(K38:K57) -> 724 | M58: =SUM(M38:M57) -> 293 | O58: =SUM(O38:O57) -> 270 | Q58: =SUM(Q38:Q57) -> 236 | S58: =SUM(S38:S57) -> 236 | U58: =SUM(U38:U57) -> 259
A59: TOPLAM × UPLIFT (dk) → BOM işçilik satırı | E59: =E58*Kurallar!$B$33 -> 1414.5 | G59: =G58*Kurallar!$B$33 -> 832.6 | I59: =I58*Kurallar!$B$33 -> 1285.7 | K59: =K58*Kurallar!$B$33 -> 832.6 | M59: =M58*Kurallar!$B$33 -> 336.95 | O59: =O58*Kurallar!$B$33 -> 310.5 | Q59: =Q58*Kurallar!$B$33 -> 271.4 | S59: =S58*Kurallar!$B$33 -> 271.4 | U59: =U58*Kurallar!$B$33 -> 297.85
A61: FİYAT LİSTESİ KAYNAKLARI VE YAŞ KAPISI
A62: KAYNAK | B62: TARİH | C62: YAŞ (ay) | D62: DURUM
A63: ABB Elektrifikasyon Fiyat Listesi — Kasım 2025 | B63: 2025-11-01 | C63: =DATEDIF(DATEVALUE(B63),TODAY(),"m") -> 9 | D63: =IF(C63<=12,"✅ KULLAN",IF(C63<=18,"⚠ UYARILI — teyit et","⛔ YASAK")) -> ✅ KULLAN
A64: CHINT fiyatlı stok listesi | B64: 2026-06-13 | C64: =DATEDIF(DATEVALUE(B64),TODAY(),"m") -> 2 | D64: =IF(C64<=12,"✅ KULLAN",IF(C64<=18,"⚠ UYARILI — teyit et","⛔ YASAK")) -> ✅ KULLAN
A65: KAZTEK pano fiyat listesi | B65: 2026-07-15 | C65: =DATEDIF(DATEVALUE(B65),TODAY(),"m") -> 1 | D65: =IF(C65<=12,"✅ KULLAN",IF(C65<=18,"⚠ UYARILI — teyit et","⛔ YASAK")) -> ✅ KULLAN
A66: EKT PRICE | B66: 2025-06-19 | C66: =DATEDIF(DATEVALUE(B66),TODAY(),"m") -> 14 | D66: =IF(C66<=12,"✅ KULLAN",IF(C66<=18,"⚠ UYARILI — teyit et","⛔ YASAK")) -> ⚠ UYARILI — teyit et
A67: CNC tarif | B67: 2025-02-04 | C67: =DATEDIF(DATEVALUE(B67),TODAY(),"m") -> 18 | D67: =IF(C67<=12,"✅ KULLAN",IF(C67<=18,"⚠ UYARILI — teyit et","⛔ YASAK")) -> ⚠ UYARILI — teyit et
A68: SCHNEIDER TR fiyat listesi | B68: 2025-07-23 | C68: =DATEDIF(DATEVALUE(B68),TODAY(),"m") -> 13 | D68: =IF(C68<=12,"✅ KULLAN",IF(C68<=18,"⚠ UYARILI — teyit et","⛔ YASAK")) -> ⚠ UYARILI — teyit et
A69: LEGRAND fiyat listesi | B69: 2025-10-01 | C69: =DATEDIF(DATEVALUE(B69),TODAY(),"m") -> 10 | D69: =IF(C69<=12,"✅ KULLAN",IF(C69<=18,"⚠ UYARILI — teyit et","⛔ YASAK")) -> ✅ KULLAN
A70: EKF — YASAK (yalnızca artikül referansı) | B70: 2022-02-22 | C70: =DATEDIF(DATEVALUE(B70),TODAY(),"m") -> 54 | D70: =IF(C70<=12,"✅ KULLAN",IF(C70<=18,"⚠ UYARILI — teyit et","⛔ YASAK")) -> ⛔ YASAK
A71: KLEMSAN — YASAK (yalnızca artikül referansı) | B71: 2022-11-01 | C71: =DATEDIF(DATEVALUE(B71),TODAY(),"m") -> 45 | D71: =IF(C71<=12,"✅ KULLAN",IF(C71<=18,"⚠ UYARILI — teyit et","⛔ YASAK")) -> ⛔ YASAK
A72: ONKA — YASAK (yalnızca artikül referansı) | B72: 2022-07-01 | C72: =DATEDIF(DATEVALUE(B72),TODAY(),"m") -> 49 | D72: =IF(C72<=12,"✅ KULLAN",IF(C72<=18,"⚠ UYARILI — teyit et","⛔ YASAK")) -> ⛔ YASAK
A74: NOTLAR, UYARILAR VE KONTROL MADDELERİ
A75: Fiyat zinciri: ЛИСТ(P) × LİSTE ÇARPANI → F ; F × NET KATSAYI × KUR → G ; G × Кол-во → H. Tüm katsayı, kur ve normlar bu sayfadaki SARI hücrelerdedir — formüle gömülü sabit YOKTUR.
A76: Fiyatı bulunamayan kalemlerin Цена/Сумма hücreleri BİLİNÇLİ olarak BOŞTUR — sıfır yazılmaz, toplam görünür şekilde eksilir.
A77: KONTROL satırları kırmızı zeminlidir; adetleri GERÇEKTİR (atölye/tedarik sayar) ancak pano toplamına ve GENEL TOPLAM'a DAHİL DEĞİLDİR.
A78: İşçilik satırı: Кол-во = DAKİKA, Цена нетто = KZT/dakika, Цена (лист) sütunu SAAT karşılığıdır.
A79: Pano içi malzeme TEK pano içindir; komplekt adediyle çarpılmaz. Çarpma СВОД sayfasında yapılır.
A81: ▌ MARKA / FİYAT
A82: Tüm koruma cihazları ABB seçilmiştir (talep gereği). ABB katsayısı 0,4050 = liste × 1,35 × 0,30 (%70 indirim, "diğer tüm gruplar"). ⚠ ABB listesinde İKİNCİ bir kademe vardır: ayar sahalı ve açık tip şalterler %77 indirim → katsayı 0,3105. Bu BOM'da o gruptan ürün YOKTUR; ileride ACB/ayar sahalı şalter eklenirse Kurallar sayfasına AYRI satır olarak girilmelidir — iki kademe tek katsayıya indirgenmemelidir.
A83: EUR/KZT = 536,55 (17.08.2026). Kur sarı hücrededir; değiştirildiğinde tüm BOM güncellenir.
A84: Fiyat listesi yaşları: ABB Kasım 2025 (✅ 9 ay), CHINT 13.06.2026 (✅), Kaztek 15.07.2026 (✅), EKT 19.06.2025 (⚠ ~14 ay — UYARILI, fiyat teyidi önerilir).
A85: ▌ KISA DEVRE / CİHAZ SEÇİMİ
A86: ⚠ ŞEMA-ÜRÜN UYUŞMAZLIĞI: Şemalarda ЩАВР panolarında 15 kA, SUB 19 AFL LV DB'de 20 kA bara kısa devre dayanımı isteniyor. ABB Türkiye fiyat listesinde S200P (25 kA) serisi YOKTUR; yalnızca S200 (6 kA) ve S200M (10 kA) vardır. Çözüm: 100A ve üzeri tüm kalemlerde MCCB (Tmax XT1N/XT3N/XT5N, Icu 36 kA) kullanıldı; 63A ve altındaki modüler otomatlarda S200M (10 kA) + üst kademe MCCB ile KASKAD (back-up) koruma öngörüldü. Kaskad kombinasyonları ABB koordinasyon tablolarından teyit EDİLMELİDİR (IEC 60364-4-43 §434.5.1).
... A116: [ЩУ AFL De-icing (AFL MAST CONTROL PANEL) / BL1] KONTROL: Фотореле (сумеречный выключатель) с выносным датчиком, 230В AC — adet 1 шт. Fotosel geçerli hiçbir fiyat listesinde yok (EKF ve Klemsan listeleri YASAK). Marka/model teyit edilip fiyat eklenmelidir.
