Workbook

Sheet BOM
A1: ROW | C1: Наименование1 | D1: Тип | E1: Артикул | F1: Номенклатура | G1: Цена (прайс) | H1: Цена нетто, KZT | I1: Сумма, KZT | J1: Кол-во | K1: Ед.изм. | L1: Завод | M1: Сумма, KZT
A2: 1 | B2: =F2 -> Щит силовой ЩС-ФК1 (кухонное оборуд. и фанкойлы фудкорта), IP54 | C2: =F2 -> Щит силовой ЩС-ФК1 (кухонное оборуд. и фанкойлы фудкорта), IP54 | D2: pano | F2: Щит силовой ЩС-ФК1 (кухонное оборуд. и фанкойлы фудкорта), IP54 | J2: 2 | K2: комплект
A3: 2 | B3: =B2 -> Щит силовой ЩС-ФК1 (кухонное оборуд. и фанкойлы фудкорта), IP54 | C3: =F3 -> Корпус металлический ЩРн-54 (540x440x120) IP54 | D3: korpus | E3: 714-15104 | F3: Корпус металлический ЩРн-54 (540x440x120) IP54 | G3: 40000 | H3: =G3*Kurallar!$B$8 -> 24000 | I3: =H3*J3 -> 24000 | J3: 1 | K3: шт. | L3: kaztek | M3: 24000
A4: 3 | B4: =B3 -> Щит силовой ЩС-ФК1 (кухонное оборуд. и фанкойлы фудкорта), IP54 | C4: =F4 -> Автоматический выключатель Acti9 iC60N 3P C63A, 6kA | D4: OTO | E4: A9F74363 | F4: Автоматический выключатель Acti9 iC60N 3P C63A, 6kA | G4: 240 | H4: =G4*Kurallar!$B$7*Kurallar!$B$6 -> 1512 | I4: =H4*J4 -> 1512 | J4: 1 | K4: шт. | L4: Schneider | M4: 1512
A5: 4 | B5: =B4 -> Щит силовой ЩС-ФК1 (кухонное оборуд. и фанкойлы фудкорта), IP54 | C5: =F5 -> Выключатель диф. тока (АВДТ) Acti9 iC60 3P+N C32A 30mA тип AC | D5: DİF | E5: A9DE3732 | F5: Выключатель диф. тока (АВДТ) Acti9 iC60 3P+N C32A 30mA тип AC | G5: 7726 | H5: =G5*Kurallar!$B$7*Kurallar!$B$6 -> 48673.8 | I5: =H5*J5 -> 48673.8 | J5: 1 | K5: шт. | L5: Schneider | M5: 48673.8
A6: 5 | B6: =B5 -> Щит силовой ЩС-ФК1 (кухонное оборуд. и фанкойлы фудкорта), IP54 | C6: =F6 -> Выключатель диф. тока (АВДТ) Acti9 iC60 3P+N C16A 30mA тип AC | D6: DİF | E6: A9DE3716 | F6: Выключатель диф. тока (АВДТ) Acti9 iC60 3P+N C16A 30mA тип AC | G6: 7318 | H6: =G6*Kurallar!$B$7*Kurallar!$B$6 -> 46103.4 | I6: =H6*J6 -> 92206.8 | J6: 2 | K6: шт. | L6: Schneider | M6: 92206.8
A7: 6 | B7: =B6 -> Щит силовой ЩС-ФК1 (кухонное оборуд. и фанкойлы фудкорта), IP54 | C7: =F7 -> Выключатель диф. тока (АВДТ) Acti9 iC60 1P+N C16A 30mA тип AC | D7: DİF | E7: A9D34616 | F7: Выключатель диф. тока (АВДТ) Acti9 iC60 1P+N C16A 30mA тип AC | G7: 3995 | H7: =G7*Kurallar!$B$7*Kurallar!$B$6 -> 25168.5 | I7: =H7*J7 -> 201348 | J7: 8 | K7: шт. | L7: Schneider | M7: 201348
A8: 7 | B8: =B7 -> Щит силовой ЩС-ФК1 (кухонное оборуд. и фанкойлы фудкорта), IP54 | C8: =F8 -> Автоматический выключатель Easy9 3P C13A, 4,5kA | D8: OTO | E8: EZ9F34313 | F8: Автоматический выключатель Easy9 3P C13A, 4,5kA | G8: 1081 | H8: =G8*Kurallar!$B$7*Kurallar!$B$6 -> 6810.3 | I8: =H8*J8 -> 13620.6 | J8: 2 | K8: шт. | L8: Schneider | M8: 13620.6
A9: 8 | B9: =B8 -> Щит силовой ЩС-ФК1 (кухонное оборуд. и фанкойлы фудкорта), IP54 | C9: =F9 -> Автоматический выключатель Easy9 1P C10A, 4,5kA | D9: OTO | E9: EZ9F34110 | F9: Автоматический выключатель Easy9 1P C10A, 4,5kA | G9: 250 | H9: =G9*Kurallar!$B$7*Kurallar!$B$6 -> 1575 | I9: =H9*J9 -> 11025 | J9: 7 | K9: шт. | L9: Schneider | M9: 11025
A10: 9 | B10: =B9 -> Щит силовой ЩС-ФК1 (кухонное оборуд. и фанкойлы фудкорта), IP54 | C10: =F10 -> Контактор модульный SE A9C20844 iCT40A 4НО 220/240В АС 50ГЦ | D10: kontaktör | E10: 54139 | F10: Контактор модульный SE A9C20844 iCT40A 4НО 220/240В АС 50ГЦ | G10: 4500 | H10: =G10*Kurallar!$B$7*Kurallar!$B$6 -> 28350 | I10: =H10*J10 -> 28350 | J10: 1 | K10: шт. | L10: Schneider | M10: 28350
A11: 10 | B11: =B10 -> Щит силовой ЩС-ФК1 (кухонное оборуд. и фанкойлы фудкорта), IP54 | C11: =F11 -> Контактор модульный SE A9C20532 iCT25A 2НО 220В АС | D11: kontaktör | E11: 78061 | F11: Контактор модульный SE A9C20532 iCT25A 2НО 220В АС | G11: 1850 | H11: =G11*Kurallar!$B$7*Kurallar!$B$6 -> 11655 | I11: =H11*J11 -> 11655 | J11: 1 | K11: шт. | L11: Schneider | M11: 11655
A12: 11 | B12: =B11 -> Щит силовой ЩС-ФК1 (кухонное оборуд. и фанкойлы фудкорта), IP54 | C12: =F12 -> Шина "PE" земля ШНИ 6х9 12-К-З на DIN-рейку в изоляторе | D12: LOOBAR | E12: 130200401_ | F12: Шина "PE" земля ШНИ 6х9 12-К-З на DIN-рейку в изоляторе | G12: 547 | H12: =G12*Kurallar!$B$9 -> 547 | I12: =H12*J12 -> 547 | J12: 1 | K12: шт. | L12: UNIT | M12: 547
A13: 12 | B13: =B12 -> Щит силовой ЩС-ФК1 (кухонное оборуд. и фанкойлы фудкорта), IP54 | C13: =F13 -> Шина "N" нулевая 6х9мм 14/2 (крепеж по краям) | D13: LOOBAR | E13: 130200007_ | F13: Шина "N" нулевая 6х9мм 14/2 (крепеж по краям) | G13: 494 | H13: =G13*Kurallar!$B$9 -> 494 | I13: =H13*J13 -> 494 | J13: 1 | K13: шт. | L13: IEK | M13: 494
A14: 13 | B14: =B13 -> Щит силовой ЩС-ФК1 (кухонное оборуд. и фанкойлы фудкорта), IP54 | C14: =F14 -> DIN-рейка оцинкованная 1000 мм | D14: montajный материал | E14: 130200351_ | F14: DIN-рейка оцинкованная 1000 мм | G14: 549 | H14: =G14*Kurallar!$B$9 -> 549 | I14: =H14*J14 -> 1647 | J14: 3 | K14: м | L14: UNIT | M14: 1647
A15: 14 | B15: =B14 -> Щит силовой ЩС-ФК1 (кухонное оборуд. и фанкойлы фудкорта), IP54 | C15: =F15 -> Кабель-канал перфорированный 40х40 (2 м) | D15: montajный материал | E15: 280100020_ | F15: Кабель-канал перфорированный 40х40 (2 м) | G15: 1486 | H15: =G15*Kurallar!$B$9 -> 1486 | I15: =H15*J15 -> 2972 | J15: 2 | K15: шт. | L15: IEK | M15: 2972
A16: 15 | B16: =B15 -> Щит силовой ЩС-ФК1 (кухонное оборуд. и фанкойлы фудкорта), IP54 | C16: =F16 -> Монтажные материалы (клеммы, наконечники, провод ПВ3, маркировка, крепеж) | D16: montajный материал | F16: Монтажные материалы (клеммы, наконечники, провод ПВ3, маркировка, крепеж) | H16: =SUM(I3:I15)*Kurallar!$B$10 -> 13141.536 | I16: =H16*J16 -> 13141.536 | J16: 1 | K16: компл. | L16: — | M16: 13141.536
A17: 16 | B17: =B16 -> Щит силовой ЩС-ФК1 (кухонное оборуд. и фанкойлы фудкорта), IP54 | C17: =F17 -> Сборка щита: монтаж аппаратов, ошиновка, маркировка, испытания | D17: montajная работа | F17: Сборка щита: монтаж аппаратов, ошиновка, маркировка, испытания | G17: =J17/60 -> 2.6666667 | H17: =Kurallar!$B$11 -> 100 | I17: =H17*J17 -> 16000 | J17: =ROUND((Kurallar!$B$29*1+Kurallar!$B$32*1+Kurallar!$B$32*2+Kurallar!$B$31*8+Kurallar!$B$29*2+Kurallar!$B$28*7+Kurallar!$B$34*1+Kurallar!$B$33*1+Kurallar!$B$21*1+Kurallar!$B$21*1+Kurallar!$B$22*3+Kurallar!$B$23*4+Kurallar!$B$24)*Kurallar!$B$26,0) -> 160 | K17: мин | L17: — | M17: 16000
A18: 17 | B18: =B17 -> Щит силовой ЩС-ФК1 (кухонное оборуд. и фанкойлы фудкорта), IP54 | C18: Итого ЩС-ФК1 | F18: ИТОГО по щиту ЩС-ФК1 | I18: =SUBTOTAL(9,I3:I17) -> 467192.74 | M18: 467192.74
A19: 18 | B19: =F19 -> Щит силовой ЩС-ФК2 (кухонное оборуд. и фанкойлы фудкорта), IP54 | C19: =F19 -> Щит силовой ЩС-ФК2 (кухонное оборуд. и фанкойлы фудкорта), IP54 | D19: pano | F19: Щит силовой ЩС-ФК2 (кухонное оборуд. и фанкойлы фудкорта), IP54 | J19: 2 | K19: комплект
A20: 19 | B20: =B19 -> Щит силовой ЩС-ФК2 (кухонное оборуд. и фанкойлы фудкорта), IP54 | C20: =F20 -> Мет. Корпус ЩРН- 48 (660x310x120) IP31 (TS) | D20: korpus | E20: 714-15040 | F20: Мет. Корпус ЩРН- 48 (660x310x120) IP31 (TS) | G20: 40000 | H20: =G20*Kurallar!$B$8 -> 24000 | I20: =H20*J20 -> 24000 | J20: 1 | K20: шт. | L20: kaztek | M20: 24000
A21: 20 | B21: =B20 -> Щит силовой ЩС-ФК2 (кухонное оборуд. и фанкойлы фудкорта), IP54 | C21: =F21 -> Автоматический выключатель Acti9 iC60N 3P C63A, 6kA | D21: OTO | E21: A9F74363 | F21: Автоматический выключатель Acti9 iC60N 3P C63A, 6kA | G21: 4200 | H21: =G21*Kurallar!$B$7*Kurallar!$B$6 -> 26460 | I21: =H21*J21 -> 26460 | J21: 1 | K21: шт. | L21: Schneider | M21: 26460
A22: 21 | B22: =B21 -> Щит силовой ЩС-ФК2 (кухонное оборуд. и фанкойлы фудкорта), IP54 | C22: =F22 -> Выключатель диф. тока (АВДТ) Acti9 iC60 3P+N C32A 30mA тип AC | D22: DİF | E22: A9DE3732 | F22: Выключатель диф. тока (АВДТ) Acti9 iC60 3P+N C32A 30mA тип AC | G22: 7726 | H22: =G22*Kurallar!$B$7*Kurallar!$B$6 -> 48673.8 | I22: =H22*J22 -> 48673.8 | J22: 1 | K22: шт. | L22: Schneider | M22: 48673.8
A23: 22 | B23: =B22 -> Щит силовой ЩС-ФК2 (кухонное оборуд. и фанкойлы фудкорта), IP54 | C23: =F23 -> Выключатель диф. тока (АВДТ) Acti9 iC60 1P+N C25A 30mA тип AC | D23: DİF | E23: A9D34625 | F23: Выключатель диф. тока (АВДТ) Acti9 iC60 1P+N C25A 30mA тип AC | G23: 4200 | H23: =G23*Kurallar!$B$7*Kurallar!$B$6 -> 26460 | I23: =H23*J23 -> 52920 | J23: 2 | K23: шт. | L23: Schneider | M23: 52920
A24: 23 | B24: =B23 -> Щит силовой ЩС-ФК2 (кухонное оборуд. и фанкойлы фудкорта), IP54 | C24: =F24 -> Выключатель диф. тока (АВДТ) Acti9 iC60 1P+N C16A 30mA тип AC | D24: DİF | E24: A9D34616 | F24: Выключатель диф. тока (АВДТ) Acti9 iC60 1P+N C16A 30mA тип AC | G24: 3995 | H24: =G24*Kurallar!$B$7*Kurallar!$B$6 -> 25168.5 | I24: =H24*J24 -> 251685 | J24: 10 | K24: шт. | L24: Schneider | M24: 251685
A25: 24 | B25: =B24 -> Щит силовой ЩС-ФК2 (кухонное оборуд. и фанкойлы фудкорта), IP54 | C25: =F25 -> Автоматический выключатель Easy9 1P C16A, 4,5kA | D25: OTO | E25: EZ9F34116 | F25: Автоматический выключатель Easy9 1P C16A, 4,5kA | G25: 250 | H25: =G25*Kurallar!$B$7*Kurallar!$B$6 -> 1575 | I25: =H25*J25 -> 1575 | J25: 1 | K25: шт. | L25: Schneider | M25: 1575
A26: 25 | B26: =B25 -> Щит силовой ЩС-ФК2 (кухонное оборуд. и фанкойлы фудкорта), IP54 | C26: =F26 -> Автоматический выключатель Easy9 1P C10A, 4,5kA | D26: OTO | E26: EZ9F34110 | F26: Автоматический выключатель Easy9 1P C10A, 4,5kA | G26: 250 | H26: =G26*Kurallar!$B$7*Kurallar!$B$6 -> 1575 | I26: =H26*J26 -> 4725 | J26: 3 | K26: шт. | L26: Schneider | M26: 4725
A27: 26 | B27: =B26 -> Щит силовой ЩС-ФК2 (кухонное оборуд. и фанкойлы фудкорта), IP54 | C27: =F27 -> Контактор модульный SE A9C20532 iCT25A 2НО 220В АС | D27: kontaktör | E27: 78061 | F27: Контактор модульный SE A9C20532 iCT25A 2НО 220В АС | G27: 1850 | H27: =G27*Kurallar!$B$7*Kurallar!$B$6 -> 11655 | I27: =H27*J27 -> 23310 | J27: 2 | K27: шт. | L27: Schneider | M27: 23310
A28: 27 | B28: =B27 -> Щит силовой ЩС-ФК2 (кухонное оборуд. и фанкойлы фудкорта), IP54 | C28: =F28 -> Контактор модульный SE A9C22712 iCT16A 2НО 230/240В АС | D28: kontaktör | E28: 74552 | F28: Контактор модульный SE A9C22712 iCT16A 2НО 230/240В АС | G28: 1850 | H28: =G28*Kurallar!$B$7*Kurallar!$B$6 -> 11655 | I28: =H28*J28 -> 11655 | J28: 1 | K28: шт. | L28: Schneider | M28: 11655
A29: 28 | B29: =B28 -> Щит силовой ЩС-ФК2 (кухонное оборуд. и фанкойлы фудкорта), IP54 | C29: =F29 -> Шина "PE" земля ШНИ 6х9 12-К-З на DIN-рейку в изоляторе | D29: LOOBAR | E29: 130200401_ | F29: Шина "PE" земля ШНИ 6х9 12-К-З на DIN-рейку в изоляторе | G29: 547 | H29: =G29*Kurallar!$B$9 -> 547 | I29: =H29*J29 -> 547 | J29: 1 | K29: шт. | L29: UNIT | M29: 547
A30: 29 | B30: =B29 -> Щит силовой ЩС-ФК2 (кухонное оборуд. и фанкойлы фудкорта), IP54 | C30: =F30 -> Шина "N" нулевая 6х9мм 14/2 (крепеж по краям) | D30: LOOBAR | E30: 130200007_ | F30: Шина "N" нулевая 6х9мм 14/2 (крепеж по краям) | G30: 494 | H30: =G30*Kurallar!$B$9 -> 494 | I30: =H30*J30 -> 494 | J30: 1 | K30: шт. | L30: IEK | M30: 494
A31: 30 | B31: =B30 -> Щит силовой ЩС-ФК2 (кухонное оборуд. и фанкойлы фудкорта), IP54 | C31: =F31 -> DIN-рейка оцинкованная 1000 мм | D31: montajный материал | E31: 130200351_ | F31: DIN-рейка оцинкованная 1000 мм | G31: 549 | H31: =G31*Kurallar!$B$9 -> 549 | I31: =H31*J31 -> 2196 | J31: 4 | K31: м | L31: UNIT | M31: 2196
A32: 31 | B32: =B31 -> Щит силовой ЩС-ФК2 (кухонное оборуд. и фанкойлы фудкорта), IP54 | C32: =F32 -> Кабель-канал перфорированный 40х40 (2 м) | D32: montajный материал | E32: 280100020_ | F32: Кабель-канал перфорированный 40х40 (2 м) | G32: 1486 | H32: =G32*Kurallar!$B$9 -> 1486 | I32: =H32*J32 -> 2972 | J32: 2 | K32: шт. | L32: IEK | M32: 2972
A33: 32 | B33: =B32 -> Щит силовой ЩС-ФК2 (кухонное оборуд. и фанкойлы фудкорта), IP54 | C33: =F33 -> Монтажные материалы (клеммы, наконечники, провод ПВ3, маркировка, крепеж) | D33: montajный материал | F33: Монтажные материалы (клеммы, наконечники, провод ПВ3, маркировка, крепеж) | H33: =SUM(I20:I32)*Kurallar!$B$10 -> 13536.384 | I33: =H33*J33 -> 13536.384 | J33: 1 | K33: компл. | L33: — | M33: 13536.384
A34: 33 | B34: =B33 -> Щит силовой ЩС-ФК2 (кухонное оборуд. и фанкойлы фудкорта), IP54 | C34: =F34 -> Сборка щита: монтаж аппаратов, ошиновка, маркировка, испытания | D34: montajная работа | F34: Сборка щита: монтаж аппаратов, ошиновка, маркировка, испытания | G34: =J34/60 -> 2.5 | H34: =Kurallar!$B$11 -> 100 | I34: =H34*J34 -> 15000 | J34: =ROUND((Kurallar!$B$29*1+Kurallar!$B$32*1+Kurallar!$B$31*2+Kurallar!$B$31*10+Kurallar!$B$28*1+Kurallar!$B$28*3+Kurallar!$B$33*2+Kurallar!$B$33*1+Kurallar!$B$21*1+Kurallar!$B$21*1+Kurallar!$B$22*4+Kurallar!$B$23*4+Kurallar!$B$24)*Kurallar!$B$26,0) -> 150 | K34: мин | L34: — | M34: 15000
A35: 34 | B35: =B34 -> Щит силовой ЩС-ФК2 (кухонное оборуд. и фанкойлы фудкорта), IP54 | C35: Итого ЩС-ФК2 | F35: ИТОГО по щиту ЩС-ФК2 | I35: =SUBTOTAL(9,I20:I34) -> 479749.18 | M35: 479749.18
A36: 35 | B36: =F36 -> Щит силовой ЩС-ФК3 (кухонное оборуд. и фанкойлы фудкорта), IP54 | C36: =F36 -> Щит силовой ЩС-ФК3 (кухонное оборуд. и фанкойлы фудкорта), IP54 | D36: pano | F36: Щит силовой ЩС-ФК3 (кухонное оборуд. и фанкойлы фудкорта), IP54 | J36: 2 | K36: комплект
A37: 36 | B37: =B36 -> Щит силовой ЩС-ФК3 (кухонное оборуд. и фанкойлы фудкорта), IP54 | C37: =F37 -> Мет. Корпус ЩРН-72 (540x600x120) S/U IP31 | D37: korpus | E37: 714-15067 | F37: Мет. Корпус ЩРН-72 (540x600x120) S/U IP31 | G37: 40000 | H37: =G37*Kurallar!$B$8 -> 24000 | I37: =H37*J37 -> 24000 | J37: 1 | K37: шт. | L37: kaztek | M37: 24000
A38: 37 | B38: =B37 -> Щит силовой ЩС-ФК3 (кухонное оборуд. и фанкойлы фудкорта), IP54 | C38: =F38 -> Автоматический выключатель SE A9N18367 C120N 3P 100A 10кА | D38: OTO | E38: 68644 | F38: Автоматический выключатель SE A9N18367 C120N 3P 100A 10кА | G38: 7800 | H38: =G38*Kurallar!$B$7*Kurallar!$B$6 -> 49140 | I38: =H38*J38 -> 49140 | J38: 1 | K38: шт. | L38: Schneider | M38: 49140
A39: 38 | B39: =B38 -> Щит силовой ЩС-ФК3 (кухонное оборуд. и фанкойлы фудкорта), IP54 | C39: =F39 -> Выключатель диф. тока (АВДТ) Acti9 iC60 3P+N C32A 30mA тип AC | D39: DİF | E39: A9DE3732 | F39: Выключатель диф. тока (АВДТ) Acti9 iC60 3P+N C32A 30mA тип AC | G39: 7726 | H39: =G39*Kurallar!$B$7*Kurallar!$B$6 -> 48673.8 | I39: =H39*J39 -> 48673.8 | J39: 1 | K39: шт. | L39: Schneider | M39: 48673.8
A40: 39 | B40: =B39 -> Щит силовой ЩС-ФК3 (кухонное оборуд. и фанкойлы фудкорта), IP54 | C40: =F40 -> Выключатель диф. тока (АВДТ) Acti9 iC60 1P+N C25A 30mA тип AC | D40: DİF | E40: A9D34625 | F40: Выключатель диф. тока (АВДТ) Acti9 iC60 1P+N C25A 30mA тип AC | G40: 4200 | H40: =G40*Kurallar!$B$7*Kurallar!$B$6 -> 26460 | I40: =H40*J40 -> 52920 | J40: 2 | K40: шт. | L40: Schneider | M40: 52920
A41: 40 | B41: =B40 -> Щит силовой ЩС-ФК3 (кухонное оборуд. и фанкойлы фудкорта), IP54 | C41: =F41 -> Выключатель диф. тока (АВДТ) Acti9 iC60 1P+N C16A 30mA тип AC | D41: DİF | E41: A9D34616 | F41: Выключатель диф. тока (АВДТ) Acti9 iC60 1P+N C16A 30mA тип AC | G41: 3995 | H41: =G41*Kurallar!$B$7*Kurallar!$B$6 -> 25168.5 | I41: =H41*J41 -> 251685 | J41: 10 | K41: шт. | L41: Schneider | M41: 251685
A42: 41 | B42: =B41 -> Щит силовой ЩС-ФК3 (кухонное оборуд. и фанкойлы фудкорта), IP54 | C42: =F42 -> Автоматический выключатель Easy9 1P C16A, 4,5kA | D42: OTO | E42: EZ9F34116 | F42: Автоматический выключатель Easy9 1P C16A, 4,5kA | G42: 250 | H42: =G42*Kurallar!$B$7*Kurallar!$B$6 -> 1575 | I42: =H42*J42 -> 1575 | J42: 1 | K42: шт. | L42: Schneider | M42: 1575
A43: 42 | B43: =B42 -> Щит силовой ЩС-ФК3 (кухонное оборуд. и фанкойлы фудкорта), IP54 | C43: =F43 -> Автоматический выключатель Easy9 1P C10A, 4,5kA | D43: OTO | E43: EZ9F34110 | F43: Автоматический выключатель Easy9 1P C10A, 4,5kA | G43: 250 | H43: =G43*Kurallar!$B$7*Kurallar!$B$6 -> 1575 | I43: =H43*J43 -> 4725 | J43: 3 | K43: шт. | L43: Schneider | M43: 4725
A44: 43 | B44: =B43 -> Щит силовой ЩС-ФК3 (кухонное оборуд. и фанкойлы фудкорта), IP54 | C44: =F44 -> Контактор модульный SE A9C20844 iCT40A 4НО 220/240В АС 50ГЦ | D44: kontaktör | E44: 54139 | F44: Контактор модульный SE A9C20844 iCT40A 4НО 220/240В АС 50ГЦ | G44: 4500 | H44: =G44*Kurallar!$B$7*Kurallar!$B$6 -> 28350 | I44: =H44*J44 -> 56700 | J44: 2 | K44: шт. | L44: Schneider | M44: 56700
A45: 44 | B45: =B44 -> Щит силовой ЩС-ФК3 (кухонное оборуд. и фанкойлы фудкорта), IP54 | C45: =F45 -> Контактор модульный SE A9C20532 iCT25A 2НО 220В АС | D45: kontaktör | E45: 78061 | F45: Контактор модульный SE A9C20532 iCT25A 2НО 220В АС | G45: 1850 | H45: =G45*Kurallar!$B$7*Kurallar!$B$6 -> 11655 | I45: =H45*J45 -> 23310 | J45: 2 | K45: шт. | L45: Schneider | M45: 23310
A46: 45 | B46: =B45 -> Щит силовой ЩС-ФК3 (кухонное оборуд. и фанкойлы фудкорта), IP54 | C46: =F46 -> Контактор модульный SE A9C22712 iCT16A 2НО 230/240В АС | D46: kontaktör | E46: 74552 | F46: Контактор модульный SE A9C22712 iCT16A 2НО 230/240В АС | G46: 1850 | H46: =G46*Kurallar!$B$7*Kurallar!$B$6 -> 11655 | I46: =H46*J46 -> 11655 | J46: 1 | K46: шт. | L46: Schneider | M46: 11655
A47: 46 | B47: =B46 -> Щит силовой ЩС-ФК3 (кухонное оборуд. и фанкойлы фудкорта), IP54 | C47: =F47 -> Шина "PE" земля ШНИ 6х9 12-К-З на DIN-рейку в изоляторе | D47: LOOBAR | E47: 130200401_ | F47: Шина "PE" земля ШНИ 6х9 12-К-З на DIN-рейку в изоляторе | G47: 547 | H47: =G47*Kurallar!$B$9 -> 547 | I47: =H47*J47 -> 547 | J47: 1 | K47: шт. | L47: UNIT | M47: 547
A48: 47 | B48: =B47 -> Щит силовой ЩС-ФК3 (кухонное оборуд. и фанкойлы фудкорта), IP54 | C48: =F48 -> Шина "N" нулевая 6х9мм 14/2 (крепеж по краям) | D48: LOOBAR | E48: 130200007_ | F48: Шина "N" нулевая 6х9мм 14/2 (крепеж по краям) | G48: 494 | H48: =G48*Kurallar!$B$9 -> 494 | I48: =H48*J48 -> 494 | J48: 1 | K48: шт. | L48: IEK | M48: 494
A49: 48 | B49: =B48 -> Щит силовой ЩС-ФК3 (кухонное оборуд. и фанкойлы фудкорта), IP54 | C49: =F49 -> DIN-рейка оцинкованная 1000 мм | D49: montajный материал | E49: 130200351_ | F49: DIN-рейка оцинкованная 1000 мм | G49: 549 | H49: =G49*Kurallar!$B$9 -> 549 | I49: =H49*J49 -> 2196 | J49: 4 | K49: м | L49: UNIT | M49: 2196
A50: 49 | B50: =B49 -> Щит силовой ЩС-ФК3 (кухонное оборуд. и фанкойлы фудкорта), IP54 | C50: =F50 -> Кабель-канал перфорированный 40х40 (2 м) | D50: montajный материал | E50: 280100020_ | F50: Кабель-канал перфорированный 40х40 (2 м) | G50: 1486 | H50: =G50*Kurallar!$B$9 -> 1486 | I50: =H50*J50 -> 4458 | J50: 3 | K50: шт. | L50: IEK | M50: 4458
A51: 50 | B51: =B50 -> Щит силовой ЩС-ФК3 (кухонное оборуд. и фанкойлы фудкорта), IP54 | C51: =F51 -> Монтажные материалы (клеммы, наконечники, провод ПВ3, маркировка, крепеж) | D51: montajный материал | F51: Монтажные материалы (клеммы, наконечники, провод ПВ3, маркировка, крепеж) | H51: =SUM(I37:I50)*Kurallar!$B$10 -> 15962.364 | I51: =H51*J51 -> 15962.364 | J51: 1 | K51: компл. | L51: — | M51: 15962.364
A52: 51 | B52: =B51 -> Щит силовой ЩС-ФК3 (кухонное оборуд. и фанкойлы фудкорта), IP54 | C52: =F52 -> Сборка щита: монтаж аппаратов, ошиновка, маркировка, испытания | D52: montajная работа | F52: Сборка щита: монтаж аппаратов, ошиновка, маркировка, испытания | G52: =J52/60 -> 3.2666667 | H52: =Kurallar!$B$11 -> 100 | I52: =H52*J52 -> 19600 | J52: =ROUND((Kurallar!$B$29*1+Kurallar!$B$32*2+Kurallar!$B$31*2+Kurallar!$B$31*11+Kurallar!$B$28*2+Kurallar!$B$28*3+Kurallar!$B$34*2+Kurallar!$B$33*2+Kurallar!$B$33*1+Kurallar!$B$21*1+Kurallar!$B$21*1+Kurallar!$B$22*4+Kurallar!$B$23*6+Kurallar!$B$25)*Kurallar!$B$26,0) -> 196 | K52: мин | L52: — | M52: 19600
A53: 52 | B53: =B52 -> Щит силовой ЩС-ФК3 (кухонное оборуд. и фанкойлы фудкорта), IP54 | C53: Итого ЩС-ФК3 | F53: ИТОГО по щиту ЩС-ФК3 | I53: =SUBTOTAL(9,I37:I52) -> 567641.16 | M53: 567641.16
A54: 53 | B54: =F54 -> Щит силовой ЩС-ФК4 (кухонное оборуд. и фанкойлы фудкорта), IP54 | C54: =F54 -> Щит силовой ЩС-ФК4 (кухонное оборуд. и фанкойлы фудкорта), IP54 | D54: pano | F54: Щит силовой ЩС-ФК4 (кухонное оборуд. и фанкойлы фудкорта), IP54 | J54: 2 | K54: комплект
A55: 54 | B55: =B54 -> Щит силовой ЩС-ФК4 (кухонное оборуд. и фанкойлы фудкорта), IP54 | C55: =F55 -> Мет. Корпус ЩРН-72 (540x600x120) S/U IP31 | D55: korpus | E55: 714-15067 | F55: Мет. Корпус ЩРН-72 (540x600x120) S/U IP31 | G55: 40000 | H55: =G55*Kurallar!$B$8 -> 24000 | I55: =H55*J55 -> 24000 | J55: 1 | K55: шт. | L55: kaztek | M55: 24000
A56: 55 | B56: =B55 -> Щит силовой ЩС-ФК4 (кухонное оборуд. и фанкойлы фудкорта), IP54 | C56: =F56 -> Автоматический выключатель SE A9N18369 C120N 3П 125A C 10кА | D56: OTO | E56: 54150 | F56: Автоматический выключатель SE A9N18369 C120N 3П 125A C 10кА | G56: 12980 | H56: =G56*Kurallar!$B$7*Kurallar!$B$6 -> 81774 | I56: =H56*J56 -> 81774 | J56: 1 | K56: шт. | L56: Schneider | M56: 81774
A57: 56 | B57: =B56 -> Щит силовой ЩС-ФК4 (кухонное оборуд. и фанкойлы фудкорта), IP54 | C57: =F57 -> Выключатель диф. тока (АВДТ) Acti9 iC60 3P+N C40A 30mA тип AC | D57: DİF | E57: A9DE3740 | F57: Выключатель диф. тока (АВДТ) Acti9 iC60 3P+N C40A 30mA тип AC | G57: 7726 | H57: =G57*Kurallar!$B$7*Kurallar!$B$6 -> 48673.8 | I57: =H57*J57 -> 97347.6 | J57: 2 | K57: шт. | L57: Schneider | M57: 97347.6
A58: 57 | B58: =B57 -> Щит силовой ЩС-ФК4 (кухонное оборуд. и фанкойлы фудкорта), IP54 | C58: =F58 -> Выключатель диф. тока (АВДТ) Acti9 iC60 3P+N C16A 30mA тип AC | D58: DİF | E58: A9DE3716 | F58: Выключатель диф. тока (АВДТ) Acti9 iC60 3P+N C16A 30mA тип AC | G58: 7318 | H58: =G58*Kurallar!$B$7*Kurallar!$B$6 -> 46103.4 | I58: =H58*J58 -> 138310.2 | J58: 3 | K58: шт. | L58: Schneider | M58: 138310.2
A59: 58 | B59: =B58 -> Щит силовой ЩС-ФК4 (кухонное оборуд. и фанкойлы фудкорта), IP54 | C59: =F59 -> Выключатель диф. тока (АВДТ) Acti9 iC60 1P+N C16A 30mA тип AC | D59: DİF | E59: A9D34616 | F59: Выключатель диф. тока (АВДТ) Acti9 iC60 1P+N C16A 30mA тип AC | G59: 3995 | H59: =G59*Kurallar!$B$7*Kurallar!$B$6 -> 25168.5 | I59: =H59*J59 -> 201348 | J59: 8 | K59: шт. | L59: Schneider | M59: 201348
A60: 59 | B60: =B59 -> Щит силовой ЩС-ФК4 (кухонное оборуд. и фанкойлы фудкорта), IP54 | C60: =F60 -> Автоматический выключатель Easy9 1P C16A, 4,5kA | D60: OTO | E60: EZ9F34116 | F60: Автоматический выключатель Easy9 1P C16A, 4,5kA | G60: 250 | H60: =G60*Kurallar!$B$7*Kurallar!$B$6 -> 1575 | I60: =H60*J60 -> 1575 | J60: 1 | K60: шт. | L60: Schneider | M60: 1575
A61: 60 | B61: =B60 -> Щит силовой ЩС-ФК4 (кухонное оборуд. и фанкойлы фудкорта), IP54 | C61: =F61 -> Автоматический выключатель Easy9 1P C10A, 4,5kA | D61: OTO | E61: EZ9F34110 | F61: Автоматический выключатель Easy9 1P C10A, 4,5kA | G61: 250 | H61: =G61*Kurallar!$B$7*Kurallar!$B$6 -> 1575 | I61: =H61*J61 -> 4725 | J61: 3 | K61: шт. | L61: Schneider | M61: 4725
A62: 61 | B62: =B61 -> Щит силовой ЩС-ФК4 (кухонное оборуд. и фанкойлы фудкорта), IP54 | C62: =F62 -> Контактор модульный SE A9C20844 iCT40A 4НО 220/240В АС 50ГЦ | D62: kontaktör | E62: 54139 | F62: Контактор модульный SE A9C20844 iCT40A 4НО 220/240В АС 50ГЦ | G62: 4500 | H62: =G62*Kurallar!$B$7*Kurallar!$B$6 -> 28350 | I62: =H62*J62 -> 56700 | J62: 2 | K62: шт. | L62: Schneider | M62: 56700
A63: 62 | B63: =B62 -> Щит силовой ЩС-ФК4 (кухонное оборуд. и фанкойлы фудкорта), IP54 | C63: =F63 -> Контактор модульный SE A9C22712 iCT16A 2НО 230/240В АС | D63: kontaktör | E63: 74552 | F63: Контактор модульный SE A9C22712 iCT16A 2НО 230/240В АС | G63: 1850 | H63: =G63*Kurallar!$B$7*Kurallar!$B$6 -> 11655 | I63: =H63*J63 -> 11655 | J63: 1 | K63: шт. | L63: Schneider | M63: 11655
A64: 63 | B64: =B63 -> Щит силовой ЩС-ФК4 (кухонное оборуд. и фанкойлы фудкорта), IP54 | C64: =F64 -> Шина "PE" земля ШНИ 6х9 12-К-З на DIN-рейку в изоляторе | D64: LOOBAR | E64: 130200401_ | F64: Шина "PE" земля ШНИ 6х9 12-К-З на DIN-рейку в изоляторе | G64: 547 | H64: =G64*Kurallar!$B$9 -> 547 | I64: =H64*J64 -> 547 | J64: 1 | K64: шт. | L64: UNIT | M64: 547
A65: 64 | B65: =B64 -> Щит силовой ЩС-ФК4 (кухонное оборуд. и фанкойлы фудкорта), IP54 | C65: =F65 -> Шина "N" нулевая 6х9мм 14/2 (крепеж по краям) | D65: LOOBAR | E65: 130200007_ | F65: Шина "N" нулевая 6х9мм 14/2 (крепеж по краям) | G65: 494 | H65: =G65*Kurallar!$B$9 -> 494 | I65: =H65*J65 -> 494 | J65: 1 | K65: шт. | L65: IEK | M65: 494
A66: 65 | B66: =B65 -> Щит силовой ЩС-ФК4 (кухонное оборуд. и фанкойлы фудкорта), IP54 | C66: =F66 -> DIN-рейка оцинкованная 1000 мм | D66: montajный материал | E66: 130200351_ | F66: DIN-рейка оцинкованная 1000 мм | G66: 549 | H66: =G66*Kurallar!$B$9 -> 549 | I66: =H66*J66 -> 2196 | J66: 4 | K66: м | L66: UNIT | M66: 2196
A67: 66 | B67: =B66 -> Щит силовой ЩС-ФК4 (кухонное оборуд. и фанкойлы фудкорта), IP54 | C67: =F67 -> Кабель-канал перфорированный 40х40 (2 м) | D67: montajный материал | E67: 280100020_ | F67: Кабель-канал перфорированный 40х40 (2 м) | G67: 1486 | H67: =G67*Kurallar!$B$9 -> 1486 | I67: =H67*J67 -> 4458 | J67: 3 | K67: шт. | L67: IEK | M67: 4458
A68: 67 | B68: =B67 -> Щит силовой ЩС-ФК4 (кухонное оборуд. и фанкойлы фудкорта), IP54 | C68: =F68 -> Монтажные материалы (клеммы, наконечники, провод ПВ3, маркировка, крепеж) | D68: montajный материал | F68: Монтажные материалы (клеммы, наконечники, провод ПВ3, маркировка, крепеж) | H68: =SUM(I55:I67)*Kurallar!$B$10 -> 18753.894 | I68: =H68*J68 -> 18753.894 | J68: 1 | K68: компл. | L68: — | M68: 18753.894
A69: 68 | B69: =B68 -> Щит силовой ЩС-ФК4 (кухонное оборуд. и фанкойлы фудкорта), IP54 | C69: =F69 -> Сборка щита: монтаж аппаратов, ошиновка, маркировка, испытания | D69: montajная работа | F69: Сборка щита: монтаж аппаратов, ошиновка, маркировка, испытания | G69: =J69/60 -> 3.35 | H69: =Kurallar!$B$11 -> 100 | I69: =H69*J69 -> 20100 | J69: =ROUND((Kurallar!$B$29*1+Kurallar!$B$32*2+Kurallar!$B$32*3+Kurallar!$B$31*8+Kurallar!$B$28*1+Kurallar!$B$28*3+Kurallar!$B$34*2+Kurallar!$B$33*1+Kurallar!$B$21*1+Kurallar!$B$21*1+Kurallar!$B$22*4+Kurallar!$B$23*6+Kurallar!$B$25)*Kurallar!$B$26,0) -> 201 | K69: мин | L69: — | M69: 20100
A70: 69 | B70: =B69 -> Щит силовой ЩС-ФК4 (кухонное оборуд. и фанкойлы фудкорта), IP54 | C70: Итого ЩС-ФК4 | F70: ИТОГО по щиту ЩС-ФК4 | I70: =SUBTOTAL(9,I55:I69) -> 663983.69 | M70: 663983.69
A71: 70 | B71: =F71 -> Щит силовой ЩС-КМ (корейский магазин), IP54 | C71: =F71 -> Щит силовой ЩС-КМ (корейский магазин), IP54 | D71: pano | F71: Щит силовой ЩС-КМ (корейский магазин), IP54 | J71: 2 | K71: комплект
A72: 71 | B72: =B71 -> Щит силовой ЩС-КМ (корейский магазин), IP54 | C72: =F72 -> Корпус металлический ЩРн-54 (540x440x120) IP54 | D72: korpus | E72: 714-15104 | F72: Корпус металлический ЩРн-54 (540x440x120) IP54 | G72: 40000 | H72: =G72*Kurallar!$B$8 -> 24000 | I72: =H72*J72 -> 24000 | J72: 1 | K72: шт. | L72: kaztek | M72: 24000
A73: 72 | B73: =B72 -> Щит силовой ЩС-КМ (корейский магазин), IP54 | C73: =F73 -> Автоматический выключатель Acti9 iC60N 3P C40A, 6kA | D73: OTO | E73: A9F74340 | F73: Автоматический выключатель Acti9 iC60N 3P C40A, 6kA | G73: 2350 | H73: =G73*Kurallar!$B$7*Kurallar!$B$6 -> 14805 | I73: =H73*J73 -> 14805 | J73: 1 | K73: шт. | L73: Schneider | M73: 14805
A74: 73 | B74: =B73 -> Щит силовой ЩС-КМ (корейский магазин), IP54 | C74: =F74 -> Выключатель нагрузки Acti9 iSW 3P 63A (проект: 20A) | D74: rubilnik | E74: A9S65363 | F74: Выключатель нагрузки Acti9 iSW 3P 63A (проект: 20A) | G74: 2312 | H74: =G74*Kurallar!$B$7*Kurallar!$B$6 -> 14565.6 | I74: =H74*J74 -> 14565.6 | J74: 1 | K74: шт. | L74: Schneider | M74: 14565.6
A75: 74 | B75: =B74 -> Щит силовой ЩС-КМ (корейский магазин), IP54 | C75: =F75 -> Автоматический выключатель Acti9 iC60N 1P B1A, 6kA | D75: OTO | E75: A9F73101 | F75: Автоматический выключатель Acti9 iC60N 1P B1A, 6kA | G75: 2100 | H75: =G75*Kurallar!$B$7*Kurallar!$B$6 -> 13230 | I75: =H75*J75 -> 13230 | J75: 1 | K75: шт. | L75: Schneider | M75: 13230
A76: 75 | B76: =B75 -> Щит силовой ЩС-КМ (корейский магазин), IP54 | C76: =F76 -> Выключатель диф. тока (АВДТ) Acti9 iC60 1P+N C20A 30mA тип AC | D76: DİF | E76: A9D34620 | F76: Выключатель диф. тока (АВДТ) Acti9 iC60 1P+N C20A 30mA тип AC | G76: 4200 | H76: =G76*Kurallar!$B$7*Kurallar!$B$6 -> 26460 | I76: =H76*J76 -> 26460 | J76: 1 | K76: шт. | L76: Schneider | M76: 26460
A77: 76 | B77: =B76 -> Щит силовой ЩС-КМ (корейский магазин), IP54 | C77: =F77 -> Выключатель диф. тока (АВДТ) Acti9 iC60 1P+N C16A 30mA тип AC | D77: DİF | E77: A9D34616 | F77: Выключатель диф. тока (АВДТ) Acti9 iC60 1P+N C16A 30mA тип AC | G77: 3995 | H77: =G77*Kurallar!$B$7*Kurallar!$B$6 -> 25168.5 | I77: =H77*J77 -> 226516.5 | J77: 9 | K77: шт. | L77: Schneider | M77: 226516.5
A78: 77 | B78: =B77 -> Щит силовой ЩС-КМ (корейский магазин), IP54 | C78: =F78 -> Автоматический выключатель Easy9 1P C10A, 4,5kA | D78: OTO | E78: EZ9F34110 | F78: Автоматический выключатель Easy9 1P C10A, 4,5kA | G78: 250 | H78: =G78*Kurallar!$B$7*Kurallar!$B$6 -> 1575 | I78: =H78*J78 -> 22050 | J78: 14 | K78: шт. | L78: Schneider | M78: 22050
A79: 78 | B79: =B78 -> Щит силовой ЩС-КМ (корейский магазин), IP54 | C79: =F79 -> Контактор модульный SE A9C20834 iCT25A 4НО 220/240В АС 50ГЦ | D79: kontaktör | E79: 54138 | F79: Контактор модульный SE A9C20834 iCT25A 4НО 220/240В АС 50ГЦ | G79: 2750 | H79: =G79*Kurallar!$B$7*Kurallar!$B$6 -> 17325 | I79: =H79*J79 -> 17325 | J79: 1 | K79: шт. | L79: Schneider | M79: 17325
A80: 79 | B80: =B79 -> Щит силовой ЩС-КМ (корейский магазин), IP54 | C80: =F80 -> Контактор модульный SE A9C22712 iCT16A 2НО 230/240В АС | D80: kontaktör | E80: 74552 | F80: Контактор модульный SE A9C22712 iCT16A 2НО 230/240В АС | G80: 1850 | H80: =G80*Kurallar!$B$7*Kurallar!$B$6 -> 11655 | I80: =H80*J80 -> 11655 | J80: 1 | K80: шт. | L80: Schneider | M80: 11655
A81: 80 | B81: =B80 -> Щит силовой ЩС-КМ (корейский магазин), IP54 | C81: =F81 -> Шина "PE" земля ШНИ 6х9 12-К-З на DIN-рейку в изоляторе | D81: LOOBAR | E81: 130200401_ | F81: Шина "PE" земля ШНИ 6х9 12-К-З на DIN-рейку в изоляторе | G81: 547 | H81: =G81*Kurallar!$B$9 -> 547 | I81: =H81*J81 -> 547 | J81: 1 | K81: шт. | L81: UNIT | M81: 547
A82: 81 | B82: =B81 -> Щит силовой ЩС-КМ (корейский магазин), IP54 | C82: =F82 -> Шина "N" нулевая 6х9мм 14/2 (крепеж по краям) | D82: LOOBAR | E82: 130200007_ | F82: Шина "N" нулевая 6х9мм 14/2 (крепеж по краям) | G82: 494 | H82: =G82*Kurallar!$B$9 -> 494 | I82: =H82*J82 -> 494 | J82: 1 | K82: шт. | L82: IEK | M82: 494
A83: 82 | B83: =B82 -> Щит силовой ЩС-КМ (корейский магазин), IP54 | C83: =F83 -> DIN-рейка оцинкованная 1000 мм | D83: montajный материал | E83: 130200351_ | F83: DIN-рейка оцинкованная 1000 мм | G83: 549 | H83: =G83*Kurallar!$B$9 -> 549 | I83: =H83*J83 -> 1647 | J83: 3 | K83: м | L83: UNIT | M83: 1647
A84: 83 | B84: =B83 -> Щит силовой ЩС-КМ (корейский магазин), IP54 | C84: =F84 -> Кабель-канал перфорированный 40х40 (2 м) | D84: montajный материал | E84: 280100020_ | F84: Кабель-канал перфорированный 40х40 (2 м) | G84: 1486 | H84: =G84*Kurallar!$B$9 -> 1486 | I84: =H84*J84 -> 2972 | J84: 2 | K84: шт. | L84: IEK | M84: 2972
A85: 84 | B85: =B84 -> Щит силовой ЩС-КМ (корейский магазин), IP54 | C85: =F85 -> Монтажные материалы (клеммы, наконечники, провод ПВ3, маркировка, крепеж) | D85: montajный материал | F85: Монтажные материалы (клеммы, наконечники, провод ПВ3, маркировка, крепеж) | H85: =SUM(I72:I84)*Kurallar!$B$10 -> 11288.013 | I85: =H85*J85 -> 11288.013 | J85: 1 | K85: компл. | L85: — | M85: 11288.013
A86: 85 | B86: =B85 -> Щит силовой ЩС-КМ (корейский магазин), IP54 | C86: =F86 -> Сборка щита: монтаж аппаратов, ошиновка, маркировка, испытания | D86: montajная работа | F86: Сборка щита: монтаж аппаратов, ошиновка, маркировка, испытания | G86: =J86/60 -> 2.7833333 | H86: =Kurallar!$B$11 -> 100 | I86: =H86*J86 -> 16700 | J86: =ROUND((Kurallar!$B$29*1+Kurallar!$B$20*1+Kurallar!$B$28*1+Kurallar!$B$31*1+Kurallar!$B$31*9+Kurallar!$B$28*14+Kurallar!$B$34*1+Kurallar!$B$33*1+Kurallar!$B$21*1+Kurallar!$B$21*1+Kurallar!$B$22*3+Kurallar!$B$23*4+Kurallar!$B$24)*Kurallar!$B$26,0) -> 167 | K86: мин | L86: — | M86: 16700
A87: 86 | B87: =B86 -> Щит силовой ЩС-КМ (корейский магазин), IP54 | C87: Итого ЩС-КМ | F87: ИТОГО по щиту ЩС-КМ | I87: =SUBTOTAL(9,I72:I86) -> 404255.11 | M87: 404255.11
A88: 87 | B88: =F88 -> Щит освещения ЩО-ФК (освещение фудкорта), IP54 | C88: =F88 -> Щит освещения ЩО-ФК (освещение фудкорта), IP54 | D88: pano | F88: Щит освещения ЩО-ФК (освещение фудкорта), IP54 | J88: 2 | K88: комплект
A89: 88 | B89: =B88 -> Щит освещения ЩО-ФК (освещение фудкорта), IP54 | C89: =F89 -> Корпус металлический ЩРн-54 (540x440x120) IP54 | D89: korpus | E89: 714-15104 | F89: Корпус металлический ЩРн-54 (540x440x120) IP54 | G89: 40000 | H89: =G89*Kurallar!$B$8 -> 24000 | I89: =H89*J89 -> 24000 | J89: 1 | K89: шт. | L89: kaztek | M89: 24000
A90: 89 | B90: =B89 -> Щит освещения ЩО-ФК (освещение фудкорта), IP54 | C90: =F90 -> Автоматический выключатель Acti9 iC60N 3P C20A, 6kA | D90: OTO | E90: A9F74320 | F90: Автоматический выключатель Acti9 iC60N 3P C20A, 6kA | G90: 2420 | H90: =G90*Kurallar!$B$7*Kurallar!$B$6 -> 15246 | I90: =H90*J90 -> 15246 | J90: 1 | K90: шт. | L90: Schneider | M90: 15246
A91: 90 | B91: =B90 -> Щит освещения ЩО-ФК (освещение фудкорта), IP54 | C91: =F91 -> Автоматический выключатель Acti9 iC60N 1P B1A, 6kA | D91: OTO | E91: A9F73101 | F91: Автоматический выключатель Acti9 iC60N 1P B1A, 6kA | G91: 2100 | H91: =G91*Kurallar!$B$7*Kurallar!$B$6 -> 13230 | I91: =H91*J91 -> 66150 | J91: 5 | K91: шт. | L91: Schneider | M91: 66150
A92: 91 | B92: =B91 -> Щит освещения ЩО-ФК (освещение фудкорта), IP54 | C92: =F92 -> Автоматический выключатель Easy9 1P C10A, 4,5kA | D92: OTO | E92: EZ9F34110 | F92: Автоматический выключатель Easy9 1P C10A, 4,5kA | G92: 250 | H92: =G92*Kurallar!$B$7*Kurallar!$B$6 -> 1575 | I92: =H92*J92 -> 36225 | J92: 23 | K92: шт. | L92: Schneider | M92: 36225
A93: 92 | B93: =B92 -> Щит освещения ЩО-ФК (освещение фудкорта), IP54 | C93: =F93 -> Контактор модульный SE A9C20834 iCT25A 4НО 220/240В АС 50ГЦ | D93: kontaktör | E93: 54138 | F93: Контактор модульный SE A9C20834 iCT25A 4НО 220/240В АС 50ГЦ | G93: 2750 | H93: =G93*Kurallar!$B$7*Kurallar!$B$6 -> 17325 | I93: =H93*J93 -> 34650 | J93: 2 | K93: шт. | L93: Schneider | M93: 34650
A94: 93 | B94: =B93 -> Щит освещения ЩО-ФК (освещение фудкорта), IP54 | C94: =F94 -> Контактор модульный SE A9C22712 iCT16A 2НО 230/240В АС | D94: kontaktör | E94: 74552 | F94: Контактор модульный SE A9C22712 iCT16A 2НО 230/240В АС | G94: 1850 | H94: =G94*Kurallar!$B$7*Kurallar!$B$6 -> 11655 | I94: =H94*J94 -> 34965 | J94: 3 | K94: шт. | L94: Schneider | M94: 34965
A95: 94 | B95: =B94 -> Щит освещения ЩО-ФК (освещение фудкорта), IP54 | C95: =F95 -> Выключатель нагрузки Acti9 iSW 3P 63A (проект: 20A) | D95: rubilnik | E95: A9S65363 | F95: Выключатель нагрузки Acti9 iSW 3P 63A (проект: 20A) | G95: 2312 | H95: =G95*Kurallar!$B$7*Kurallar!$B$6 -> 14565.6 | I95: =H95*J95 -> 29131.2 | J95: 2 | K95: шт. | L95: Schneider | M95: 29131.2
A96: 95 | B96: =B95 -> Щит освещения ЩО-ФК (освещение фудкорта), IP54 | C96: =F96 -> Выключатель нагрузки Acti9 iSW 1P 63A (проект: 20A) | D96: rubilnik | E96: A9S65163 | F96: Выключатель нагрузки Acti9 iSW 1P 63A (проект: 20A) | G96: 705.9 | H96: =G96*Kurallar!$B$7*Kurallar!$B$6 -> 4447.17 | I96: =H96*J96 -> 13341.51 | J96: 3 | K96: шт. | L96: Schneider | M96: 13341.51
A97: 96 | B97: =B96 -> Щит освещения ЩО-ФК (освещение фудкорта), IP54 | C97: =F97 -> Шина "PE" земля ШНИ 6х9 12-К-З на DIN-рейку в изоляторе | D97: LOOBAR | E97: 130200401_ | F97: Шина "PE" земля ШНИ 6х9 12-К-З на DIN-рейку в изоляторе | G97: 547 | H97: =G97*Kurallar!$B$9 -> 547 | I97: =H97*J97 -> 547 | J97: 1 | K97: шт. | L97: UNIT | M97: 547
A98: 97 | B98: =B97 -> Щит освещения ЩО-ФК (освещение фудкорта), IP54 | C98: =F98 -> Шина "N" нулевая 6х9мм 14/2 (крепеж по краям) | D98: LOOBAR | E98: 130200007_ | F98: Шина "N" нулевая 6х9мм 14/2 (крепеж по краям) | G98: 494 | H98: =G98*Kurallar!$B$9 -> 494 | I98: =H98*J98 -> 494 | J98: 1 | K98: шт. | L98: IEK | M98: 494
A99: 98 | B99: =B98 -> Щит освещения ЩО-ФК (освещение фудкорта), IP54 | C99: =F99 -> DIN-рейка оцинкованная 1000 мм | D99: montajный материал | E99: 130200351_ | F99: DIN-рейка оцинкованная 1000 мм | G99: 549 | H99: =G99*Kurallar!$B$9 -> 549 | I99: =H99*J99 -> 1647 | J99: 3 | K99: м | L99: UNIT | M99: 1647
A100: 99 | B100: =B99 -> Щит освещения ЩО-ФК (освещение фудкорта), IP54 | C100: =F100 -> Кабель-канал перфорированный 40х40 (2 м) | D100: montajный материал | E100: 280100020_ | F100: Кабель-канал перфорированный 40х40 (2 м) | G100: 1486 | H100: =G100*Kurallar!$B$9 -> 1486 | I100: =H100*J100 -> 2972 | J100: 2 | K100: шт. | L100: IEK | M100: 2972
...

Sheet Sayfa1
A1: 37 | B1: =E1 -> Автоматический выключатель Acti9 C120N 3P C100A, 10kA | C1: OTO | D1: A9N18367 | E1: Автоматический выключатель Acti9 C120N 3P C100A, 10kA | F1: 8710 | G1: =F1*Kurallar!$B$7*Kurallar!$B$6 -> 54873 | H1: =G1*I1 -> 54873 | I1: 1 | J1: шт. | K1: Schneider
A2: 55 | B2: =E2 -> Автоматический выключатель Acti9 C120N 3P C125A, 10kA | C2: OTO | D2: A9N18369 | E2: Автоматический выключатель Acti9 C120N 3P C125A, 10kA | F2: 9358 | G2: =F2*Kurallar!$B$7*Kurallar!$B$6 -> 58955.4 | H2: =G2*I2 -> 58955.4 | I2: 1 | J2: шт. | K2: Schneider

Sheet Sayfa2
A1: Артикул | B1: Номенклатура | C1: Цена (прайс) | D1: Цена нетто, KZT | E1: Сумма, KZT | F1: Кол-во | G1: Ед.изм. | H1: Завод | I1: malz | J1: 2.3
B2: Щит силовой ЩС-ФК1 (кухонное оборуд. и фанкойлы фудкорта) | C2: =ROUNDUP(J2,-3) -> 1075000 | D2: =C2*0.7 -> 752500 | E2: =D2*F2 -> 1505000 | F2: 2 | G2: комплект | H2: tekled electric | I2: 467192.74 | J2: =2.3*I2 -> 1074543.3
B3: Щит силовой ЩС-ФК2 (кухонное оборуд. и фанкойлы фудкорта) | C3: =ROUNDUP(J3,-3) -> 1104000 | D3: =C3*0.7 -> 772800 | E3: =D3*F3 -> 1545600 | F3: 2 | G3: комплект | H3: tekled electric | I3: 479749.18 | J3: =2.3*I3 -> 1103423.1
B4: Щит силовой ЩС-ФК3 (кухонное оборуд. и фанкойлы фудкорта) | C4: =ROUNDUP(J4,-3) -> 1306000 | D4: =C4*0.7 -> 914200 | E4: =D4*F4 -> 1828400 | F4: 2 | G4: комплект | H4: tekled electric | I4: 567641.16 | J4: =2.3*I4 -> 1305574.7
B5: Щит силовой ЩС-ФК4 (кухонное оборуд. и фанкойлы фудкорта) | C5: =ROUNDUP(J5,-3) -> 1528000 | D5: =C5*0.7 -> 1069600 | E5: =D5*F5 -> 2139200 | F5: 2 | G5: комплект | H5: tekled electric | I5: 663983.69 | J5: =2.3*I5 -> 1527162.5
B6: Щит силовой ЩС-КМ (корейский магазин) | C6: =ROUNDUP(J6,-3) -> 930000 | D6: =C6*0.7 -> 651000 | E6: =D6*F6 -> 1302000 | F6: 2 | G6: комплект | H6: tekled electric | I6: 404255.11 | J6: =2.3*I6 -> 929786.76
B7: Щит освещения ЩО-ФК (освещение фудкорта) | C7: =ROUNDUP(J7,-3) -> 666000 | D7: =C7*0.7 -> 466200 | E7: =D7*F7 -> 932400 | F7: 2 | G7: комплект | H7: tekled electric | I7: 289149.77 | J7: =2.3*I7 -> 665044.47
C8: =SUM(C2:C7) -> 6609000 | D8: =C8*0.7 -> 4626300 | E8: =SUM(E2:E7) -> 9252600 | I8: =SUM(I2:I7) -> 2871971.7
C9: =2*C8 -> 13218000 | D9: =C9*0.7 -> 9252600 | I9: =1.16*I8 -> 3331487.1
I10: =1.4*I9 -> 4664082

Sheet СВОД
A1: № | B1: Щит | C1: Наименование | D1: Корпус | E1: Модулей занято | F1: Модулей в корпусе | G1: Заполнение, % | H1: Кол-во щитов | I1: Цена за щит, KZT | J1: Сумма, KZT
A2: 1 | B2: ЩС-ФК1 | C2: Щит силовой ЩС-ФК1 (кухонное оборуд. и фанкойлы фудкорта), IP54 | D2: Корпус металлический ЩРн-54 (540x440x120) IP54 | E2: 54 | F2: 54 | G2: =E2/F2 -> 1 | H2: 1 | I2: =BOM!I18 -> 467192.74 | J2: =I2*H2 -> 467192.74
A3: 2 | B3: ЩС-ФК2 | C3: Щит силовой ЩС-ФК2 (кухонное оборуд. и фанкойлы фудкорта), IP54 | D3: Корпус металлический ЩРн-48 (660x310x120) IP54 | E3: 40 | F3: 48 | G3: =E3/F3 -> 0.83333333 | H3: 1 | I3: =BOM!I35 -> 479749.18 | J3: =I3*H3 -> 479749.18
A4: 3 | B4: ЩС-ФК3 | C4: Щит силовой ЩС-ФК3 (кухонное оборуд. и фанкойлы фудкорта), IP54 | D4: Корпус металлический ЩРн-72 (540x600x120) IP31 | E4: 56.5 | F4: 72 | G4: =E4/F4 -> 0.78472222 | H4: 1 | I4: =BOM!I53 -> 567641.16 | J4: =I4*H4 -> 567641.16
A5: 4 | B5: ЩС-ФК4 | C5: Щит силовой ЩС-ФК4 (кухонное оборуд. и фанкойлы фудкорта), IP54 | D5: Корпус металлический ЩРн-72 (540x600x120) IP31 | E5: 61.5 | F5: 72 | G5: =E5/F5 -> 0.85416667 | H5: 1 | I5: =BOM!I70 -> 663983.69 | J5: =I5*H5 -> 663983.69
A6: 5 | B6: ЩС-КМ | C6: Щит силовой ЩС-КМ (корейский магазин), IP54 | D6: Корпус металлический ЩРн-54 (540x440x120) IP54 | E6: 45 | F6: 54 | G6: =E6/F6 -> 0.83333333 | H6: 1 | I6: =BOM!I87 -> 404255.11 | J6: =I6*H6 -> 404255.11
A7: 6 | B7: ЩО-ФК | C7: Щит освещения ЩО-ФК (освещение фудкорта), IP54 | D7: Корпус металлический ЩРн-54 (540x440x120) IP54 | E7: 49 | F7: 54 | G7: =E7/F7 -> 0.90740741 | H7: 1 | I7: =BOM!I103 -> 289149.77 | J7: =I7*H7 -> 289149.77
C8: ИТОГО по проекту, KZT (без НДС) | J8: =SUBTOTAL(9,J2:J7) -> 2871971.7

Sheet Kurallar
A1: KURALLAR / PARAMETRELER — ADPAS Family Park Abu Dhabi Plaza (ЩС-ФК1..ФК4, ЩС-КМ, ЩО-ФК)
A2: Sarı hücreler = düzenlenebilir. BOM ve СВОД sayfaları bu hücrelere formülle bağlıdır.
A4: PARAMETRE | B4: DEĞER | C4: AÇIKLAMA
A5: KUR VE İSKONTO
A6: TL/KZT kuru | B6: 10.5 | C6: Piyasa 05.08.2026 ~10,30-10,63. BOM günü güncellenmeli.
A7: Schneider iskonto katsayısı | B7: 0.6 | C7: Liste TL x iskonto x TL/KZT = net KZT
A8: TEKSAN korpus katsayısı | B8: 0.6 | C8: Kaztek listesi zaten net KZT
A9: EKT / IEK / UNIT katsayısı | B9: 1 | C9: Liste net KZT
A10: Montaj malzemesi oranı | B10: 0.03 | C10: Pano malzeme ara toplamının %'si
A11: İşçilik birim fiyat (KZT/dakika) | B11: 100 | C11: Sütun G = bu hücre, Sütun I = dakika
A12: İŞÇİLİK ZAMAN NORMLARI (dakika)
A13: OTO 1P | B13: 10
A14: OTO 3P | B14: 18
A15: DİF 1P+N (2P) | B15: 14
A16: DİF 3P+N (4P) | B16: 22
A17: Kontaktör 1P | B17: 15
A18: Kontaktör 3P | B18: 20
A19: Ayırıcı iSW 1P | B19: 10
A20: Ayırıcı iSW 3P | B20: 18
A21: Bara (N/PE) adet başı | B21: 10
A22: DIN ray (dakika/m) | B22: 5
A23: Kablo kanalı (dakika/m) | B23: 5
A24: Korpus hazırlık - küçük (ЩРн-48/54) | B24: 30
... A26: Test/etiket/kontrol çarpanı | B26: 1.15
A27: MODÜL GENİŞLİKLERİ (modül)
A28: OTO 1P | B28: 1
A29: OTO 3P | B29: 3
A30: C120N 3P | B30: 4.5
A31: DİF 1P+N (2P) | B31: 2
A32: DİF 3P+N (4P) | B32: 6
A33: Kontaktör 1P | B33: 1
A34: Kontaktör 3P | B34: 3
A35: iSW 1P | B35: 1
A36: iSW 3P | B36: 3
A45: NOTLAR / KONTROL LİSTESİ
A47: № | B47: KONU | C47: AÇIKLAMA
A48: 1 | B48: SAYIM — ÇİFT KAYNAK | C48: Tek hat şemaları (лист 2-7) ve spesifikasyon СО (лист 1.1-1.3) ayrı ayrı sayıldı. BOM ŞEMA esas alınarak kuruldu.
A49: 2 | B49: ЩС-ФК1 — UYUŞMAZLIK | C49: СО'da АВДТ 2P C16 30mA = 10 ad. Şemada 2P C16 = 8 ad (QFD4,7,8,9,12,14,17,19) + 4P C16 30mA = 2 ad (QFD10, QFD11). BOM'a şema girildi. Projeciye teyit ettirilmeli.
A50: 3 | B50: ЩС-ФК3 — HATALI ARTİKÜL | C50: СО: 'iC60N C100A 3P — A9F79310'. iC60N serisinde 100A yok; A9F79310 = 3P C10A. Şemada giriş In<=100A. BOM'a C120N 3P C100A (A9N18367) girildi.
A51: 4 | B51: ЩС-ФК2/ФК3/ФК4/ЩС-КМ/ЩО-ФК | C51: Şema ile СО birebir uyuşuyor. Düzeltme yapılmadı.
A52: 5 | B52: ARTİKÜL DÖNÜŞÜMÜ | C52: СО'daki artiküller Schneider RU kodudur; fiyat listesi Schneider TR (23.07.2025) olduğu için TR karşılıkları kullanıldı.
C53: A9F79363→A9F74363 | A9F79340→A9F74340 | A9F79320→A9F74320 | A9D52116→A9D34616 | A9D52225→A9D34625 | A9D07220→A9D34620 | A9D52432→A9DE3732 | A9C20531→A9C20731 | A9C22511→A9C22711
A54: 6 | B54: EZ9F34313 (Easy9 3P C13A) | C54: Schneider TR listesinde 3P C13A yok (10/16/20/25A var). Fiyat 10-25A bandından (1.081,00 TL) alındı. Sipariş öncesi teyit.
A55: 7 | B55: iSW 20A | C55: Schneider TR listesinde iSW yalnız 63A ve 125A. Fiyat A9S65363 (3P 63A) ve A9S65163 (1P 63A) üzerinden. Proje 20A istiyor — RU kodu A9S60320/A9S60120.
A56: 8 | B56: KORPUS | C56: Proje IEK TITAN 3 (MKM11-N-xx-54-Z) yazıyor. Fiyat TEKSAN eşdeğerinden alındı (Kaztek listesi 04.08.2026, güncel). Ölçüler: ЩРн-48 proje 670x330 / TEKSAN 660x310; ЩРн-72 proje 540x660 / TEKSAN 540x600.
A57: 9 | B57: ЩРн-72 IP54 YOK | C57: TEKSAN listesinde ЩРн-72 (540x600x120) yalnız IP31. Proje IP54 şart koşuyor. КОНТРОЛЬ satırına alındı — IP54 fiyatı gelince güncellenmeli.
A58: 10 | B58: MODÜL DOLULUK — KRİTİK | C58: ЩС-ФК1: 54/54 modül = %100. Korpus YETERSİZ, yedek yeri yok. ЩРн-72 (540x600x120) önerilir. ЩО-ФК: 49/54 = %91 — yedeksiz, ЩРн-72 önerilir. ЩС-ФК4: 61,5/72 = %85. ЩС-КМ: 45/54 = %83. ЩС-ФК2: 40/48 = %83. ЩС-ФК3: 56,5/72 = %78 (tek uygun pano). Detay: СВОД sayfası.
A59: 10a | B59: MODÜL HESABI NOTU | C59: Kontaktör, N/PE bara ve DIN ray boşlukları hesaba dahildir; modül genişlikleri Kurallar üst tablosunda sarı hücrelerde.
A60: 11 | B60: KLEMENS | C60: СО'da çıkış/giriş klemensi yok, sadece PE шина var. Klemensler КОНТРОЛЬ bölümünde Кол-во=0 ile bekliyor; kablo kesitleri netleşince adetlendirilmeli.
A61: 12 | B61: N ШИНА | C61: СО'da yalnız PE шина listelenmiş. 1P gruplar için N barası zorunlu olduğundan her panoya 1 ad. N шина eklendi.
A62: 13 | B62: APS 24VDC KOMMENT | C62: Kiracı revizyon formu (14.07.2026, статус В): APS modülleri 24V; fankoyl tek hat şemalarına 230VAC/24VDC DIN besleme bloğu eklenmesi isteniyor. Bu BOM'da BP24 besleme bloğu YOK — rev.03 gelince eklenecek.
A63: 14 | B63: KAPSAM DIŞI | C63: Aydınlatma armatürleri, prizler, anahtarlar, BAP40-3,0 acil aydınlatma bloğu, kablolar (ВВГнг(A)-HF/FRHF, ПВ) ve gofre borular bu BOM'a DAHİL DEĞİL — pano dışı montaj malzemesidir.
A64: 15 | B64: FİYAT LİSTESİ YAŞLARI
A66: FİYAT LİSTESİ | B66: TARİH | C66: DURUM
A67: Schneider Electric (TL) | B67: 23.07.2025 | C67: UYARI — 12,5 ay. Kur ve liste güncellenmeli.
A68: TEKSAN korpus / Kaztek | B68: 04.08.2026 | C68: GÜNCEL
A69: EKT / IEK / UNIT (bara, DIN, kanal) | B69: 17.06.2025 | C69: UYARI — 13,6 ay.
A70: Klemsan | B70: 11.2022 | C70: YASAK — fiyatlandırmada kullanılamaz
A71: ONKA | B71: 07.2022 | C71: YASAK
A72: EKF | B72: 22.02.2022 | C72: YASAK
