Workbook
Name DURUM_LIST: KURALLAR!$J$2:$J$11
Name FIYAT_ACK: OFFSET(FIYAT!$D$2,0,0,COUNTA(FIYAT!$C:$C)-1,1)
Name FIYAT_ART: OFFSET(FIYAT!$Q$2,0,0,COUNTA(FIYAT!$C:$C)-1,1)
Name FIYAT_KOD: OFFSET(FIYAT!$C$2,0,0,COUNTA(FIYAT!$C:$C)-1,1)
Name FIYAT_LISTE: OFFSET(FIYAT!$E$2,0,0,COUNTA(FIYAT!$C:$C)-1,1)
Name FIYAT_MARKA: OFFSET(FIYAT!$J$2,0,0,COUNTA(FIYAT!$C:$C)-1,1)
Name FIYAT_NET: OFFSET(FIYAT!$F$2,0,0,COUNTA(FIYAT!$C:$C)-1,1)
Name ISKONTO: KURALLAR!$B$52
Name KAR_ORANI: KURALLAR!$B$51
Name KUR_AD: KURALLAR!$A$5:$A$8
Name KUR_DEG: KURALLAR!$B$5:$B$8
Name MARKA_AD: KURALLAR!$A$12:$A$26
Name MARKA_KAT: KURALLAR!$E$12:$E$26
Name MARKA_PARA: KURALLAR!$B$12:$B$26
Name MARKA_TIP: KURALLAR!$F$12:$F$26
Name NDS_ORANI: KURALLAR!$B$53

Sheet KURALLAR
A1: KURALLAR - TEK GERCEK KAYNAK
J2: OK
A3: BLOK 1: KUR TABLOSU | J3: FIYAT_YOK
A4: PARA | B4: KZT | C4: TARIH | J4: MUADIL
A5: KZT | B5: 1 | J5: MUADIL_ONAY
A6: USD | B6: 548 | C6: 2026-09-09 (VARSAYIM) | J6: CIHAZ_BELIRSIZ
A7: EUR | B7: 590 | C7: VARSAYIM - kullanilmadi | J7: VARSAYIM
A8: TRY | B8: 16.5 | C8: VARSAYIM - kullanilmadi | J8: KAPSAM_DISI
J9: KONTROL
A10: BLOK 2: MARKA KURAL TABLOSU | J10: OKUNAMADI
A11: MARKA | B11: PARA | C11: KATSAYI1 | D11: KATSAYI2 | E11: TOPLAM | F11: GIRDI_TIPI | G11: NOT | J11: FIYAT_ESKI
A12: ABB | B12: EUR | C12: 1.35 | D12: 0.3 | E12: =C12*D12 -> 0.405 | F12: LISTE | G12: standart
A13: ABB-ACIK | B13: EUR | C13: 1.35 | D13: 0.23 | E13: =C13*D13 -> 0.3105 | F13: LISTE | G13: ayar sahali / acik tip
A14: SCHNEIDER | B14: EUR | C14: 0.6 | D14: 1 | E14: =C14*D14 -> 0.6 | F14: LISTE
A15: CHINT | B15: KZT | C15: 0.6 | D15: 1 | E15: =C15*D15 -> 0.6 | F15: LISTE
A16: CNC | B16: KZT | C16: 0.55 | D16: 1 | E16: =C16*D16 -> 0.55 | F16: LISTE | G16: liste 2025-02-04, guvenilmez
A17: LEGRAND | B17: TRY | C17: 0.5 | D17: 1 | E17: =C17*D17 -> 0.5 | F17: LISTE | G17: teyitsiz
A18: IEK | B18: KZT | C18: 1 | D18: 1 | E18: =C18*D18 -> 1 | F18: LISTE
A19: EKF | B19: KZT | C19: 1 | D19: 1 | E19: =C19*D19 -> 1 | F19: LISTE | G19: referans, fiyat yasak
A20: EKT | B20: KZT | C20: 1 | D20: 1 | E20: =C20*D20 -> 1 | F20: LISTE | G20: yas 14.9 ay - GUNCELLE
A21: SAIMAN | B21: KZT | C21: 1 | D21: 1 | E21: =C21*D21 -> 1 | F21: LISTE
A22: KAZTEK | B22: KZT | C22: 0.6 | D22: 1 | E22: =C22*D22 -> 0.6 | F22: LISTE | G22: korpus
A23: BAKIR-BARA | B23: KZT | C23: 1 | D23: 1 | E23: =C23*D23 -> 1 | F23: NET | G23: kg fiyatindan hesaplanir
A24: ALUM-BARA | B24: KZT | C24: 1 | D24: 1 | E24: =C24*D24 -> 1 | F24: NET | G24: kg fiyatindan hesaplanir
A25: MUADIL-NET | B25: KZT | C25: 1 | D25: 1 | E25: =C25*D25 -> 1 | F25: NET
A26: ISCILIK | B26: KZT | C26: 1 | D26: 1 | E26: =C26*D26 -> 1 | F26: NET
A28: BLOK 3: ISCILIK (sari)
A29: ISCILIK_SAAT_UCRETI | B29: 6000
A30: ISCILIK_G_SABIT | B30: 100
A31: TEST_ETIKET_CARPANI | B31: 1.15
A32: Normlar(dk): MCB1P=2,MCB3P=5,MCCB<=250A=25,moduler=20,klemens=2/ad,DINray+kanal=2/m,korpus kucuk=5/orta=22/ayakli=45
A34: BLOK 6: OTOMATIK TAMAMLAMA PARAMETRELERI (sari)
A35: BARA_DERATING | B35: 0.85
A36: BARA_FIRE | B36: 1.15
A37: BARA_N_ORANI | B37: 1
A38: BARA_PE_ORANI | B38: 0.5
A39: BARA_KOPRU_M | B39: 0.3
A40: BARA_BOY_M | B40: 4
A41: KABLO_FIRE | B41: 1.1
A42: KABLO_M_MODULER | B42: 1.2
A43: KABLO_M_MCCB | B43: 0.8
A44: DINRAY_FIRE | B44: 1.1
A45: KANAL_FIRE | B45: 1.1
A46: KLEMENS_YEDEK | B46: 1.1
A47: TARAK_MOD_ADET | B47: 12
A48: KUMANDA_MCB_TIP | B48: 1P 6A C 4.5kA
A50: BLOK 7: TICARI (sari)
A51: KAR_ORANI | B51: 0.25
A52: ISKONTO | B52: 0
A53: NDS_ORANI | B53: 0.16
A54: TEKLIF_GECERLILIK (gun) | B54: 14
A55: URETIM_SURESI (is gunu) | B55: 25
A56: ODEME_SARTI | B56: %50 avans, %50 teslimde
A57: GARANTI | B57: 12 ay
A59: BLOK 8: METAL FIYATI (sari) - bu projede bara kullanilmadi (ana salterler <=125A, pin-bara)
A60: BAKIR_KG_USD | B60: 14.45
A61: ALUM_KG_USD | B61: 8.2
A62: USD_KZT (BLOK1'den) | B62: =B5 -> 1
A63: BAKIR_KG_KZT | B63: =B60*B62 -> 14.45
A64: ALUM_KG_KZT | B64: =B61*B62 -> 8.2
A66: BLOK 4: FIYAT LISTESI YAS DENETIMI
A67: Marka | B67: Dosya | C67: Tarih | D67: Yas(ay) | E67: Durum
A68: CHINT | B68: 260827_chint_price...xlsx | C68: 2026-08-27 | D68: 0.4 | E68: normal
A69: KAZTEK | B69: 2607_15_Kaztek_pano_fiyat_listesi.XLSX | C69: 2026-07-15 | D69: 1.8 | E69: normal
A70: EKT | B70: (devralindi) | C70: 2025-06-12 | D70: 14.9 | E70: GUNCELLE (12-18ay)

Sheet FIYAT
A1: SIRA | B1: TIP | C1: ARTIKUL | D1: ACIKLAMA | E1: LISTE_FIYAT | F1: NET_KZT | G1: TOPLAM_ADET | H1: TOPLAM_TUTAR | I1: PARA | J1: MARKA | K1: KATSAYI | L1: BIRIM | M1: KAYNAK | N1: DURUM | O1: NOT | P1: PANO(LAR) | Q1: KOD (SISTEM ANAHTARI - DOKUNMA)
A2: 1 | B2: MCCB | C2: 131363 | D2: Авт. выкл. NXM-125S/3Р 125A 25кА (R) | E2: 19760 | F2: =IF($E2="","",IF(INDEX(MARKA_TIP,MATCH($J2,MARKA_AD,0))="NET",$E2,$E2*INDEX(MARKA_KAT,MATCH($J2,MARKA_AD,0))*INDEX(KUR_DEG,MATCH($I2,KUR_AD,0)))) -> 11856 | G2: =SUMIF(BOM!$P:$P,$Q2,BOM!$I:$I) -> 2 | H2: =IF($F2="","",$F2*$G2) -> 23712 | I2: =IF($E2="","",INDEX(MARKA_PARA,MATCH($J2,MARKA_AD,0))) -> KZT | J2: CHINT | K2: =IF($E2="","",INDEX(MARKA_KAT,MATCH($J2,MARKA_AD,0))) -> 0.6 | L2: шт | M2: birlesik.csv (CHINT) ARTIKUL 131363 | N2: OK | O2: Eski NM1-125S serisi yerine NXM-125S serisine gecildi (kullanici talebi), ayni akim/kA. | P2: =_xlfn.TEXTJOIN(", ",TRUE(),IF(COUNTIF(BOM!$P$3:$P$25,$Q2)>0,"ЩР.2",""),IF(COUNTIF(BOM!$P$28:$P$42,$Q2)>0,"ЩР.1",""),IF(COUNTIF(BOM!$P$45:$P$64,$Q2)>0,"ЩУ.1",""),IF(COUNTIF(BOM!$P$67:$P$88,$Q2)>0,"ЩУ.2",""),IF(COUNTIF(BOM!$P$91:$P$104,$Q2)>0,"ЩО.1","")) -> ЩР.2, ЩУ.2 | Q2: CHINT-NXM125S3P125
A3: 2 | B3: MCCB | C3: 131361 | D3: Авт. выкл. NXM-125S/3Р 80A 25кА (R) | E3: 19418 | F3: =IF($E3="","",IF(INDEX(MARKA_TIP,MATCH($J3,MARKA_AD,0))="NET",$E3,$E3*INDEX(MARKA_KAT,MATCH($J3,MARKA_AD,0))*INDEX(KUR_DEG,MATCH($I3,KUR_AD,0)))) -> 11650.8 | G3: =SUMIF(BOM!$P:$P,$Q3,BOM!$I:$I) -> 1 | H3: =IF($F3="","",$F3*$G3) -> 11650.8 | I3: =IF($E3="","",INDEX(MARKA_PARA,MATCH($J3,MARKA_AD,0))) -> KZT | J3: CHINT | K3: =IF($E3="","",INDEX(MARKA_KAT,MATCH($J3,MARKA_AD,0))) -> 0.6 | L3: шт | M3: birlesik.csv (CHINT) ARTIKUL 131361 | N3: OK | O3: Eski NM1-125S serisi yerine NXM-125S serisine gecildi (kullanici talebi), ayni akim/kA. | P3: =_xlfn.TEXTJOIN(", ",TRUE(),IF(COUNTIF(BOM!$P$3:$P$25,$Q3)>0,"ЩР.2",""),IF(COUNTIF(BOM!$P$28:$P$42,$Q3)>0,"ЩР.1",""),IF(COUNTIF(BOM!$P$45:$P$64,$Q3)>0,"ЩУ.1",""),IF(COUNTIF(BOM!$P$67:$P$88,$Q3)>0,"ЩУ.2",""),IF(COUNTIF(BOM!$P$91:$P$104,$Q3)>0,"ЩО.1","")) -> ЩР.2 | Q3: CHINT-NXM125S3P80
A4: 3 | B4: DIF | C4: 105544 | D4: Диф. авт. выкл. NXBLE-63Y 1P+N 25А 30mA электронный тип AC, х-ка С, 4.5kA | E4: 4939 | F4: =IF($E4="","",IF(INDEX(MARKA_TIP,MATCH($J4,MARKA_AD,0))="NET",$E4,$E4*INDEX(MARKA_KAT,MATCH($J4,MARKA_AD,0))*INDEX(KUR_DEG,MATCH($I4,KUR_AD,0)))) -> 2963.4 | G4: =SUMIF(BOM!$P:$P,$Q4,BOM!$I:$I) -> 42 | H4: =IF($F4="","",$F4*$G4) -> 124462.8 | I4: =IF($E4="","",INDEX(MARKA_PARA,MATCH($J4,MARKA_AD,0))) -> KZT | J4: CHINT | K4: =IF($E4="","",INDEX(MARKA_KAT,MATCH($J4,MARKA_AD,0))) -> 0.6 | L4: шт | M4: birlesik.csv (CHINT 260827) ARTIKUL 105544 | N4: OK | P4: =_xlfn.TEXTJOIN(", ",TRUE(),IF(COUNTIF(BOM!$P$3:$P$25,$Q4)>0,"ЩР.2",""),IF(COUNTIF(BOM!$P$28:$P$42,$Q4)>0,"ЩР.1",""),IF(COUNTIF(BOM!$P$45:$P$64,$Q4)>0,"ЩУ.1",""),IF(COUNTIF(BOM!$P$67:$P$88,$Q4)>0,"ЩУ.2",""),IF(COUNTIF(BOM!$P$91:$P$104,$Q4)>0,"ЩО.1","")) -> ЩР.2, ЩР.1 | Q4: CHINT-NXBLE63Y-1PN25-30
A5: 4 | B5: MCB | C5: 296831 | D5: Авт. выкл. NXB-63S 3P 40А 4.5kA х-ка C | E5: 2807 | F5: =IF($E5="","",IF(INDEX(MARKA_TIP,MATCH($J5,MARKA_AD,0))="NET",$E5,$E5*INDEX(MARKA_KAT,MATCH($J5,MARKA_AD,0))*INDEX(KUR_DEG,MATCH($I5,KUR_AD,0)))) -> 1684.2 | G5: =SUMIF(BOM!$P:$P,$Q5,BOM!$I:$I) -> 4 | H5: =IF($F5="","",$F5*$G5) -> 6736.8 | I5: =IF($E5="","",INDEX(MARKA_PARA,MATCH($J5,MARKA_AD,0))) -> KZT | J5: CHINT | K5: =IF($E5="","",INDEX(MARKA_KAT,MATCH($J5,MARKA_AD,0))) -> 0.6 | L5: шт | M5: birlesik.csv (CHINT 260827) ARTIKUL 296831 | N5: OK | P5: =_xlfn.TEXTJOIN(", ",TRUE(),IF(COUNTIF(BOM!$P$3:$P$25,$Q5)>0,"ЩР.2",""),IF(COUNTIF(BOM!$P$28:$P$42,$Q5)>0,"ЩР.1",""),IF(COUNTIF(BOM!$P$45:$P$64,$Q5)>0,"ЩУ.1",""),IF(COUNTIF(BOM!$P$67:$P$88,$Q5)>0,"ЩУ.2",""),IF(COUNTIF(BOM!$P$91:$P$104,$Q5)>0,"ЩО.1","")) -> ЩР.2, ЩУ.1 | Q5: CHINT-NXB63S-3P40C
A6: 5 | B6: UZO | C6: 200325 | D6: УЗО NL1-63 6kA 4P 63A 30mA тип AC | E6: 19129 | F6: =IF($E6="","",IF(INDEX(MARKA_TIP,MATCH($J6,MARKA_AD,0))="NET",$E6,$E6*INDEX(MARKA_KAT,MATCH($J6,MARKA_AD,0))*INDEX(KUR_DEG,MATCH($I6,KUR_AD,0)))) -> 11477.4 | G6: =SUMIF(BOM!$P:$P,$Q6,BOM!$I:$I) -> 2 | H6: =IF($F6="","",$F6*$G6) -> 22954.8 | I6: =IF($E6="","",INDEX(MARKA_PARA,MATCH($J6,MARKA_AD,0))) -> KZT | J6: CHINT | K6: =IF($E6="","",INDEX(MARKA_KAT,MATCH($J6,MARKA_AD,0))) -> 0.6 | L6: шт | M6: birlesik.csv (CHINT 260827) ARTIKUL 200325 | N6: OK | P6: =_xlfn.TEXTJOIN(", ",TRUE(),IF(COUNTIF(BOM!$P$3:$P$25,$Q6)>0,"ЩР.2",""),IF(COUNTIF(BOM!$P$28:$P$42,$Q6)>0,"ЩР.1",""),IF(COUNTIF(BOM!$P$45:$P$64,$Q6)>0,"ЩУ.1",""),IF(COUNTIF(BOM!$P$67:$P$88,$Q6)>0,"ЩУ.2",""),IF(COUNTIF(BOM!$P$91:$P$104,$Q6)>0,"ЩО.1","")) -> ЩР.2 | Q6: CHINT-NL163-4P63-30AC
A7: 6 | B7: MCB | C7: 814012 | D7: Авт. выкл. NXB-63 1P 6A 6кА х-ка C | E7: 1436 | F7: =IF($E7="","",IF(INDEX(MARKA_TIP,MATCH($J7,MARKA_AD,0))="NET",$E7,$E7*INDEX(MARKA_KAT,MATCH($J7,MARKA_AD,0))*INDEX(KUR_DEG,MATCH($I7,KUR_AD,0)))) -> 861.6 | G7: =SUMIF(BOM!$P:$P,$Q7,BOM!$I:$I) -> 1 | H7: =IF($F7="","",$F7*$G7) -> 861.6 | I7: =IF($E7="","",INDEX(MARKA_PARA,MATCH($J7,MARKA_AD,0))) -> KZT | J7: CHINT | K7: =IF($E7="","",INDEX(MARKA_KAT,MATCH($J7,MARKA_AD,0))) -> 0.6 | L7: шт | M7: birlesik.csv (CHINT 260827) ARTIKUL 814012 | N7: VARSAYIM | O7: otomatik eklendi: kumanda/sayac koruma MCB | P7: =_xlfn.TEXTJOIN(", ",TRUE(),IF(COUNTIF(BOM!$P$3:$P$25,$Q7)>0,"ЩР.2",""),IF(COUNTIF(BOM!$P$28:$P$42,$Q7)>0,"ЩР.1",""),IF(COUNTIF(BOM!$P$45:$P$64,$Q7)>0,"ЩУ.1",""),IF(COUNTIF(BOM!$P$67:$P$88,$Q7)>0,"ЩУ.2",""),IF(COUNTIF(BOM!$P$91:$P$104,$Q7)>0,"ЩО.1","")) -> ЩР.2, ЩР.1, ЩУ.1, ЩУ.2 | Q7: CHINT-NXB63-1P6C
A8: 7 | B8: BARA | C8: 811004 | D8: Шина соединительная типа PIN 1P, 100А, L=1000мм | E8: 5972 | F8: =IF($E8="","",IF(INDEX(MARKA_TIP,MATCH($J8,MARKA_AD,0))="NET",$E8,$E8*INDEX(MARKA_KAT,MATCH($J8,MARKA_AD,0))*INDEX(KUR_DEG,MATCH($I8,KUR_AD,0)))) -> 3583.2 | G8: =SUMIF(BOM!$P:$P,$Q8,BOM!$I:$I) -> 4 | H8: =IF($F8="","",$F8*$G8) -> 14332.8 | I8: =IF($E8="","",INDEX(MARKA_PARA,MATCH($J8,MARKA_AD,0))) -> KZT | J8: CHINT | K8: =IF($E8="","",INDEX(MARKA_KAT,MATCH($J8,MARKA_AD,0))) -> 0.6 | L8: шт | M8: birlesik.csv (CHINT 260827) ARTIKUL 811004 | N8: VARSAYIM | O8: tarak/pin bara - Q'ya hesap | P8: =_xlfn.TEXTJOIN(", ",TRUE(),IF(COUNTIF(BOM!$P$3:$P$25,$Q8)>0,"ЩР.2",""),IF(COUNTIF(BOM!$P$28:$P$42,$Q8)>0,"ЩР.1",""),IF(COUNTIF(BOM!$P$45:$P$64,$Q8)>0,"ЩУ.1",""),IF(COUNTIF(BOM!$P$67:$P$88,$Q8)>0,"ЩУ.2",""),IF(COUNTIF(BOM!$P$91:$P$104,$Q8)>0,"ЩО.1","")) -> ЩР.2, ЩР.1 | Q8: CHINT-PINBUS-1P100A
A9: 8 | B9: KORPUS | C9: 714-15112 | D9: Щит мет. ЩРн-7-2 PR (1320x750x300) IP54 (TS) | E9: 73730 | F9: =IF($E9="","",IF(INDEX(MARKA_TIP,MATCH($J9,MARKA_AD,0))="NET",$E9,$E9*INDEX(MARKA_KAT,MATCH($J9,MARKA_AD,0))*INDEX(KUR_DEG,MATCH($I9,KUR_AD,0)))) -> 44238 | G9: =SUMIF(BOM!$P:$P,$Q9,BOM!$I:$I) -> 1 | H9: =IF($F9="","",$F9*$G9) -> 44238 | I9: =IF($E9="","",INDEX(MARKA_PARA,MATCH($J9,MARKA_AD,0))) -> KZT | J9: KAZTEK | K9: =IF($E9="","",INDEX(MARKA_KAT,MATCH($J9,MARKA_AD,0))) -> 0.6 | L9: шт | M9: Kaztek resmi liste (2607 15 Kaztek pano fiyat listesi.XLSX) ARTIKUL 714-15121 | N9: VARSAYIM | O9: ONCEKI SECIM (ЩРН-72, 660x440x120) YANLIS: panoda 2 adet MCCB (NXM-125S govdeli ana giris+alt salter) VE dogrudan baglantili sayac var - 120mm derinlik MCCB kablo payi ve sayac montaji icin YETERSIZ. 650x500x220 IP31'e yukseltildi (derinlik 120->220mm). Modul kapasitesi teyit edilmedi, benzer/daha genis taban alani nedeniyle en az eski ЩРН-72 kadar (72 modul) kabul edildi - TEYIT GEREKIR. | P9: =_xlfn.TEXTJOIN(", ",TRUE(),IF(COUNTIF(BOM!$P$3:$P$25,$Q9)>0,"ЩР.2",""),IF(COUNTIF(BOM!$P$28:$P$42,$Q9)>0,"ЩР.1",""),IF(COUNTIF(BOM!$P$45:$P$64,$Q9)>0,"ЩУ.1",""),IF(COUNTIF(BOM!$P$67:$P$88,$Q9)>0,"ЩУ.2",""),IF(COUNTIF(BOM!$P$91:$P$104,$Q9)>0,"ЩО.1","")) -> ЩР.2 | Q9: KAZTEK-SHRN3-650X500X220
A10: 9 | B10: KORPUS | C10: 719-15560 | D10: Мет. Корпус ЩМП-3 (650x500x150) IP31 | E10: 25050 | F10: =IF($E10="","",IF(INDEX(MARKA_TIP,MATCH($J10,MARKA_AD,0))="NET",$E10,$E10*INDEX(MARKA_KAT,MATCH($J10,MARKA_AD,0))*INDEX(KUR_DEG,MATCH($I10,KUR_AD,0)))) -> 15030 | G10: =SUMIF(BOM!$P:$P,$Q10,BOM!$I:$I) -> 1 | H10: =IF($F10="","",$F10*$G10) -> 15030 | I10: =IF($E10="","",INDEX(MARKA_PARA,MATCH($J10,MARKA_AD,0))) -> KZT | J10: KAZTEK | K10: =IF($E10="","",INDEX(MARKA_KAT,MATCH($J10,MARKA_AD,0))) -> 0.6 | L10: шт | M10: Kaztek resmi liste (2607 15 Kaztek pano fiyat listesi.XLSX) ARTIKUL 719-15560 | N10: VARSAYIM | O10: ONCEKI SECIM (ЩРН-72, 660x440x120) YANLIS: panoda 1 adet MCCB (NXM-63S govdeli ana giris, muadil 40A) var - 120mm derinlik MCCB kablo payi icin YETERSIZ. Sayac yok, bu yuzden ЩР.2'ye gore daha az derinlik (150mm) yeterli kabul edildi. Modul kapasitesi teyit edilmedi, en az eski ЩРН-72 kadar (72 modul) kabul edildi - TEYIT GEREKIR. | P10: =_xlfn.TEXTJOIN(", ",TRUE(),IF(COUNTIF(BOM!$P$3:$P$25,$Q10)>0,"ЩР.2",""),IF(COUNTIF(BOM!$P$28:$P$42,$Q10)>0,"ЩР.1",""),IF(COUNTIF(BOM!$P$45:$P$64,$Q10)>0,"ЩУ.1",""),IF(COUNTIF(BOM!$P$67:$P$88,$Q10)>0,"ЩУ.2",""),IF(COUNTIF(BOM!$P$91:$P$104,$Q10)>0,"ЩО.1","")) -> ЩР.1 | Q10: KAZTEK-SMP3-650X500X150
A11: 10 | B11: SAYAC | C11: 200200048 | D11: Счетчик LM СА4-Э720 Дала 3ф (10-100А) 1 тариф. Т1 (dogrudan, dahili tarifikator) | E11: 39360 | F11: =IF($E11="","",IF(INDEX(MARKA_TIP,MATCH($J11,MARKA_AD,0))="NET",$E11,$E11*INDEX(MARKA_KAT,MATCH($J11,MARKA_AD,0))*INDEX(KUR_DEG,MATCH($I11,KUR_AD,0)))) -> 39360 | G11: =SUMIF(BOM!$P:$P,$Q11,BOM!$I:$I) -> 2 | H11: =IF($F11="","",$F11*$G11) -> 78720 | I11: =IF($E11="","",INDEX(MARKA_PARA,MATCH($J11,MARKA_AD,0))) -> KZT | J11: EKT | K11: =IF($E11="","",INDEX(MARKA_KAT,MATCH($J11,MARKA_AD,0))) -> 1 | L11: шт | M11: birlesik.csv (EKT/Saiman 250612) ARTIKUL 200200048 | N11: MUADIL | O11: kod LM - SHR.2'de 'R T1' notasyonu tam eslesmiyor; SHU.1'de kod LM birebir eslesiyor | P11: =_xlfn.TEXTJOIN(", ",TRUE(),IF(COUNTIF(BOM!$P$3:$P$25,$Q11)>0,"ЩР.2",""),IF(COUNTIF(BOM!$P$28:$P$42,$Q11)>0,"ЩР.1",""),IF(COUNTIF(BOM!$P$45:$P$64,$Q11)>0,"ЩУ.1",""),IF(COUNTIF(BOM!$P$67:$P$88,$Q11)>0,"ЩУ.2",""),IF(COUNTIF(BOM!$P$91:$P$104,$Q11)>0,"ЩО.1","")) -> ЩР.2, ЩУ.1 | Q11: EKT-SAYAC-DALA-10-100
A12: 11 | B12: BARA | C12: YNN10-69-24D-K07 | D12: Шина N ноль DIN-изол ШНИ-6х9-24-Д-С | E12: 900 | F12: =IF($E12="","",IF(INDEX(MARKA_TIP,MATCH($J12,MARKA_AD,0))="NET",$E12,$E12*INDEX(MARKA_KAT,MATCH($J12,MARKA_AD,0))*INDEX(KUR_DEG,MATCH($I12,KUR_AD,0)))) -> 900 | G12: =SUMIF(BOM!$P:$P,$Q12,BOM!$I:$I) -> 5 | H12: =IF($F12="","",$F12*$G12) -> 4500 | I12: =IF($E12="","",INDEX(MARKA_PARA,MATCH($J12,MARKA_AD,0))) -> KZT | J12: EKT | K12: =IF($E12="","",INDEX(MARKA_KAT,MATCH($J12,MARKA_AD,0))) -> 1 | L12: шт | M12: birlesik.csv (EKT 250612) | N12: VARSAYIM | O12: izoleli notr barasi - her panoda zorunlu | P12: =_xlfn.TEXTJOIN(", ",TRUE(),IF(COUNTIF(BOM!$P$3:$P$25,$Q12)>0,"ЩР.2",""),IF(COUNTIF(BOM!$P$28:$P$42,$Q12)>0,"ЩР.1",""),IF(COUNTIF(BOM!$P$45:$P$64,$Q12)>0,"ЩУ.1",""),IF(COUNTIF(BOM!$P$67:$P$88,$Q12)>0,"ЩУ.2",""),IF(COUNTIF(BOM!$P$91:$P$104,$Q12)>0,"ЩО.1","")) -> ЩР.2, ЩР.1, ЩУ.1, ЩУ.2, ЩО.1 | Q12: EKT-SHINA-N24
A13: 12 | B13: BARA | C13: 130200401 | D13: Шина PE земля ШНИ 6х9 12-К-З | E13: 514 | F13: =IF($E13="","",IF(INDEX(MARKA_TIP,MATCH($J13,MARKA_AD,0))="NET",$E13,$E13*INDEX(MARKA_KAT,MATCH($J13,MARKA_AD,0))*INDEX(KUR_DEG,MATCH($I13,KUR_AD,0)))) -> 514 | G13: =SUMIF(BOM!$P:$P,$Q13,BOM!$I:$I) -> 5 | H13: =IF($F13="","",$F13*$G13) -> 2570 | I13: =IF($E13="","",INDEX(MARKA_PARA,MATCH($J13,MARKA_AD,0))) -> KZT | J13: EKT | K13: =IF($E13="","",INDEX(MARKA_KAT,MATCH($J13,MARKA_AD,0))) -> 1 | L13: шт | M13: birlesik.csv (EKT 250612) | N13: VARSAYIM | O13: ГЗШ topraklama barasi - her panoda zorunlu | P13: =_xlfn.TEXTJOIN(", ",TRUE(),IF(COUNTIF(BOM!$P$3:$P$25,$Q13)>0,"ЩР.2",""),IF(COUNTIF(BOM!$P$28:$P$42,$Q13)>0,"ЩР.1",""),IF(COUNTIF(BOM!$P$45:$P$64,$Q13)>0,"ЩУ.1",""),IF(COUNTIF(BOM!$P$67:$P$88,$Q13)>0,"ЩУ.2",""),IF(COUNTIF(BOM!$P$91:$P$104,$Q13)>0,"ЩО.1","")) -> ЩР.2, ЩР.1, ЩУ.1, ЩУ.2, ЩО.1 | Q13: EKT-SHINA-PE12
A14: 13 | B14: DIN | C14: YDN10-0100 | D14: DIN-рейка (100см) оцинкованная | E14: 686 | F14: =IF($E14="","",IF(INDEX(MARKA_TIP,MATCH($J14,MARKA_AD,0))="NET",$E14,$E14*INDEX(MARKA_KAT,MATCH($J14,MARKA_AD,0))*INDEX(KUR_DEG,MATCH($I14,KUR_AD,0)))) -> 686 | G14: =SUMIF(BOM!$P:$P,$Q14,BOM!$I:$I) -> 0 | H14: =IF($F14="","",$F14*$G14) -> 0 | I14: =IF($E14="","",INDEX(MARKA_PARA,MATCH($J14,MARKA_AD,0))) -> KZT | J14: EKT | K14: =IF($E14="","",INDEX(MARKA_KAT,MATCH($J14,MARKA_AD,0))) -> 1 | L14: шт | M14: birlesik.csv (EKT 250612) | N14: VARSAYIM | O14: otomatik hesap - Q'ya metraj | P14: =_xlfn.TEXTJOIN(", ",TRUE(),IF(COUNTIF(BOM!$P$3:$P$25,$Q14)>0,"ЩР.2",""),IF(COUNTIF(BOM!$P$28:$P$42,$Q14)>0,"ЩР.1",""),IF(COUNTIF(BOM!$P$45:$P$64,$Q14)>0,"ЩУ.1",""),IF(COUNTIF(BOM!$P$67:$P$88,$Q14)>0,"ЩУ.2",""),IF(COUNTIF(BOM!$P$91:$P$104,$Q14)>0,"ЩО.1","")) -> ЩР.2, ЩР.1, ЩУ.1, ЩУ.2, ЩО.1 | Q14: EKT-DINRAY-100
A15: 14 | B15: KANAL | C15: 280100252 | D15: Кабель-канал 40х40 белый | E15: 238 | F15: =IF($E15="","",IF(INDEX(MARKA_TIP,MATCH($J15,MARKA_AD,0))="NET",$E15,$E15*INDEX(MARKA_KAT,MATCH($J15,MARKA_AD,0))*INDEX(KUR_DEG,MATCH($I15,KUR_AD,0)))) -> 238 | G15: =SUMIF(BOM!$P:$P,$Q15,BOM!$I:$I) -> 6 | H15: =IF($F15="","",$F15*$G15) -> 1428 | I15: =IF($E15="","",INDEX(MARKA_PARA,MATCH($J15,MARKA_AD,0))) -> KZT | J15: EKT | K15: =IF($E15="","",INDEX(MARKA_KAT,MATCH($J15,MARKA_AD,0))) -> 1 | L15: м | M15: birlesik.csv (EKT 250612) | N15: VARSAYIM | O15: otomatik hesap - Q'ya metraj | P15: =_xlfn.TEXTJOIN(", ",TRUE(),IF(COUNTIF(BOM!$P$3:$P$25,$Q15)>0,"ЩР.2",""),IF(COUNTIF(BOM!$P$28:$P$42,$Q15)>0,"ЩР.1",""),IF(COUNTIF(BOM!$P$45:$P$64,$Q15)>0,"ЩУ.1",""),IF(COUNTIF(BOM!$P$67:$P$88,$Q15)>0,"ЩУ.2",""),IF(COUNTIF(BOM!$P$91:$P$104,$Q15)>0,"ЩО.1","")) -> ЩР.2, ЩР.1 | Q15: EKT-KANAL-40X40
A16: 15 | B16: KABLO | C16: 100300025 | D16: ПВ3-2,5 белый ГОСТ (pano ici kablo) | E16: 144 | F16: =IF($E16="","",IF(INDEX(MARKA_TIP,MATCH($J16,MARKA_AD,0))="NET",$E16,$E16*INDEX(MARKA_KAT,MATCH($J16,MARKA_AD,0))*INDEX(KUR_DEG,MATCH($I16,KUR_AD,0)))) -> 144 | G16: =SUMIF(BOM!$P:$P,$Q16,BOM!$I:$I) -> 31 | H16: =IF($F16="","",$F16*$G16) -> 4464 | I16: =IF($E16="","",INDEX(MARKA_PARA,MATCH($J16,MARKA_AD,0))) -> KZT | J16: EKT | K16: =IF($E16="","",INDEX(MARKA_KAT,MATCH($J16,MARKA_AD,0))) -> 1 | L16: м | M16: birlesik.csv (EKT 250612) | N16: VARSAYIM | O16: otomatik hesap - Q'ya metraj | P16: =_xlfn.TEXTJOIN(", ",TRUE(),IF(COUNTIF(BOM!$P$3:$P$25,$Q16)>0,"ЩР.2",""),IF(COUNTIF(BOM!$P$28:$P$42,$Q16)>0,"ЩР.1",""),IF(COUNTIF(BOM!$P$45:$P$64,$Q16)>0,"ЩУ.1",""),IF(COUNTIF(BOM!$P$67:$P$88,$Q16)>0,"ЩУ.2",""),IF(COUNTIF(BOM!$P$91:$P$104,$Q16)>0,"ЩО.1","")) -> ЩР.2, ЩУ.2, ЩО.1 | Q16: EKT-PVGV-2.5
A17: 16 | B17: KABLO | C17: 100300030 | D17: ПВ3-4 белый ГОСТ (pano ici kablo) | E17: 242 | F17: =IF($E17="","",IF(INDEX(MARKA_TIP,MATCH($J17,MARKA_AD,0))="NET",$E17,$E17*INDEX(MARKA_KAT,MATCH($J17,MARKA_AD,0))*INDEX(KUR_DEG,MATCH($I17,KUR_AD,0)))) -> 242 | G17: =SUMIF(BOM!$P:$P,$Q17,BOM!$I:$I) -> 59 | H17: =IF($F17="","",$F17*$G17) -> 14278 | I17: =IF($E17="","",INDEX(MARKA_PARA,MATCH($J17,MARKA_AD,0))) -> KZT | J17: EKT | K17: =IF($E17="","",INDEX(MARKA_KAT,MATCH($J17,MARKA_AD,0))) -> 1 | L17: м | M17: birlesik.csv (EKT 250612) | N17: VARSAYIM | O17: otomatik hesap - Q'ya metraj | P17: =_xlfn.TEXTJOIN(", ",TRUE(),IF(COUNTIF(BOM!$P$3:$P$25,$Q17)>0,"ЩР.2",""),IF(COUNTIF(BOM!$P$28:$P$42,$Q17)>0,"ЩР.1",""),IF(COUNTIF(BOM!$P$45:$P$64,$Q17)>0,"ЩУ.1",""),IF(COUNTIF(BOM!$P$67:$P$88,$Q17)>0,"ЩУ.2",""),IF(COUNTIF(BOM!$P$91:$P$104,$Q17)>0,"ЩО.1","")) -> ЩР.2, ЩР.1, ЩУ.2, ЩО.1 | Q17: EKT-PVGV-4
A18: 17 | B18: KABLO | C18: 100300031 | D18: ПВ3-6 белый ГОСТ (pano ici kablo) | E18: 361 | F18: =IF($E18="","",IF(INDEX(MARKA_TIP,MATCH($J18,MARKA_AD,0))="NET",$E18,$E18*INDEX(MARKA_KAT,MATCH($J18,MARKA_AD,0))*INDEX(KUR_DEG,MATCH($I18,KUR_AD,0)))) -> 361 | G18: =SUMIF(BOM!$P:$P,$Q18,BOM!$I:$I) -> 17 | H18: =IF($F18="","",$F18*$G18) -> 6137 | I18: =IF($E18="","",INDEX(MARKA_PARA,MATCH($J18,MARKA_AD,0))) -> KZT | J18: EKT | K18: =IF($E18="","",INDEX(MARKA_KAT,MATCH($J18,MARKA_AD,0))) -> 1 | L18: м | M18: birlesik.csv (EKT 250612) | N18: VARSAYIM | O18: otomatik hesap - Q'ya metraj | P18: =_xlfn.TEXTJOIN(", ",TRUE(),IF(COUNTIF(BOM!$P$3:$P$25,$Q18)>0,"ЩР.2",""),IF(COUNTIF(BOM!$P$28:$P$42,$Q18)>0,"ЩР.1",""),IF(COUNTIF(BOM!$P$45:$P$64,$Q18)>0,"ЩУ.1",""),IF(COUNTIF(BOM!$P$67:$P$88,$Q18)>0,"ЩУ.2",""),IF(COUNTIF(BOM!$P$91:$P$104,$Q18)>0,"ЩО.1","")) -> ЩР.2, ЩР.1, ЩУ.1 | Q18: EKT-PVGV-6
... A23: 22 | B23: YUKSUK | C23: 260200024 | D23: Наконечник-гильза Е4009 4мм2 izole (100 ad/paket) | E23: 1245 | F23: =IF($E23="","",IF(INDEX(MARKA_TIP,MATCH($J23,MARKA_AD,0))="NET",$E23,$E23*INDEX(MARKA_KAT,MATCH($J23,MARKA_AD,0))*INDEX(KUR_DEG,MATCH($I23,KUR_AD,0)))) -> 1245 | G23: =SUMIF(BOM!$P:$P,$Q23,BOM!$I:$I) -> 6 | H23: =IF($F23="","",$F23*$G23) -> 7470 | I23: =IF($E23="","",INDEX(MARKA_PARA,MATCH($J23,MARKA_AD,0))) -> KZT | J23: EKT | K23: =IF($E23="","",INDEX(MARKA_KAT,MATCH($J23,MARKA_AD,0))) -> 1 | L23: упак | M23: birlesik.csv (EKT 250612) ARTIKUL 260200024 | N23: VARSAYIM | O23: <=10mm2 uc yuksugu - otomatik, 1 paket=100ad | P23: =_xlfn.TEXTJOIN(", ",TRUE(),IF(COUNTIF(BOM!$P$3:$P$25,$Q23)>0,"ЩР.2",""),IF(COUNTIF(BOM!$P$28:$P$42,$Q23)>0,"ЩР.1",""),IF(COUNTIF(BOM!$P$45:$P$64,$Q23)>0,"ЩУ.1",""),IF(COUNTIF(BOM!$P$67:$P$88,$Q23)>0,"ЩУ.2",""),IF(COUNTIF(BOM!$P$91:$P$104,$Q23)>0,"ЩО.1","")) -> ЩР.2, ЩР.1, ЩУ.1, ЩУ.2, ЩО.1 | Q23: EKT-YUKSUK-4MM-PAK100
A24: 23 | B24: MONTAJ | C24: MONTAJ-MALZEME-KOMPLE | D24: Montaj malzemesi (etiket, sema cebi, kilit-menteşe, numaralandirma, vida-dubel takimi) | G24: =SUMIF(BOM!$P:$P,$Q24,BOM!$I:$I) -> 5 | H24: =IF($F24="","",$F24*$G24) | I24: =IF($E24="","",INDEX(MARKA_PARA,MATCH($J24,MARKA_AD,0))) | J24: YOK | K24: =IF($E24="","",INDEX(MARKA_KAT,MATCH($J24,MARKA_AD,0))) | L24: шт | N24: FIYAT_YOK | O24: katalogda net eslesme yok - fiyat girilecek | P24: =_xlfn.TEXTJOIN(", ",TRUE(),IF(COUNTIF(BOM!$P$3:$P$25,$Q24)>0,"ЩР.2",""),IF(COUNTIF(BOM!$P$28:$P$42,$Q24)>0,"ЩР.1",""),IF(COUNTIF(BOM!$P$45:$P$64,$Q24)>0,"ЩУ.1",""),IF(COUNTIF(BOM!$P$67:$P$88,$Q24)>0,"ЩУ.2",""),IF(COUNTIF(BOM!$P$91:$P$104,$Q24)>0,"ЩО.1","")) -> ЩР.2, ЩР.1, ЩУ.1, ЩУ.2, ЩО.1 | Q24: MONTAJ-MALZEME-KOMPLE
A25: 24 | B25: ISCILIK | C25: ISCILIK-MONTAJ | D25: Montaj + test + etiketleme iscilik | E25: =KURALLAR!$B$29 -> 6000 | F25: =KURALLAR!$B$30 -> 100 | G25: =SUMIF(BOM!$P:$P,$Q25,BOM!$I:$I) -> 575 | H25: =IF($F25="","",$F25*$G25) -> 57500 | I25: =IF($E25="","",INDEX(MARKA_PARA,MATCH($J25,MARKA_AD,0))) -> KZT | J25: ISCILIK | K25: =IF($E25="","",INDEX(MARKA_KAT,MATCH($J25,MARKA_AD,0))) -> 1 | L25: мин. | M25: KURALLAR ISCILIK_SAAT_UCRETI(bilgi,saat)+ISCILIK_G_SABIT(dakika ucreti,100 KZT) | N25: VARSAYIM | O25: dakika bazli iscilik: FIYAT!LISTE_FIYAT=saat ucreti(bilgi), NET_KZT=dakika ucreti(100 KZT, gercek hesap), Qty=dakika. Q'ya hesap | P25: =_xlfn.TEXTJOIN(", ",TRUE(),IF(COUNTIF(BOM!$P$3:$P$25,$Q25)>0,"ЩР.2",""),IF(COUNTIF(BOM!$P$28:$P$42,$Q25)>0,"ЩР.1",""),IF(COUNTIF(BOM!$P$45:$P$64,$Q25)>0,"ЩУ.1",""),IF(COUNTIF(BOM!$P$67:$P$88,$Q25)>0,"ЩУ.2",""),IF(COUNTIF(BOM!$P$91:$P$104,$Q25)>0,"ЩО.1","")) -> ЩР.2, ЩР.1, ЩУ.1, ЩУ.2, ЩО.1 | Q25: ISCILIK-MONTAJ
A26: 25 | B26: MCCB | C26: 205886 | D26: Авт. выкл. NXM-63S/3Р 32A 25кА (R) | E26: 17405 | F26: =IF($E26="","",IF(INDEX(MARKA_TIP,MATCH($J26,MARKA_AD,0))="NET",$E26,$E26*INDEX(MARKA_KAT,MATCH($J26,MARKA_AD,0))*INDEX(KUR_DEG,MATCH($I26,KUR_AD,0)))) -> 10443 | G26: =SUMIF(BOM!$P:$P,$Q26,BOM!$I:$I) -> 1 | H26: =IF($F26="","",$F26*$G26) -> 10443 | I26: =IF($E26="","",INDEX(MARKA_PARA,MATCH($J26,MARKA_AD,0))) -> KZT | J26: CHINT | K26: =IF($E26="","",INDEX(MARKA_KAT,MATCH($J26,MARKA_AD,0))) -> 0.6 | L26: шт | M26: birlesik.csv (CHINT) ARTIKUL 205886 | N26: OK | O26: Eski NM1-63S serisinde 32A trip yoktu (FIYAT_YOK idi); NXM-63S serisine gecilince (kullanici talebi) TAM ESLESEN 32A bulundu, istenen deger artik gercek urunle karsilaniyor. | P26: =_xlfn.TEXTJOIN(", ",TRUE(),IF(COUNTIF(BOM!$P$3:$P$25,$Q26)>0,"ЩР.2",""),IF(COUNTIF(BOM!$P$28:$P$42,$Q26)>0,"ЩР.1",""),IF(COUNTIF(BOM!$P$45:$P$64,$Q26)>0,"ЩУ.1",""),IF(COUNTIF(BOM!$P$67:$P$88,$Q26)>0,"ЩУ.2",""),IF(COUNTIF(BOM!$P$91:$P$104,$Q26)>0,"ЩО.1","")) -> ЩР.1 | Q26: CHINT-NXM63S3P32
A27: 26 | B27: MCB | C27: 296833 | D27: Авт. выкл. NXB-63S 3P 63А 4.5kA х-ка C | E27: 3641 | F27: =IF($E27="","",IF(INDEX(MARKA_TIP,MATCH($J27,MARKA_AD,0))="NET",$E27,$E27*INDEX(MARKA_KAT,MATCH($J27,MARKA_AD,0))*INDEX(KUR_DEG,MATCH($I27,KUR_AD,0)))) -> 2184.6 | G27: =SUMIF(BOM!$P:$P,$Q27,BOM!$I:$I) -> 1 | H27: =IF($F27="","",$F27*$G27) -> 2184.6 | I27: =IF($E27="","",INDEX(MARKA_PARA,MATCH($J27,MARKA_AD,0))) -> KZT | J27: CHINT | K27: =IF($E27="","",INDEX(MARKA_KAT,MATCH($J27,MARKA_AD,0))) -> 0.6 | L27: шт | M27: birlesik.csv (CHINT 260827) ARTIKUL 296833 | N27: OK | P27: =_xlfn.TEXTJOIN(", ",TRUE(),IF(COUNTIF(BOM!$P$3:$P$25,$Q27)>0,"ЩР.2",""),IF(COUNTIF(BOM!$P$28:$P$42,$Q27)>0,"ЩР.1",""),IF(COUNTIF(BOM!$P$45:$P$64,$Q27)>0,"ЩУ.1",""),IF(COUNTIF(BOM!$P$67:$P$88,$Q27)>0,"ЩУ.2",""),IF(COUNTIF(BOM!$P$91:$P$104,$Q27)>0,"ЩО.1","")) -> ЩУ.1 | Q27: CHINT-NXB63S-3P63C
A28: 27 | B28: DIF | C28: CHINT-NXBLE125-3PN50-30 | D28: Диф. автомат NXBLE-125 3P+N 50A х-ка C 30mA | F28: =IF($E28="","",IF(INDEX(MARKA_TIP,MATCH($J28,MARKA_AD,0))="NET",$E28,$E28*INDEX(MARKA_KAT,MATCH($J28,MARKA_AD,0))*INDEX(KUR_DEG,MATCH($I28,KUR_AD,0)))) | G28: =SUMIF(BOM!$P:$P,$Q28,BOM!$I:$I) -> 1 | H28: =IF($F28="","",$F28*$G28) | I28: =IF($E28="","",INDEX(MARKA_PARA,MATCH($J28,MARKA_AD,0))) | J28: CHINT | K28: =IF($E28="","",INDEX(MARKA_KAT,MATCH($J28,MARKA_AD,0))) | L28: шт | N28: FIYAT_YOK | O28: SHU.1 semasinda istenen deger (50A C 30mA) korundu - DEGISTIRILMEDI. Katalogda bu kademe/hassasiyette SADECE 80A/300mA (yangin tipi) var, kisi korumali 50A/30mA versiyonu yok; fiyat/tedarik teyidi bekleniyor. | P28: =_xlfn.TEXTJOIN(", ",TRUE(),IF(COUNTIF(BOM!$P$3:$P$25,$Q28)>0,"ЩР.2",""),IF(COUNTIF(BOM!$P$28:$P$42,$Q28)>0,"ЩР.1",""),IF(COUNTIF(BOM!$P$45:$P$64,$Q28)>0,"ЩУ.1",""),IF(COUNTIF(BOM!$P$67:$P$88,$Q28)>0,"ЩУ.2",""),IF(COUNTIF(BOM!$P$91:$P$104,$Q28)>0,"ЩО.1","")) -> ЩУ.1 | Q28: CHINT-NXBLE125-3PN50-30
A29: 28 | B29: MCCB | C29: 131362 | D29: Авт. выкл. NXM-125S/3Р 100A 25кА (R) | E29: 19443 | F29: =IF($E29="","",IF(INDEX(MARKA_TIP,MATCH($J29,MARKA_AD,0))="NET",$E29,$E29*INDEX(MARKA_KAT,MATCH($J29,MARKA_AD,0))*INDEX(KUR_DEG,MATCH($I29,KUR_AD,0)))) -> 11665.8 | G29: =SUMIF(BOM!$P:$P,$Q29,BOM!$I:$I) -> 1 | H29: =IF($F29="","",$F29*$G29) -> 11665.8 | I29: =IF($E29="","",INDEX(MARKA_PARA,MATCH($J29,MARKA_AD,0))) -> KZT | J29: CHINT | K29: =IF($E29="","",INDEX(MARKA_KAT,MATCH($J29,MARKA_AD,0))) -> 0.6 | L29: шт | M29: birlesik.csv (CHINT) ARTIKUL 131362 | N29: OK | O29: Eski NM1-125S serisinde 100A trip yoktu (FIYAT_YOK idi); NXM-125S serisine gecilince (kullanici talebi) TAM ESLESEN 100A bulundu, istenen deger artik gercek urunle karsilaniyor. | P29: =_xlfn.TEXTJOIN(", ",TRUE(),IF(COUNTIF(BOM!$P$3:$P$25,$Q29)>0,"ЩР.2",""),IF(COUNTIF(BOM!$P$28:$P$42,$Q29)>0,"ЩР.1",""),IF(COUNTIF(BOM!$P$45:$P$64,$Q29)>0,"ЩУ.1",""),IF(COUNTIF(BOM!$P$67:$P$88,$Q29)>0,"ЩУ.2",""),IF(COUNTIF(BOM!$P$91:$P$104,$Q29)>0,"ЩО.1","")) -> ЩУ.2 | Q29: CHINT-NXM125S3P100
A30: 29 | B30: MCB | C30: 296830 | D30: Авт. выкл. NXB-63S 3P 32А 4.5kA х-ка C | E30: 2606 | F30: =IF($E30="","",IF(INDEX(MARKA_TIP,MATCH($J30,MARKA_AD,0))="NET",$E30,$E30*INDEX(MARKA_KAT,MATCH($J30,MARKA_AD,0))*INDEX(KUR_DEG,MATCH($I30,KUR_AD,0)))) -> 1563.6 | G30: =SUMIF(BOM!$P:$P,$Q30,BOM!$I:$I) -> 2 | H30: =IF($F30="","",$F30*$G30) -> 3127.2 | I30: =IF($E30="","",INDEX(MARKA_PARA,MATCH($J30,MARKA_AD,0))) -> KZT | J30: CHINT | K30: =IF($E30="","",INDEX(MARKA_KAT,MATCH($J30,MARKA_AD,0))) -> 0.6 | L30: шт | M30: birlesik.csv (CHINT 260827) ARTIKUL 296830 | N30: OK | P30: =_xlfn.TEXTJOIN(", ",TRUE(),IF(COUNTIF(BOM!$P$3:$P$25,$Q30)>0,"ЩР.2",""),IF(COUNTIF(BOM!$P$28:$P$42,$Q30)>0,"ЩР.1",""),IF(COUNTIF(BOM!$P$45:$P$64,$Q30)>0,"ЩУ.1",""),IF(COUNTIF(BOM!$P$67:$P$88,$Q30)>0,"ЩУ.2",""),IF(COUNTIF(BOM!$P$91:$P$104,$Q30)>0,"ЩО.1","")) -> ЩУ.1 | Q30: CHINT-NXB63S-3P32C
A31: 30 | B31: MCB | C31: 296829 | D31: Авт. выкл. NXB-63S 3P 25А 4.5kA х-ка C | E31: 2429 | F31: =IF($E31="","",IF(INDEX(MARKA_TIP,MATCH($J31,MARKA_AD,0))="NET",$E31,$E31*INDEX(MARKA_KAT,MATCH($J31,MARKA_AD,0))*INDEX(KUR_DEG,MATCH($I31,KUR_AD,0)))) -> 1457.4 | G31: =SUMIF(BOM!$P:$P,$Q31,BOM!$I:$I) -> 2 | H31: =IF($F31="","",$F31*$G31) -> 2914.8 | I31: =IF($E31="","",INDEX(MARKA_PARA,MATCH($J31,MARKA_AD,0))) -> KZT | J31: CHINT | K31: =IF($E31="","",INDEX(MARKA_KAT,MATCH($J31,MARKA_AD,0))) -> 0.6 | L31: шт | M31: birlesik.csv (CHINT 260827) ARTIKUL 296829 | N31: OK | P31: =_xlfn.TEXTJOIN(", ",TRUE(),IF(COUNTIF(BOM!$P$3:$P$25,$Q31)>0,"ЩР.2",""),IF(COUNTIF(BOM!$P$28:$P$42,$Q31)>0,"ЩР.1",""),IF(COUNTIF(BOM!$P$45:$P$64,$Q31)>0,"ЩУ.1",""),IF(COUNTIF(BOM!$P$67:$P$88,$Q31)>0,"ЩУ.2",""),IF(COUNTIF(BOM!$P$91:$P$104,$Q31)>0,"ЩО.1","")) -> ЩУ.2, ЩО.1 | Q31: CHINT-NXB63S-3P25C
A32: 31 | B32: MCB | C32: 296827 | D32: Авт. выкл. NXB-63S 3P 16А 4.5kA х-ка C | E32: 2337 | F32: =IF($E32="","",IF(INDEX(MARKA_TIP,MATCH($J32,MARKA_AD,0))="NET",$E32,$E32*INDEX(MARKA_KAT,MATCH($J32,MARKA_AD,0))*INDEX(KUR_DEG,MATCH($I32,KUR_AD,0)))) -> 1402.2 | G32: =SUMIF(BOM!$P:$P,$Q32,BOM!$I:$I) -> 5 | H32: =IF($F32="","",$F32*$G32) -> 7011 | I32: =IF($E32="","",INDEX(MARKA_PARA,MATCH($J32,MARKA_AD,0))) -> KZT | J32: CHINT | K32: =IF($E32="","",INDEX(MARKA_KAT,MATCH($J32,MARKA_AD,0))) -> 0.6 | L32: шт | M32: birlesik.csv (CHINT 260827) ARTIKUL 296827 | N32: OK | P32: =_xlfn.TEXTJOIN(", ",TRUE(),IF(COUNTIF(BOM!$P$3:$P$25,$Q32)>0,"ЩР.2",""),IF(COUNTIF(BOM!$P$28:$P$42,$Q32)>0,"ЩР.1",""),IF(COUNTIF(BOM!$P$45:$P$64,$Q32)>0,"ЩУ.1",""),IF(COUNTIF(BOM!$P$67:$P$88,$Q32)>0,"ЩУ.2",""),IF(COUNTIF(BOM!$P$91:$P$104,$Q32)>0,"ЩО.1","")) -> ЩУ.2 | Q32: CHINT-NXB63S-3P16C
A33: 32 | B33: MCB | C33: 296710 | D33: Авт. выкл. NXB-63S 1P 16А 4.5kA х-ка C | E33: 783 | F33: =IF($E33="","",IF(INDEX(MARKA_TIP,MATCH($J33,MARKA_AD,0))="NET",$E33,$E33*INDEX(MARKA_KAT,MATCH($J33,MARKA_AD,0))*INDEX(KUR_DEG,MATCH($I33,KUR_AD,0)))) -> 469.8 | G33: =SUMIF(BOM!$P:$P,$Q33,BOM!$I:$I) -> 12 | H33: =IF($F33="","",$F33*$G33) -> 5637.6 | I33: =IF($E33="","",INDEX(MARKA_PARA,MATCH($J33,MARKA_AD,0))) -> KZT | J33: CHINT | K33: =IF($E33="","",INDEX(MARKA_KAT,MATCH($J33,MARKA_AD,0))) -> 0.6 | L33: шт | M33: birlesik.csv (CHINT 260827) ARTIKUL 296710 | N33: OK | P33: =_xlfn.TEXTJOIN(", ",TRUE(),IF(COUNTIF(BOM!$P$3:$P$25,$Q33)>0,"ЩР.2",""),IF(COUNTIF(BOM!$P$28:$P$42,$Q33)>0,"ЩР.1",""),IF(COUNTIF(BOM!$P$45:$P$64,$Q33)>0,"ЩУ.1",""),IF(COUNTIF(BOM!$P$67:$P$88,$Q33)>0,"ЩУ.2",""),IF(COUNTIF(BOM!$P$91:$P$104,$Q33)>0,"ЩО.1","")) -> ЩО.1 | Q33: CHINT-NXB63S-1P16C
A34: 33 | B34: SAYAC | C34: 200200046 | D34: Счетчик ND СА4У-Э720 Дала 3ф (5-7,5А) 1 тариф. Saiman (AT'li) | E34: 22850 | F34: =IF($E34="","",IF(INDEX(MARKA_TIP,MATCH($J34,MARKA_AD,0))="NET",$E34,$E34*INDEX(MARKA_KAT,MATCH($J34,MARKA_AD,0))*INDEX(KUR_DEG,MATCH($I34,KUR_AD,0)))) -> 22850 | G34: =SUMIF(BOM!$P:$P,$Q34,BOM!$I:$I) -> 1 | H34: =IF($F34="","",$F34*$G34) -> 22850 | I34: =IF($E34="","",INDEX(MARKA_PARA,MATCH($J34,MARKA_AD,0))) -> KZT | J34: EKT | K34: =IF($E34="","",INDEX(MARKA_KAT,MATCH($J34,MARKA_AD,0))) -> 1 | L34: шт | M34: birlesik.csv (EKT/Saiman 250612) ARTIKUL 200200046 | N34: OK | O34: kod ND - semayla birebir eslesiyor | P34: =_xlfn.TEXTJOIN(", ",TRUE(),IF(COUNTIF(BOM!$P$3:$P$25,$Q34)>0,"ЩР.2",""),IF(COUNTIF(BOM!$P$28:$P$42,$Q34)>0,"ЩР.1",""),IF(COUNTIF(BOM!$P$45:$P$64,$Q34)>0,"ЩУ.1",""),IF(COUNTIF(BOM!$P$67:$P$88,$Q34)>0,"ЩУ.2",""),IF(COUNTIF(BOM!$P$91:$P$104,$Q34)>0,"ЩО.1","")) -> ЩУ.2 | Q34: EKT-SAYAC-DALA-ND-5-7.5
A35: 34 | B35: AT | C35: 255298 | D35: Трансформатор тока BH-0.66 60 I 400/5A класс точности 0.5 | E35: 6065 | F35: =IF($E35="","",IF(INDEX(MARKA_TIP,MATCH($J35,MARKA_AD,0))="NET",$E35,$E35*INDEX(MARKA_KAT,MATCH($J35,MARKA_AD,0))*INDEX(KUR_DEG,MATCH($I35,KUR_AD,0)))) -> 3639 | G35: =SUMIF(BOM!$P:$P,$Q35,BOM!$I:$I) -> 3 | H35: =IF($F35="","",$F35*$G35) -> 10917 | I35: =IF($E35="","",INDEX(MARKA_PARA,MATCH($J35,MARKA_AD,0))) -> KZT | J35: CHINT | K35: =IF($E35="","",INDEX(MARKA_KAT,MATCH($J35,MARKA_AD,0))) -> 0.6 | L35: шт | M35: birlesik.csv (CHINT 260827) ARTIKUL 255298 | N35: KONTROL | O35: SHU.2 sayaci icin AT; oran (400/5) semadaki yuke (~88A) gore buyuk - dogruluk sinifi icin daha kucuk oranli AT onerilir, MUHENDIS KONTROLU | P35: =_xlfn.TEXTJOIN(", ",TRUE(),IF(COUNTIF(BOM!$P$3:$P$25,$Q35)>0,"ЩР.2",""),IF(COUNTIF(BOM!$P$28:$P$42,$Q35)>0,"ЩР.1",""),IF(COUNTIF(BOM!$P$45:$P$64,$Q35)>0,"ЩУ.1",""),IF(COUNTIF(BOM!$P$67:$P$88,$Q35)>0,"ЩУ.2",""),IF(COUNTIF(BOM!$P$91:$P$104,$Q35)>0,"ЩО.1","")) -> ЩУ.2 | Q35: CHINT-CT-BH066-400-5
A36: 35 | B36: BARA | C36: 811002 | D36: Шина соединительная типа PIN 3P, 63А, L=1000мм | E36: 12699 | F36: =IF($E36="","",IF(INDEX(MARKA_TIP,MATCH($J36,MARKA_AD,0))="NET",$E36,$E36*INDEX(MARKA_KAT,MATCH($J36,MARKA_AD,0))*INDEX(KUR_DEG,MATCH($I36,KUR_AD,0)))) -> 7619.4 | G36: =SUMIF(BOM!$P:$P,$Q36,BOM!$I:$I) -> 1 | H36: =IF($F36="","",$F36*$G36) -> 7619.4 | I36: =IF($E36="","",INDEX(MARKA_PARA,MATCH($J36,MARKA_AD,0))) -> KZT | J36: CHINT | K36: =IF($E36="","",INDEX(MARKA_KAT,MATCH($J36,MARKA_AD,0))) -> 0.6 | L36: шт | M36: birlesik.csv (CHINT 260827) ARTIKUL 811002 | N36: VARSAYIM | O36: 3 fazli cikisli dagitim panolari icin tarak/pin bara | P36: =_xlfn.TEXTJOIN(", ",TRUE(),IF(COUNTIF(BOM!$P$3:$P$25,$Q36)>0,"ЩР.2",""),IF(COUNTIF(BOM!$P$28:$P$42,$Q36)>0,"ЩР.1",""),IF(COUNTIF(BOM!$P$45:$P$64,$Q36)>0,"ЩУ.1",""),IF(COUNTIF(BOM!$P$67:$P$88,$Q36)>0,"ЩУ.2",""),IF(COUNTIF(BOM!$P$91:$P$104,$Q36)>0,"ЩО.1","")) -> ЩУ.1, ЩУ.2 | Q36: CHINT-PIN3P-63A
A37: 36 | B37: BARA | C37: 130200407 | D37: Шина соединительная PIN (штырь) 1ф 63А (22см) | E37: 507 | F37: =IF($E37="","",IF(INDEX(MARKA_TIP,MATCH($J37,MARKA_AD,0))="NET",$E37,$E37*INDEX(MARKA_KAT,MATCH($J37,MARKA_AD,0))*INDEX(KUR_DEG,MATCH($I37,KUR_AD,0)))) -> 507 | G37: =SUMIF(BOM!$P:$P,$Q37,BOM!$I:$I) -> 1 | H37: =IF($F37="","",$F37*$G37) -> 507 | I37: =IF($E37="","",INDEX(MARKA_PARA,MATCH($J37,MARKA_AD,0))) -> KZT | J37: EKT | K37: =IF($E37="","",INDEX(MARKA_KAT,MATCH($J37,MARKA_AD,0))) -> 1 | L37: шт | M37: birlesik.csv (EKT 250612) ARTIKUL 130200407 | N37: VARSAYIM | O37: kucuk pano icin kisa pin-bara | P37: =_xlfn.TEXTJOIN(", ",TRUE(),IF(COUNTIF(BOM!$P$3:$P$25,$Q37)>0,"ЩР.2",""),IF(COUNTIF(BOM!$P$28:$P$42,$Q37)>0,"ЩР.1",""),IF(COUNTIF(BOM!$P$45:$P$64,$Q37)>0,"ЩУ.1",""),IF(COUNTIF(BOM!$P$67:$P$88,$Q37)>0,"ЩУ.2",""),IF(COUNTIF(BOM!$P$91:$P$104,$Q37)>0,"ЩО.1","")) -> ЩО.1 | Q37: EKT-PIN1P-63A-22CM
A38: 37 | B38: KABLO | C38: 100300079 | D38: ПВ3-10 белый ГОСТ (pano ici kablo) | E38: 591 | F38: =IF($E38="","",IF(INDEX(MARKA_TIP,MATCH($J38,MARKA_AD,0))="NET",$E38,$E38*INDEX(MARKA_KAT,MATCH($J38,MARKA_AD,0))*INDEX(KUR_DEG,MATCH($I38,KUR_AD,0)))) -> 591 | G38: =SUMIF(BOM!$P:$P,$Q38,BOM!$I:$I) -> 2 | H38: =IF($F38="","",$F38*$G38) -> 1182 | I38: =IF($E38="","",INDEX(MARKA_PARA,MATCH($J38,MARKA_AD,0))) -> KZT | J38: EKT | K38: =IF($E38="","",INDEX(MARKA_KAT,MATCH($J38,MARKA_AD,0))) -> 1 | L38: м | M38: birlesik.csv (EKT 250612) ARTIKUL 100300079 | N38: VARSAYIM | O38: otomatik hesap - Q'ya metraj | P38: =_xlfn.TEXTJOIN(", ",TRUE(),IF(COUNTIF(BOM!$P$3:$P$25,$Q38)>0,"ЩР.2",""),IF(COUNTIF(BOM!$P$28:$P$42,$Q38)>0,"ЩР.1",""),IF(COUNTIF(BOM!$P$45:$P$64,$Q38)>0,"ЩУ.1",""),IF(COUNTIF(BOM!$P$67:$P$88,$Q38)>0,"ЩУ.2",""),IF(COUNTIF(BOM!$P$91:$P$104,$Q38)>0,"ЩО.1","")) -> ЩУ.1 | Q38: EKT-PVGV-10
A39: 38 | B39: KABLO | C39: 100300015 | D39: ПВ3-16 белый ГОСТ (pano ici kablo) | E39: 961 | F39: =IF($E39="","",IF(INDEX(MARKA_TIP,MATCH($J39,MARKA_AD,0))="NET",$E39,$E39*INDEX(MARKA_KAT,MATCH($J39,MARKA_AD,0))*INDEX(KUR_DEG,MATCH($I39,KUR_AD,0)))) -> 961 | G39: =SUMIF(BOM!$P:$P,$Q39,BOM!$I:$I) -> 2 | H39: =IF($F39="","",$F39*$G39) -> 1922 | I39: =IF($E39="","",INDEX(MARKA_PARA,MATCH($J39,MARKA_AD,0))) -> KZT | J39: EKT | K39: =IF($E39="","",INDEX(MARKA_KAT,MATCH($J39,MARKA_AD,0))) -> 1 | L39: м | M39: birlesik.csv (EKT 250612) ARTIKUL 100300015 | N39: VARSAYIM | O39: otomatik hesap - Q'ya metraj | P39: =_xlfn.TEXTJOIN(", ",TRUE(),IF(COUNTIF(BOM!$P$3:$P$25,$Q39)>0,"ЩР.2",""),IF(COUNTIF(BOM!$P$28:$P$42,$Q39)>0,"ЩР.1",""),IF(COUNTIF(BOM!$P$45:$P$64,$Q39)>0,"ЩУ.1",""),IF(COUNTIF(BOM!$P$67:$P$88,$Q39)>0,"ЩУ.2",""),IF(COUNTIF(BOM!$P$91:$P$104,$Q39)>0,"ЩО.1","")) -> ЩУ.1 | Q39: EKT-PVGV-16
A40: 39 | B40: KANAL | C40: 280100249 | D40: Кабель-канал 25х25 белый | E40: 122 | F40: =IF($E40="","",IF(INDEX(MARKA_TIP,MATCH($J40,MARKA_AD,0))="NET",$E40,$E40*INDEX(MARKA_KAT,MATCH($J40,MARKA_AD,0))*INDEX(KUR_DEG,MATCH($I40,KUR_AD,0)))) -> 122 | G40: =SUMIF(BOM!$P:$P,$Q40,BOM!$I:$I) -> 0 | H40: =IF($F40="","",$F40*$G40) -> 0 | I40: =IF($E40="","",INDEX(MARKA_PARA,MATCH($J40,MARKA_AD,0))) -> KZT | J40: EKT | K40: =IF($E40="","",INDEX(MARKA_KAT,MATCH($J40,MARKA_AD,0))) -> 1 | L40: м | M40: birlesik.csv (EKT 250612) ARTIKUL 280100249 | N40: VARSAYIM | O40: otomatik hesap - Q'ya metraj | P40: =_xlfn.TEXTJOIN(", ",TRUE(),IF(COUNTIF(BOM!$P$3:$P$25,$Q40)>0,"ЩР.2",""),IF(COUNTIF(BOM!$P$28:$P$42,$Q40)>0,"ЩР.1",""),IF(COUNTIF(BOM!$P$45:$P$64,$Q40)>0,"ЩУ.1",""),IF(COUNTIF(BOM!$P$67:$P$88,$Q40)>0,"ЩУ.2",""),IF(COUNTIF(BOM!$P$91:$P$104,$Q40)>0,"ЩО.1","")) -> ЩУ.1, ЩУ.2, ЩО.1 | Q40: EKT-KANAL-25X25
A41: 40 | B41: KORPUS | C41: 716-15015 | D41: Щит ЩУРн-3/30 окошко (490х540х165) S/U36 IP31(TS) | E41: 20380 | F41: =IF($E41="","",IF(INDEX(MARKA_TIP,MATCH($J41,MARKA_AD,0))="NET",$E41,$E41*INDEX(MARKA_KAT,MATCH($J41,MARKA_AD,0))*INDEX(KUR_DEG,MATCH($I41,KUR_AD,0)))) -> 12228 | G41: =SUMIF(BOM!$P:$P,$Q41,BOM!$I:$I) -> 1 | H41: =IF($F41="","",$F41*$G41) -> 12228 | I41: =IF($E41="","",INDEX(MARKA_PARA,MATCH($J41,MARKA_AD,0))) -> KZT | J41: KAZTEK | K41: =IF($E41="","",INDEX(MARKA_KAT,MATCH($J41,MARKA_AD,0))) -> 0.6 | L41: шт | M41: Kaztek resmi liste (2607 15 Kaztek pano fiyat listesi.XLSX) ARTIKUL 719-15415 | N41: VARSAYIM | O41: ONCEKI SECIM (395x310x120) YANLIS: panoda dogrudan baglantili sayac var - 120mm derinlik sayac montaji icin dar. 150mm'ye yukseltildi (ayni taban 395x310). ONCEKI 989-100-1336 (al-sat/jenerik grup kodu) zaten KULLANILMAMISTI. Modul kapasitesi (24) ayni taban alani nedeniyle degismedi kabul edildi. | P41: =_xlfn.TEXTJOIN(", ",TRUE(),IF(COUNTIF(BOM!$P$3:$P$25,$Q41)>0,"ЩР.2",""),IF(COUNTIF(BOM!$P$28:$P$42,$Q41)>0,"ЩР.1",""),IF(COUNTIF(BOM!$P$45:$P$64,$Q41)>0,"ЩУ.1",""),IF(COUNTIF(BOM!$P$67:$P$88,$Q41)>0,"ЩУ.2",""),IF(COUNTIF(BOM!$P$91:$P$104,$Q41)>0,"ЩО.1","")) -> ЩУ.1 | Q41: KAZTEK-SMP1-395X310X150
A42: 41 | B42: KORPUS | C42: 714-15112 | D42: Щит мет. ЩРн-7-2 PR (1320x750x300) IP54 (TS) | E42: 73730 | F42: =IF($E42="","",IF(INDEX(MARKA_TIP,MATCH($J42,MARKA_AD,0))="NET",$E42,$E42*INDEX(MARKA_KAT,MATCH($J42,MARKA_AD,0))*INDEX(KUR_DEG,MATCH($I42,KUR_AD,0)))) -> 44238 | G42: =SUMIF(BOM!$P:$P,$Q42,BOM!$I:$I) -> 1 | H42: =IF($F42="","",$F42*$G42) -> 44238 | I42: =IF($E42="","",INDEX(MARKA_PARA,MATCH($J42,MARKA_AD,0))) -> KZT | J42: KAZTEK | K42: =IF($E42="","",INDEX(MARKA_KAT,MATCH($J42,MARKA_AD,0))) -> 0.6 | L42: шт | M42: Kaztek resmi liste (2607 15 Kaztek pano fiyat listesi.XLSX) ARTIKUL 714-15123 | N42: VARSAYIM | O42: ONCEKI SECIM (540x310x120) YANLIS: panoda 2 adet MCCB (NXM-125S ana giris + QF3 100A muadil) VE AT'li (3xCT) sayac var - bu panonun EN AGIR derinlik ihtiyaci. 120mm'den 220mm'ye yukseltildi, taban da genisletildi (540x310->540x400). ONCEKI 989-100-1337 (al-sat/jenerik grup kodu) zaten KULLANILMAMISTI. Modul kapasitesi teyit edilmedi, en az eski ЩРН-36 kadar (36 modul) kabul edildi - TEYIT GEREKIR. | P42: =_xlfn.TEXTJOIN(", ",TRUE(),IF(COUNTIF(BOM!$P$3:$P$25,$Q42)>0,"ЩР.2",""),IF(COUNTIF(BOM!$P$28:$P$42,$Q42)>0,"ЩР.1",""),IF(COUNTIF(BOM!$P$45:$P$64,$Q42)>0,"ЩУ.1",""),IF(COUNTIF(BOM!$P$67:$P$88,$Q42)>0,"ЩУ.2",""),IF(COUNTIF(BOM!$P$91:$P$104,$Q42)>0,"ЩО.1","")) -> ЩУ.2 | Q42: KAZTEK-SHRN2-540X400X220
A43: 42 | B43: KORPUS | C43: 714-15027 | D43: Мет. Корпус ЩРН-18 (395x310x120) IP54 | E43: 10270 | F43: =IF($E43="","",IF(INDEX(MARKA_TIP,MATCH($J43,MARKA_AD,0))="NET",$E43,$E43*INDEX(MARKA_KAT,MATCH($J43,MARKA_AD,0))*INDEX(KUR_DEG,MATCH($I43,KUR_AD,0)))) -> 6162 | G43: =SUMIF(BOM!$P:$P,$Q43,BOM!$I:$I) -> 1 | H43: =IF($F43="","",$F43*$G43) -> 6162 | I43: =IF($E43="","",INDEX(MARKA_PARA,MATCH($J43,MARKA_AD,0))) -> KZT | J43: KAZTEK | K43: =IF($E43="","",INDEX(MARKA_KAT,MATCH($J43,MARKA_AD,0))) -> 0.6 | L43: шт | M43: Kaztek resmi liste (2607 15 Kaztek pano fiyat listesi.XLSX) ARTIKUL 714-15027 | N43: VARSAYIM | O43: modul hesabina gore secildi; ONCEKI 989-101-0057 (al-sat/jenerik grup kodu) KULLANILMADI; olcusu semada teyit edilmedi, Kaztek katalogunda ЩРН-18 icin 4 farkli govde var (448x268, 395x310, 265x440 x2) - EN YAYGIN 395x310x120 secildi, TEYIT GEREKIR | P43: =_xlfn.TEXTJOIN(", ",TRUE(),IF(COUNTIF(BOM!$P$3:$P$25,$Q43)>0,"ЩР.2",""),IF(COUNTIF(BOM!$P$28:$P$42,$Q43)>0,"ЩР.1",""),IF(COUNTIF(BOM!$P$45:$P$64,$Q43)>0,"ЩУ.1",""),IF(COUNTIF(BOM!$P$67:$P$88,$Q43)>0,"ЩУ.2",""),IF(COUNTIF(BOM!$P$91:$P$104,$Q43)>0,"ЩО.1","")) -> ЩО.1 | Q43: KAZTEK-SRN18

Sheet BOM
A1: ROW | B1: Наименование1 | C1: Тип | D1: Артикул | E1: Номенклатура | F1: Цена | G1: net | H1: H(G×I) | I1: Qty | J1: Ед.изм | K1: Завод | L1: tutar | M1: DURUM | N1: NOT | O1: KAYNAK | P1: ANAHTAR (sistem-dokunma)
A2: 1 | B2: ЩР.2 (Fitness Center, Блок 1В — 41-22-2022-1В-ЭОМ л.16) | I2: 1 | J2: компл
A3: 2 | B3: =E3 -> Щит мет. ЩРн-7-2 PR (1320x750x300) IP54 (TS) | C3: Korpus | D3: =IF($P3="","",INDEX(FIYAT_KOD,MATCH($P3,FIYAT_ART,0))) -> 714-15112 | E3: =IF($P3="","",INDEX(FIYAT_ACK,MATCH($P3,FIYAT_ART,0))) -> Щит мет. ЩРн-7-2 PR (1320x750x300) IP54 (TS) | F3: =IF($P3="","",INDEX(FIYAT_LISTE,MATCH($P3,FIYAT_ART,0))) -> 73730 | G3: =IF($P3="","",INDEX(FIYAT_NET,MATCH($P3,FIYAT_ART,0))) -> 44238 | H3: =IF(OR($G3="",$I3=""),"",$G3*$I3) -> 44238 | I3: 1 | J3: шт | K3: =IF($P3="","",INDEX(FIYAT_MARKA,MATCH($P3,FIYAT_ART,0))) -> KAZTEK | L3: =IF($H3="","",$H3) -> 44238 | M3: KONTROL | N3: otomatik hesap: DIN modul=49 (14xNXBLE-63Y 1P+N x2mod=28 + 3 yedek x2mod=6 + 2xNXB-63S 3P x3mod=6 + 2xNL1-63 4P x4mod=8 + 1xkumanda MCB=1); kapasite (varsayim, teyitsiz) = 72 -> doluluk %68, yedek %32 (SADECE GENISLIK/MODUL SAYISI kontrolu - yukseklik/yerlesim TEYIT EDILMEDI). Korpus 660x440x120 -> 650x500x220 IP31'e yukseltildi: panoda 2 MCCB (NXM-125S x2) + dogrudan sayac var, 120mm derinlik yetersizdi. YERLESIM: 650mm genislikte 1 DIN sirasina ~34 modul sigar (kenar bosluklari dusulunce); 49 modulun DIF/MCB/UZO/kumanda kismi (43 modul, sayac ve MCCB'ler haric) 2 SIRAYA bolunmek zorunda (DIN ray 2 adet zaten bu sekilde alinmis). SAYAC (LM SA4-Э720, 3 fazli) standart 17.5mm DIN modulu DEGIL - kendi basina ayri bir yukseklik bandi ister (tahmini ~150-190mm, tam govde olcusu KATALOGDA YOK), MCB satirlariyla AYNI SIRAYA konulamaz. 2 MCCB (NXM-125S govde, tahmini ~105mm gen. x 150mm yuk.) da ayri bir bant ister. 500mm pano yuksekliginde: ust bant (2xMCCB+sayac yan yana) ~150-190mm + 2 modul sirasi ~200-230mm + ust/alt bosluk ~60mm = pano yuksekligine YAKLASIK SIGAR ama REZERV PAYI (kural: >=%20 yedek) BIRAKMAZ. Kesin dogrulama icin Kaztek'ten bu govde+cihaz listesi icin GENEL YERLESIM (GA) cizimi istenmeli - TEYIT GEREKIR, fabrikasyona gecmeden onaylanmali. | P3: KAZTEK-SHRN3-650X500X220
A4: 3 | B4: =E4 -> Авт. выкл. NXM-125S/3Р 125A 25кА (R) | C4: MCCB | D4: =IF($P4="","",INDEX(FIYAT_KOD,MATCH($P4,FIYAT_ART,0))) -> 131363 | E4: =IF($P4="","",INDEX(FIYAT_ACK,MATCH($P4,FIYAT_ART,0))) -> Авт. выкл. NXM-125S/3Р 125A 25кА (R) | F4: =IF($P4="","",INDEX(FIYAT_LISTE,MATCH($P4,FIYAT_ART,0))) -> 19760 | G4: =IF($P4="","",INDEX(FIYAT_NET,MATCH($P4,FIYAT_ART,0))) -> 11856 | H4: =IF(OR($G4="",$I4=""),"",$G4*$I4) -> 11856 | I4: 1 | J4: шт | K4: =IF($P4="","",INDEX(FIYAT_MARKA,MATCH($P4,FIYAT_ART,0))) -> CHINT | L4: =IF($H4="","",$H4) -> 11856 | M4: OK | N4: Ana giris (Н-ЩР.2 от ЩС.1, см.лист9). | P4: CHINT-NXM125S3P125
A5: 4 | B5: =E5 -> Авт. выкл. NXM-125S/3Р 80A 25кА (R) | C5: MCCB | D5: =IF($P5="","",INDEX(FIYAT_KOD,MATCH($P5,FIYAT_ART,0))) -> 131361 | E5: =IF($P5="","",INDEX(FIYAT_ACK,MATCH($P5,FIYAT_ART,0))) -> Авт. выкл. NXM-125S/3Р 80A 25кА (R) | F5: =IF($P5="","",INDEX(FIYAT_LISTE,MATCH($P5,FIYAT_ART,0))) -> 19418 | G5: =IF($P5="","",INDEX(FIYAT_NET,MATCH($P5,FIYAT_ART,0))) -> 11650.8 | H5: =IF(OR($G5="",$I5=""),"",$G5*$I5) -> 11650.8 | I5: 1 | J5: шт | K5: =IF($P5="","",INDEX(FIYAT_MARKA,MATCH($P5,FIYAT_ART,0))) -> CHINT | L5: =IF($H5="","",$H5) -> 11650.8 | M5: KONTROL | N5: Sayac yaninda gorulen ayrik 3P koruma; sauna alt-dagitimini besledigi varsayildi (2x24kW~53.6A icin 80A uygun). Baglanti topolojisi semada net degil - MUHENDIS ONAYI ONERILIR. | P5: CHINT-NXM125S3P80
A6: 5 | B6: =E6 -> Счетчик LM СА4-Э720 Дала 3ф (10-100А) 1 тариф. Т1 (dogrudan, dahili tarifikator) | C6: Sayac | D6: =IF($P6="","",INDEX(FIYAT_KOD,MATCH($P6,FIYAT_ART,0))) -> 200200048 | E6: =IF($P6="","",INDEX(FIYAT_ACK,MATCH($P6,FIYAT_ART,0))) -> Счетчик LM СА4-Э720 Дала 3ф (10-100А) 1 тариф. Т1 (dogrudan, dahili tarifikator) | F6: =IF($P6="","",INDEX(FIYAT_LISTE,MATCH($P6,FIYAT_ART,0))) -> 39360 | G6: =IF($P6="","",INDEX(FIYAT_NET,MATCH($P6,FIYAT_ART,0))) -> 39360 | H6: =IF(OR($G6="",$I6=""),"",$G6*$I6) -> 39360 | I6: 1 | J6: шт | K6: =IF($P6="","",INDEX(FIYAT_MARKA,MATCH($P6,FIYAT_ART,0))) -> EKT | L6: =IF($H6="","",$H6) -> 39360 | M6: MUADIL | N6: Semada: ДАЛА СА4-Э720 R T1 3x220/380V 10(100)A. 'R' varyanti katalogda yok; model/akim/tarife esdegeri kullanildi. | P6: EKT-SAYAC-DALA-10-100
A7: 6 | B7: =E7 -> Авт. выкл. NXB-63S 3P 40А 4.5kA х-ка C | C7: MCB | D7: =IF($P7="","",INDEX(FIYAT_KOD,MATCH($P7,FIYAT_ART,0))) -> 296831 | E7: =IF($P7="","",INDEX(FIYAT_ACK,MATCH($P7,FIYAT_ART,0))) -> Авт. выкл. NXB-63S 3P 40А 4.5kA х-ка C | F7: =IF($P7="","",INDEX(FIYAT_LISTE,MATCH($P7,FIYAT_ART,0))) -> 2807 | G7: =IF($P7="","",INDEX(FIYAT_NET,MATCH($P7,FIYAT_ART,0))) -> 1684.2 | H7: =IF(OR($G7="",$I7=""),"",$G7*$I7) -> 3368.4 | I7: 2 | J7: шт | K7: =IF($P7="","",INDEX(FIYAT_MARKA,MATCH($P7,FIYAT_ART,0))) -> CHINT | L7: =IF($H7="","",$H7) -> 3368.4 | M7: OK | N7: GrN2.16/2.17 sauna elektro-pec, 24kW/26.8A - semada acik. | P7: CHINT-NXB63S-3P40C
A8: 7 | B8: =E8 -> УЗО NL1-63 6kA 4P 63A 30mA тип AC | C8: UZO | D8: =IF($P8="","",INDEX(FIYAT_KOD,MATCH($P8,FIYAT_ART,0))) -> 200325 | E8: =IF($P8="","",INDEX(FIYAT_ACK,MATCH($P8,FIYAT_ART,0))) -> УЗО NL1-63 6kA 4P 63A 30mA тип AC | F8: =IF($P8="","",INDEX(FIYAT_LISTE,MATCH($P8,FIYAT_ART,0))) -> 19129 | G8: =IF($P8="","",INDEX(FIYAT_NET,MATCH($P8,FIYAT_ART,0))) -> 11477.4 | H8: =IF(OR($G8="",$I8=""),"",$G8*$I8) -> 22954.8 | I8: 2 | J8: шт | K8: =IF($P8="","",INDEX(FIYAT_MARKA,MATCH($P8,FIYAT_ART,0))) -> CHINT | L8: =IF($H8="","",$H8) -> 22954.8 | M8: OK | N8: Sauna devrelerinde MCB ile seri UZO. | P8: CHINT-NL163-4P63-30AC
A9: 8 | B9: =E9 -> Диф. авт. выкл. NXBLE-63Y 1P+N 25А 30mA электронный тип AC, х-ка С, 4.5kA | C9: DIF | D9: =IF($P9="","",INDEX(FIYAT_KOD,MATCH($P9,FIYAT_ART,0))) -> 105544 | E9: =IF($P9="","",INDEX(FIYAT_ACK,MATCH($P9,FIYAT_ART,0))) -> Диф. авт. выкл. NXBLE-63Y 1P+N 25А 30mA электронный тип AC, х-ка С, 4.5kA | F9: =IF($P9="","",INDEX(FIYAT_LISTE,MATCH($P9,FIYAT_ART,0))) -> 4939 | G9: =IF($P9="","",INDEX(FIYAT_NET,MATCH($P9,FIYAT_ART,0))) -> 2963.4 | H9: =IF(OR($G9="",$I9=""),"",$G9*$I9) -> 50377.8 | I9: 17 | J9: шт | K9: =IF($P9="","",INDEX(FIYAT_MARKA,MATCH($P9,FIYAT_ART,0))) -> CHINT | L9: =IF($H9="","",$H9) -> 50377.8 | M9: OK | N9: GrN1.2,2.2,3.2,4.2,5.2,2.6-2.13,2.15 = 14 adet rozet grubu cikisi. GrN2.14 ve 2 etiketsiz poz 'Rezerv' - cihazsiz. | P9: CHINT-NXBLE63Y-1PN25-30
A10: 9 | B10: =E10 -> Авт. выкл. NXB-63 1P 6A 6кА х-ка C | C10: MCB | D10: =IF($P10="","",INDEX(FIYAT_KOD,MATCH($P10,FIYAT_ART,0))) -> 814012 | E10: =IF($P10="","",INDEX(FIYAT_ACK,MATCH($P10,FIYAT_ART,0))) -> Авт. выкл. NXB-63 1P 6A 6кА х-ка C | F10: =IF($P10="","",INDEX(FIYAT_LISTE,MATCH($P10,FIYAT_ART,0))) -> 1436 | G10: =IF($P10="","",INDEX(FIYAT_NET,MATCH($P10,FIYAT_ART,0))) -> 861.6 | H10: =IF(OR($G10="",$I10=""),"",$G10*$I10) -> 0 | I10: 0 | J10: шт | K10: =IF($P10="","",INDEX(FIYAT_MARKA,MATCH($P10,FIYAT_ART,0))) -> CHINT | L10: =IF($H10="","",$H10) -> 0 | M10: VARSAYIM | N10: Sayac gerilim olcu devresi icin otomatik kumanda MCB eklendi. | P10: CHINT-NXB63-1P6C
A11: 10 | B11: =E11 -> Шина соединительная типа PIN 1P, 100А, L=1000мм | C11: Bara | D11: =IF($P11="","",INDEX(FIYAT_KOD,MATCH($P11,FIYAT_ART,0))) -> 811004 | E11: =IF($P11="","",INDEX(FIYAT_ACK,MATCH($P11,FIYAT_ART,0))) -> Шина соединительная типа PIN 1P, 100А, L=1000мм | F11: =IF($P11="","",INDEX(FIYAT_LISTE,MATCH($P11,FIYAT_ART,0))) -> 5972 | G11: =IF($P11="","",INDEX(FIYAT_NET,MATCH($P11,FIYAT_ART,0))) -> 3583.2 | H11: =IF(OR($G11="",$I11=""),"",$G11*$I11) -> 7166.4 | I11: 2 | J11: шт | K11: =IF($P11="","",INDEX(FIYAT_MARKA,MATCH($P11,FIYAT_ART,0))) -> CHINT | L11: =IF($H11="","",$H11) -> 7166.4 | M11: VARSAYIM | N11: otomatik hesap: 17 poz(14 aktif+3 yedek) x1P+N(2mod)=34mod (~0.6m); TARAK_MOD_ADET(12) asildigi icin 57mod(1m) PIN bara secildi. DUZELTME: bu 34 modul 2 AYRI DIN sirasina bolunuyor (bkz korpus notu) - tek parca 1m/57mod tarak bara iki farkli rayin arasindaki bosluktan GECEMEZ, her sira icin AYRI parca gerekir -> adet 1'den 2'ye cikarildi (1m'lik parca sahada olculup kesilir). Ana salter<=125A -> bakir bara yerine pin-bara (KURALLAR kurali). | P11: CHINT-PINBUS-1P100A
A12: 11 | B12: =E12 -> Шина N ноль DIN-изол ШНИ-6х9-24-Д-С | C12: Bara | D12: =IF($P12="","",INDEX(FIYAT_KOD,MATCH($P12,FIYAT_ART,0))) -> YNN10-69-24D-K07 | E12: =IF($P12="","",INDEX(FIYAT_ACK,MATCH($P12,FIYAT_ART,0))) -> Шина N ноль DIN-изол ШНИ-6х9-24-Д-С | F12: =IF($P12="","",INDEX(FIYAT_LISTE,MATCH($P12,FIYAT_ART,0))) -> 900 | G12: =IF($P12="","",INDEX(FIYAT_NET,MATCH($P12,FIYAT_ART,0))) -> 900 | H12: =IF(OR($G12="",$I12=""),"",$G12*$I12) -> 900 | I12: 1 | J12: шт | K12: =IF($P12="","",INDEX(FIYAT_MARKA,MATCH($P12,FIYAT_ART,0))) -> EKT | L12: =IF($H12="","",$H12) -> 900 | M12: VARSAYIM | N12: izoleli notr barasi - zorunlu. | P12: EKT-SHINA-N24
A13: 12 | B13: =E13 -> Шина PE земля ШНИ 6х9 12-К-З | C13: Bara | D13: =IF($P13="","",INDEX(FIYAT_KOD,MATCH($P13,FIYAT_ART,0))) -> 130200401 | E13: =IF($P13="","",INDEX(FIYAT_ACK,MATCH($P13,FIYAT_ART,0))) -> Шина PE земля ШНИ 6х9 12-К-З | F13: =IF($P13="","",INDEX(FIYAT_LISTE,MATCH($P13,FIYAT_ART,0))) -> 514 | G13: =IF($P13="","",INDEX(FIYAT_NET,MATCH($P13,FIYAT_ART,0))) -> 514 | H13: =IF(OR($G13="",$I13=""),"",$G13*$I13) -> 514 | I13: 1 | J13: шт | K13: =IF($P13="","",INDEX(FIYAT_MARKA,MATCH($P13,FIYAT_ART,0))) -> EKT | L13: =IF($H13="","",$H13) -> 514 | M13: VARSAYIM | N13: ГЗШ topraklama barasi - zorunlu. | P13: EKT-SHINA-PE12
A14: 13 | B14: =E14 -> DIN-рейка (100см) оцинкованная | C14: DIN | D14: =IF($P14="","",INDEX(FIYAT_KOD,MATCH($P14,FIYAT_ART,0))) -> YDN10-0100 | E14: =IF($P14="","",INDEX(FIYAT_ACK,MATCH($P14,FIYAT_ART,0))) -> DIN-рейка (100см) оцинкованная | F14: =IF($P14="","",INDEX(FIYAT_LISTE,MATCH($P14,FIYAT_ART,0))) -> 686 | G14: =IF($P14="","",INDEX(FIYAT_NET,MATCH($P14,FIYAT_ART,0))) -> 686 | H14: =IF(OR($G14="",$I14=""),"",$G14*$I14) -> 0 | I14: 0 | J14: шт | K14: =IF($P14="","",INDEX(FIYAT_MARKA,MATCH($P14,FIYAT_ART,0))) -> EKT | L14: =IF($H14="","",$H14) -> 0 | M14: VARSAYIM | N14: 49 modul x~18mm + klemens payi x DINRAY_FIRE ~1.0m -> 2 sira icin 2x1m. | P14: EKT-DINRAY-100
... A25: 24 | B25: =E25 -> Montaj + test + etiketleme iscilik | C25: Iscilik | D25: =IF($P25="","",INDEX(FIYAT_KOD,MATCH($P25,FIYAT_ART,0))) -> ISCILIK-MONTAJ | E25: =IF($P25="","",INDEX(FIYAT_ACK,MATCH($P25,FIYAT_ART,0))) -> Montaj + test + etiketleme iscilik | F25: =IF($P25="","",INDEX(FIYAT_LISTE,MATCH($P25,FIYAT_ART,0))) -> 6000 | G25: =IF($P25="","",INDEX(FIYAT_NET,MATCH($P25,FIYAT_ART,0))) -> 100 | H25: =IF(OR($G25="",$I25=""),"",$G25*$I25) -> 20000 | I25: 200 | J25: мин. | K25: =IF($P25="","",INDEX(FIYAT_MARKA,MATCH($P25,FIYAT_ART,0))) -> ISCILIK | L25: =IF($H25="","",$H25) -> 20000 | M25: VARSAYIM | N25: dk: kumanda10+sauna MCB3Px2=36+RCBOx14=630+UZO4Px2=90+sayac90+klemensx59=236+tarakbara10+DIN(2m)+kanal(3m)=25+korpus(orta)45+MCCBx2(ana+alt)=120; toplam1292dk x1.15(TEST_ETIKET_CARPANI)=1485.8 dk (Qty, dakika bazli). | P25: ISCILIK-MONTAJ
B26: Toplam ЩР.2 | H26: =SUBTOTAL(9,H3:H25) -> 253816.2 | L26: =SUBTOTAL(9,L3:L25) -> 253816.2
A27: 26 | B27: ЩР.1 (Entertainment rooms, Блок 1В — 41-22-2022-1В-ЭОМ л.2) | I27: 1 | J27: компл
A28: 27 | B28: =E28 -> Мет. Корпус ЩМП-3 (650x500x150) IP31 | C28: Korpus | D28: =IF($P28="","",INDEX(FIYAT_KOD,MATCH($P28,FIYAT_ART,0))) -> 719-15560 | E28: =IF($P28="","",INDEX(FIYAT_ACK,MATCH($P28,FIYAT_ART,0))) -> Мет. Корпус ЩМП-3 (650x500x150) IP31 | F28: =IF($P28="","",INDEX(FIYAT_LISTE,MATCH($P28,FIYAT_ART,0))) -> 25050 | G28: =IF($P28="","",INDEX(FIYAT_NET,MATCH($P28,FIYAT_ART,0))) -> 15030 | H28: =IF(OR($G28="",$I28=""),"",$G28*$I28) -> 15030 | I28: 1 | J28: шт | K28: =IF($P28="","",INDEX(FIYAT_MARKA,MATCH($P28,FIYAT_ART,0))) -> KAZTEK | L28: =IF($H28="","",$H28) -> 15030 | M28: KONTROL | N28: otomatik hesap: DIN modul=51 (25xNXBLE-63Y 1P+N x2mod=50 + kumanda MCB=1); kapasite (varsayim, teyitsiz) = 72 -> doluluk %71, yedek %29 (SADECE GENISLIK/MODUL SAYISI kontrolu - yukseklik/yerlesim TEYIT EDILMEDI). 650mm genislikte 1 DIN sirasina ~34 modul sigar (kenar bosluklari dusulunce); 51 modul 2 SIRAYA bolunmek zorunda (DIN ray 2 adet zaten bu sekilde alinmis, PIN bara da 2 parcaya cikarildi). Korpus 660x440x120 -> 650x500x150 IP31'e yukseltildi: panoda MCCB (NXM-63S ana giris) var, 120mm derinlik yetersizdi. Kesin yerlesim dogrulamasi icin Kaztek'ten GA cizimi istenmeli - TEYIT GEREKIR. | P28: KAZTEK-SMP3-650X500X150
A29: 28 | B29: =E29 -> Авт. выкл. NXM-63S/3Р 32A 25кА (R) | C29: MCCB | D29: =IF($P29="","",INDEX(FIYAT_KOD,MATCH($P29,FIYAT_ART,0))) -> 205886 | E29: =IF($P29="","",INDEX(FIYAT_ACK,MATCH($P29,FIYAT_ART,0))) -> Авт. выкл. NXM-63S/3Р 32A 25кА (R) | F29: =IF($P29="","",INDEX(FIYAT_LISTE,MATCH($P29,FIYAT_ART,0))) -> 17405 | G29: =IF($P29="","",INDEX(FIYAT_NET,MATCH($P29,FIYAT_ART,0))) -> 10443 | H29: =IF(OR($G29="",$I29=""),"",$G29*$I29) -> 10443 | I29: 1 | J29: шт | K29: =IF($P29="","",INDEX(FIYAT_MARKA,MATCH($P29,FIYAT_ART,0))) -> CHINT | L29: =IF($H29="","",$H29) -> 10443 | M29: OK | N29: Ana giris; semada 32A 15kA isteniyordu. Eski NM1-63S serisinde 32A yoktu; NXM-63S/3P 32A 25kA (kullanici talebiyle NXM serisine gecildi) akimda TAM ESLESIYOR, kA'da 15->25kA (daha yuksek, sorun degil). | P29: CHINT-NXM63S3P32
A30: 29 | B30: =E30 -> Диф. авт. выкл. NXBLE-63Y 1P+N 25А 30mA электронный тип AC, х-ка С, 4.5kA | C30: DIF | D30: =IF($P30="","",INDEX(FIYAT_KOD,MATCH($P30,FIYAT_ART,0))) -> 105544 | E30: =IF($P30="","",INDEX(FIYAT_ACK,MATCH($P30,FIYAT_ART,0))) -> Диф. авт. выкл. NXBLE-63Y 1P+N 25А 30mA электронный тип AC, х-ка С, 4.5kA | F30: =IF($P30="","",INDEX(FIYAT_LISTE,MATCH($P30,FIYAT_ART,0))) -> 4939 | G30: =IF($P30="","",INDEX(FIYAT_NET,MATCH($P30,FIYAT_ART,0))) -> 2963.4 | H30: =IF(OR($G30="",$I30=""),"",$G30*$I30) -> 74085 | I30: 25 | J30: шт | K30: =IF($P30="","",INDEX(FIYAT_MARKA,MATCH($P30,FIYAT_ART,0))) -> CHINT | L30: =IF($H30="","",$H30) -> 74085 | M30: OK | N30: QF1-QF25 = semada (kullanicinin gonderdigi tek hat semasi) 25 pozisyonun HEPSI 'CHINT NXBLE-63Y 1P+N 25A C 30mA' olarak donatili gosterilmis (Розеточная группа cikislari) - ONCEKI VARSAYIM (QF23-25 'Резерв'/cihazsiz) YANLISTI, sema uzerinde tum 25 pozisyon icin cihaz cizili; 22->25 adet olarak duzeltildi. | P30: CHINT-NXBLE63Y-1PN25-30
A31: 30 | B31: =E31 -> Авт. выкл. NXB-63 1P 6A 6кА х-ка C | C31: MCB | D31: =IF($P31="","",INDEX(FIYAT_KOD,MATCH($P31,FIYAT_ART,0))) -> 814012 | E31: =IF($P31="","",INDEX(FIYAT_ACK,MATCH($P31,FIYAT_ART,0))) -> Авт. выкл. NXB-63 1P 6A 6кА х-ка C | F31: =IF($P31="","",INDEX(FIYAT_LISTE,MATCH($P31,FIYAT_ART,0))) -> 1436 | G31: =IF($P31="","",INDEX(FIYAT_NET,MATCH($P31,FIYAT_ART,0))) -> 861.6 | H31: =IF(OR($G31="",$I31=""),"",$G31*$I31) -> 861.6 | I31: 1 | J31: шт | K31: =IF($P31="","",INDEX(FIYAT_MARKA,MATCH($P31,FIYAT_ART,0))) -> CHINT | L31: =IF($H31="","",$H31) -> 861.6 | M31: VARSAYIM | N31: Priz grubu panosu icin otomatik kumanda/test MCB eklendi. | P31: CHINT-NXB63-1P6C
A32: 31 | B32: =E32 -> Шина соединительная типа PIN 1P, 100А, L=1000мм | C32: Bara | D32: =IF($P32="","",INDEX(FIYAT_KOD,MATCH($P32,FIYAT_ART,0))) -> 811004 | E32: =IF($P32="","",INDEX(FIYAT_ACK,MATCH($P32,FIYAT_ART,0))) -> Шина соединительная типа PIN 1P, 100А, L=1000мм | F32: =IF($P32="","",INDEX(FIYAT_LISTE,MATCH($P32,FIYAT_ART,0))) -> 5972 | G32: =IF($P32="","",INDEX(FIYAT_NET,MATCH($P32,FIYAT_ART,0))) -> 3583.2 | H32: =IF(OR($G32="",$I32=""),"",$G32*$I32) -> 7166.4 | I32: 2 | J32: шт | K32: =IF($P32="","",INDEX(FIYAT_MARKA,MATCH($P32,FIYAT_ART,0))) -> CHINT | L32: =IF($H32="","",$H32) -> 7166.4 | M32: VARSAYIM | N32: otomatik hesap: 25 poz(tumu aktif) x1P+N(2mod)=50mod; TARAK_MOD_ADET(12) asildigi icin 57mod(1m) PIN bara secildi. DUZELTME: 50 modul 2 AYRI DIN sirasina bolunuyor (bkz korpus notu, DIN ray 2 adet) - tek parca 1m/57mod tarak bara iki rayin arasindan GECEMEZ, her sira icin AYRI parca gerekir -> adet 1'den 2'ye cikarildi (1m'lik parca sahada olculup kesilir). | P32: CHINT-PINBUS-1P100A
A33: 32 | B33: =E33 -> Шина N ноль DIN-изол ШНИ-6х9-24-Д-С | C33: Bara | D33: =IF($P33="","",INDEX(FIYAT_KOD,MATCH($P33,FIYAT_ART,0))) -> YNN10-69-24D-K07 | E33: =IF($P33="","",INDEX(FIYAT_ACK,MATCH($P33,FIYAT_ART,0))) -> Шина N ноль DIN-изол ШНИ-6х9-24-Д-С | F33: =IF($P33="","",INDEX(FIYAT_LISTE,MATCH($P33,FIYAT_ART,0))) -> 900 | G33: =IF($P33="","",INDEX(FIYAT_NET,MATCH($P33,FIYAT_ART,0))) -> 900 | H33: =IF(OR($G33="",$I33=""),"",$G33*$I33) -> 900 | I33: 1 | J33: шт | K33: =IF($P33="","",INDEX(FIYAT_MARKA,MATCH($P33,FIYAT_ART,0))) -> EKT | L33: =IF($H33="","",$H33) -> 900 | M33: VARSAYIM | N33: izoleli notr barasi - zorunlu. | P33: EKT-SHINA-N24
A34: 33 | B34: =E34 -> Шина PE земля ШНИ 6х9 12-К-З | C34: Bara | D34: =IF($P34="","",INDEX(FIYAT_KOD,MATCH($P34,FIYAT_ART,0))) -> 130200401 | E34: =IF($P34="","",INDEX(FIYAT_ACK,MATCH($P34,FIYAT_ART,0))) -> Шина PE земля ШНИ 6х9 12-К-З | F34: =IF($P34="","",INDEX(FIYAT_LISTE,MATCH($P34,FIYAT_ART,0))) -> 514 | G34: =IF($P34="","",INDEX(FIYAT_NET,MATCH($P34,FIYAT_ART,0))) -> 514 | H34: =IF(OR($G34="",$I34=""),"",$G34*$I34) -> 514 | I34: 1 | J34: шт | K34: =IF($P34="","",INDEX(FIYAT_MARKA,MATCH($P34,FIYAT_ART,0))) -> EKT | L34: =IF($H34="","",$H34) -> 514 | M34: VARSAYIM | N34: ГЗШ topraklama barasi - zorunlu. | P34: EKT-SHINA-PE12
A35: 34 | B35: =E35 -> DIN-рейка (100см) оцинкованная | C35: DIN | D35: =IF($P35="","",INDEX(FIYAT_KOD,MATCH($P35,FIYAT_ART,0))) -> YDN10-0100 | E35: =IF($P35="","",INDEX(FIYAT_ACK,MATCH($P35,FIYAT_ART,0))) -> DIN-рейка (100см) оцинкованная | F35: =IF($P35="","",INDEX(FIYAT_LISTE,MATCH($P35,FIYAT_ART,0))) -> 686 | G35: =IF($P35="","",INDEX(FIYAT_NET,MATCH($P35,FIYAT_ART,0))) -> 686 | H35: =IF(OR($G35="",$I35=""),"",$G35*$I35) -> 0 | I35: 0 | J35: шт | K35: =IF($P35="","",INDEX(FIYAT_MARKA,MATCH($P35,FIYAT_ART,0))) -> EKT | L35: =IF($H35="","",$H35) -> 0 | M35: VARSAYIM | N35: 51 modul x~18mm x1.10 ~1.0m -> 2 sira icin 2x1m. | P35: EKT-DINRAY-100
A36: 35 | B36: =E36 -> Кабель-канал 40х40 белый | C36: Kanal | D36: =IF($P36="","",INDEX(FIYAT_KOD,MATCH($P36,FIYAT_ART,0))) -> 280100252 | E36: =IF($P36="","",INDEX(FIYAT_ACK,MATCH($P36,FIYAT_ART,0))) -> Кабель-канал 40х40 белый | F36: =IF($P36="","",INDEX(FIYAT_LISTE,MATCH($P36,FIYAT_ART,0))) -> 238 | G36: =IF($P36="","",INDEX(FIYAT_NET,MATCH($P36,FIYAT_ART,0))) -> 238 | H36: =IF(OR($G36="",$I36=""),"",$G36*$I36) -> 714 | I36: 3 | J36: м | K36: =IF($P36="","",INDEX(FIYAT_MARKA,MATCH($P36,FIYAT_ART,0))) -> EKT | L36: =IF($H36="","",$H36) -> 714 | M36: VARSAYIM | N36: 51mod>24 -> 40x40; ~2.76m x1.10=3.04m. | P36: EKT-KANAL-40X40
A37: 36 | B37: =E37 -> ПВ3-4 белый ГОСТ (pano ici kablo) | C37: Kablo | D37: =IF($P37="","",INDEX(FIYAT_KOD,MATCH($P37,FIYAT_ART,0))) -> 100300030 | E37: =IF($P37="","",INDEX(FIYAT_ACK,MATCH($P37,FIYAT_ART,0))) -> ПВ3-4 белый ГОСТ (pano ici kablo) | F37: =IF($P37="","",INDEX(FIYAT_LISTE,MATCH($P37,FIYAT_ART,0))) -> 242 | G37: =IF($P37="","",INDEX(FIYAT_NET,MATCH($P37,FIYAT_ART,0))) -> 242 | H37: =IF(OR($G37="",$I37=""),"",$G37*$I37) -> 4356 | I37: 18 | J37: м | K37: =IF($P37="","",INDEX(FIYAT_MARKA,MATCH($P37,FIYAT_ART,0))) -> EKT | L37: =IF($H37="","",$H37) -> 4356 | M37: VARSAYIM | N37: 25devre x2ilet x1.2m x1.10=66.00m (DIF 22->25 duzeltmesi ile guncellendi). | P37: EKT-PVGV-4
A38: 37 | B38: =E38 -> ПВ3-6 белый ГОСТ (pano ici kablo) | C38: Kablo | D38: =IF($P38="","",INDEX(FIYAT_KOD,MATCH($P38,FIYAT_ART,0))) -> 100300031 | E38: =IF($P38="","",INDEX(FIYAT_ACK,MATCH($P38,FIYAT_ART,0))) -> ПВ3-6 белый ГОСТ (pano ici kablo) | F38: =IF($P38="","",INDEX(FIYAT_LISTE,MATCH($P38,FIYAT_ART,0))) -> 361 | G38: =IF($P38="","",INDEX(FIYAT_NET,MATCH($P38,FIYAT_ART,0))) -> 361 | H38: =IF(OR($G38="",$I38=""),"",$G38*$I38) -> 1083 | I38: 3 | J38: м | K38: =IF($P38="","",INDEX(FIYAT_MARKA,MATCH($P38,FIYAT_ART,0))) -> EKT | L38: =IF($H38="","",$H38) -> 1083 | M38: VARSAYIM | N38: ana salter(40A) cikisi->pin-bara atlamasi 3ilet x0.8m x1.10=2.64m. | P38: EKT-PVGV-6
A39: 38 | B39: =E39 -> 222-412 Клемма проходная (0,08-4мм 32А) | C39: Klemens | D39: =IF($P39="","",INDEX(FIYAT_KOD,MATCH($P39,FIYAT_ART,0))) -> 030300442 | E39: =IF($P39="","",INDEX(FIYAT_ACK,MATCH($P39,FIYAT_ART,0))) -> 222-412 Клемма проходная (0,08-4мм 32А) | F39: =IF($P39="","",INDEX(FIYAT_LISTE,MATCH($P39,FIYAT_ART,0))) -> 210 | G39: =IF($P39="","",INDEX(FIYAT_NET,MATCH($P39,FIYAT_ART,0))) -> 210 | H39: =IF(OR($G39="",$I39=""),"",$G39*$I39) -> 8400 | I39: 40 | J39: шт | K39: =IF($P39="","",INDEX(FIYAT_MARKA,MATCH($P39,FIYAT_ART,0))) -> EKT | L39: =IF($H39="","",$H39) -> 8400 | M39: VARSAYIM | N39: 25x(2+1PE)=75+kumanda1=76 x1.10=83.6 -> 84 (DIF 22->25 duzeltmesi ile guncellendi). | P39: EKT-KLEMENS-4MM
... A42: 41 | B42: =E42 -> Montaj + test + etiketleme iscilik | C42: Iscilik | D42: =IF($P42="","",INDEX(FIYAT_KOD,MATCH($P42,FIYAT_ART,0))) -> ISCILIK-MONTAJ | E42: =IF($P42="","",INDEX(FIYAT_ACK,MATCH($P42,FIYAT_ART,0))) -> Montaj + test + etiketleme iscilik | F42: =IF($P42="","",INDEX(FIYAT_LISTE,MATCH($P42,FIYAT_ART,0))) -> 6000 | G42: =IF($P42="","",INDEX(FIYAT_NET,MATCH($P42,FIYAT_ART,0))) -> 100 | H42: =IF(OR($G42="",$I42=""),"",$G42*$I42) -> 4500 | I42: 45 | J42: мин. | K42: =IF($P42="","",INDEX(FIYAT_MARKA,MATCH($P42,FIYAT_ART,0))) -> ISCILIK | L42: =IF($H42="","",$H42) -> 4500 | M42: VARSAYIM | N42: dk: kumanda10+RCBOx25=1125+ana salter(MCCB<=250)60+klemensx84=336+tarakbara10+DIN(2m)+kanal(3m)=25+korpus(orta)45; toplam1611dk x1.15(TEST_ETIKET_CARPANI)=1852.65 dk (Qty, dakika bazli; DIF 22->25 duzeltmesi ile guncellendi). | P42: ISCILIK-MONTAJ
B43: Toplam ЩР.1 | H43: =SUBTOTAL(9,H28:H42) -> 130543 | L43: =SUBTOTAL(9,L28:L42) -> 130543
A44: 43 | B44: ЩУ.1 (dagitim panosu, Блок 1В (2 очередь) — 41-22-2022-1В-ЭОМ л.14) | I44: 1 | J44: компл
A45: 44 | B45: =E45 -> Щит ЩУРн-3/30 окошко (490х540х165) S/U36 IP31(TS) | C45: Korpus | D45: 716-15015 | E45: Щит ЩУРн-3/30 окошко (490х540х165) S/U36 IP31(TS) | F45: 20380 | G45: =IF($P45="","",INDEX(FIYAT_NET,MATCH($P45,FIYAT_ART,0))) -> 12228 | H45: =IF(OR($G45="",$I45=""),"",$G45*$I45) -> 12228 | I45: 1 | J45: шт | K45: =IF($P45="","",INDEX(FIYAT_MARKA,MATCH($P45,FIYAT_ART,0))) -> KAZTEK | L45: =IF($H45="","",$H45) -> 12228 | M45: VARSAYIM | N45: otomatik hesap: DIN modul=17 (QF0 dif 3P+N~4mod + QF1-4 3P x3mod=12 + kumanda1); kapasite=24 -> doluluk %71, yedek %29. Ana salter (NXB-63S 3P) ve sayac plaka montajli kabul edildi. Korpus 395x310x120 -> 395x310x150 IP31'e yukseltildi: panoda dogrudan baglantili sayac var, 120mm derinlik sayac montaji icin dardi. | P45: KAZTEK-SMP1-395X310X150
A46: 45 | B46: =E46 -> Счетчик LM СА4-Э720 Дала 3ф (10-100А) 1 тариф. Т1 (dogrudan, dahili tarifikator) | C46: Sayac | D46: =IF($P46="","",INDEX(FIYAT_KOD,MATCH($P46,FIYAT_ART,0))) -> 200200048 | E46: =IF($P46="","",INDEX(FIYAT_ACK,MATCH($P46,FIYAT_ART,0))) -> Счетчик LM СА4-Э720 Дала 3ф (10-100А) 1 тариф. Т1 (dogrudan, dahili tarifikator) | F46: =IF($P46="","",INDEX(FIYAT_LISTE,MATCH($P46,FIYAT_ART,0))) -> 39360 | G46: =IF($P46="","",INDEX(FIYAT_NET,MATCH($P46,FIYAT_ART,0))) -> 39360 | H46: =IF(OR($G46="",$I46=""),"",$G46*$I46) -> 39360 | I46: 1 | J46: шт | K46: =IF($P46="","",INDEX(FIYAT_MARKA,MATCH($P46,FIYAT_ART,0))) -> EKT | L46: =IF($H46="","",$H46) -> 39360 | M46: MUADIL | N46: ДАЛА СА4-Э720 R T1 10(100)A Kod LM - katalogda kod LM birebir eslesiyor. | P46: EKT-SAYAC-DALA-10-100
A47: 46 | B47: =E47 -> Авт. выкл. NXB-63S 3P 63А 4.5kA х-ка C | C47: MCB | D47: =IF($P47="","",INDEX(FIYAT_KOD,MATCH($P47,FIYAT_ART,0))) -> 296833 | E47: =IF($P47="","",INDEX(FIYAT_ACK,MATCH($P47,FIYAT_ART,0))) -> Авт. выкл. NXB-63S 3P 63А 4.5kA х-ка C | F47: =IF($P47="","",INDEX(FIYAT_LISTE,MATCH($P47,FIYAT_ART,0))) -> 3641 | G47: =IF($P47="","",INDEX(FIYAT_NET,MATCH($P47,FIYAT_ART,0))) -> 2184.6 | H47: =IF(OR($G47="",$I47=""),"",$G47*$I47) -> 2184.6 | I47: 1 | J47: шт | K47: =IF($P47="","",INDEX(FIYAT_MARKA,MATCH($P47,FIYAT_ART,0))) -> CHINT | L47: =IF($H47="","",$H47) -> 2184.6 | M47: OK | N47: Ana giris (ЩУ.1 от ЩС.1, см.лист9). | P47: CHINT-NXB63S-3P63C
A48: 47 | B48: =E48 -> Авт. выкл. NXB-63S 3P 32А 4.5kA х-ка C | C48: MCB | D48: =IF($P48="","",INDEX(FIYAT_KOD,MATCH($P48,FIYAT_ART,0))) -> 296830 | E48: =IF($P48="","",INDEX(FIYAT_ACK,MATCH($P48,FIYAT_ART,0))) -> Авт. выкл. NXB-63S 3P 32А 4.5kA х-ка C | F48: =IF($P48="","",INDEX(FIYAT_LISTE,MATCH($P48,FIYAT_ART,0))) -> 2606 | G48: =IF($P48="","",INDEX(FIYAT_NET,MATCH($P48,FIYAT_ART,0))) -> 1563.6 | H48: =IF(OR($G48="",$I48=""),"",$G48*$I48) -> 3127.2 | I48: 2 | J48: шт | K48: =IF($P48="","",INDEX(FIYAT_MARKA,MATCH($P48,FIYAT_ART,0))) -> CHINT | L48: =IF($H48="","",$H48) -> 3127.2 | M48: OK | N48: QF1(->ЩО.1) ve QF4(Резерв) = 2 adet 3P 32A. | P48: CHINT-NXB63S-3P32C
A49: 48 | B49: =E49 -> Авт. выкл. NXB-63S 3P 40А 4.5kA х-ка C | C49: MCB | D49: =IF($P49="","",INDEX(FIYAT_KOD,MATCH($P49,FIYAT_ART,0))) -> 296831 | E49: =IF($P49="","",INDEX(FIYAT_ACK,MATCH($P49,FIYAT_ART,0))) -> Авт. выкл. NXB-63S 3P 40А 4.5kA х-ка C | F49: =IF($P49="","",INDEX(FIYAT_LISTE,MATCH($P49,FIYAT_ART,0))) -> 2807 | G49: =IF($P49="","",INDEX(FIYAT_NET,MATCH($P49,FIYAT_ART,0))) -> 1684.2 | H49: =IF(OR($G49="",$I49=""),"",$G49*$I49) -> 3368.4 | I49: 2 | J49: шт | K49: =IF($P49="","",INDEX(FIYAT_MARKA,MATCH($P49,FIYAT_ART,0))) -> CHINT | L49: =IF($H49="","",$H49) -> 3368.4 | M49: OK | N49: QF2(->ЩР.1) ve QF3(Резерв) = 2 adet 3P 40A. | P49: CHINT-NXB63S-3P40C
A50: 49 | B50: =E50 -> Диф. автомат NXBLE-125 3P+N 50A х-ка C 30mA | C50: DIF | D50: =IF($P50="","",INDEX(FIYAT_KOD,MATCH($P50,FIYAT_ART,0))) -> CHINT-NXBLE125-3PN50-30 | E50: =IF($P50="","",INDEX(FIYAT_ACK,MATCH($P50,FIYAT_ART,0))) -> Диф. автомат NXBLE-125 3P+N 50A х-ка C 30mA | F50: =IF($P50="","",INDEX(FIYAT_LISTE,MATCH($P50,FIYAT_ART,0))) -> 0 | G50: =IF($P50="","",INDEX(FIYAT_NET,MATCH($P50,FIYAT_ART,0))) | H50: =IF(OR($G50="",$I50=""),"",$G50*$I50) | I50: 1 | J50: шт | K50: =IF($P50="","",INDEX(FIYAT_MARKA,MATCH($P50,FIYAT_ART,0))) -> CHINT | L50: =IF($H50="","",$H50) | M50: FIYAT_YOK | N50: QF0: semada 'CHINT NXBLE-125 3P+N 50A C 30mA' - istenen deger korundu, DEGISTIRILMEDI. Katalogda bu kademede sadece 80A/300mA (yangin koruma tipi) var, fiyat/tedarik teyidi bekleniyor. | P50: CHINT-NXBLE125-3PN50-30
A51: 50 | B51: =E51 -> Авт. выкл. NXB-63 1P 6A 6кА х-ка C | C51: MCB | D51: =IF($P51="","",INDEX(FIYAT_KOD,MATCH($P51,FIYAT_ART,0))) -> 814012 | E51: =IF($P51="","",INDEX(FIYAT_ACK,MATCH($P51,FIYAT_ART,0))) -> Авт. выкл. NXB-63 1P 6A 6кА х-ка C | F51: =IF($P51="","",INDEX(FIYAT_LISTE,MATCH($P51,FIYAT_ART,0))) -> 1436 | G51: =IF($P51="","",INDEX(FIYAT_NET,MATCH($P51,FIYAT_ART,0))) -> 861.6 | H51: =IF(OR($G51="",$I51=""),"",$G51*$I51) -> 0 | I51: 0 | J51: шт | K51: =IF($P51="","",INDEX(FIYAT_MARKA,MATCH($P51,FIYAT_ART,0))) -> CHINT | L51: =IF($H51="","",$H51) -> 0 | M51: VARSAYIM | N51: Sayac gerilim olcu devresi icin otomatik kumanda MCB. | P51: CHINT-NXB63-1P6C
A52: 51 | B52: =E52 -> Шина соединительная типа PIN 3P, 63А, L=1000мм | C52: Bara | D52: =IF($P52="","",INDEX(FIYAT_KOD,MATCH($P52,FIYAT_ART,0))) -> 811002 | E52: =IF($P52="","",INDEX(FIYAT_ACK,MATCH($P52,FIYAT_ART,0))) -> Шина соединительная типа PIN 3P, 63А, L=1000мм | F52: =IF($P52="","",INDEX(FIYAT_LISTE,MATCH($P52,FIYAT_ART,0))) -> 12699 | G52: =IF($P52="","",INDEX(FIYAT_NET,MATCH($P52,FIYAT_ART,0))) -> 7619.4 | H52: =IF(OR($G52="",$I52=""),"",$G52*$I52) -> 0 | I52: 0 | J52: шт | K52: =IF($P52="","",INDEX(FIYAT_MARKA,MATCH($P52,FIYAT_ART,0))) -> CHINT | L52: =IF($H52="","",$H52) -> 0 | M52: VARSAYIM | N52: 4 adet 3P cikis (QF1-4) icin tarak/pin bara, ana salter<=125A. | P52: CHINT-PIN3P-63A
A53: 52 | B53: =E53 -> Шина N ноль DIN-изол ШНИ-6х9-24-Д-С | C53: Bara | D53: =IF($P53="","",INDEX(FIYAT_KOD,MATCH($P53,FIYAT_ART,0))) -> YNN10-69-24D-K07 | E53: =IF($P53="","",INDEX(FIYAT_ACK,MATCH($P53,FIYAT_ART,0))) -> Шина N ноль DIN-изол ШНИ-6х9-24-Д-С | F53: =IF($P53="","",INDEX(FIYAT_LISTE,MATCH($P53,FIYAT_ART,0))) -> 900 | G53: =IF($P53="","",INDEX(FIYAT_NET,MATCH($P53,FIYAT_ART,0))) -> 900 | H53: =IF(OR($G53="",$I53=""),"",$G53*$I53) -> 900 | I53: 1 | J53: шт | K53: =IF($P53="","",INDEX(FIYAT_MARKA,MATCH($P53,FIYAT_ART,0))) -> EKT | L53: =IF($H53="","",$H53) -> 900 | M53: VARSAYIM | N53: izoleli notr barasi - zorunlu. | P53: EKT-SHINA-N24
A54: 53 | B54: =E54 -> Шина PE земля ШНИ 6х9 12-К-З | C54: Bara | D54: =IF($P54="","",INDEX(FIYAT_KOD,MATCH($P54,FIYAT_ART,0))) -> 130200401 | E54: =IF($P54="","",INDEX(FIYAT_ACK,MATCH($P54,FIYAT_ART,0))) -> Шина PE земля ШНИ 6х9 12-К-З | F54: =IF($P54="","",INDEX(FIYAT_LISTE,MATCH($P54,FIYAT_ART,0))) -> 514 | G54: =IF($P54="","",INDEX(FIYAT_NET,MATCH($P54,FIYAT_ART,0))) -> 514 | H54: =IF(OR($G54="",$I54=""),"",$G54*$I54) -> 514 | I54: 1 | J54: шт | K54: =IF($P54="","",INDEX(FIYAT_MARKA,MATCH($P54,FIYAT_ART,0))) -> EKT | L54: =IF($H54="","",$H54) -> 514 | M54: VARSAYIM | N54: ГЗШ topraklama barasi - zorunlu. | P54: EKT-SHINA-PE12
A55: 54 | B55: =E55 -> DIN-рейка (100см) оцинкованная | C55: DIN | D55: =IF($P55="","",INDEX(FIYAT_KOD,MATCH($P55,FIYAT_ART,0))) -> YDN10-0100 | E55: =IF($P55="","",INDEX(FIYAT_ACK,MATCH($P55,FIYAT_ART,0))) -> DIN-рейка (100см) оцинкованная | F55: =IF($P55="","",INDEX(FIYAT_LISTE,MATCH($P55,FIYAT_ART,0))) -> 686 | G55: =IF($P55="","",INDEX(FIYAT_NET,MATCH($P55,FIYAT_ART,0))) -> 686 | H55: =IF(OR($G55="",$I55=""),"",$G55*$I55) -> 0 | I55: 0 | J55: шт | K55: =IF($P55="","",INDEX(FIYAT_MARKA,MATCH($P55,FIYAT_ART,0))) -> EKT | L55: =IF($H55="","",$H55) -> 0 | M55: VARSAYIM | N55: 17 modul x~18mm x1.10 ~0.34m -> 1x1m parca. | P55: EKT-DINRAY-100
A56: 55 | B56: =E56 -> Кабель-канал 25х25 белый | C56: Kanal | D56: =IF($P56="","",INDEX(FIYAT_KOD,MATCH($P56,FIYAT_ART,0))) -> 280100249 | E56: =IF($P56="","",INDEX(FIYAT_ACK,MATCH($P56,FIYAT_ART,0))) -> Кабель-канал 25х25 белый | F56: =IF($P56="","",INDEX(FIYAT_LISTE,MATCH($P56,FIYAT_ART,0))) -> 122 | G56: =IF($P56="","",INDEX(FIYAT_NET,MATCH($P56,FIYAT_ART,0))) -> 122 | H56: =IF(OR($G56="",$I56=""),"",$G56*$I56) -> 0 | I56: 0 | J56: м | K56: =IF($P56="","",INDEX(FIYAT_MARKA,MATCH($P56,FIYAT_ART,0))) -> EKT | L56: =IF($H56="","",$H56) -> 0 | M56: VARSAYIM | N56: 17mod<=24 -> 25x25; kucuk pano ~1.5m x1.10~1.7m -> 2m. | P56: EKT-KANAL-25X25
A57: 56 | B57: =E57 -> ПВ3-16 белый ГОСТ (pano ici kablo) | C57: Kablo | D57: =IF($P57="","",INDEX(FIYAT_KOD,MATCH($P57,FIYAT_ART,0))) -> 100300015 | E57: =IF($P57="","",INDEX(FIYAT_ACK,MATCH($P57,FIYAT_ART,0))) -> ПВ3-16 белый ГОСТ (pano ici kablo) | F57: =IF($P57="","",INDEX(FIYAT_LISTE,MATCH($P57,FIYAT_ART,0))) -> 961 | G57: =IF($P57="","",INDEX(FIYAT_NET,MATCH($P57,FIYAT_ART,0))) -> 961 | H57: =IF(OR($G57="",$I57=""),"",$G57*$I57) -> 1922 | I57: 2 | J57: м | K57: =IF($P57="","",INDEX(FIYAT_MARKA,MATCH($P57,FIYAT_ART,0))) -> EKT | L57: =IF($H57="","",$H57) -> 1922 | M57: VARSAYIM | N57: ana salter(63A) cikisi->QF0 atlamasi 3ilet x0.8m x1.10=2.64m. | P57: EKT-PVGV-16
... A64: 63 | B64: =E64 -> Montaj + test + etiketleme iscilik | C64: Iscilik | D64: =IF($P64="","",INDEX(FIYAT_KOD,MATCH($P64,FIYAT_ART,0))) -> ISCILIK-MONTAJ | E64: =IF($P64="","",INDEX(FIYAT_ACK,MATCH($P64,FIYAT_ART,0))) -> Montaj + test + etiketleme iscilik | F64: =IF($P64="","",INDEX(FIYAT_LISTE,MATCH($P64,FIYAT_ART,0))) -> 6000 | G64: =IF($P64="","",INDEX(FIYAT_NET,MATCH($P64,FIYAT_ART,0))) -> 100 | H64: =IF(OR($G64="",$I64=""),"",$G64*$I64) -> 18000 | I64: 180 | J64: мин. | K64: =IF($P64="","",INDEX(FIYAT_MARKA,MATCH($P64,FIYAT_ART,0))) -> ISCILIK | L64: =IF($H64="","",$H64) -> 18000 | M64: VARSAYIM | N64: dk: ana salter(MCCB<=250)60+QF0(moduler dif)45+4x3P MCB(moduler)45x4=180+kumanda10+sayac90+klemensx24=96+tarakbara10+DIN(1m)+kanal(2m)=15+korpus(kucuk)30; toplam536dk x1.15(TEST_ETIKET_CARPANI)=616.4 dk (Qty, dakika bazli). | P64: ISCILIK-MONTAJ
B65: Toplam ЩУ.1 | H65: =SUBTOTAL(9,H45:H64) -> 89078.2 | L65: =SUBTOTAL(9,L45:L64) -> 89078.2
A66: 65 | B66: ЩУ.2 (dagitim panosu, Блок 1В (2 очередь) — 41-22-2022-1В-ЭОМ л.14) | I66: 1 | J66: компл
A67: 66 | B67: =E67 -> Щит мет. ЩРн-7-2 PR (1320x750x300) IP54 (TS) | C67: Korpus | D67: =IF($P67="","",INDEX(FIYAT_KOD,MATCH($P67,FIYAT_ART,0))) -> 714-15112 | E67: =IF($P67="","",INDEX(FIYAT_ACK,MATCH($P67,FIYAT_ART,0))) -> Щит мет. ЩРн-7-2 PR (1320x750x300) IP54 (TS) | F67: =IF($P67="","",INDEX(FIYAT_LISTE,MATCH($P67,FIYAT_ART,0))) -> 73730 | G67: =IF($P67="","",INDEX(FIYAT_NET,MATCH($P67,FIYAT_ART,0))) -> 44238 | H67: =IF(OR($G67="",$I67=""),"",$G67*$I67) -> 44238 | I67: 1 | J67: шт | K67: =IF($P67="","",INDEX(FIYAT_MARKA,MATCH($P67,FIYAT_ART,0))) -> KAZTEK | L67: =IF($H67="","",$H67) -> 44238 | M67: VARSAYIM | N67: otomatik hesap: DIN modul=19 (QF1,2,4,5,6,7=6x3P x3mod=18 + kumanda1); kapasite (varsayim, teyitsiz)=36 -> doluluk %53, yedek %47. Ana salter (125A) ve QF3 (100A muadil 125A, MCCB govdeli) plaka montajli kabul edildi. Korpus 540x310x120 -> 540x400x220 IP31'e yukseltildi: panoda 2 MCCB (NXM-125S x2) VE AT'li (3xCT) sayac var - bu panonun en agir derinlik ihtiyaci, 120mm kesinlikle yetersizdi. | P67: KAZTEK-SHRN2-540X400X220
A68: 67 | B68: =E68 -> Авт. выкл. NXM-125S/3Р 125A 25кА (R) | C68: MCCB | D68: =IF($P68="","",INDEX(FIYAT_KOD,MATCH($P68,FIYAT_ART,0))) -> 131363 | E68: =IF($P68="","",INDEX(FIYAT_ACK,MATCH($P68,FIYAT_ART,0))) -> Авт. выкл. NXM-125S/3Р 125A 25кА (R) | F68: =IF($P68="","",INDEX(FIYAT_LISTE,MATCH($P68,FIYAT_ART,0))) -> 19760 | G68: =IF($P68="","",INDEX(FIYAT_NET,MATCH($P68,FIYAT_ART,0))) -> 11856 | H68: =IF(OR($G68="",$I68=""),"",$G68*$I68) -> 11856 | I68: 1 | J68: шт | K68: =IF($P68="","",INDEX(FIYAT_MARKA,MATCH($P68,FIYAT_ART,0))) -> CHINT | L68: =IF($H68="","",$H68) -> 11856 | M68: OK | N68: Ana giris (ЩУ.2 от ЩС.1, см.лист9). | P68: CHINT-NXM125S3P125
A69: 68 | B69: =E69 -> Авт. выкл. NXM-125S/3Р 100A 25кА (R) | C69: MCCB | D69: =IF($P69="","",INDEX(FIYAT_KOD,MATCH($P69,FIYAT_ART,0))) -> 131362 | E69: =IF($P69="","",INDEX(FIYAT_ACK,MATCH($P69,FIYAT_ART,0))) -> Авт. выкл. NXM-125S/3Р 100A 25кА (R) | F69: =IF($P69="","",INDEX(FIYAT_LISTE,MATCH($P69,FIYAT_ART,0))) -> 19443 | G69: =IF($P69="","",INDEX(FIYAT_NET,MATCH($P69,FIYAT_ART,0))) -> 11665.8 | H69: =IF(OR($G69="",$I69=""),"",$G69*$I69) -> 11665.8 | I69: 1 | J69: шт | K69: =IF($P69="","",INDEX(FIYAT_MARKA,MATCH($P69,FIYAT_ART,0))) -> CHINT | L69: =IF($H69="","",$H69) -> 11665.8 | M69: OK | N69: QF3 -> ЩР.2; semada 100A isteniyordu. Eski NM1-125S serisinde 100A yoktu; NXM-125S/3P 100A 25kA (kullanici talebiyle NXM serisine gecildi) TAM ESLESIYOR. | P69: CHINT-NXM125S3P100
A70: 69 | B70: =E70 -> Счетчик ND СА4У-Э720 Дала 3ф (5-7,5А) 1 тариф. Saiman (AT'li) | C70: Sayac | D70: =IF($P70="","",INDEX(FIYAT_KOD,MATCH($P70,FIYAT_ART,0))) -> 200200046 | E70: =IF($P70="","",INDEX(FIYAT_ACK,MATCH($P70,FIYAT_ART,0))) -> Счетчик ND СА4У-Э720 Дала 3ф (5-7,5А) 1 тариф. Saiman (AT'li) | F70: =IF($P70="","",INDEX(FIYAT_LISTE,MATCH($P70,FIYAT_ART,0))) -> 22850 | G70: =IF($P70="","",INDEX(FIYAT_NET,MATCH($P70,FIYAT_ART,0))) -> 22850 | H70: =IF(OR($G70="",$I70=""),"",$G70*$I70) -> 22850 | I70: 1 | J70: шт | K70: =IF($P70="","",INDEX(FIYAT_MARKA,MATCH($P70,FIYAT_ART,0))) -> EKT | L70: =IF($H70="","",$H70) -> 22850 | M70: OK | N70: ND СА4У-Э720 Дала 3ф(5-7.5А) 1 тариф. Saiman - kod ND birebir eslesiyor (AT'li olcum). | P70: EKT-SAYAC-DALA-ND-5-7.5
A71: 70 | B71: =E71 -> Трансформатор тока BH-0.66 60 I 400/5A класс точности 0.5 | C71: AT | D71: =IF($P71="","",INDEX(FIYAT_KOD,MATCH($P71,FIYAT_ART,0))) -> 255298 | E71: =IF($P71="","",INDEX(FIYAT_ACK,MATCH($P71,FIYAT_ART,0))) -> Трансформатор тока BH-0.66 60 I 400/5A класс точности 0.5 | F71: =IF($P71="","",INDEX(FIYAT_LISTE,MATCH($P71,FIYAT_ART,0))) -> 6065 | G71: =IF($P71="","",INDEX(FIYAT_NET,MATCH($P71,FIYAT_ART,0))) -> 3639 | H71: =IF(OR($G71="",$I71=""),"",$G71*$I71) -> 10917 | I71: 3 | J71: шт | K71: =IF($P71="","",INDEX(FIYAT_MARKA,MATCH($P71,FIYAT_ART,0))) -> CHINT | L71: =IF($H71="","",$H71) -> 10917 | M71: KONTROL | N71: Sayac icin akim trafosu, sayac basina 3 adet (TT sembolu semada acik). | P71: CHINT-CT-BH066-400-5
A72: 71 | B72: =E72 -> Авт. выкл. NXB-63S 3P 25А 4.5kA х-ка C | C72: MCB | D72: =IF($P72="","",INDEX(FIYAT_KOD,MATCH($P72,FIYAT_ART,0))) -> 296829 | E72: =IF($P72="","",INDEX(FIYAT_ACK,MATCH($P72,FIYAT_ART,0))) -> Авт. выкл. NXB-63S 3P 25А 4.5kA х-ка C | F72: =IF($P72="","",INDEX(FIYAT_LISTE,MATCH($P72,FIYAT_ART,0))) -> 2429 | G72: =IF($P72="","",INDEX(FIYAT_NET,MATCH($P72,FIYAT_ART,0))) -> 1457.4 | H72: =IF(OR($G72="",$I72=""),"",$G72*$I72) -> 1457.4 | I72: 1 | J72: шт | K72: =IF($P72="","",INDEX(FIYAT_MARKA,MATCH($P72,FIYAT_ART,0))) -> CHINT | L72: =IF($H72="","",$H72) -> 1457.4 | M72: OK | N72: QF1 -> ЩО.2 (Щит рабочего освещения). | P72: CHINT-NXB63S-3P25C
A73: 72 | B73: =E73 -> Авт. выкл. NXB-63S 3P 16А 4.5kA х-ка C | C73: MCB | D73: =IF($P73="","",INDEX(FIYAT_KOD,MATCH($P73,FIYAT_ART,0))) -> 296827 | E73: =IF($P73="","",INDEX(FIYAT_ACK,MATCH($P73,FIYAT_ART,0))) -> Авт. выкл. NXB-63S 3P 16А 4.5kA х-ка C | F73: =IF($P73="","",INDEX(FIYAT_LISTE,MATCH($P73,FIYAT_ART,0))) -> 2337 | G73: =IF($P73="","",INDEX(FIYAT_NET,MATCH($P73,FIYAT_ART,0))) -> 1402.2 | H73: =IF(OR($G73="",$I73=""),"",$G73*$I73) -> 7011 | I73: 5 | J73: шт | K73: =IF($P73="","",INDEX(FIYAT_MARKA,MATCH($P73,FIYAT_ART,0))) -> CHINT | L73: =IF($H73="","",$H73) -> 7011 | M73: OK | N73: QF2(->ЩАО.2), QF4(->ЩВ.2), QF5-7(Резерв, semada donanimli cizilmis) = 5 adet. | P73: CHINT-NXB63S-3P16C
A74: 73 | B74: =E74 -> Авт. выкл. NXB-63 1P 6A 6кА х-ка C | C74: MCB | D74: =IF($P74="","",INDEX(FIYAT_KOD,MATCH($P74,FIYAT_ART,0))) -> 814012 | E74: =IF($P74="","",INDEX(FIYAT_ACK,MATCH($P74,FIYAT_ART,0))) -> Авт. выкл. NXB-63 1P 6A 6кА х-ка C | F74: =IF($P74="","",INDEX(FIYAT_LISTE,MATCH($P74,FIYAT_ART,0))) -> 1436 | G74: =IF($P74="","",INDEX(FIYAT_NET,MATCH($P74,FIYAT_ART,0))) -> 861.6 | H74: =IF(OR($G74="",$I74=""),"",$G74*$I74) -> 0 | I74: 0 | J74: шт | K74: =IF($P74="","",INDEX(FIYAT_MARKA,MATCH($P74,FIYAT_ART,0))) -> CHINT | L74: =IF($H74="","",$H74) -> 0 | M74: VARSAYIM | N74: Sayac gerilim olcu devresi icin otomatik kumanda MCB. | P74: CHINT-NXB63-1P6C
A75: 74 | B75: =E75 -> Шина соединительная типа PIN 3P, 63А, L=1000мм | C75: Bara | D75: =IF($P75="","",INDEX(FIYAT_KOD,MATCH($P75,FIYAT_ART,0))) -> 811002 | E75: =IF($P75="","",INDEX(FIYAT_ACK,MATCH($P75,FIYAT_ART,0))) -> Шина соединительная типа PIN 3P, 63А, L=1000мм | F75: =IF($P75="","",INDEX(FIYAT_LISTE,MATCH($P75,FIYAT_ART,0))) -> 12699 | G75: =IF($P75="","",INDEX(FIYAT_NET,MATCH($P75,FIYAT_ART,0))) -> 7619.4 | H75: =IF(OR($G75="",$I75=""),"",$G75*$I75) -> 7619.4 | I75: 1 | J75: шт | K75: =IF($P75="","",INDEX(FIYAT_MARKA,MATCH($P75,FIYAT_ART,0))) -> CHINT | L75: =IF($H75="","",$H75) -> 7619.4 | M75: VARSAYIM | N75: 6 adet 3P DIN cikisi (QF1,2,4,5,6,7) icin tarak/pin bara. | P75: CHINT-PIN3P-63A
A76: 75 | B76: =E76 -> Шина N ноль DIN-изол ШНИ-6х9-24-Д-С | C76: Bara | D76: =IF($P76="","",INDEX(FIYAT_KOD,MATCH($P76,FIYAT_ART,0))) -> YNN10-69-24D-K07 | E76: =IF($P76="","",INDEX(FIYAT_ACK,MATCH($P76,FIYAT_ART,0))) -> Шина N ноль DIN-изол ШНИ-6х9-24-Д-С | F76: =IF($P76="","",INDEX(FIYAT_LISTE,MATCH($P76,FIYAT_ART,0))) -> 900 | G76: =IF($P76="","",INDEX(FIYAT_NET,MATCH($P76,FIYAT_ART,0))) -> 900 | H76: =IF(OR($G76="",$I76=""),"",$G76*$I76) -> 900 | I76: 1 | J76: шт | K76: =IF($P76="","",INDEX(FIYAT_MARKA,MATCH($P76,FIYAT_ART,0))) -> EKT | L76: =IF($H76="","",$H76) -> 900 | M76: VARSAYIM | N76: izoleli notr barasi - zorunlu. | P76: EKT-SHINA-N24
A77: 76 | B77: =E77 -> Шина PE земля ШНИ 6х9 12-К-З | C77: Bara | D77: =IF($P77="","",INDEX(FIYAT_KOD,MATCH($P77,FIYAT_ART,0))) -> 130200401 | E77: =IF($P77="","",INDEX(FIYAT_ACK,MATCH($P77,FIYAT_ART,0))) -> Шина PE земля ШНИ 6х9 12-К-З | F77: =IF($P77="","",INDEX(FIYAT_LISTE,MATCH($P77,FIYAT_ART,0))) -> 514 | G77: =IF($P77="","",INDEX(FIYAT_NET,MATCH($P77,FIYAT_ART,0))) -> 514 | H77: =IF(OR($G77="",$I77=""),"",$G77*$I77) -> 514 | I77: 1 | J77: шт | K77: =IF($P77="","",INDEX(FIYAT_MARKA,MATCH($P77,FIYAT_ART,0))) -> EKT | L77: =IF($H77="","",$H77) -> 514 | M77: VARSAYIM | N77: ГЗШ topraklama barasi - zorunlu. | P77: EKT-SHINA-PE12
A78: 77 | B78: =E78 -> DIN-рейка (100см) оцинкованная | C78: DIN | D78: =IF($P78="","",INDEX(FIYAT_KOD,MATCH($P78,FIYAT_ART,0))) -> YDN10-0100 | E78: =IF($P78="","",INDEX(FIYAT_ACK,MATCH($P78,FIYAT_ART,0))) -> DIN-рейка (100см) оцинкованная | F78: =IF($P78="","",INDEX(FIYAT_LISTE,MATCH($P78,FIYAT_ART,0))) -> 686 | G78: =IF($P78="","",INDEX(FIYAT_NET,MATCH($P78,FIYAT_ART,0))) -> 686 | H78: =IF(OR($G78="",$I78=""),"",$G78*$I78) -> 0 | I78: 0 | J78: шт | K78: =IF($P78="","",INDEX(FIYAT_MARKA,MATCH($P78,FIYAT_ART,0))) -> EKT | L78: =IF($H78="","",$H78) -> 0 | M78: VARSAYIM | N78: 19+1=20 modul x~18mm x1.10 ~0.4m -> 1x1m parca. | P78: EKT-DINRAY-100
... A88: 87 | B88: =E88 -> Montaj + test + etiketleme iscilik | C88: Iscilik | D88: =IF($P88="","",INDEX(FIYAT_KOD,MATCH($P88,FIYAT_ART,0))) -> ISCILIK-MONTAJ | E88: =IF($P88="","",INDEX(FIYAT_ACK,MATCH($P88,FIYAT_ART,0))) -> Montaj + test + etiketleme iscilik | F88: =IF($P88="","",INDEX(FIYAT_LISTE,MATCH($P88,FIYAT_ART,0))) -> 6000 | G88: =IF($P88="","",INDEX(FIYAT_NET,MATCH($P88,FIYAT_ART,0))) -> 100 | H88: =IF(OR($G88="",$I88=""),"",$G88*$I88) -> 12000 | I88: 120 | J88: мин. | K88: =IF($P88="","",INDEX(FIYAT_MARKA,MATCH($P88,FIYAT_ART,0))) -> ISCILIK | L88: =IF($H88="","",$H88) -> 12000 | M88: VARSAYIM | N88: dk: ana salter60+QF3(MCCB<=250)60+6x3P MCB(moduler)45x6=270+kumanda10+sayac90+AT montaj 15x3=45+klemensx41=164+tarakbara10+DIN(1m)+kanal(2m)=15+korpus(orta)45; toplam769dk x1.15(TEST_ETIKET_CARPANI)=884.35 dk (Qty, dakika bazli). | P88: ISCILIK-MONTAJ
B89: Toplam ЩУ.2 | H89: =SUBTOTAL(9,H67:H88) -> 148015.6 | L89: =SUBTOTAL(9,L67:L88) -> 148015.6
A90: 89 | B90: ЩО.1 (aydınlatma panosu, Блок 1В отм -4500 — 41-22-2022-1В-ЭОМ л.1) | I90: 1 | J90: компл
A91: 90 | B91: =E91 -> Мет. Корпус ЩРН-18 (395x310x120) IP54 | C91: Korpus | D91: =IF($P91="","",INDEX(FIYAT_KOD,MATCH($P91,FIYAT_ART,0))) -> 714-15027 | E91: =IF($P91="","",INDEX(FIYAT_ACK,MATCH($P91,FIYAT_ART,0))) -> Мет. Корпус ЩРН-18 (395x310x120) IP54 | F91: =IF($P91="","",INDEX(FIYAT_LISTE,MATCH($P91,FIYAT_ART,0))) -> 10270 | G91: =IF($P91="","",INDEX(FIYAT_NET,MATCH($P91,FIYAT_ART,0))) -> 6162 | H91: =IF(OR($G91="",$I91=""),"",$G91*$I91) -> 6162 | I91: 1 | J91: шт | K91: =IF($P91="","",INDEX(FIYAT_MARKA,MATCH($P91,FIYAT_ART,0))) -> KAZTEK | L91: =IF($H91="","",$H91) -> 6162 | M91: VARSAYIM | N91: otomatik hesap: DIN modul=12 (QF1-12, 1P MCB x1mod=12; kumanda eklenmedi - bkz risk). ЩРН-18 kapasite=18 -> doluluk %67, yedek %33. | P91: KAZTEK-SRN18
A92: 91 | B92: =E92 -> Авт. выкл. NXB-63S 3P 25А 4.5kA х-ка C | C92: MCB | D92: =IF($P92="","",INDEX(FIYAT_KOD,MATCH($P92,FIYAT_ART,0))) -> 296829 | E92: =IF($P92="","",INDEX(FIYAT_ACK,MATCH($P92,FIYAT_ART,0))) -> Авт. выкл. NXB-63S 3P 25А 4.5kA х-ка C | F92: =IF($P92="","",INDEX(FIYAT_LISTE,MATCH($P92,FIYAT_ART,0))) -> 2429 | G92: =IF($P92="","",INDEX(FIYAT_NET,MATCH($P92,FIYAT_ART,0))) -> 1457.4 | H92: =IF(OR($G92="",$I92=""),"",$G92*$I92) -> 1457.4 | I92: 1 | J92: шт | K92: =IF($P92="","",INDEX(FIYAT_MARKA,MATCH($P92,FIYAT_ART,0))) -> CHINT | L92: =IF($H92="","",$H92) -> 1457.4 | M92: OK | N92: Ana giris (ЩО.1 от ЩС.1, см.лист9) - CHINT NXB-63S 3P 25A C 4.5kA. | P92: CHINT-NXB63S-3P25C
A93: 92 | B93: =E93 -> Авт. выкл. NXB-63S 1P 16А 4.5kA х-ка C | C93: MCB | D93: =IF($P93="","",INDEX(FIYAT_KOD,MATCH($P93,FIYAT_ART,0))) -> 296710 | E93: =IF($P93="","",INDEX(FIYAT_ACK,MATCH($P93,FIYAT_ART,0))) -> Авт. выкл. NXB-63S 1P 16А 4.5kA х-ка C | F93: =IF($P93="","",INDEX(FIYAT_LISTE,MATCH($P93,FIYAT_ART,0))) -> 783 | G93: =IF($P93="","",INDEX(FIYAT_NET,MATCH($P93,FIYAT_ART,0))) -> 469.8 | H93: =IF(OR($G93="",$I93=""),"",$G93*$I93) -> 5637.6 | I93: 12 | J93: шт | K93: =IF($P93="","",INDEX(FIYAT_MARKA,MATCH($P93,FIYAT_ART,0))) -> CHINT | L93: =IF($H93="","",$H93) -> 5637.6 | M93: OK | N93: QF1-QF8 = 8 aktif aydinlatma grubu (Каворкинг/Холл/Муз.komната/Kinozal/Игровая/vs), QF9-12=4 adet 'Резерв' (semada QF12 icin de cihaz cizilmis, digerleri de ayni tip kabul edildi) - toplam 12 adet CHINT NXB-63S 1P 16A. | P93: CHINT-NXB63S-1P16C
A94: 93 | B94: =E94 -> Шина соединительная PIN (штырь) 1ф 63А (22см) | C94: Bara | D94: =IF($P94="","",INDEX(FIYAT_KOD,MATCH($P94,FIYAT_ART,0))) -> 130200407 | E94: =IF($P94="","",INDEX(FIYAT_ACK,MATCH($P94,FIYAT_ART,0))) -> Шина соединительная PIN (штырь) 1ф 63А (22см) | F94: =IF($P94="","",INDEX(FIYAT_LISTE,MATCH($P94,FIYAT_ART,0))) -> 507 | G94: =IF($P94="","",INDEX(FIYAT_NET,MATCH($P94,FIYAT_ART,0))) -> 507 | H94: =IF(OR($G94="",$I94=""),"",$G94*$I94) -> 507 | I94: 1 | J94: шт | K94: =IF($P94="","",INDEX(FIYAT_MARKA,MATCH($P94,FIYAT_ART,0))) -> EKT | L94: =IF($H94="","",$H94) -> 507 | M94: VARSAYIM | N94: otomatik hesap: 12x1P(1mod)=12mod=TARAK_MOD_ADET(12) sinirinda -> 1x22cm kisa pin-bara yeterli. | P94: EKT-PIN1P-63A-22CM
A95: 94 | B95: =E95 -> Шина N ноль DIN-изол ШНИ-6х9-24-Д-С | C95: Bara | D95: =IF($P95="","",INDEX(FIYAT_KOD,MATCH($P95,FIYAT_ART,0))) -> YNN10-69-24D-K07 | E95: =IF($P95="","",INDEX(FIYAT_ACK,MATCH($P95,FIYAT_ART,0))) -> Шина N ноль DIN-изол ШНИ-6х9-24-Д-С | F95: =IF($P95="","",INDEX(FIYAT_LISTE,MATCH($P95,FIYAT_ART,0))) -> 900 | G95: =IF($P95="","",INDEX(FIYAT_NET,MATCH($P95,FIYAT_ART,0))) -> 900 | H95: =IF(OR($G95="",$I95=""),"",$G95*$I95) -> 900 | I95: 1 | J95: шт | K95: =IF($P95="","",INDEX(FIYAT_MARKA,MATCH($P95,FIYAT_ART,0))) -> EKT | L95: =IF($H95="","",$H95) -> 900 | M95: VARSAYIM | N95: izoleli notr barasi - zorunlu. | P95: EKT-SHINA-N24
A96: 95 | B96: =E96 -> Шина PE земля ШНИ 6х9 12-К-З | C96: Bara | D96: =IF($P96="","",INDEX(FIYAT_KOD,MATCH($P96,FIYAT_ART,0))) -> 130200401 | E96: =IF($P96="","",INDEX(FIYAT_ACK,MATCH($P96,FIYAT_ART,0))) -> Шина PE земля ШНИ 6х9 12-К-З | F96: =IF($P96="","",INDEX(FIYAT_LISTE,MATCH($P96,FIYAT_ART,0))) -> 514 | G96: =IF($P96="","",INDEX(FIYAT_NET,MATCH($P96,FIYAT_ART,0))) -> 514 | H96: =IF(OR($G96="",$I96=""),"",$G96*$I96) -> 514 | I96: 1 | J96: шт | K96: =IF($P96="","",INDEX(FIYAT_MARKA,MATCH($P96,FIYAT_ART,0))) -> EKT | L96: =IF($H96="","",$H96) -> 514 | M96: VARSAYIM | N96: ГЗШ topraklama barasi - zorunlu. | P96: EKT-SHINA-PE12
A97: 96 | B97: =E97 -> DIN-рейка (100см) оцинкованная | C97: DIN | D97: =IF($P97="","",INDEX(FIYAT_KOD,MATCH($P97,FIYAT_ART,0))) -> YDN10-0100 | E97: =IF($P97="","",INDEX(FIYAT_ACK,MATCH($P97,FIYAT_ART,0))) -> DIN-рейка (100см) оцинкованная | F97: =IF($P97="","",INDEX(FIYAT_LISTE,MATCH($P97,FIYAT_ART,0))) -> 686 | G97: =IF($P97="","",INDEX(FIYAT_NET,MATCH($P97,FIYAT_ART,0))) -> 686 | H97: =IF(OR($G97="",$I97=""),"",$G97*$I97) -> 0 | I97: 0 | J97: шт | K97: =IF($P97="","",INDEX(FIYAT_MARKA,MATCH($P97,FIYAT_ART,0))) -> EKT | L97: =IF($H97="","",$H97) -> 0 | M97: VARSAYIM | N97: 12 modul x~18mm x1.10~0.24m -> 1x1m parca. | P97: EKT-DINRAY-100
A98: 97 | B98: =E98 -> Кабель-канал 25х25 белый | C98: Kanal | D98: =IF($P98="","",INDEX(FIYAT_KOD,MATCH($P98,FIYAT_ART,0))) -> 280100249 | E98: =IF($P98="","",INDEX(FIYAT_ACK,MATCH($P98,FIYAT_ART,0))) -> Кабель-канал 25х25 белый | F98: =IF($P98="","",INDEX(FIYAT_LISTE,MATCH($P98,FIYAT_ART,0))) -> 122 | G98: =IF($P98="","",INDEX(FIYAT_NET,MATCH($P98,FIYAT_ART,0))) -> 122 | H98: =IF(OR($G98="",$I98=""),"",$G98*$I98) -> 0 | I98: 0 | J98: м | K98: =IF($P98="","",INDEX(FIYAT_MARKA,MATCH($P98,FIYAT_ART,0))) -> EKT | L98: =IF($H98="","",$H98) -> 0 | M98: VARSAYIM | N98: 12mod<=24 -> 25x25; kucuk pano ~1m. | P98: EKT-KANAL-25X25
A99: 98 | B99: =E99 -> ПВ3-4 белый ГОСТ (pano ici kablo) | C99: Kablo | D99: =IF($P99="","",INDEX(FIYAT_KOD,MATCH($P99,FIYAT_ART,0))) -> 100300030 | E99: =IF($P99="","",INDEX(FIYAT_ACK,MATCH($P99,FIYAT_ART,0))) -> ПВ3-4 белый ГОСТ (pano ici kablo) | F99: =IF($P99="","",INDEX(FIYAT_LISTE,MATCH($P99,FIYAT_ART,0))) -> 242 | G99: =IF($P99="","",INDEX(FIYAT_NET,MATCH($P99,FIYAT_ART,0))) -> 242 | H99: =IF(OR($G99="",$I99=""),"",$G99*$I99) -> 484 | I99: 2 | J99: м | K99: =IF($P99="","",INDEX(FIYAT_MARKA,MATCH($P99,FIYAT_ART,0))) -> EKT | L99: =IF($H99="","",$H99) -> 484 | M99: VARSAYIM | N99: ana salter(25A) cikisi 4ilet(3P+N) x0.8m x1.10=3.52m. | P99: EKT-PVGV-4
A100: 99 | B100: =E100 -> ПВ3-2,5 белый ГОСТ (pano ici kablo) | C100: Kablo | D100: =IF($P100="","",INDEX(FIYAT_KOD,MATCH($P100,FIYAT_ART,0))) -> 100300025 | E100: =IF($P100="","",INDEX(FIYAT_ACK,MATCH($P100,FIYAT_ART,0))) -> ПВ3-2,5 белый ГОСТ (pano ici kablo) | F100: =IF($P100="","",INDEX(FIYAT_LISTE,MATCH($P100,FIYAT_ART,0))) -> 144 | G100: =IF($P100="","",INDEX(FIYAT_NET,MATCH($P100,FIYAT_ART,0))) -> 144 | H100: =IF(OR($G100="",$I100=""),"",$G100*$I100) -> 1440 | I100: 10 | J100: м | K100: =IF($P100="","",INDEX(FIYAT_MARKA,MATCH($P100,FIYAT_ART,0))) -> EKT | L100: =IF($H100="","",$H100) -> 1440 | M100: VARSAYIM | N100: 12 devre(16A) x2ilet x1.2m x1.10=31.68m. | P100: EKT-PVGV-2.5
A101: 100 | B101: =E101 -> 222-412 Клемма проходная (0,08-4мм 32А) | C101: Klemens | D101: =IF($P101="","",INDEX(FIYAT_KOD,MATCH($P101,FIYAT_ART,0))) -> 030300442 | E101: =IF($P101="","",INDEX(FIYAT_ACK,MATCH($P101,FIYAT_ART,0))) -> 222-412 Клемма проходная (0,08-4мм 32А) | F101: =IF($P101="","",INDEX(FIYAT_LISTE,MATCH($P101,FIYAT_ART,0))) -> 210 | G101: =IF($P101="","",INDEX(FIYAT_NET,MATCH($P101,FIYAT_ART,0))) -> 210 | H101: =IF(OR($G101="",$I101=""),"",$G101*$I101) -> 2100 | I101: 10 | J101: шт | K101: =IF($P101="","",INDEX(FIYAT_MARKA,MATCH($P101,FIYAT_ART,0))) -> EKT | L101: =IF($H101="","",$H101) -> 2100 | M101: VARSAYIM | N101: 12x(2+1PE)=36 x1.10=39.6. | P101: EKT-KLEMENS-4MM
A102: 101 | B102: =E102 -> Наконечник-гильза Е4009 4мм2 izole (100 ad/paket) | C102: Yuksuk | D102: =IF($P102="","",INDEX(FIYAT_KOD,MATCH($P102,FIYAT_ART,0))) -> 260200024 | E102: =IF($P102="","",INDEX(FIYAT_ACK,MATCH($P102,FIYAT_ART,0))) -> Наконечник-гильза Е4009 4мм2 izole (100 ad/paket) | F102: =IF($P102="","",INDEX(FIYAT_LISTE,MATCH($P102,FIYAT_ART,0))) -> 1245 | G102: =IF($P102="","",INDEX(FIYAT_NET,MATCH($P102,FIYAT_ART,0))) -> 1245 | H102: =IF(OR($G102="",$I102=""),"",$G102*$I102) -> 1245 | I102: 1 | J102: упак | K102: =IF($P102="","",INDEX(FIYAT_MARKA,MATCH($P102,FIYAT_ART,0))) -> EKT | L102: =IF($H102="","",$H102) -> 1245 | M102: VARSAYIM | N102: 12x2ilet x2uc=48 x1.10=52.8 -> 1 paket(100). | P102: EKT-YUKSUK-4MM-PAK100
... A104: 103 | B104: =E104 -> Montaj + test + etiketleme iscilik | C104: Iscilik | D104: =IF($P104="","",INDEX(FIYAT_KOD,MATCH($P104,FIYAT_ART,0))) -> ISCILIK-MONTAJ | E104: =IF($P104="","",INDEX(FIYAT_ACK,MATCH($P104,FIYAT_ART,0))) -> Montaj + test + etiketleme iscilik | F104: =IF($P104="","",INDEX(FIYAT_LISTE,MATCH($P104,FIYAT_ART,0))) -> 6000 | G104: =IF($P104="","",INDEX(FIYAT_NET,MATCH($P104,FIYAT_ART,0))) -> 100 | H104: =IF(OR($G104="",$I104=""),"",$G104*$I104) -> 3000 | I104: 30 | J104: мин. | K104: =IF($P104="","",INDEX(FIYAT_MARKA,MATCH($P104,FIYAT_ART,0))) -> ISCILIK | L104: =IF($H104="","",$H104) -> 3000 | M104: VARSAYIM | N104: dk: ana salter(moduler)45+12xMCB1P=10x12=120+pinbara(kucuk)10+klemensx40=160+DIN(1m)+kanal(1m)=10+korpus(kucuk)30; toplam375dk x1.15(TEST_ETIKET_CARPANI)=431.25 dk (Qty, dakika bazli). | P104: ISCILIK-MONTAJ
B105: Toplam ЩО.1 | H105: =SUBTOTAL(9,H91:H104) -> 23447 | L105: =SUBTOTAL(9,L91:L104) -> 23447

Sheet OZET
A1: SIRA | B1: PANO | C1: ADET | D1: MALZEME | E1: ISCILIK | F1: BIRIM | G1: TOPLAM | H1: MODUL | I1: KAPASITE | J1: DOLULUK% | K1: YEDEK% | L1: BARA m | M1: BARA kg | N1: BARA TUTARI | O1: FIYAT_YOK adedi | P1: MUADIL adedi | Q1: VARSAYIM adedi
A2: 1 | B2: ЩР.2 (Fitness Center) | C2: 1 | D2: =SUMIF(BOM!$C$3:$C$25,"<>Iscilik",BOM!$H$3:$H$25) -> 233816.2 | E2: =SUMIF(BOM!$C$3:$C$25,"Iscilik",BOM!$H$3:$H$25) -> 20000 | F2: =D2+E2 -> 253816.2 | G2: =F2*C2 -> 253816.2 | H2: 49 | I2: 72 | J2: =H2/I2 -> 0.68055556 | K2: =1-J2 -> 0.31944444 | L2: 0 | M2: 0 | N2: 0 | O2: =COUNTIF(BOM!$M$3:$M$25,"FIYAT_YOK") -> 1 | P2: =COUNTIF(BOM!$M$3:$M$25,"MUADIL")+COUNTIF(BOM!$M$3:$M$25,"MUADIL_ONAY") -> 1 | Q2: =COUNTIF(BOM!$M$3:$M$25,"VARSAYIM") -> 15
A3: 2 | B3: ЩР.1 (Entertainment rooms) | C3: 1 | D3: =SUMIF(BOM!$C$28:$C$42,"<>Iscilik",BOM!$H$28:$H$42) -> 126043 | E3: =SUMIF(BOM!$C$28:$C$42,"Iscilik",BOM!$H$28:$H$42) -> 4500 | F3: =D3+E3 -> 130543 | G3: =F3*C3 -> 130543 | H3: 51 | I3: 72 | J3: =H3/I3 -> 0.70833333 | K3: =1-J3 -> 0.29166667 | L3: 0 | M3: 0 | N3: 0 | O3: =COUNTIF(BOM!$M$28:$M$42,"FIYAT_YOK") -> 1 | P3: =COUNTIF(BOM!$M$28:$M$42,"MUADIL")+COUNTIF(BOM!$M$28:$M$42,"MUADIL_ONAY") -> 0 | Q3: =COUNTIF(BOM!$M$28:$M$42,"VARSAYIM") -> 11
A4: 3 | B4: ЩУ.1 (dagitim panosu - Millhouse) | C4: 1 | D4: =SUMIF(BOM!$C$45:$C$64,"<>Iscilik",BOM!$H$45:$H$64) -> 71078.2 | E4: =SUMIF(BOM!$C$45:$C$64,"Iscilik",BOM!$H$45:$H$64) -> 18000 | F4: =D4+E4 -> 89078.2 | G4: =F4*C4 -> 89078.2 | H4: 17 | I4: 24 | J4: =H4/I4 -> 0.70833333 | K4: =1-J4 -> 0.29166667 | L4: 0 | M4: 0 | N4: 0 | O4: =COUNTIF(BOM!$M$45:$M$64,"FIYAT_YOK") -> 2 | P4: =COUNTIF(BOM!$M$45:$M$64,"MUADIL")+COUNTIF(BOM!$M$45:$M$64,"MUADIL_ONAY") -> 1 | Q4: =COUNTIF(BOM!$M$45:$M$64,"VARSAYIM") -> 14
A5: 4 | B5: ЩУ.2 (dagitim panosu - Fitness Zal) | C5: 1 | D5: =SUMIF(BOM!$C$67:$C$88,"<>Iscilik",BOM!$H$67:$H$88) -> 136015.6 | E5: =SUMIF(BOM!$C$67:$C$88,"Iscilik",BOM!$H$67:$H$88) -> 12000 | F5: =D5+E5 -> 148015.6 | G5: =F5*C5 -> 148015.6 | H5: 20 | I5: 36 | J5: =H5/I5 -> 0.55555556 | K5: =1-J5 -> 0.44444444 | L5: 0 | M5: 0 | N5: 0 | O5: =COUNTIF(BOM!$M$67:$M$88,"FIYAT_YOK") -> 1 | P5: =COUNTIF(BOM!$M$67:$M$88,"MUADIL")+COUNTIF(BOM!$M$67:$M$88,"MUADIL_ONAY") -> 0 | Q5: =COUNTIF(BOM!$M$67:$M$88,"VARSAYIM") -> 15
A6: 5 | B6: ЩО.1 (aydinlatma panosu) | C6: 1 | D6: =SUMIF(BOM!$C$91:$C$104,"<>Iscilik",BOM!$H$91:$H$104) -> 20447 | E6: =SUMIF(BOM!$C$91:$C$104,"Iscilik",BOM!$H$91:$H$104) -> 3000 | F6: =D6+E6 -> 23447 | G6: =F6*C6 -> 23447 | H6: 12 | I6: 18 | J6: =H6/I6 -> 0.66666667 | K6: =1-J6 -> 0.33333333 | L6: 0 | M6: 0 | N6: 0 | O6: =COUNTIF(BOM!$M$91:$M$104,"FIYAT_YOK") -> 1 | P6: =COUNTIF(BOM!$M$91:$M$104,"MUADIL")+COUNTIF(BOM!$M$91:$M$104,"MUADIL_ONAY") -> 0 | Q6: =COUNTIF(BOM!$M$91:$M$104,"VARSAYIM") -> 11
B8: GENEL TOPLAM | G8: =SUM(G2:G6) -> 644900
B9: FIYAT_YOK toplam adet | C9: =SUM(O2:O6) -> 6
B10: DURUM DAMGASI | C10: =IF(SUM(O2:O6)>0,"TEKLİFE HAZIR DEĞİL",IF(SUM(P2:P6)+SUM(Q2:Q6)>0,"ŞARTLI","TEKLİFE HAZIR")) -> TEKLİFE HAZIR DEĞİL

Sheet TEKLIF
A1: TEKLİF NO | B1: 260909-GH-CHINT-01
A2: TARİH | B2: 2026-09-09
A3: GEÇERLİLİK | B3: =KURALLAR!$B$54&" gün" -> 14 gün
A4: MÜŞTERİ | B4: Germes Hayat
A5: PROJE | B5: Многоэтажный жилой комплекс, г.Алматы, мкр.Коктобе, ул.Т.Бигелдинова 1Б (41-22-2022-1В-ЭОМ), Блок 1В
A6: ADRES | B6: г.Алматы, Медеуский р-н, мкр.Коктобе, ул.Т.Бигелдинова, 1Б
A7: PARA BİRİMİ | B7: KZT
A9: =IF(COUNTIF(FIYAT!$N:$N,"FIYAT_YOK")>0,"ТЕКЛИФ ЭКСИК — "&COUNTIF(FIYAT!$N:$N,"FIYAT_YOK")&" KALEM FİYATSIZ","") -> ТЕКЛИФ ЭКСИК — 2 KALEM FİYATSIZ
A11: № | B11: Наименование | C11: Кол-во | D11: Ед.изм | E11: Цена за ед. | F11: Сумма
A12: 1 | B12: Щит распределительный ЩР.2, навесной, IP31, RAL7035, In=125A, Icu=25kA, 3х380/220В, TN-S | C12: =OZET!C2 -> 1 | D12: компл. | E12: =IF(OZET!F2="","",OZET!F2*(1+KAR_ORANI)) -> 317270.25 | F12: =$E12*$C12 -> 317270.25
A13: 2 | B13: Щит распределительный ЩР.1, навесной, IP31, RAL7035, In=32A, Icu=15kA, 3х380/220В, TN-S | C13: =OZET!C3 -> 1 | D13: компл. | E13: =IF(OZET!F3="","",OZET!F3*(1+KAR_ORANI)) -> 163178.75 | F13: =$E13*$C13 -> 163178.75
A14: 3 | B14: Щит управления/распределения ЩУ.1, навесной, IP31, RAL7035, In=63A, 3х380/220В, TN-S | C14: =OZET!C4 -> 1 | D14: компл. | E14: =IF(OZET!F4="","",OZET!F4*(1+KAR_ORANI)) -> 111347.75 | F14: =$E14*$C14 -> 111347.75
A15: 4 | B15: Щит управления/распределения ЩУ.2, навесной, IP31, RAL7035, In=125A, 3х380/220В, TN-S | C15: =OZET!C5 -> 1 | D15: компл. | E15: =IF(OZET!F5="","",OZET!F5*(1+KAR_ORANI)) -> 185019.5 | F15: =$E15*$C15 -> 185019.5
A16: 5 | B16: Щит освещения ЩО.1, навесной, IP31, RAL7035, In=25A, 3х380/220В, TN-S | C16: =OZET!C6 -> 1 | D16: компл. | E16: =IF(OZET!F6="","",OZET!F6*(1+KAR_ORANI)) -> 29308.75 | F16: =$E16*$C16 -> 29308.75
B18: Итого | F18: =SUM(F12:F16) -> 806125
B19: Скидка (ISKONTO) | F19: =F18*ISKONTO -> 0
B20: Итого со скидкой | F20: =F18-F19 -> 806125
B21: НДС (NDS_ORANI) | F21: =F20*NDS_ORANI -> 128980
B22: Всего с НДС | F22: =F20+F21 -> 935105
B23: Срок изготовления | F23: =KURALLAR!$B$55&" iş günü" -> 25 iş günü
B24: Условия оплаты | F24: =KURALLAR!$B$56 -> %50 avans, %50 teslimde
B25: Гарантия | F25: =KURALLAR!$B$57 -> 12 ay
