Workbook

Sheet BOM
A1: ROW | B1: Наименование1 | C1: Tip | D1: Артикул | E1: Номенклатура | F1: Цена (liste KZT) | G1: Net KZT | H1: Сумма | I1: Qty | J1: Ед.изм. | K1: Завод | L1: malz(tutar)
A2: 1 | B2: =E2 -> ЩС-112 (Раздевалка), вводной 63А 3P | E2: ЩС-112 (Раздевалка), вводной 63А 3P | I2: 1 | J2: комплект | K2: tekled elektrik
A3: 2 | C3: korpus | D3: 714-15015 | E3: Pano met.ShRn-36 b/o (312х540х120)S/U 36 IP31 (TS) | F3: 16500 | G3: =0.6*F3 -> 9900 | H3: =G3*I3 -> 9900 | I3: 1 | J3: шт. | K3: kaztek | L3: =H3 -> 9900
A4: 3 | C4: OTO | D4: 296833 | E4: Авт. выкл. NXB-63S 3P 63А 4.5kA х-ка C (вводной) | F4: 3641 | G4: =F4*Kurallar!$B$2 -> 2184.6 | H4: =G4*I4 -> 2184.6 | I4: 1 | J4: шт. | K4: CHINT | L4: =H4 -> 2184.6
A5: 4 | C5: OTO | D5: 296713 | E5: Авт. выкл. NXB-63S 1P 32А 4.5kA х-ка C (Гр.1-9) | F5: 902 | G5: =F5*Kurallar!$B$2 -> 541.2 | H5: =G5*I5 -> 4870.8 | I5: 9 | J5: шт. | K5: CHINT | L5: =H5 -> 4870.8
A6: 5 | C6: OTO | D6: 296714 | E6: Авт. выкл. NXB-63S 1P 40А 4.5kA х-ка C (Гр.10-12) | F6: 888 | G6: =F6*Kurallar!$B$2 -> 532.8 | H6: =G6*I6 -> 1598.4 | I6: 3 | J6: шт. | K6: CHINT | L6: =H6 -> 1598.4
A7: 6 | C7: LOOBAR | D7: 811010 | E7: Шина соединительная FORK 3P 63А L=1000мм | F7: 12858 | G7: =F7*Kurallar!$B$2 -> 7714.8 | H7: =G7*I7 -> 7714.8 | I7: 1 | J7: шт. | K7: CHINT | L7: =H7 -> 7714.8
A8: 7 | C8: montajный материал | D8: - | E8: DIN-рейка, кабель-канал, НШВ/PE, klemens, uç — MANUEL FİYAT | F8: 10000 | G8: =F8 -> 10000 | H8: =G8*I8 -> 10000 | I8: 1 | J8: шт. | K8: montajный материал | L8: =H8 -> 10000
A9: 8 | C9: montajная работа | D9: - | E9: Сборка и монтаж щита | F9: 1.5 | G9: 100 | H9: =G9*I9 -> 9000 | I9: =60*F9 -> 90 | J9: шт. | K9: montajная работа | L9: =H9 -> 9000
A10: 9 | B10: Toplam ЩС-112 (Раздевалка) | H10: =SUBTOTAL(9,H3:H9) -> 45268.6 | L10: =SUBTOTAL(9,L3:L9) -> 45268.6
A11: 10 | B11: =E11 -> ЩС АБК, вводной 400А 3P | E11: ЩС АБК, вводной 400А 3P | I11: 1 | J11: комплект | K11: tekled elektrik
A12: 11 | C12: korpus | D12: 719-15085 | E12: Мет.Корпус ВРУ (1700X700X450+10X700 База) IP31 | F12: 154595 | G12: =0.6*F12 -> 92757 | H12: =G12*I12 -> 92757 | I12: 1 | J12: шт. | K12: kaztek | L12: =H12 -> 92757
A13: 12 | C13: TMŞ | D13: 268938 | E13: Авт. выкл. NM8N-400C TM 3P 400А 36кА с рег. термомаг. расц. (вводной) | F13: 208671 | G13: =F13*Kurallar!$B$2 -> 125202.6 | H13: =G13*I13 -> 125202.6 | I13: 1 | J13: шт. | K13: CHINT | L13: =H13 -> 125202.6
A14: 13 | C14: TMŞ | D14: 271142 | E14: Авт. выкл. NM8N-250C TM 3P 160А 36кА с рег. термомаг. расц. (Гр.20) | F14: 89083 | G14: =F14*Kurallar!$B$2 -> 53449.8 | H14: =G14*I14 -> 53449.8 | I14: 1 | J14: шт. | K14: CHINT | L14: =H14 -> 53449.8
A15: 14 | C15: OTO | D15: 816141 | E15: Авт. выкл. NXB-125 3P 100А 10кА х-ка C (Гр.8 - "ЭлА?" KONTROL) | F15: 11015 | G15: =F15*Kurallar!$B$2 -> 6609 | H15: =G15*I15 -> 6609 | I15: 1 | J15: шт. | K15: CHINT | L15: =H15 -> 6609
A16: 15 | C16: OTO | D16: 296833 | E16: Авт. выкл. NXB-63S 3P 63А 4.5kA х-ка C (Гр.9 АБК, Гр.19 Резерв) | F16: 3641 | G16: =F16*Kurallar!$B$2 -> 2184.6 | H16: =G16*I16 -> 4369.2 | I16: 2 | J16: шт. | K16: CHINT | L16: =H16 -> 4369.2
A17: 16 | C17: OTO | D17: 296832 | E17: Авт. выкл. NXB-63S 3P 50А 4.5kA х-ка C (Гр.10 КНС, Гр.18 Резерв) | F17: 3172 | G17: =F17*Kurallar!$B$2 -> 1903.2 | H17: =G17*I17 -> 3806.4 | I17: 2 | J17: шт. | K17: CHINT | L17: =H17 -> 3806.4
A18: 17 | C18: OTO | D18: 296714 | E18: Авт. выкл. NXB-63S 1P 40А 4.5kA х-ка C (Гр.1-7, 11-17) | F18: 888 | G18: =F18*Kurallar!$B$2 -> 532.8 | H18: =G18*I18 -> 7459.2 | I18: 14 | J18: шт. | K18: CHINT | L18: =H18 -> 7459.2
A19: 18 | C19: LOOBAR | D19: 811010 | E19: Шина соединительная FORK 3P 63А L=1000мм | F19: 12858 | G19: =F19*Kurallar!$B$2 -> 7714.8 | H19: =G19*I19 -> 15429.6 | I19: 2 | J19: шт. | K19: CHINT | L19: =H19 -> 15429.6
A20: 19 | C20: montajный материал | D20: - | E20: Ana bara Cu (ПУЭ 1.3.31, ~40х4), DIN-рейка, kanal, klemens, НШВ/PE — MANUEL | F20: 40000 | G20: =F20 -> 40000 | H20: =G20*I20 -> 40000 | I20: 1 | J20: шт. | K20: montajный материал | L20: =H20 -> 40000
A21: 20 | C21: montajная работа | D21: - | E21: Сборка и монтаж щита | F21: 8 | G21: 100 | H21: =G21*I21 -> 48000 | I21: =60*F21 -> 480 | J21: шт. | K21: montajная работа | L21: =H21 -> 48000
A22: 21 | B22: Toplam ЩС АБК | H22: =SUBTOTAL(9,H12:H21) -> 397082.8 | L22: =SUBTOTAL(9,L12:L21) -> 397082.8
A23: 22 | B23: =E23 -> ЩС Кафе, вводной 160А 3P | E23: ЩС Кафе, вводной 160А 3P | I23: 1 | J23: комплект | K23: tekled elektrik
A24: 23 | C24: korpus | D24: 719-15450 | E24: Корпус ЩМП5 (1000x650x300) IP54 | F24: 40030 | G24: =0.6*F24 -> 24018 | H24: =G24*I24 -> 24018 | I24: 1 | J24: шт. | K24: kaztek | L24: =H24 -> 24018
A25: 24 | C25: TMŞ | D25: Корпус ЩМП5 (1000x650x300) | E25: Авт. выкл. NM8N-250C TM 3P 160А 36кА с рег. термомаг. расц. (вводной) | F25: 89083 | G25: =F25*Kurallar!$B$2 -> 53449.8 | H25: =G25*I25 -> 53449.8 | I25: 1 | J25: шт. | K25: CHINT | L25: =H25 -> 53449.8
A26: 25 | C26: OTO | D26: 40030 | E26: Авт. выкл. NXB-125 3P 100А 10кА х-ка C (Гр.20) | F26: 11015 | G26: =F26*Kurallar!$B$2 -> 6609 | H26: =G26*I26 -> 6609 | I26: 1 | J26: шт. | K26: CHINT | L26: =H26 -> 6609
A27: 26 | C27: OTO | D27: 296833 | E27: Авт. выкл. NXB-63S 3P 63А 4.5kA х-ка C (Гр.7-10, 17) | F27: 3641 | G27: =F27*Kurallar!$B$2 -> 2184.6 | H27: =G27*I27 -> 10923 | I27: 5 | J27: шт. | K27: CHINT | L27: =H27 -> 10923
A28: 27 | C28: OTO | D28: 296832 | E28: Авт. выкл. NXB-63S 3P 50А 4.5kA х-ка C (Гр.18-19) | F28: 3172 | G28: =F28*Kurallar!$B$2 -> 1903.2 | H28: =G28*I28 -> 3806.4 | I28: 2 | J28: шт. | K28: CHINT | L28: =H28 -> 3806.4
A29: 28 | C29: OTO | D29: 296714 | E29: Авт. выкл. NXB-63S 1P 40А 4.5kA х-ка C (Гр.1-6, 11-16) | F29: 888 | G29: =F29*Kurallar!$B$2 -> 532.8 | H29: =G29*I29 -> 6393.6 | I29: 12 | J29: шт. | K29: CHINT | L29: =H29 -> 6393.6
A30: 29 | C30: LOOBAR | D30: 811010 | E30: Шина соединительная FORK 3P 63А L=1000мм | F30: 12858 | G30: =F30*Kurallar!$B$2 -> 7714.8 | H30: =G30*I30 -> 15429.6 | I30: 2 | J30: шт. | K30: CHINT | L30: =H30 -> 15429.6
A31: 30 | C31: montajный материал | D31: - | E31: DIN-рейка, kanal, klemens, НШВ/PE, uç — MANUEL FİYAT | F31: 25000 | G31: =F31 -> 25000 | H31: =G31*I31 -> 25000 | I31: 1 | J31: шт. | K31: montajный материал | L31: =H31 -> 25000
A32: 31 | C32: montajная работа | D32: - | E32: Сборка и монтаж щита | F32: 7 | G32: 100 | H32: =G32*I32 -> 42000 | I32: =60*F32 -> 420 | J32: шт. | K32: montajная работа | L32: =H32 -> 42000
A33: 32 | B33: Toplam ЩС Кафе | H33: =SUBTOTAL(9,H24:H32) -> 187629.4 | L33: =SUBTOTAL(9,L24:L32) -> 187629.4
A34: 33 | B34: GENEL TOPLAM (3 pano) | H34: =H10+H22+H33 -> 629980.8 | L34: =L10+L22+L33 -> 629980.8

Sheet СВОД
A1: № | B1: Наименование щита | C1: Кол-во | D1: Ед.изм. | E1: Сумма, KZT | F1: 2.3
A2: 1 | B2: ЩС-112 (Раздевалка), вводной 63А 3P | C2: 1 | D2: компл. | E2: =BOM!H10 -> 45268.6 | F2: =2.3*E2 -> 104117.78 | G2: =ROUNDUP(F2,-3) -> 105000
A3: 2 | B3: ЩС АБК, вводной 400А 3P | C3: 1 | D3: компл. | E3: =BOM!H22 -> 397082.8 | F3: =2.3*E3 -> 913290.44 | G3: =ROUNDUP(F3,-3) -> 914000
A4: 3 | B4: ЩС Кафе, вводной 160А 3P | C4: 1 | D4: компл. | E4: =BOM!H33 -> 187629.4 | F4: =2.3*E4 -> 431547.62 | G4: =ROUNDUP(F4,-3) -> 432000
B5: ИТОГО | E5: =SUM(E2:E4) -> 629980.8 | G5: =SUM(G2:G4) -> 1451000

Sheet Kurallar
A1: KURALLAR / KATSAYILAR (sarı hücreler düzenlenebilir)
A2: CHINT net katsayı (liste × ) | B2: 0.6 | C2: CHINT: liste fiyatından %40 indirim
A3: İşçilik birim ücreti (KZT/dk) | B3: 100 | C3: işçilik = saat × 60 × bu ücret
A4: ЩС-112 işçilik (saat) | B4: 8 | C4: tahmini, düzenlenebilir
A5: ЩС АБК işçilik (saat) | B5: 24 | C5: tahmini, düzenlenebilir
A6: ЩС Кафе işçilik (saat) | B6: 14 | C6: tahmini, düzenlenebilir
A7: EUR/KZT kuru | B7: 0 | C7: bu projede kullanılmıyor (CHINT KZT)
A8: TL/KZT kuru | B8: 0 | C8: bu projede kullanılmıyor
A10: NOTLAR / KAYNAK İZLEME
A11: FİYAT KAYNAĞI: 260613 chint Остатки и доступность товаров с ценой (13.06.2026, KZT, liste "Прайс-лист")
A12: Korpus: TEKSAN — fiyat listesi Nisan 2025 (~15 ay) ⚠ eski; BOM F sütununa güncel teklif MANUEL girilecek
A13: Montaj malzemesi (DIN ray, kanal, klemens, НШВ/PE, uç): F sütununa MANUEL girilecek
A14: Klemsan / ONKA / EKF listeleri >18 ay — fiyatlamada kullanılmadı
A15: BOM yapısı: pano satırı = комплект (sarı B); korpus her pano bloğunun ilk malzeme satırı
A16: KONTROL EDİLECEK kalemler (rubilnik, parafudr, sayaç): Qty=0, toplama dahil değil; onaylanınca Qty girilir
A17: kA: NXB-63S 4.5kA seçildi — АБК kısa devre akımı teyit edilmeli (gerekirse NXB-63H 10kA)
A18: NH40-630/3 (АБК rubilnik adayı) CHINT stok: 0 ⚠
